flow_duration,fwd_packets,bwd_packets,fwd_packet_len_mean,bwd_packet_len_mean,flow_bytes_per_sec,flow_packets_per_sec,latency,packet_loss,bandwidth,jitter,fin_flag_count,syn_flag_count,rst_flag_count,failure
12916,264,156,768.1712839129126,531.1944490210228,248268.84518351615,264.6861745203045,23.556556162124863,0.04595154556393404,160.04100379476336,4.009406935212683,1,2,0,0
58206,240,494,655.1467894090898,307.1001979925301,656643.942768851,79.18835823920914,1.9674834364968696,0.04269340071827204,110.75050530433026,3.329146410260682,1,3,0,0
27790,438,291,1025.7945244184632,1401.7345451086499,629848.0328323706,228.83926830440996,5.338827912188875,0.00039529044169939187,111.5616834924761,1.6027918546750342,4,4,0,0
43410,885,296,1244.6194302999465,404.8317773508908,489892.9815196387,949.657799936873,46.863657097814,0.030724548865006432,189.4415234303909,1.899394346642741,2,4,0,0
62432,44,390,52.28325770367937,921.576047769872,700094.7863078754,413.51097559888655,7.478308967840311,0.0008685730987867458,129.46276570015135,1.37234998019576,2,3,1,0
22921,860,401,1152.7092616805232,1291.2682704076187,400210.7658773911,185.60171953778112,6.138619930901207,0.028990161134970355,191.94717268464774,4.81185627014639,4,2,0,0
16106,977,438,1483.0031202154273,511.05810592793796,819805.2810821744,950.9513821051988,4.449931274391641,0.03189220838705428,154.26641536524903,0.4691055537632821,0,4,1,0
27124,253,352,792.2213831199952,337.6548181521733,878750.2424857602,150.12798618461974,16.924200360863622,0.009994763116997596,125.9343382172438,0.4035558935123562,3,0,1,0
92562,34,400,859.4222976528034,1228.1852136137315,199091.04067178996,900.2879212385175,12.73293284097204,0.008880398675575852,180.7881926889556,1.4602699587344574,3,1,1,0
21112,351,461,485.5886417876893,55.7602430303735,674134.6057055393,838.1493226859768,44.88571944028911,0.04268080793459203,119.30558707047854,4.95855708335068,2,2,1,0
63049,506,268,953.2944552663819,298.4518263767269,47822.672150324914,268.31065263088874,22.107575270540718,0.033585108354267736,169.95933887768797,3.8205117302876306,2,2,1,0
75252,766,293,1402.9468629443963,436.35827741045523,813881.5727432639,750.8045433623467,10.955865505888024,0.03166111470388259,58.75228603199402,2.5518502005251857,3,2,1,0
50948,216,298,923.3540844456344,349.7824483001366,543826.1690743163,766.9302549824871,4.4082524939530785,0.01262938734569672,75.34092206802175,1.5170060503393867,0,3,1,0
30074,60,408,1187.9298934011583,1165.8525341036043,855094.3951583672,21.908138487407193,11.586750679259033,0.04135279556509798,185.14634469977264,1.1051503307308068,2,1,1,0
25685,951,125,1486.3279648820105,1009.6157449639926,848495.6198345867,352.2181763997644,130.50774112546605,0.23393532414200033,10.29201623946778,22.193244436410602,1,30,6,1
90435,400,10,1066.6139182687336,1027.7302303906176,581066.4486027496,150.1472260170949,94.08066750280423,0.29369321308884255,12.540681294832446,28.99504916415834,4,65,13,1
64594,868,370,444.95312438820156,226.96450363812966,14021.285223146397,663.3065797349554,11.004853968508488,0.015266843729635715,67.1136697626726,1.0380270777041005,0,4,1,0
3154,503,79,470.1298127443785,1045.6472934321544,401277.7327872927,103.51950002479327,63.44567303520748,0.35841490516702934,1.9387824729922305,2.7545296881471883,4,31,4,1
88094,775,91,190.82114698045416,773.1186829719011,115926.6507371623,547.5417803143114,49.05519187499545,0.006406607620111443,178.33086351581935,2.2609448808275285,4,0,0,0
67798,974,92,1305.3581590055303,811.7086791493235,890423.6026329647,755.3261738718919,31.85952417206574,0.023480850461528008,183.71392229143893,4.808063189934655,0,3,0,0
93750,840,8,1253.8407594892158,54.17755522736531,169654.89018192276,516.591948665806,36.07316296763296,0.00855551726707735,179.03297075008342,1.839988096793204,2,2,0,0
39287,448,465,1381.109529961103,1285.064558189482,792090.5595791708,79.8774833618639,70.68597037817364,0.25386684107140345,10.546905355195838,27.79391396351922,4,46,16,1
73325,123,410,1017.2328126791425,560.9111075378273,322090.2119617709,565.8436683201405,31.039296903516323,0.040180442909620945,90.71952193973931,4.473761991210326,1,2,0,0
40051,780,154,287.40286883355515,818.3862892271417,199193.35545944946,493.1991367815237,18.176794956121345,0.009180182791334552,150.07850407676597,0.42861933944427055,2,0,1,0
74262,689,160,1020.8492681298748,507.4585088979449,986858.8432629276,801.4021367780066,84.33650450254041,0.3427755506091694,1.2454727969318364,25.065534442460002,4,12,17,1
34825,267,52,1389.6905846392585,391.53059743395204,567316.5153013449,79.3767763904251,20.764603237976086,0.042583961936658477,172.69245580165574,2.8622379209326274,4,0,0,0
89641,803,103,66.36575283149023,905.8163542817681,579748.144796846,160.74219567669738,100.81063018454023,0.19623512689203615,19.767703274752552,10.673751160755604,3,10,6,1
73337,14,332,1049.3114857726318,1147.6951477651435,870119.8227181515,554.9704358152056,14.642276043701342,0.0022944950446806946,173.341871835235,0.1221966289662918,2,1,0,0
31957,421,247,264.973083021945,1360.9377550921124,828218.3713140215,735.6509452067562,132.79999717662957,0.32991129025985294,16.202704454825987,11.687077683588567,2,57,17,1
14006,286,272,1072.807246865052,787.1818180147134,159232.11150782893,747.5439045024067,23.66326767550049,0.006028305244434252,103.12250439778379,0.7765020940700995,2,0,0,0
40443,100,219,569.5571747926784,1228.1889703456761,139804.8968471352,158.91520168940826,47.834846275732794,0.0008965627191786564,69.9296408559155,3.811151030471973,4,3,0,0
46001,905,29,531.6492230159431,773.4773014522248,479941.72877393843,663.2816366697455,28.635757719858336,0.028350406510296595,65.23932065816014,0.34207776986013405,2,3,0,0
9196,982,347,27.857945103980818,777.231315664153,983136.7439380754,1.1642392698010036,107.61398651520098,0.18396199709076427,2.834379493986222,26.290897750961275,1,72,18,1
98847,172,498,1155.693438907796,838.1681130284676,237404.26716178106,925.3913634228962,85.19122311182139,0.4075224398608984,10.23732039073734,9.064257386799051,1,10,13,1
57362,3,381,1369.5328218932402,234.02766939499716,372898.202322235,938.1948882488741,35.60314583776698,0.004122165319283983,56.626869577779374,2.7523911119741538,4,2,0,0
10846,932,42,681.3046452541013,645.9255639531676,511435.72786297754,286.60520981327096,9.695773121313746,0.04781199144474144,62.138309463118816,4.139107957235976,1,1,1,0
32727,341,482,914.7846658282438,471.41282557777447,145686.5874868137,499.3678803364574,127.03980052904281,0.1895504536098617,7.057246763585041,14.473824146808186,2,79,3,1
96818,615,316,1469.0143630437692,1260.9129370141832,720751.076095381,838.3566738359588,129.00618250116523,0.296328245151497,2.5625355651976984,6.7850112001853065,4,77,7,1
7252,663,91,438.9544595796193,1285.5836563339533,442532.102321608,438.6868135770783,133.16567439328338,0.4021581685110547,3.1565643254078166,21.917096288698698,4,71,17,1
65749,296,194,391.9467270657557,1029.4373179026898,89441.24574231921,146.29401392936714,48.800614126231224,0.03126250097122838,61.35975472527021,0.2180166329171468,3,1,0,0
67192,569,50,522.2572839739353,117.35171790023391,459830.36020129704,509.0530909981746,59.51140445022965,0.20251049908193425,16.210140932920464,5.111138194763606,1,5,19,1
7897,407,248,209.06412029285647,273.41510746061954,909296.073329624,576.284864886293,134.8061315867168,0.4001493523093572,6.08193948807684,14.603198857165657,1,47,9,1
35134,513,272,773.1203171222187,1136.4967400641256,271604.26789246174,971.1821216950085,29.0461459290023,0.02705419783933899,161.80605816451387,2.859944827013746,3,2,1,0
93216,390,493,892.215182285882,705.9864481006739,630538.7501489087,773.7850828667193,32.66434958849274,0.04746836156056211,92.81191112172681,2.155859454876217,3,4,0,0
52388,488,252,1371.4130695862061,1232.8116734511436,437771.2572854532,339.92464590030943,36.320801761742565,0.007950832544858044,68.17668577653572,4.488267522830314,4,3,1,0
6191,169,436,632.1255849102388,528.6892533669134,713313.2269961713,752.4070925346047,86.15502770685788,0.47459332669932575,18.657599517775438,7.816545008986708,0,63,6,1
3729,591,285,1177.5015598418395,595.9460397002823,294725.3485864119,393.08432481423114,83.56812588142625,0.10200204602289809,10.88339180303411,27.515564507976197,4,87,3,1
89455,365,79,1305.2172665057174,36.15618121440263,542710.8562326271,654.3738174553565,63.86268466108701,0.2917785994836819,12.639367548808949,3.819229345910787,1,29,10,1
25475,632,104,474.8582066651211,1415.773469741005,40820.46981778352,137.6574016783498,131.19004985690884,0.24636888531868706,3.888715765624906,5.154616387181276,0,42,18,1
9163,372,462,1430.288263776991,1292.0611008647616,625351.2743496872,282.8244149307524,14.302891676347345,0.0352803486895239,170.39357993060145,0.11878040377262422,3,4,1,0
75277,369,53,443.0701396136672,1239.0574807979624,901479.027833134,726.8626720654883,148.880388946674,0.42166608883237167,8.844138946589904,27.55870063314298,0,68,1,1
34411,931,334,1403.594273663556,286.9631869112629,268531.12597668206,549.4312524448823,62.40664928321007,0.11916185089073116,8.308449841849601,9.726595808935597,0,22,13,1
52379,443,177,986.2946102631569,1305.0916099507517,165585.29131951617,652.7400280924197,24.20758968055651,0.025751619210101613,115.74211555173149,4.754400051968645,0,4,1,0
12152,790,268,104.45999679868922,356.21753164388844,460417.50873136823,778.5154880510395,36.26904547551674,0.019513384782875284,196.60203654669863,1.6780569391841644,3,1,1,0
23128,527,9,1416.2330637271666,1138.4696842479561,761982.4613387004,16.57688812533371,26.235176800187286,0.004437080773690222,180.04235624760986,3.1082327277955653,4,0,0,0
60805,772,239,338.4428069569718,632.6351822764556,578855.6100831634,522.4645145133082,83.09494382096591,0.38692159953467464,6.971922386543939,4.030181386338848,1,68,8,1
65045,75,270,238.3834898251127,800.3565539263373,653809.4278751622,141.3930056935033,2.500794240447625,0.039352582721736536,56.31495626291007,0.21087008056820344,4,1,1,0
22943,246,256,280.50279704570386,1153.93721257162,962529.4537932139,182.0827138422,25.407636581085196,0.009674642217692809,52.412659239008896,2.2131238682468695,4,1,0,0
28787,275,183,1481.529345562314,929.3925699357411,277523.01621955546,224.2213918267694,6.056720612532403,0.024027020481354973,199.0230092939239,4.209258845389493,2,1,1,0
37958,784,461,1096.4408661258612,1182.508560990509,39643.453391624156,714.4812520250999,28.404142717798457,0.011576474886239703,112.7516191561019,4.567258029468959,2,0,1,0
80315,373,362,1229.9574088994098,714.987674398808,747523.4619242402,328.37448063975313,4.24575332637645,0.0024857823063839934,177.394535659003,4.601456900496453,0,3,1,0
99390,471,222,1272.9072643277311,901.959840404185,318146.7390605227,552.8240670268616,76.97087686957505,0.1137386864200387,10.664612736818654,13.174405544469389,0,70,3,1
88685,797,138,153.91967854989872,41.626765849262135,168740.90401969434,144.43250390920335,134.01582710201572,0.356412191746883,3.7872845251164273,29.514751502461472,3,26,8,1
31606,112,191,1252.173970790775,72.6342877530534,44472.869532446806,254.7257968618797,82.30408606417083,0.21328714851154867,9.545347797374317,12.909636901302536,3,26,17,1
86382,435,261,1302.0130204444474,1183.9865789912258,264198.53539008205,838.6369991247528,5.164726802667559,0.01748260777129147,160.59431817191995,0.16479616109405348,1,1,0,0
16377,403,104,1442.4866424712595,1297.9242457870146,869095.3758872716,221.06295548672287,33.290164450255496,0.04727125883606181,189.13909250891956,2.65726374193267,2,0,0,0
95450,477,499,54.20530025201239,1099.5081436307446,531905.2446790484,335.8284047429888,85.91565295713593,0.2044303845792803,3.58601310160408,4.330504642295678,0,73,6,1
59224,256,61,403.56631109987813,326.6923462769381,728581.3770633622,123.64960525796008,22.442835319828944,0.018466995115145914,78.38457566413378,3.4225921599860176,4,4,0,0
5993,52,9,1374.19688284789,575.3754295093996,40586.18469762637,907.2474024347049,115.5001385701502,0.4286166907973571,6.143996769808168,29.47956109041923,1,61,8,1
32563,851,237,121.35158014706438,883.3594236374082,912672.7556880945,394.2598732981842,108.27068907897684,0.19973317010961048,11.84352096281892,9.166415679655904,0,28,17,1
59554,515,129,677.2763211856452,482.2088477112454,808937.6446985819,815.3928796049868,46.7152056110055,0.017955706974719838,186.93168422795057,4.546526208810563,4,1,1,0
48316,621,474,184.6077470688654,1325.4209395548178,265412.07031286595,812.9997378673403,4.6394690933351805,0.02962417666557149,115.4404715669126,2.60901607143742,2,2,1,0
67621,606,131,1100.353645269167,989.8975752633141,399615.9310132674,196.68354060521594,35.87068019885295,0.00832144758715605,193.48867364037645,1.4125352582235569,4,2,1,0
25334,323,335,92.65225507863836,1018.6274611168385,609347.6640883263,835.2490932820986,47.84709922025234,0.011624572063338362,147.41602738106525,0.29634022892955136,2,1,0,0
66726,530,112,1236.2225579882152,359.3445437758811,616209.5247915603,290.0428453990952,34.70046241167601,0.006764824362348893,188.78064344643488,0.8471398219171228,0,1,0,0
32514,119,228,355.753527810664,916.4402928706719,946728.1443998184,704.2697635599842,34.79045611164874,0.011611404007199884,119.96383200746745,4.648120761126057,3,2,1,0
50600,811,235,433.8786388506407,352.80804943517944,151318.91020772123,965.3734340578434,48.916193695949886,0.006921914414213593,69.60872781892232,2.1854950412441028,4,4,0,0
67420,639,303,893.5349810899362,769.0443329665438,420402.9725331837,953.6573623787156,49.390256265217644,0.04205126004094323,53.83502589073274,3.5038335786412333,4,2,1,0
8895,280,401,1258.0084988522854,1451.9768972687361,673713.2110289532,538.3204240784052,48.144531396242115,0.011315098195920815,111.24788190161294,4.728787295014161,4,4,1,0
92965,149,252,736.848314510649,1063.5734553588045,849788.0099162781,839.4813100264823,132.16924412085848,0.19783635063157634,6.580785198600502,17.788287955324304,4,63,16,1
19193,397,441,223.31877938428826,577.0478317888119,715496.089482001,556.4314472813526,145.77930600168082,0.22071465090642972,2.262879101508619,17.558279316715154,4,20,6,1
21337,834,319,674.6988869240755,1008.2393225009191,54996.93760127145,767.0577351471036,61.41088874992383,0.19157333259706033,4.06222402393432,20.675258595435494,4,84,0,1
42746,800,358,1068.356647085165,560.6165243915173,11116.33346815514,498.63687257031296,75.3877388383647,0.1829384713834671,2.781843455006882,1.3529967758540997,0,31,18,1
76254,784,288,1447.4903083911206,513.5565557721402,895207.7066435615,563.2933327400849,1.5499148613129408,0.0389081914367869,82.68506081760435,2.7172021225407637,4,1,1,0
89193,907,45,1010.4141178698297,30.000007277184423,184592.96410927942,393.39219487421593,87.84368626610681,0.18521603809160944,4.865912911849236,20.5255778783956,3,90,1,1
95122,653,426,1185.1437531136855,707.8125323160051,169424.9471836004,387.58666715557894,49.56102163806606,0.0195601777659935,57.4126445352695,1.9015410427671338,4,0,1,0
64563,73,447,1316.215360589872,431.5874475455722,664247.789119857,791.1422688061372,36.947659575051404,0.02863615410019545,74.45401325162442,1.143265487427834,2,1,0,0
15665,511,221,377.4176560208721,848.6170031065152,964097.9468809431,928.4268417289384,25.93066475401681,0.014946370830399763,127.46818658596463,0.7102313571896129,1,0,1,0
51420,917,150,1499.2415136516972,151.83338856367934,514011.6390110209,740.2851471740104,130.98736120077547,0.47262508976208784,16.190783781651554,6.227133794982747,0,68,15,1
4807,44,160,23.590507708620287,1206.6189828378986,44303.630297308526,248.80714840364848,59.82155590656777,0.3563080984290684,19.858439449565502,12.888130082113229,0,12,10,1
65290,645,25,1082.5001031983304,1192.8072564819345,875207.2069736726,202.05728175350683,77.57752107999312,0.19071267836009814,15.558024952105235,29.79926154039318,1,31,2,1
26008,273,109,85.3552786193521,1371.6833559501476,817616.7363703352,324.1941657302891,12.932966283548105,0.015182396116125575,161.44310152651383,0.2029581077564485,4,3,0,0
47334,769,241,472.26985926328996,595.0310077498857,791264.5063782672,550.123075292744,33.5252199468277,0.01760608458822686,79.46263090597871,2.823465973564244,0,3,1,0
2260,153,267,855.9166595184413,989.6432793027575,719570.9367499998,91.48598117012415,37.94884669314962,0.016538151233257036,116.95458752116741,4.330523878000189,0,3,1,0
76193,884,396,616.8439539250274,1226.2403466621597,634356.7174918002,63.83894065437338,32.56404831586873,0.039058195234422444,88.3862866900491,2.5626554137477027,2,4,0,0
93505,747,277,1022.4673121817026,600.3850343269188,862572.5060443959,329.41927323085554,109.0764088367893,0.1714570901574164,14.859529652113928,19.338970129863405,2,40,4,1
94816,1,283,1146.6234712929986,1065.8527552888652,947422.7636477005,222.78082491500786,45.386760477621685,0.006668329748652064,126.31010431047855,2.6185045791007933,1,2,0,0
92721,696,14,1394.1368525681864,872.9349210050575,627104.7594287154,586.6319049962506,138.09107112374605,0.37362521090192835,14.446970478088783,12.58940928749398,1,84,16,1
50499,479,448,1317.9489472985267,1370.590232116774,727224.3667815547,519.2201250005895,28.842975110452787,0.04350908746785227,99.88885032022623,2.5241826830207565,4,2,0,0
42324,652,171,556.6428306680194,85.36333076460298,373880.04962332075,184.65593308744752,30.73560423202416,0.030717645763490644,74.62064526829042,0.4536987330411102,4,3,1,0
92142,728,280,411.36193088445765,86.28358030602446,939498.0736185692,82.09113089853001,41.41438449537792,0.018011820484359165,188.5348982741713,2.0441492999210222,2,1,1,0
773,436,216,610.9957749955965,83.63493660149794,576278.1398872827,801.0574294011918,41.44279465848688,0.03608575847473678,172.20363646488875,1.039845111536133,2,0,0,0
86571,294,417,995.2766014260076,850.356672854069,40989.08118445605,241.87491274852556,29.074538629324827,0.044525072476061266,100.81684212448587,1.112470846319591,1,3,1,0
94171,780,485,1366.6054619268803,1112.3216015180162,546026.5561843698,964.8412570516648,54.78421502871023,0.4852612786703453,1.8268412395857296,14.333948374830245,0,74,2,1
84092,517,340,1030.3353475584695,1480.242078955811,372696.1273750817,447.2323204985472,6.22834635163225,0.007995156971997458,152.52475446329188,3.0296756082611283,2,4,1,0
7952,634,315,546.4283106053105,763.017629030243,73813.55369780111,410.188879822792,3.443475193651428,0.015191195361608368,162.39468073160248,2.771292015041697,2,3,1,0
32330,806,40,1444.192083102058,600.7887319870498,728501.8752952768,954.0608667580233,45.179204009504936,0.04064968711107254,80.56634290728387,0.44053062650961206,2,2,0,0
95803,561,154,1496.6242480286667,1358.187492406575,441689.8679929038,561.8085540933848,15.126443807506048,0.008689733912546066,78.00319248956437,3.4734730648865497,4,0,1,0
77994,32,202,652.9333597340793,270.0992228514336,109945.30627680295,423.5898425749194,59.81685185489779,0.41402450528753676,7.132197153873616,23.86032779067441,2,56,10,1
56962,284,199,307.30744373360653,103.0237198018485,212761.6203442477,768.9183344688349,29.945236775354378,0.028284422259905257,130.1021469730166,1.996953926595958,1,1,0,0
30183,963,196,422.5678290368373,605.1232037974,489639.37339837133,943.2467545364353,42.21467269143794,0.03385531935696558,52.19422397577704,1.74586837832241,1,0,1,0
57853,962,35,1434.5486722218525,203.23987842345514,816417.4256921788,894.2470996098405,40.89862374335121,0.022280995355382423,195.90842551220175,0.7615301317986412,1,0,0,0
57204,947,429,647.9415680276843,570.4376035841119,504875.13474471116,439.5667372416139,96.98154291192921,0.43591993868063217,16.891561423876126,29.195586488590095,1,37,15,1
68914,304,172,181.55090125093884,52.47100961190988,531422.4096077514,92.61659603919418,15.137674956900396,0.012140892001186399,190.95741300133875,0.2374526560894441,2,1,1,0
5419,776,249,1036.0006099243276,1268.2035626977924,124771.84881798478,361.6083989588588,14.775153607983745,0.00752387857529594,91.06795286158517,3.342308859601457,2,4,1,0
11340,110,176,90.90738069768412,979.4990263447561,153079.69247431727,549.5454787338842,75.75257965841443,0.46568101409384366,1.7813418432995833,4.213129346148843,0,82,3,1
39745,110,195,980.7376770750476,678.9554889249243,367296.9169049734,552.4440734220653,21.53222476909322,0.0016578388400024847,183.703724804192,0.43707214446278786,2,0,1,0
39335,763,312,1489.8747229490184,601.7610131450975,706639.5505853457,756.1163815431339,9.586480622127375,0.021380543582238894,101.44476528599444,3.228504503754119,2,2,1,0
46118,454,351,385.270481641267,387.7960902992732,199645.27459335144,882.8674684571521,5.65138842869235,0.029465951649682277,92.9118988568961,3.267218337420586,3,2,1,0
9333,576,249,1408.1128416001861,836.2239497590479,593828.4875026213,189.01590543076856,32.30925282900386,0.04524722422991553,88.55683331280639,3.8175169860142883,2,1,0,0
36107,646,329,935.3151315618463,522.9788487532634,361544.7560341721,239.8641760206016,47.83463320582341,0.04646066583378304,189.29969155579997,4.283464785209631,0,2,1,0
28757,338,66,1422.189299622624,297.68273752322494,339265.90033110935,848.8524939699199,46.746636981541435,0.009042120406607063,67.60653562819456,3.808535408554838,0,2,1,0
26992,687,364,1155.253275081339,352.8391642295631,306851.0950490497,607.6066276218405,134.08487782408054,0.4805482415535861,10.119169406237694,13.371946061948277,2,49,18,1
28275,889,407,648.3188503314639,290.7670677351426,360265.9277531435,528.0326314818907,4.419719618426599,0.020823158807021788,87.31883831698181,0.5869632924095897,2,4,1,0
43883,604,346,820.6844640209424,958.4823799543811,205439.67951309987,30.74276880942423,48.645504879233286,0.010451246590466097,99.77105421940509,4.19473134183405,1,2,1,0
18704,870,319,461.8068666104692,1034.589961268555,72039.66306838646,7.135851401450046,81.69588423411278,0.4673430404302302,14.641230987021562,8.186503914682373,1,80,2,1
37766,769,485,341.92752719494626,1101.6215463301805,408231.8027463868,963.9041770164289,16.00718350489349,0.006418873855679042,100.51414378502909,3.4418773992578466,2,3,0,0
28352,933,192,478.2478936130097,601.2875798195251,834202.6896111558,168.75321398278928,114.20380754675318,0.16835986157256627,7.989352003449736,18.484944391311657,1,75,15,1
8677,352,434,1136.9221501497896,1350.7198223225696,863659.0884810166,172.81243216365698,32.17877802019018,0.006307764844514303,134.64323287957305,3.955550443385147,2,3,1,0
67104,421,164,497.1649952202324,1265.0003419797233,875272.499944778,158.16781533326727,95.7965242965088,0.4268483555564394,17.65594742588244,19.887201270129626,0,29,14,1
29495,913,399,902.427106175251,1123.8266228462835,302006.82156511873,881.1045580382252,71.54444721186826,0.1444876156292216,12.711398965768753,27.02244955899692,3,9,3,1
95226,334,227,503.6443987651213,925.6668322984954,202954.87556636202,603.5130185883246,118.31379024036748,0.35708560345327645,4.4366948110100015,3.322457210604522,0,52,17,1
93543,423,152,244.69879664879187,841.6497047976632,407381.3723018352,22.86030769050443,22.9444128100232,0.008188432394065649,86.7515202988753,2.494154031140778,3,3,1,0
18748,612,190,1269.0424674543924,407.57525332683497,452341.97728851496,795.7958056134311,33.47841183246872,0.04707487109528442,80.9371965873187,2.345414739770095,4,4,1,0
96299,542,367,624.9132856010189,979.662927839068,35454.26852619617,564.0500655262639,130.48408420218027,0.19550457332872143,12.52221856679717,5.47709638810915,0,36,11,1
41846,764,385,1214.9725361729318,275.271814442772,174592.41549336698,393.4404677739003,145.58287063400053,0.4954057222488467,5.42146169292467,16.17973828284591,0,8,1,1
59325,216,27,528.362541043711,211.96596189460638,369099.78784642095,301.9742734292148,141.47446324736467,0.1788129664173917,19.608885303518477,6.182468358554747,0,9,6,1
80103,388,341,703.0726723884085,1465.6692750874809,631574.9556203483,814.9940928347063,119.00802374309272,0.35597119429081514,13.143722872431363,16.124860943105865,3,68,8,1
2914,247,292,275.05814421711466,480.33589988560226,844500.2422602443,347.7383201616775,23.508753919850182,0.04416412427121624,102.60276953961835,3.2356731647116006,2,0,1,0
66287,262,85,656.7282439380717,859.191264244997,986372.4308987804,965.6785532012275,30.55816631135737,0.01992090243615742,70.18661339696595,2.1969590319787984,0,1,0,0
74246,130,297,1495.790988324441,1247.0449832470865,104503.57229345547,143.75445096467718,89.40076781059201,0.20890591405660808,14.52630907104671,12.343922474522634,1,86,2,1
68446,374,267,486.8015148662122,487.0497741072055,439477.5119676235,6.2151475701193,138.551057864366,0.12156720987142884,18.42846327937274,24.68973236992371,1,80,3,1
61688,530,131,537.1071618220869,791.3995910306822,920108.6107771144,872.6609687702178,103.0466333303421,0.18230266778439597,6.099541173094738,27.02275397291905,2,62,10,1
44666,311,20,1390.725474712686,864.7611629172915,50496.91165299715,878.3661496586852,98.93552307548724,0.4482594596747571,7.699378693566183,25.596906488246596,0,18,5,1
23757,328,373,367.45394901281566,63.075651628472016,236135.01939596445,410.3743173555413,115.08153233697365,0.1162258219094968,9.88595043124678,12.5915421332643,0,35,7,1
56854,163,448,841.366785671339,486.32346592169154,558858.0208026149,738.8313610491844,128.77331008931077,0.19690599698534245,3.7070479583715428,3.064701336674397,1,36,18,1
52379,783,444,263.9762991270393,1108.456335474058,682680.1032368247,679.6960296961586,43.90720743420836,0.005714161509502358,136.04166411831093,2.6796333295931696,0,2,1,0
49181,920,196,280.285105425719,363.7700071061848,429028.9827760075,84.75488219919845,75.21184811518495,0.3516208637496615,10.406177304323448,23.845516718147568,3,27,18,1
37926,917,163,1317.6428465634183,923.4547199026255,23447.445557018134,191.25968631500535,1.7091389834624597,0.03524749283443556,92.13901383352687,3.388916682071409,0,2,1,0
31786,705,8,1488.6024051832499,790.8599059778223,708152.9929261407,889.1004362980905,8.622748947792145,0.01655392956794315,91.52311017640972,0.17406244002510396,3,1,0,0
30589,30,251,545.9694246519396,863.4439040596983,714452.6173056008,79.39600436245081,31.1454688735682,0.001194905091671228,99.17286929861618,1.6636911059570365,1,4,1,0
79447,780,349,499.3413389860768,1484.0065588980958,897469.4370360821,546.2435026068184,135.97293780873264,0.18490070139262826,16.429348908705784,17.42388967791818,2,41,5,1
14913,304,137,1385.895795624031,243.59005639765246,151059.83354088844,528.0930652549248,55.77126111563896,0.4872439977336317,18.667891534970135,1.4639823133156786,0,11,17,1
58702,469,176,1422.3865011897483,665.4839428284773,763500.6858012807,260.39733430716495,114.21350416945177,0.29694821653342574,4.031962645368507,26.685931559198018,4,32,18,1
61899,648,241,1265.3432008214393,643.3471115083709,32204.456337204047,497.84436201080484,29.285336367781888,0.048902845186726725,169.95177830475166,3.862346353392865,0,4,0,0
22172,972,14,676.1893050772359,65.79289192178885,963478.5842036002,473.341964992613,20.95798668333049,0.005592690093756148,110.73329522412163,2.3457409693929128,1,2,1,0
19371,373,226,250.58541432889598,963.1315967800751,425699.0364271819,615.680140734879,46.307402436919006,0.01329663835253815,52.39825244145303,3.3579673808196397,1,1,0,0
82315,559,455,1162.0003750826095,796.2423234184992,155695.26762848633,169.6341758501326,19.978942557797136,0.03895762725242411,57.51128426340699,1.4604708492839076,3,1,0,0
61322,643,349,523.4767662860094,587.9025209521974,874274.3989043224,84.71513396154808,74.0313155619693,0.161994814701478,14.139041590206954,19.6144293033827,4,88,7,1
18301,382,352,891.327015079167,961.4946031777258,145683.8112748727,377.9799119230726,40.85270102606793,0.0011428318188445475,81.33322334094292,1.3569391384710232,2,3,0,0
8914,912,264,865.0433175759306,1011.6606169710382,236659.24740092029,991.4086019436672,8.926614132474413,0.00039621911661785194,93.95648797871635,3.306961949896878,0,3,0,0
74022,626,88,890.947044434206,1353.544714536409,693450.2874747359,727.437349451073,120.2953925375637,0.18037372713915506,8.523149746741792,22.764615937356986,1,26,16,1
14530,832,251,659.9038357078957,1488.3733098232306,937144.7926998383,578.9824650980972,15.827649393777737,0.013509861900894971,145.64430486004113,0.7080633243279411,2,4,1,0
85876,429,459,526.3633569094317,1020.0198653631184,483199.6587222003,778.7962427235589,23.683120107474934,0.03836622101995055,96.21235820359296,1.5270823254012356,1,3,1,0
49898,274,139,1469.9931219940947,879.8455103639253,833165.7007894139,912.7277891967288,1.680888867600634,0.047896960927525024,63.02837561644863,1.8755938567849062,2,3,1,0
43906,808,347,1188.6096659730981,385.1011423098423,645907.1901950387,939.4590281746534,88.74725972312629,0.2924519580321328,12.2571366123769,4.408210961680515,4,85,15,1
43877,829,488,532.1631976446073,1116.7789109864812,24926.64831972152,471.7769835137687,11.178162561785665,0.008530093745353207,173.30878121756194,3.2816974324655583,0,0,1,0
12951,858,61,283.3216056320396,256.41577667252085,465561.1567745433,888.3719902302901,16.839104717920236,0.040086562249100934,116.0256481499352,4.894478639699298,3,2,1,0
10177,933,183,1272.4548765101242,176.9859466741104,851100.1816239791,975.9219067131705,64.60701589610836,0.2756263472714978,15.518900418957257,20.433306246290382,3,97,8,1
20076,961,365,32.52101050259608,730.2834178245744,642163.5636924657,326.7031502954916,21.05538441105987,0.030794296135829666,71.09829202603194,4.992728738231094,3,4,0,0
79169,308,245,335.4114852346814,914.1535102798837,821874.8407634455,92.6605928140484,146.58677186115622,0.13503095672292417,12.72588417627592,25.792491041508356,4,7,6,1
78342,233,430,562.5522108275018,128.81385330684628,553505.4296862306,943.097649100513,47.644978945211776,0.016454597843562686,98.30795744943163,3.056816708227915,2,0,0,0
97965,974,227,1029.0794996152092,35.25736163280652,822375.3824461206,127.72066205892439,16.206624595596768,0.0386885648827994,93.42420880125707,0.13874775696687103,0,1,0,0
36608,711,359,808.3770677558518,1354.4429751655327,773309.1600323981,656.1645663897158,113.31600854410388,0.22286840277963102,1.1267068007989098,11.320280749414506,1,30,14,1
66313,168,474,1024.0274171887004,223.73571415568978,862741.2095816518,858.0472823802347,5.068429770186568,0.046304094290597606,182.19079786675493,4.682683906740862,1,2,0,0
64303,14,195,742.0390946681886,1358.2972888672869,218152.9364958022,227.54941318894868,54.86641376535103,0.4637890245252845,6.2234278120045134,22.879866507515537,0,21,16,1
63533,661,440,1233.276389666559,600.412759213991,314095.93933913735,78.30420016464004,102.97120442170586,0.28655458197823186,18.217247240361115,10.38214502877725,3,19,0,1
52445,716,414,1074.6619128264463,513.2158198434222,242486.2882177287,764.3281497085256,89.73307450767858,0.11314707411370213,19.315047235046762,7.693357475398676,3,81,17,1
72741,844,257,1486.6581703007373,522.7662808150849,57370.97348235883,103.96933576911972,35.6532844000318,0.04799033050359687,126.66869569755795,4.038317166760216,0,1,0,0
41985,810,473,813.3408578876523,1410.3705464624975,915504.6270292227,723.215479840451,38.69890775862504,0.037756718380577994,152.131022590861,4.015628482151969,3,3,0,0
62017,160,265,1324.2714787752534,757.1114483354356,152422.00944780695,58.675714185859036,116.05944556920544,0.3137094638526927,7.4263922262289475,5.426824569034615,1,19,3,1
71745,902,140,911.820420804307,675.4741594091536,492435.7721399807,676.7239691221457,35.88582097376272,0.03904021657249368,110.8155127526141,3.8235868391864223,3,4,1,0
22526,110,416,413.055403213699,1111.78769286514,582500.8831267722,63.87846490566123,15.93838130607626,0.0013208501255557949,184.42036188917578,3.116323157383097,4,0,0,0
74801,99,66,298.04274100838234,1286.1281820252216,831916.5156970716,342.61141525299666,26.425478584181846,0.013195642893645256,120.35441979349551,3.476470081776633,3,0,0,0
46046,645,130,348.244654434165,751.2960578393808,681310.2878481859,69.89075420206612,2.363331574052671,0.009483815204914882,181.99751795482305,0.730267645958414,2,0,1,0
7735,165,31,684.526439552664,64.08973818123278,867960.4078469442,616.6355547321238,56.819893929750876,0.3737763679932251,5.5937814119388465,6.847491205332914,4,15,4,1
96235,533,20,1035.8587933965377,335.9973156497098,545069.6410553161,987.2781905335772,139.95333656099731,0.3338890992073088,11.14162054741278,15.727363138246224,2,67,5,1
9097,733,423,1309.4703798481617,817.4513445519592,658854.7508661123,19.092033072264066,141.26451239826358,0.4377108307515475,9.161287610935915,14.63604473965188,4,18,5,1
88053,507,85,389.82663606634003,885.0927169321175,870535.683322195,141.22472989677075,30.36833578789206,0.005665733877998048,197.5528268216089,4.773571566873565,2,2,1,0
62686,572,170,661.3543040555517,890.9869091702188,779911.4326324735,181.2032654011589,26.941543606940023,0.03699945791594383,163.84805497142654,4.411236753207291,0,4,0,0
90907,66,163,1279.0074357128203,553.202441163071,43788.49982603416,670.1178580134833,25.258508199819676,0.04363664259348853,199.38075860686095,1.3834984303933946,1,1,0,0
65010,997,414,711.5064059069177,43.04873295192874,190596.66883586763,986.5007952080892,64.06864677581108,0.4468333853767018,12.829624386494864,16.73592376555933,3,52,15,1
40120,799,456,1034.6935943650822,610.3709585160116,331126.06148872606,553.2621429472284,66.9976980442006,0.2980082104297668,10.137490694321425,5.855802379763568,1,19,17,1
87872,152,250,1231.5138969069,1234.7161990747882,41541.35774185522,637.8610034949164,132.34353118755055,0.2826240170779282,13.892831083856775,22.85574342736088,2,90,18,1
23644,60,129,863.2030352084133,1494.7585033102707,704182.5431993299,321.72932103100413,39.40318981571315,0.041881612974157253,79.71452770695771,1.1242027228500273,4,2,0,0
69318,994,9,1478.465903873954,1229.9797802835508,554700.2976084007,640.1796327787172,28.04902166353956,0.0485023209811113,102.40293829208008,0.09525228417247289,1,4,1,0
20980,518,274,950.4107100706458,1189.2352446998364,397714.9292167841,526.350522042525,41.12487007618868,0.014064620112440203,77.20462645541076,3.5911910036033556,2,1,1,0
14325,916,358,1386.2976966854299,300.24219316217284,740543.4309786453,256.26601041948993,39.960116878816535,0.04717397693570304,125.26297805793507,4.461034303457084,4,0,0,0
35745,481,213,81.50287360847119,546.2708271079399,649882.8371225344,832.4578364001902,105.55286234589116,0.21407938581958966,2.9553749114790273,18.17747778103091,4,51,14,1
42418,796,386,1220.379126816013,281.25540905846833,184103.59661884885,700.9532376382197,97.14255196021008,0.24125506965720375,5.630729044240654,26.48701905325385,0,56,16,1
80181,359,12,1344.6868506682083,302.6918962303515,831778.3327407828,356.64889358250895,98.65699078481637,0.1028175359712476,8.8891710795656,21.378756432801865,0,48,11,1
53490,917,271,713.1619408634277,78.74880626296574,362774.2782884873,779.2069989552592,48.074651858859625,0.04735261852679714,169.93293114468918,2.4155096004353407,2,0,0,0
53628,143,334,31.743967533858772,1179.672434850477,601194.0212265498,554.0077385664406,31.093339874829642,0.0006562008304723199,150.09639386164255,0.07873383357603514,2,2,0,0
74729,548,149,309.086087705532,713.2067377627349,684595.2253325018,420.6212843575664,103.56104280012903,0.4662054596840969,14.685491852619865,14.17604874327927,3,63,14,1
81031,367,219,1074.2916265093872,325.05345686408367,77372.42973119048,291.80397567205523,142.9868560688314,0.12353470488059766,6.3587413168597715,15.606353228995518,3,60,11,1
86679,525,308,1166.796076685735,674.2348286500032,516381.7119411459,389.9235478556883,46.194587680612564,0.010758341074054817,175.88341608922855,2.8144384340015582,3,1,0,0
41553,684,179,1485.4365404601297,283.55984472926934,629382.6779533075,187.84146812315117,20.33416310477991,0.03164766712505345,125.41654356951253,2.457978968426931,2,4,1,0
39121,735,88,909.0711473942805,1324.1711717326843,573464.064001389,410.14078021356227,76.02668245755157,0.41465479832517316,3.7664934379841166,18.214010630566246,2,42,17,1
6328,912,335,973.006824846889,872.3905338925806,48851.687160094996,975.3511575830208,77.78767352815362,0.13287431006674622,17.60552436648086,12.64419073049216,1,61,3,1
46075,684,447,1037.5159097364995,1138.7354618474735,160619.97480047328,136.44387983203555,30.957021150757207,0.012441159080044985,183.25785799237195,1.6647586087778843,3,4,1,0
64709,494,413,974.9026092476963,1036.4818544063749,537444.3614063184,693.3302026360291,57.754159004623816,0.4916711658131576,5.185027805591023,27.492148232145492,4,23,19,1
70400,98,24,1190.7012120764718,214.4824183104873,617477.3216145317,213.04943729875453,29.11948332714095,0.004960809520175181,130.39950981328948,4.724028219143574,0,3,0,0
47873,561,14,514.7628566420999,298.8968526589098,940414.4396034621,860.6156796436012,122.35753808642636,0.27699078864023974,5.828000419924763,13.780335239797349,2,41,16,1
78709,679,194,394.2537416418297,393.6778909614777,945023.1576589,851.580720392175,22.44372378169556,0.01478919970707775,185.1197041415984,0.5157294432614296,4,4,0,0
35936,558,393,1473.5890912165887,611.8789761177691,5192.8530788663165,313.0613620111838,75.34096254913617,0.48150551248765405,17.563355015866353,7.335719655760292,4,46,10,1
86686,820,10,1037.5636991096403,263.50756979787434,960953.6937158419,9.171408395283633,26.537209152899084,0.02309553899817936,81.80517505087523,3.7336981645358156,4,3,1,0
15270,940,360,549.3275488472188,441.38287633105847,395921.94530973677,289.6749932218133,117.90469116521987,0.3646330063064368,17.872414694481943,18.637169840513007,1,76,13,1
29880,211,493,1289.8151555494258,1214.7197807497816,184263.2100630207,115.01968940805534,7.198531570939335,0.028286673541672032,155.74563812357468,1.68708869431955,1,2,0,0
80035,797,307,82.04866550288475,1455.9087486723313,980330.6063520974,907.171603230364,75.07198982030005,0.3505667598275003,7.519235804532355,7.9119253835145535,2,48,6,1
89072,895,101,1377.6664377578502,966.376008496489,626852.9912605529,13.984199087177505,49.443692563304246,0.029190023330773654,67.83742167944747,1.0800942056555,0,3,0,0
54011,755,434,819.0920655555695,1406.2837556031761,351386.2042436935,979.4580999375873,39.15452938941832,0.01836223126807048,161.65382488889372,0.040502782101708434,3,0,0,0
28672,91,34,448.3977484139908,81.79224409910816,44223.03357988325,66.37430922876877,38.0884353658811,0.02500472940402787,109.75372598787402,0.4039962491533583,1,1,0,0
80864,770,86,984.0936804210692,1496.761910168445,439458.81272440444,304.96401180411675,104.31265231906504,0.14542025862400465,16.644172614293844,14.170595719117392,3,50,18,1
1774,905,284,556.9563624914906,409.1933227236283,151120.47899647168,571.9390328331458,106.14004622492021,0.339751518847343,16.42797741692072,23.878671454041225,1,96,9,1
51971,263,156,327.22668373262366,1154.6042326154736,659478.7750771929,669.7001957685633,32.87686365542116,0.01814921368022762,169.35346615396213,4.761767140717086,4,0,0,0
28581,692,41,431.1091981388796,939.5593712081084,821909.4129726113,699.3839435763856,100.42550810516546,0.3644057713976573,18.68230916786412,5.729112273912393,3,38,4,1
39750,245,228,1102.6708944346096,944.3321788234742,289166.49659168266,120.4100279577671,12.433745701393441,0.03205109727411495,89.5536797289817,4.783289448201935,0,2,1,0
791,609,256,249.54141154850575,774.3236965226657,747830.7032597252,788.2993911392975,49.38608208346831,0.0405056741019469,60.04968632695653,0.7884329755263497,4,3,0,0
93147,631,303,962.6112526189065,177.38897305119352,900717.7645452541,545.887748156887,46.90456462135327,0.048506511769768834,177.97163790484643,4.305618857911923,2,1,0,0
29341,526,35,235.68968770984776,141.59070360963582,13300.48152607756,313.72570634833903,24.001532938489706,0.03845589790365839,142.8079506511327,0.19535052070289827,0,4,1,0
71591,440,175,622.3801033183806,950.7726626822426,155472.4893550944,623.5292378392039,8.098497209194392,0.03733351763637843,163.3774228217168,1.2869556384517034,4,1,1,0
87903,243,128,136.0071547957283,792.2786481537098,894511.5835098423,103.0271235983478,136.5268392618744,0.17018025080228566,7.266607991535894,18.87488273435499,3,53,13,1
65458,331,417,289.2288356294409,1427.7390448898134,756961.5225095833,19.899852014734435,15.829021998899815,0.04276779906702671,143.10161390233776,3.2723081372010316,1,3,1,0
70525,923,227,1291.6123201332603,729.3842090394238,379553.1103671821,371.6103390020817,124.9146365169708,0.3420146138020259,1.7556579194680655,7.013808160765553,2,27,13,1
56618,588,421,328.219311242392,891.1763710995157,712999.8452053923,875.9200844762993,21.48946740136331,0.025756007575149866,189.28033956083712,3.712805030677855,4,4,1,0
58196,17,230,759.8023797078484,1325.832295459181,11763.78867337521,108.91208735202616,132.93892650337602,0.20506635236967302,2.7733858985512527,16.3035326529316,2,80,14,1
74696,926,171,1056.3618976169223,1377.3962893572225,862091.8630108937,294.6453331344085,85.30407649177057,0.1760113308247625,9.724364273251451,13.359089965234483,2,84,13,1
94277,581,488,575.4289584274643,52.52759829894773,801256.502126593,675.4562364463976,33.26289056754834,0.002494091050227343,78.50978027229836,4.256343044813302,4,1,0,0
12312,586,498,1388.2965411714742,251.10389770286844,848316.4412422285,62.82389397413077,46.49621500604485,0.013266160280896456,119.19643687942953,4.9134715853831965,3,1,1,0
3162,711,164,967.8653911090306,401.9035565928618,239729.55591694423,846.6446453890838,141.1333386519222,0.14060750975480457,3.6263367439159504,25.581763465157476,3,73,16,1
76842,799,243,24.646667910488787,746.6961203337586,533189.9409125341,649.6859288126875,1.1152819668999552,0.049375827181036426,81.23631280735898,1.2725290829829028,3,4,1,0
39086,98,279,82.01520175458404,478.577547523752,273480.5189328976,858.4879910634057,48.30202152408162,0.03827616303214326,89.7107967409541,4.571125464940558,2,0,0,0
90393,405,380,533.6525140032336,277.76831273893106,877916.3394970789,306.9678193290986,50.52593139898794,0.3700898067002304,14.869356333464772,18.406668595532654,0,64,6,1
10926,860,163,139.40950163667577,811.5731280915242,678402.950485671,334.492775241078,137.28168870663904,0.4142695578643514,6.998293256293641,19.703415650961997,4,8,9,1
17285,154,189,315.51086373708796,180.09271182001316,494778.1292291297,160.18952530224988,20.99944893990364,0.010807817906263124,64.47944656074091,3.6576076734447245,2,3,1,0
11522,969,340,360.57822037304175,834.5471310982368,822618.8674099917,952.152906457254,21.08092750167737,0.016388919364131338,183.83548041073507,1.7997378054319473,2,0,0,0
48443,765,398,391.3052038817921,389.28559907471305,811698.9665122707,673.2831276516634,44.917404392365306,0.01957691749261701,90.75025756556943,0.168507588940493,0,0,0,0
69381,73,230,941.4318305712862,503.2441204531246,29756.63111918865,633.6940175464644,6.501020881347747,0.030886954333854813,72.91181129390345,2.5162129978272363,4,1,1,0
13421,89,215,263.6940976123111,1045.3254760314849,245840.68432086712,244.46160668041244,14.974362153892136,0.0434292887532404,69.40957425131477,2.727864071086825,3,4,1,0
98927,494,351,1298.6982514570202,674.1805060379309,86627.5445807787,646.8876368467982,85.9899031514812,0.3172144036933271,8.001555748597847,3.592574161952958,2,72,8,1
96221,557,437,442.35003976381677,725.9426923220253,454418.4350502087,922.7722080849782,92.7929568744799,0.4720717596414832,6.906106654087949,24.667797758979248,2,44,16,1
12527,431,74,673.489286958551,206.60651896447123,908208.3109309535,548.7502852721088,118.96582790362716,0.3945097984195577,2.777429660759789,15.767626238461743,4,92,4,1
37127,733,374,558.1848777011047,318.08504873004745,818240.4064600817,784.9625291694691,46.127936922184624,0.045267807806268864,76.66039035959743,0.5332303841571606,4,0,0,0
87827,212,389,1311.9340470030559,821.2442409488509,599937.777074471,478.0073655310247,1.6434343645543001,0.014355363116295483,189.4511472888495,1.5535816456658202,0,1,1,0
69405,719,380,312.7044132877364,633.4896816656375,360039.62875710515,978.0504535245587,49.54981887100513,0.023611837745748095,103.86939977371246,4.954309880672084,3,4,1,0
82052,978,205,1424.8502834411258,1084.8821595530865,530170.6217463011,377.07773762254635,12.058587651084785,0.014201499056113766,67.71024998187704,1.3604169408905553,0,0,1,0
95567,529,273,243.8863844156843,928.0987499606595,517923.3664040058,465.261843281547,123.74147141294814,0.33921589657068896,2.0060858383815683,4.972098539851875,3,39,7,1
50476,161,123,830.458313762001,512.8636818570069,833619.3047682951,546.8881182087295,20.025046620218664,0.02388758249271245,127.22780607167994,2.533159302146015,0,2,0,0
41509,13,371,607.7026418010736,1031.2957629218013,619188.8600556743,689.9381820420608,11.164221069440506,0.0010481857743494416,105.04143789176942,4.865831408397033,4,1,1,0
37261,373,96,894.9464676244916,1392.3076475286805,243725.15216104136,80.04014076828994,20.262178999118248,0.04639502229543841,101.21347302964466,1.3704563790352775,4,0,0,0
89763,272,149,1292.2781036989093,613.5555491085604,450965.0081472821,222.07681405974938,30.26555379970679,0.014692079804242626,121.76077034435384,1.8783424408392402,2,3,1,0
94164,177,324,249.53349843724655,269.29134676533874,367125.812359816,649.3779194764735,19.535060904085448,0.03617417349725121,175.21771286129956,2.1799995138619943,4,0,1,0
46278,693,268,730.374838038919,50.16852930300472,409791.4581648064,573.2996601852604,26.214320949223833,0.006819887984189055,186.41076727945534,0.10422108609505931,2,1,0,0
89977,753,32,1139.3783492444693,606.391003458462,669551.3326019841,250.51851014165348,70.34488416036153,0.17218887439947497,8.132045692869122,22.372477905880025,1,81,9,1
2770,639,408,411.9628707084356,1048.966422226473,303668.3650711459,96.77638513614401,14.805637315677153,0.014156426542288403,115.67661372611603,1.065660621425063,1,3,1,0
7286,885,405,139.01681506810203,454.05737389033624,870923.4417729775,654.3150010917562,4.777141774359549,0.004792450861483672,93.77024262071674,3.4248141106767442,4,0,0,0
78914,873,99,80.38534270452041,1293.7833434561899,436014.0210957227,70.72161353577185,7.699519940682444,0.007310132801302949,64.30110109681048,3.7206785540843725,4,3,1,0
33951,878,222,975.4865318297017,1201.0089225670595,739900.012400301,660.17944660506,18.585702077809124,0.029627224090771023,128.5084427396873,3.8982847326898815,1,2,1,0
7726,134,367,545.1805217466776,452.1105420146794,630426.6431484619,957.4013958504496,9.001369905266337,0.026303256592714222,63.38280452373799,0.10908212058735434,3,3,1,0
59198,588,351,1031.1382586696707,130.06201751643368,153801.84757455887,784.9721229733942,11.83407214361674,0.020474008294440144,82.13046578458997,0.9820848522145559,1,2,0,0
88444,803,84,1369.8713490845748,226.5486997703033,548817.4744912526,630.3423479250226,28.48054116920723,0.03456282417841904,130.29273873999796,2.1815020112308945,1,0,0,0
57104,187,162,236.38844092843595,996.8253062486781,61962.3586235054,985.957429839976,31.59783522489682,0.04924495380348949,120.95918709925712,4.080384257788435,2,2,0,0
13011,510,32,298.9136020190491,247.78398657340932,892868.7450979049,967.7577420194447,134.93526545547854,0.14974312948440818,3.888044466707729,25.309849471878092,2,7,12,1
64167,216,124,218.3500292536614,511.0650508875164,192166.1211293575,858.6596676588306,2.6137501675227974,0.03630742285008513,78.18728530155279,4.803316932609388,3,4,1,0
24222,798,403,1490.0060591997355,269.6532574283274,440499.99639265594,169.42112225125348,10.794158269336554,0.02929789933599536,104.71343844920332,4.837636787338752,3,4,0,0
55765,893,31,522.7475935584575,548.1113218227435,317795.48232419003,835.773844170396,110.16189922896514,0.16393254355526668,14.378079034821292,9.426037012679002,0,6,6,1
23653,959,168,1439.9617983818223,989.8253061011748,835102.4866759843,416.68033863824485,32.02065195738683,0.036550258585576804,142.28394557358212,3.4770354488730746,0,2,0,0
76712,116,469,350.3536137440344,527.7312729151757,834045.662262707,516.4466124505005,34.04011661388531,0.04944122820519651,98.77725236511854,2.4170878547320935,1,3,1,0
88240,810,496,620.0332203800291,950.9790016335884,40052.08746144831,915.7126909486967,103.79584415509723,0.42195246696445476,10.42507690928819,6.511673408519233,3,66,17,1
79052,671,448,1117.8918931092896,1147.0279180223897,332904.93122676754,719.980484871641,11.513038776034383,0.04572647263167804,128.3619956827324,4.171979781213159,0,3,1,0
25687,359,422,1409.407794126633,1391.26832839474,968917.6695911653,398.7230366512998,143.91416251897925,0.27641384290627286,4.464271572946451,3.247026271298571,1,30,19,1
33027,284,369,179.75171204416156,1103.8151593139514,945569.5582254629,929.9836771306086,137.65562967229926,0.38453976900157905,15.073345905219245,26.419157092721857,1,39,15,1
68805,27,324,431.06341930911447,178.29058374286197,495203.6433619361,790.4620405867869,36.6757139531828,0.028993162368573067,59.849897658975024,0.5380627077587347,4,0,1,0
85646,478,189,217.89475063661178,910.2579845331275,809825.158965233,611.3017407721422,41.15320136421918,0.0207010844554606,79.40129140470806,2.8667074548453773,0,3,0,0
79059,999,205,675.0048091014098,134.73246581727744,91561.5522473181,83.09932304080321,31.55772050828004,0.006891995158129977,52.24692151593169,0.20227183240987823,4,3,0,0
17387,107,39,1134.4611059972588,1209.4301147143342,444593.4268182361,216.64655983025256,94.2115628341638,0.48502099841010093,18.49580534349222,26.71702844954603,1,79,6,1
42587,515,180,578.2566380123333,857.4692856600692,907854.6556700432,534.8551108514217,37.13770100099933,0.04905228531869249,113.30691055134197,4.805221845868208,4,0,1,0
37985,846,350,680.2435948380952,767.4430128722473,120866.12995084358,589.5009616994965,88.04683465806276,0.21179672895463783,5.842561507766042,29.60405800174404,0,16,13,1
85146,861,445,487.66072534514007,552.7901612579606,912974.2651866807,422.6418461571613,2.1137692567622857,0.019896424034337015,72.45096646401336,4.000977791443311,0,2,0,0
77471,149,295,1469.2671192426083,228.9267823292809,789403.3433469549,370.6390034595645,20.54596099334936,0.010344784109859473,83.83483339651866,0.6479402440317628,1,2,0,0
65200,242,185,498.6369355455435,752.156636450145,714415.8142552597,36.08856841550518,34.31065385891359,0.003828952996656404,136.16273825171143,2.7492420914349784,4,1,1,0
98114,571,340,110.6978370500002,986.9364554604789,417509.89942189667,606.3454049886119,48.23882515506449,0.003094427428398289,179.00941970649006,2.9455045331160283,3,0,1,0
72488,356,226,237.26407694971763,1332.588610169948,538347.8544241935,701.7292211554209,11.322007556817466,0.020986846130120418,191.5415759465282,1.1641145838132632,2,0,0,0
94813,614,364,1299.0949334424279,1216.0124216604108,768797.5302578915,386.72517298363897,44.20343403873461,0.020526542720959058,53.473217810611935,3.7236720109540267,1,2,1,0
17164,90,212,209.07667838428935,101.56374912529871,283954.69162275107,357.37099486809774,135.00197762713339,0.12144772079707696,3.5970636492174717,4.724302512199943,3,89,16,1
84138,106,97,174.42125070700726,473.29714791015584,203239.8558868446,963.6361962098105,4.357486829153501,0.044364342099559834,62.74992935527813,2.4701653621546287,2,2,0,0
80423,481,264,869.9351549584292,646.2200611853509,848501.4223901595,745.7106010558471,8.496959989169854,0.01234340736550632,150.42369846668174,0.5621028830239094,3,4,0,0
36257,688,331,1216.4788997082499,864.6672024903908,76293.8347615009,60.67404003207619,48.980771985441834,0.028821333896321733,114.11577409719142,3.3996018429025154,4,4,0,0
6801,933,315,964.3641848744734,804.1144175694506,948442.4373377592,476.8519553766559,54.100677170141985,0.472273127170448,3.987485123130352,1.6028517194778429,3,51,6,1
36530,836,362,287.8841911486381,964.3888874886958,535782.9466989931,816.2949044279507,42.8259270349465,0.005062683063593043,187.95250573262814,0.47031196770013717,2,1,0,0
85139,525,358,1099.0303503303533,1104.3618967186505,305683.89102572185,166.3693941086669,22.523278744596062,0.025759770048132503,61.050051742987094,1.151664380389323,3,0,1,0
21016,303,445,1282.6780669782388,296.7254068680958,707416.9326148526,256.41898934611686,18.278205814371997,0.01330920179980903,151.53623925987807,0.6644127341609762,2,4,1,0
68145,590,8,197.367515263266,955.4829160240135,683123.7806042244,96.75272834433378,106.26434132923143,0.29328147620579514,6.400754178608234,3.3047911123881413,4,22,11,1
25919,569,353,466.8055100963197,256.9943524283583,647476.9385344336,548.2920153954858,47.052705652948966,0.009387586305449669,199.52978432025014,2.9109303802702495,2,3,1,0
68963,120,482,193.14969297434476,368.2040703270804,949009.4402735129,314.4431791346222,31.979242586233703,0.04964696860700368,162.27719520065693,3.196400541630138,2,1,0,0
49595,681,45,802.9463132979578,1253.5208419322753,739349.1802665831,574.9759454250989,88.24243608913528,0.10059397134286541,5.245344695892848,8.565772050815944,0,86,5,1
48282,394,291,1473.055536654026,252.797914165841,649825.2858332822,23.90963687272587,110.8548286389242,0.11597745616900293,13.018153022209415,25.665496831044415,3,51,16,1
93998,88,328,967.3029997838358,111.96591059027205,189654.20779732932,925.1348688381105,18.94859077039101,0.03050112838574432,64.786854230817,0.9479320740705344,4,0,1,0
19205,39,495,81.42000924188844,292.1710318578889,988160.1791279435,922.3702117328921,29.47409559799399,0.04737911843495468,157.81520818374815,1.0882714729527887,1,1,1,0
96822,384,154,936.9430207028454,680.6354768701742,521634.92870431405,4.4463798774607275,39.528224364929336,0.007999557316124428,95.41168049876399,3.203132793830865,4,4,0,0
70812,934,474,1164.3349470007797,285.02755606144984,667179.6821645104,665.3221603725424,99.39772966280802,0.26677761832742997,11.291049057569513,15.319726289709884,2,84,9,1
34687,690,325,1054.027641594554,258.69392527011746,158535.4925140094,930.994532187199,105.05836191627264,0.314096158730963,5.6101020296036355,29.692531124949586,0,36,13,1
74598,461,291,1200.3543810787937,543.826638091064,118518.47634199027,536.4398002687897,17.901118499548648,0.030741302524840156,86.31791509279711,2.869932385242229,2,4,1,0
90453,959,33,820.1174969793223,1331.8652120093025,707618.422852844,371.56693837809223,123.88442122361056,0.3051012874547142,3.8360511109166335,21.69817608688725,2,41,7,1
42601,690,331,208.28866814425808,1059.1498566802672,101786.33037786512,85.17838622361188,21.962493521160294,0.029415365322357306,50.687306295045346,4.812325647128725,4,2,1,0
77048,790,443,400.6515008217316,1024.4810198465864,20019.266284479298,342.0485309045309,45.35904734946249,0.01470714982134962,116.16067241488643,4.766214067123518,3,2,1,0
11798,836,480,100.3616242887141,987.2953449807875,940897.7728051378,710.0996508944643,24.28125790779563,0.030732399203333205,184.87812993683107,3.203696549234012,4,0,1,0
86748,386,48,1432.9259251834885,349.360572932738,197782.0720580556,89.48646537531998,30.61730120388724,0.0036103763190499186,187.60688621034683,0.6837738534130261,2,2,0,0
39468,231,212,633.5421902751048,1425.0074595326155,315108.3633587934,863.8318673586202,54.37675657552268,0.36381490629643154,1.1006651482923107,22.47552255873578,3,27,8,1
43372,876,363,272.7240777707269,1008.2269952137682,911306.8246420441,351.5369677703878,139.00981654792577,0.16332343804693672,4.5219168509996495,16.208292837890333,3,12,19,1
11408,721,328,1494.3738517335069,155.3886626446474,875716.0778142264,759.9828840378702,138.54935729819312,0.24341481271678247,7.806935431060756,19.87859455721774,3,81,18,1
11852,777,47,1238.9048722702537,295.05592161685723,257746.63943185876,237.1084433339646,67.88416954030504,0.39786794215793586,12.264433875668418,6.162170310886701,1,72,16,1
58408,526,474,1446.037056996079,336.8329339249495,202446.1908953647,357.48133600119417,41.658196611357,0.006713289538276441,198.51721522820128,4.435015317947585,2,2,1,0
82423,868,20,1490.0768606902336,246.82300618363558,150064.53174194685,616.6363483288915,58.151270809936904,0.2068386562783552,6.56338278582645,4.746674693319789,1,70,13,1
77942,308,78,870.8697813736662,1399.0500758940348,852507.6042498944,904.5726345600006,2.7079587468255912,0.018834822058247814,196.301850188829,0.07557458924468519,0,2,1,0
72581,681,109,524.8872666002592,1013.059323689286,814977.920060521,894.6329439709956,34.63947172718369,0.019225733734106177,128.14558381719294,0.8513781761955574,4,3,0,0
30881,584,284,1195.9764425498481,1471.008930852787,720053.1398453963,827.7605867356879,3.244697970111333,0.006677578161766307,154.20489555205398,4.677013333918193,3,4,0,0
40336,410,346,1075.214433786415,858.9636110814305,13362.74232406257,546.0254236437936,19.2029011868064,0.0038639809838118266,168.9940653934429,3.988284486191627,3,1,1,0
58641,767,421,782.715820207389,289.68100749291443,534822.4480950136,96.68057654361914,115.43157416214407,0.1789049871919498,17.129887170029214,25.315983905751494,3,96,7,1
2857,810,187,366.59565584918624,347.2777056964293,358382.9169550531,897.0296735393135,54.41229123358147,0.14329750515869324,13.620952160408601,16.17728872325982,4,60,9,1
94330,822,265,372.5841504146494,645.8781638947012,324179.11099369905,204.44239053983824,120.75869229266881,0.1823420302602263,2.8371707507783945,11.65907322233594,4,46,10,1
83172,660,338,217.33080053397484,424.75678943100587,495090.27732104453,324.15698378229376,13.649187573988037,0.033329953199247246,68.05978151607346,1.7223229969271558,2,4,0,0
12457,936,499,435.56385767335576,731.448506633284,591185.3920334772,296.9710044246426,126.61849644574427,0.49812297580309517,6.035636138609088,7.123215245492912,1,55,17,1
51670,720,8,324.0031814777644,494.9105703691157,213868.05944200393,676.9402623945722,30.86917354884662,0.025736722138304288,186.14741381961912,2.440225042154461,3,3,1,0
81847,452,482,1047.9891929576027,862.3416531407686,765656.0243679124,13.676697017229852,18.123806266068588,0.03438522580158563,115.18399698082928,1.228172496960362,0,2,1,0
80537,812,202,916.6301705078348,1115.0086169579572,297024.3174059005,797.9523900193763,40.893363821336344,0.043172005909201464,198.61895795782144,1.2722102743239194,0,3,1,0
4910,568,336,847.5978840137235,889.4549479230175,3241.668980056049,849.5810841450884,24.555465320584577,0.02659194399704065,183.009362619985,3.6310080645449223,1,2,1,0
9885,308,410,1260.2211136248568,715.1073883049506,13762.414352531863,869.834467335095,44.6771688934607,0.007302783435582084,130.22151697963625,1.3376595237219373,4,3,0,0
13275,457,142,285.5076535473595,1043.5482735242658,626684.4432354465,742.025313892254,124.71563741604216,0.1694431450679938,9.920373320637095,17.787213832361218,1,20,17,1
28904,741,474,1315.450911931831,1324.5967503538523,243494.20967616784,783.8988985329197,21.753805036935038,0.0011984332715576252,83.70581858931189,2.8423657996711924,4,0,1,0
33153,911,58,1351.7898372537416,98.138441316164,891117.4807687951,498.95997250652266,53.42090052799073,0.13812384830174676,1.738521565661875,13.073577834916733,2,19,14,1
71146,519,226,1185.0189907524796,33.00393077449973,708447.2806469344,411.44011050505316,50.44799974252482,0.3291304821672404,15.599957430984318,25.335336371138727,4,19,12,1
9733,243,297,458.69059859492177,741.4386389584257,351720.0027263477,645.3148955245375,1.6478115798852935,0.004700932742108244,191.25450331172118,3.5025347571194025,2,0,0,0
3642,391,432,1225.1026034180186,1133.5345733406853,903346.5735674764,43.62997850418091,10.658812333120567,0.03916588129203952,64.48765217410832,3.0194233661380236,0,4,1,0
26418,259,415,690.7326099710571,1476.7271231715831,361236.9318868366,480.9895290617738,73.07996465927215,0.21204277090111395,19.210543506276995,11.036281226589528,3,57,19,1
70227,625,144,605.5599064362405,1297.4193930253432,866581.3861238682,406.85009937519783,95.88736768014942,0.20004403782864075,11.034470114692864,29.575625497088744,3,79,3,1
25421,807,478,369.53686662941647,330.9324136529336,792076.6804354747,68.25825167585883,136.1590394655177,0.43751184258703324,15.809293037341718,4.38964035220522,4,56,7,1
39454,1,105,1499.0243363143159,803.890202656222,502768.59404039575,936.2028551051244,85.72565062309474,0.40937708138263174,9.768603105529124,5.267016249701519,2,15,8,1
76328,399,394,1209.8372432873891,1157.343200617178,7488.356993771894,954.3833249890879,2.631732491470658,0.036781668509536146,116.69702740849793,1.6821391215786663,3,2,0,0
59813,762,1,356.81816190885496,732.7614028882863,478842.7401421832,752.5867780139972,22.147887610250727,0.04018993950293445,64.48781294169979,2.706560971913436,0,2,1,0
60181,693,360,138.9908026088854,1048.2308461458178,42956.39580095203,140.24805993158694,79.96514769768147,0.3155955806258791,17.357142089667995,26.245309521904424,1,52,7,1
96733,904,481,795.5650346292005,397.7948102132512,159571.79498469236,193.62802394505167,72.31134905938974,0.3417866397329228,17.94224388009014,16.670409800268754,4,75,7,1
41414,184,7,877.2835408024175,264.38411603178844,633102.3665527551,550.6270307192655,5.139124476693099,0.024451631916830766,166.13582385425303,0.06906626284491013,0,2,0,0
35962,855,428,1108.9753047624279,1309.3399138504658,540353.0048712777,344.9467233623256,34.72853407496846,0.04521034112406552,53.821818288166526,3.8985687878753716,1,3,1,0
76420,7,216,1221.2958834018812,148.37064023688458,673246.2927553866,256.85481059548874,68.69299567800941,0.2791131991633633,7.904609466141825,6.845151929920587,2,98,2,1
64607,716,489,968.957773753738,1488.7870033502747,963334.3664907105,657.0673187725719,21.671839855167356,0.016040145816854794,110.27231517794844,3.2171555949683137,4,0,0,0
98721,335,71,738.0377355167096,633.796171887494,544867.7756900659,159.02634757083698,148.19891648628987,0.29966876620741856,12.95964250524089,6.840936265704599,3,76,0,1
43497,152,218,885.7750086798278,1286.7334714979218,230558.31280462895,952.5879446873506,15.356001343526316,0.02324974420553725,166.76412409207313,1.8425939020460802,1,3,1,0
94815,531,273,1190.943060937833,199.39108957367907,541322.3582586189,211.63505593052903,20.953502382587995,0.03029765873058562,172.8388542468837,3.1217614797784843,2,4,1,0
65732,511,11,1488.8854404215676,935.5963005593214,20498.891527804913,327.02056989077397,6.977155184586783,0.035446276526857355,166.6336892456303,2.370166834235909,3,0,1,0
40884,861,187,191.49706223679942,527.3044952991636,133432.08636378837,690.0271313149655,30.503927467206957,0.035918509254337504,62.11094788833865,2.8880815297427844,1,1,1,0
54563,249,325,184.6178927617334,1490.8899431143022,301647.39395476837,592.1261613045665,6.50817261774004,0.044204540410841126,133.5523225778947,4.598143553876273,0,4,0,0
88518,858,3,776.7370523624355,161.6344601798855,282051.14265917893,473.3096760313647,70.84150826803503,0.32006656812815115,19.777786657767255,7.5009686591078735,0,9,8,1
66500,199,177,919.8555382323785,141.9248047938378,204876.17694683422,808.1984935250422,4.298540604049927,0.02003675521560666,59.17267761815321,1.5486458452016345,0,2,1,0
27731,341,305,550.6339105402801,543.4227189509437,610046.8209175793,88.40556061144251,41.44648309658157,0.008728420145608424,66.17232573824741,2.69241496519819,1,1,1,0
22576,609,275,826.2192792190419,309.39676573076,370056.36074479186,273.63451776744927,88.87014727947468,0.15680491835140328,17.854758490579965,4.679440158705122,0,11,13,1
15021,434,414,503.0659425910927,1477.3297551445187,237740.606019836,979.2217643817598,41.669061228342294,0.04376272743065297,131.84311215494756,2.9574378727359245,4,2,1,0
14836,107,457,1366.2478442776035,246.54417807772919,460456.1290348341,652.1855239205299,16.332441711877422,0.03857411992916301,61.051535139129165,4.1872411155022515,3,2,1,0
13174,462,449,362.5184429198271,1441.2207652774016,474345.2893612693,168.75456592708346,24.497986861017804,0.006960598038118011,194.6850507867169,0.9196910104236106,2,1,0,0
92914,846,317,751.034661286009,286.4283337166236,30809.003651564683,845.6950570348154,52.31829917822357,0.49503293284927563,17.331443855087546,8.13748370417508,2,59,18,1
59963,216,166,791.5397722052898,376.8830837679095,84244.35317085349,128.27370088730837,50.79383343037463,0.2443906457123597,17.514866534975177,22.575253404332905,3,94,9,1
33698,5,63,1098.1972710203524,33.07734560089199,153038.34942290175,683.458914792687,89.37570310975909,0.42130843015218566,8.380214613856378,22.995379114571538,1,23,10,1
45288,309,1,247.1747812589794,174.03012286193785,178170.94572986272,505.5262063192309,25.66030198563728,0.024780060348595524,113.31652097142435,4.548300953264073,0,3,0,0
27590,76,125,82.71020616376836,509.944182586253,195057.24324991967,355.24374922219005,21.607645259467635,0.009060233547995145,115.16514891558714,3.530189818091747,3,1,1,0
72669,218,243,1149.538311849254,471.9037254961231,407188.9085788041,427.4536623938574,35.16043441603419,0.002035105861483716,101.76419270031417,0.8525120084395105,3,3,0,0
80788,914,291,343.002680452424,401.1517846819129,551326.7539896952,818.8344288039212,128.0060066788859,0.2445595328244121,8.114970000074862,4.798144162745542,0,63,11,1
5144,657,221,1478.263448786475,755.4675094505338,459723.11461058265,332.03045507023626,74.05956526324721,0.4359663607375358,12.825221219343799,5.057893206892254,3,58,7,1
90538,819,453,1365.4661959617672,675.3688157343938,923004.436544182,746.0218735056188,25.613561519016013,0.04651032774099389,120.13353223247826,1.4920218221691433,1,4,0,0
39930,62,486,1457.4460918281538,960.3584522218597,298537.6225985395,677.0522235792824,14.193037141190239,0.0004942201629608956,198.7826317649661,4.6775090422377446,0,0,0,0
52604,692,417,297.2461929375634,1271.2381754693865,298403.4043948038,169.16316858100745,92.94705146233586,0.14746726914159491,10.195978365243603,1.7776995484833302,4,43,2,1
60669,293,355,111.84147289411513,1495.9777874286576,106991.90443025388,490.904488801803,53.469016672873856,0.33058897962934847,19.68274142721222,19.43339503264473,1,34,6,1
28971,450,114,242.92379426689848,1070.103958054541,450580.8691195854,753.6119101965927,80.77399622881708,0.1516683662424434,18.719953644073136,6.928529317450331,1,52,11,1
3688,721,486,517.3362011789791,421.56110500012915,9746.298766698703,487.11180462634127,11.494333769485593,0.010102222019721269,88.37315997656252,4.194839691482162,2,1,1,0
92307,688,205,1339.5799689984774,65.47692158118404,99840.88418985817,893.3427254583564,11.575437137462039,0.017537191129912543,144.8387047851884,3.7249201160208845,3,1,1,0
96352,547,140,175.26127436409925,848.9958987326459,871111.7481646637,972.5324664653012,37.090038071706594,0.049872263530186034,186.6542408496991,1.1511969394376975,1,2,0,0
7557,893,137,695.5033375008686,766.5576119743994,857097.9857192253,679.3737574381103,28.713872535524324,0.03557176736478952,86.9012864448204,0.7586680494689518,0,0,0,0
50958,222,475,79.54652791401071,1155.8113860218637,931111.1737375719,654.3716958121598,111.25445525308649,0.4076464095972324,17.88245153751683,14.924855923655482,4,54,15,1
9022,607,36,199.2380366020325,524.374069290915,11165.538748530034,744.8587405884127,19.290474050877684,0.026200792888929455,104.2016121284222,1.463878804145795,1,1,1,0
64510,894,362,956.1493697867434,924.3682091906919,532411.3986428864,892.4116002219816,21.919917045724155,0.040389166175921906,52.44649779866103,3.774914376964025,2,2,1,0
5361,921,461,1018.9365807630464,1363.3401587959142,199138.30028408146,478.0777165723926,3.837605874883957,0.03366406432182171,114.41335591725158,1.1252959242585203,1,2,0,0
54968,502,385,486.9123918406865,1147.0214575332618,224187.7845115872,562.3264221807439,6.239008443858989,0.045944330292689184,116.5496050025005,0.22663371601198024,3,4,1,0
45949,897,446,764.791258295268,1456.4873276602648,583604.8726063694,263.9398869988133,55.80145368305123,0.4938714400345945,17.63616324571669,24.873761543330325,3,51,4,1
20371,516,472,462.79066236528615,1107.7762456413218,774731.8053825368,302.5985167035777,53.27807560152438,0.48197232402038137,18.04950203033667,11.903781035067865,2,86,2,1
26943,317,431,268.397186865346,351.8438067482636,630429.6571115985,723.8071575807026,48.00491610842522,0.04202281602910474,87.59390121209032,3.0143273738248455,1,3,0,0
62827,683,349,300.0742200788123,1075.7670487600046,662011.5805894609,997.2206866174954,9.994532199643784,0.024087503032438187,165.96665752907208,4.5079192399210735,4,4,0,0
89556,788,180,772.1104405442275,1487.906689757364,645187.0604779599,153.48545123631442,25.284573075980255,0.03743291781869217,169.5034588629298,2.3984786518715366,1,3,0,0
9641,537,144,1176.3751793568306,1008.9151647819554,575329.3250393729,44.13368598570172,10.117833847272568,0.03341244494754891,136.70083579687395,3.708275059936244,2,0,0,0
5267,694,413,814.9479224675722,212.73009539363127,215445.4932012632,459.5873836425501,14.309221835105236,0.034898383583243285,151.28698384102432,0.8584903232251512,3,1,0,0
23893,114,28,197.51068576627983,356.1147772770734,224242.83008857846,994.3431882520892,146.4766837279255,0.2777511068482819,8.057856096865038,13.134142256680946,2,15,14,1
66310,66,461,328.87655086376054,1155.4497995873462,95506.00005730278,703.177721051485,60.34351093600847,0.10556726740885845,18.004027429131,26.199951997913622,4,22,18,1
1978,700,268,1385.7913682764704,1030.0913500108522,613877.046068811,934.2617873235713,34.80264272023313,0.009400991743733251,105.99430423232604,4.211084972704992,1,4,0,0
88447,179,137,1246.3899198467066,510.02345985440456,766854.7472661331,92.47620041224246,105.81811263526157,0.24798538142551638,19.872131657165024,17.24156645467192,3,92,11,1
34524,671,8,1488.37374628224,115.15766479585929,457277.6358247248,10.898695653763625,8.643866982745674,0.008594134616849115,154.77624288591406,1.5180962821794801,2,0,0,0
97227,262,175,989.6567260999872,194.37318482292116,315911.14735354204,671.0124041902949,46.480691549230116,0.02633799690852981,119.78796687573644,3.248432415161857,0,0,1,0
83534,479,350,1024.3144524396885,369.4185483976288,850984.3656880426,861.1083351123617,116.82747555690324,0.41831397924865343,12.605367846280881,10.735051081941933,2,70,6,1
85884,316,409,1267.4741354076093,255.14261884227403,821349.8703225747,632.7859535588727,40.53447905881013,0.049143479884402735,110.8516894235627,0.9197440680172603,0,3,1,0
55039,338,352,393.28935060599787,775.274355502494,109130.67700094213,798.3734143881057,43.491504678408916,0.022720979529048897,93.80529985459914,0.6446437561165252,2,3,1,0
35065,326,298,367.62734607055927,665.6513587474309,959948.5394928098,959.2178537400245,17.11897408110393,0.04494953970216958,119.38984025492562,0.20678711043878917,4,0,1,0
87160,885,421,271.26111049285436,1384.4431801840929,946240.6823493419,996.0282456824527,36.20097847889481,0.015331773376886815,180.73071715177937,0.3060001960067982,2,4,0,0
62238,83,114,670.3818164043394,34.35787548894719,218309.51296139107,280.62022085456965,29.52048383643051,0.008441435767679006,130.81075213553947,0.5591764528023485,1,4,1,0
83561,861,302,857.7755433642927,915.9395630408085,434589.9691686622,948.4715923463845,29.790172034857473,0.018068663397100514,117.59964550048312,3.2223172041543133,1,3,0,0
55446,308,329,757.3408304180738,249.37403382484257,397865.0092503179,331.51430931151594,113.68828322085113,0.26498485103260205,17.47501911602409,28.911889275258904,4,63,11,1
93508,891,379,477.37913969139476,1375.7016488199795,378661.9436194091,415.9301236836033,30.252478407243792,0.0039391261480990645,103.79436761216812,3.8154913014688168,4,2,0,0
28720,596,449,1137.3799584039946,365.6275986339555,335602.45727311465,570.9332571319023,37.711797206265985,0.02753183933740097,52.71923415646806,0.17509021734474772,3,1,1,0
94727,884,458,1300.3238368576108,767.031655828505,52190.89842110948,450.157092198549,45.714319936127815,0.010954216272491397,159.52221621829347,0.5312451458496198,1,1,1,0
6512,839,168,1157.5827074858478,749.69992378431,461769.67246146285,888.9517653877372,120.51867950354806,0.497276736534664,18.075113825473316,2.799714537098783,2,8,17,1
4154,117,246,1474.659793908015,468.6750251380798,162163.28567573658,486.24783968196283,9.762825984785227,0.043863064542566506,96.4782069819965,2.153471760940286,3,3,1,0
39718,950,107,989.0797715357251,577.593028336095,222127.35956724436,83.3747778407847,114.6153828407958,0.15815066789959797,1.6984814005376565,24.839188939312923,0,7,3,1
69485,90,415,333.06566466532945,554.218755473385,311223.30421487766,736.1775313844831,73.13110373295741,0.24116655989163976,8.993997930670606,22.752355137191945,3,16,0,1
27760,600,213,887.3442794775252,1049.5800628771392,948466.7362455715,511.42882253674213,44.92858429422734,0.002360404979924602,123.16462263901494,1.144077839573689,3,1,1,0
39072,586,179,968.1589126743929,984.1696892130016,230367.46846247895,531.3659001364945,19.770750178494183,0.010895266679133831,157.0680583772866,0.6322013998214532,0,0,0,0
84166,280,250,541.6593748420026,435.5303116548076,987076.0395920357,424.4300275312347,35.83851736454307,0.014453697164776187,131.53616894451474,1.9871112021757127,0,3,1,0
4996,683,13,255.05557220012162,157.37494495267723,682833.157358909,203.40384699655283,47.80776027510432,0.0006462955196157694,119.74359340057407,4.600202386352539,0,0,0,0
40207,416,371,685.9972143431171,1173.7114210848947,727687.0898221092,204.53221957325277,22.958181376317455,0.006738006196704277,106.89891411152666,4.244279948845874,4,0,0,0
21225,340,137,744.2943107042232,572.2957754230165,330101.9235834391,867.2799395714381,17.435133715170384,0.010751709179430158,151.95375816726164,0.946642102721934,4,2,1,0
75575,664,347,685.8535187424434,24.041733407286493,963375.3289090772,820.3152493564552,122.54940767556458,0.42365999282234224,4.9227253081733,24.881340176982253,3,23,8,1
88412,32,58,1153.1870757229365,569.7118225332949,288242.3744011911,103.9539767721111,47.15533599767863,0.029658348600024167,136.75997150225942,2.425627718713945,1,1,0,0
53798,304,34,323.87985649828363,216.8793431817987,696885.1318964782,298.92540190156336,29.81095096051342,0.03442117846732997,65.53411708996549,4.751831374851127,3,0,0,0
44451,259,385,243.02376115314743,1180.0996511907872,158208.1755153159,274.9866502411871,147.78052518586674,0.1429758208649612,4.303229507569866,27.395221275206254,2,19,2,1
52039,904,369,1375.5050124897186,321.0511508154809,409811.91174678574,348.0847687624749,31.524441163368973,0.0003653972914968551,155.10511823464967,3.8693268595707595,0,1,0,0
52899,220,477,817.3609524692258,127.5654478795878,255677.45012249693,190.00193642529354,2.7543022057877398,0.04793476243127168,198.65123946270768,4.389718536274154,3,0,0,0
12996,260,232,1278.168927643322,219.65409586748797,71367.94088612497,988.1903613653171,72.45845072683721,0.2796922338747606,9.718130382730319,7.654655642108127,1,53,9,1
24543,610,435,222.31267910420775,542.725521444249,659068.940800303,137.86804717917929,12.491987071983873,0.002166679841827901,180.70358474071753,4.699409746679386,1,1,0,0
40193,385,415,923.1211053591898,1340.6350552593779,292026.3903584557,57.31842861748161,7.609984220141939,0.020834407378157373,118.03665398223598,3.1618488022089246,2,0,1,0
6846,616,494,1051.8823743547828,843.4444811579621,457346.30871457566,82.32857330474093,31.389692437211636,0.011871803546901661,113.37210123777542,1.6299653117231505,2,2,1,0
42493,655,120,1142.437203794997,1495.207636598145,763959.7957523523,451.4971636375528,10.429801472746169,0.0401632023950963,50.02395779832955,1.2692209497349083,2,2,1,0
79865,949,52,575.9411705168745,604.6890194754135,192050.55129853022,357.4207236943254,12.103323300168565,0.01791318334207171,168.0452996710045,4.678847301851099,0,3,1,0
34311,687,430,238.69558171816658,653.4643633367293,926368.9741264851,136.6001981598747,115.70123675111614,0.35665056885875257,16.126605751068976,2.695744862506454,3,51,12,1
90184,804,132,345.9665240423453,35.621317212017104,948176.908864758,430.45352946395644,13.982567106679513,0.04917172127160992,57.60612054493633,2.531582530934018,4,1,1,0
36889,794,220,280.30266174298197,282.5961108289089,563001.0720264958,714.3092344343953,33.74384544186914,0.03639920568689587,118.44046983336288,2.934712263256758,2,2,0,0
62646,878,386,559.8598769624045,476.9925391066744,156453.8161988321,387.6453683642248,101.50306845080546,0.18868831668392128,11.620359363139961,12.914492834339109,0,8,11,1
76879,291,396,429.6230203491613,434.2861940984275,14303.98331134735,234.00758833016832,34.94545779754954,0.013292998633796566,115.54319503060893,0.4499192186709916,2,0,0,0
6605,374,498,1262.183329984934,1212.6316588510376,940495.3501187025,123.69761480116523,41.89214272296428,0.024684035096030878,174.7332137701855,1.8308586584530357,0,2,1,0
5097,700,166,1129.3549334740828,664.5028585416576,936096.1894792059,273.1586971350537,17.058870062922377,0.024213687343655612,177.3113827317807,3.689891281032401,4,4,0,0
88450,586,351,241.3917313122118,1086.4958128305007,696071.4694764403,921.0857772107378,7.72749689991652,0.046710202006518535,183.23295033251557,1.7936945946482346,2,2,0,0
2728,207,265,189.5245718432829,222.74434019655564,608230.0149270016,823.9004576649854,42.43788758409479,0.046794173858064614,153.59019682045013,0.6201207882785581,0,4,0,0
8835,692,390,1424.703535471251,143.30538206194012,260730.81231463517,882.6950990567509,18.65775467802245,0.0046908170837935866,196.43040123424151,3.2268313878906745,2,0,0,0
72448,203,223,1052.3105750287166,1466.3764819114858,213021.1491968857,699.8149512132289,140.74786892736367,0.46151351966914667,7.26929613960831,14.023942243469456,1,43,12,1
22375,282,417,889.156864407033,944.5887117205853,741242.5033871066,859.7082760662458,11.999619802912742,0.030510829058914224,134.28812863614235,0.9565136186922202,2,2,1,0
44940,612,484,1269.0113514165155,116.12122700689558,39406.050837755,276.03915666570185,3.144980583286422,0.04957804330080272,155.45717084441708,2.7239056814075635,1,4,1,0
36625,122,394,407.5989879033747,759.3895928608379,648053.3596772832,346.6283167855675,4.877939604259978,0.031446853091879855,145.78780597261925,2.3916560170118824,2,1,0,0
97241,790,355,38.359536419523124,1322.8860743282582,264293.93646020116,32.557978946283086,128.50051406580008,0.24019678499896804,18.55091819063285,28.35001142441323,0,85,17,1
67602,873,310,941.0722532819143,429.88480448750954,79122.63808200302,311.0042990164411,136.94408047803933,0.32652933889708635,9.531371601508623,11.099079830069766,1,64,4,1
7210,437,15,477.1858680376578,1059.271122819546,34127.66460325883,752.7351561214358,48.34940383888812,0.015059088022296292,156.37428873387978,4.239383253327574,2,1,1,0
82351,644,347,1479.916315982936,1400.6312608743392,4594.928562967747,619.5110296446195,80.68329584854887,0.24112035885745345,6.087135427682735,15.000672567727188,2,30,5,1
84900,129,483,793.3846455497797,1027.7878467466053,34300.57701246192,66.27321585475353,47.72261865850993,0.04536845835231448,83.85062479910974,1.9476470639096148,0,2,0,0
11530,71,439,841.3739905513414,1002.5319897738241,255816.25633657633,529.4539170015703,12.756050015095603,0.03789626354590091,165.81853761329876,2.68174742304827,0,2,1,0
3345,844,21,775.691229576937,408.8893017509298,738032.0967734118,660.3241494644258,19.021785286871328,0.02215228867538821,125.02085041331048,4.350198233640501,3,1,0,0
70794,291,103,85.22743332444816,1180.0546649921873,381789.14319798135,124.18266416841239,118.28307729403741,0.3580986386409152,17.45755364228208,2.3726132157212136,0,51,10,1
30860,744,23,739.9747210681093,739.6193124523991,756334.2733983397,894.7952596957332,14.14952278138765,0.02520214665804746,110.6860194262763,1.6367692272310252,0,4,1,0
58236,44,480,604.5820049497167,1253.6096792646508,13493.196492962163,247.30436051697828,39.29482519543949,0.02949035896366562,111.35803352157265,4.98472143477227,3,4,1,0
61331,449,114,1463.2896239542129,855.6574221783299,153013.9222534742,259.12792161367895,36.02200251318205,0.01495643189719838,133.29027066875915,2.773324097657886,1,2,0,0
91807,559,121,1303.7360897584458,1428.9114867993628,738634.0341791138,891.9029709987888,39.02417222860345,0.048777730974555594,55.33701027438309,4.188058184443706,2,1,0,0
22927,57,36,195.54256669816752,598.7735147169501,274067.2926235672,457.7880567474081,52.91359588691872,0.1063241074761721,10.768666043576491,21.942342807762852,1,5,9,1
92450,664,189,561.5982740939596,695.8939709912736,542321.6874561706,790.6956134139574,36.772165285541504,0.031657624284342205,169.16540289557767,4.553200811580068,3,0,0,0
41776,971,288,964.702011725842,1489.774704835936,360844.80819694913,939.7070615800409,129.42140488973095,0.47533791632157996,4.531809969431279,4.848976311884706,3,48,14,1
62266,144,481,862.5705817840101,381.42371066837353,939078.8674242401,492.0329128887135,6.093507674078272,0.0478157189990876,142.92111667224523,0.5854711318967565,2,0,0,0
5068,680,498,668.7074393749136,1249.967661543317,850596.7189877878,238.9701250264993,137.7850258565569,0.4474476370946997,15.303561838379373,19.886465313504956,3,85,17,1
83313,510,152,244.8762251597559,799.8079815314821,67412.99683346077,516.388457335905,122.06893414323899,0.2051953833072363,10.135755389728555,24.05149687160023,2,61,12,1
22834,730,351,779.0443179116567,271.3891296220945,485113.9512624004,904.7991203732047,144.70693062399272,0.29764354505870416,3.1070152029771254,2.5388692868460416,3,83,11,1
71987,399,225,468.9529569362098,684.9395715237779,727002.1842710814,158.95724840033674,3.13007749969568,0.04790960950162643,151.94398411408878,0.6483429548141334,4,3,1,0
57991,825,230,310.1835654671539,1086.8791243712524,160221.83547773745,905.0223302627833,21.413496477131947,0.048204930614993986,82.29255643866027,3.486146645787759,0,3,1,0
84782,362,88,171.31934734324238,1255.2925825304656,703435.0413145596,918.0294311828642,46.92652676635351,0.01914635868695352,133.32635945343617,0.15968204129217067,1,1,0,0
61484,430,133,1499.9289863849754,896.8165357270996,70388.94072055408,430.4192127922999,8.602878660754644,0.04650011176897795,140.16295602433053,1.255888502252085,2,0,0,0
1533,238,47,463.18638052972653,820.5694996912159,95712.10663244373,237.59917342211938,14.897539369520373,0.041629004162695625,144.5166464085484,3.743462779894844,1,1,0,0
43135,596,129,1026.4802352589154,309.1415226988024,803188.6056851033,900.775590292528,21.81821727126612,0.047632994831807635,101.57270091526792,3.895341629198003,1,0,1,0
46556,56,113,896.8013025909852,879.8599696163666,165847.55719783544,30.954769769751127,12.662743604478358,0.04077880181234867,114.55303079430114,1.074419516998324,4,3,0,0
33391,839,365,811.4525010693081,859.929413076108,367438.76944967464,801.5171216665102,33.93848584379705,0.014689281746236904,193.38469480920577,3.7708279845258597,2,1,1,0
66556,520,229,1303.604937510211,976.3967805476312,801551.3855367778,354.70978641616887,7.841821787935493,0.044734319587073454,80.84098307434894,2.358128282819667,0,0,1,0
93183,639,352,1100.8139604057737,1106.8483075904285,475740.348033744,691.9730841393759,23.655465223306017,0.03926675804783148,101.03215263372783,2.5790955135881424,3,3,0,0
18270,808,318,280.1848411143521,1443.5161359975389,349421.6082855348,107.2565779668712,117.33649960611785,0.3879204441826525,13.886468758208439,24.41421153275305,1,58,7,1
23562,65,379,653.4797965168444,1249.2730858395855,176115.2693614253,804.0847837597637,64.04652137750935,0.490215705630593,15.98900101613055,29.469730380472203,4,31,16,1
35279,562,303,316.86875967863557,524.3134007663477,192511.57900022742,464.6464755535898,34.56943809302452,0.01902054520087029,177.65274254021813,0.8413975580261152,3,2,1,0
39236,76,248,1243.1272478888372,61.29740282935159,945239.1564349395,908.6641918522772,137.74477245611828,0.23960272874985586,7.435695944160544,28.298991120881265,3,57,8,1
27165,746,76,279.9265030825,1009.478556674665,887914.7896122969,592.5647199583575,144.41125532246417,0.10814348507974691,13.83804238809592,17.434011470758858,2,63,18,1
77792,765,358,1202.2872800946539,23.91306015928476,588601.0457783251,642.8359802573146,62.423502254707806,0.15292077000291254,1.1413273152123087,5.967498237433746,0,23,5,1
65827,721,406,1484.6515003804725,1153.576266740428,365418.1041023519,845.8621147266599,27.56471175750865,0.01133350079654939,91.05835212120596,3.052943641325099,3,2,0,0
80285,214,398,1305.433421953993,393.5987829613737,723779.8267717131,530.55085584091,75.90817070244339,0.18457165598239264,10.678999786039785,23.27298525463909,3,94,10,1
49067,993,144,991.3543948231393,1494.8159953170496,912829.277145029,963.792649049672,27.60248936100575,0.028546420035851457,75.81048497276058,1.389524782310509,1,2,0,0
70407,795,469,628.3605827387199,31.987818613369363,741164.0627606283,325.6488256566505,11.614925138286232,0.02387162851538653,143.41810942782058,4.229960068779317,1,0,1,0
26093,606,73,827.9826929465842,1370.8561341395211,694019.6255631129,680.5649983570431,8.251808253230882,0.003173361414447229,144.59434900944802,2.542644918328758,4,1,0,0
25187,112,20,1191.170586231741,834.2839723137103,733669.93366072,340.9917207719674,5.414722352598438,0.027300329714798288,164.47012460125376,3.225401622258877,1,1,0,0
54602,391,460,932.9212724226238,1189.9239260301301,505181.36030180566,494.70892954294516,6.065119286658033,0.022384630492538526,122.30811340913166,2.651933417229897,2,0,0,0
21251,585,366,936.9942829937211,1270.5299330693645,26768.96092800239,85.63118468465291,4.415896279835297,0.01307029738212951,102.48403487062981,1.8816744107330092,2,0,1,0
60930,603,459,267.8491080822267,294.1950029117554,671704.4031724317,776.9400184095692,6.801359973265292,0.019693796006111316,177.03504095215044,0.47878583196929225,2,4,0,0
69794,889,231,838.5414876096611,110.36502524583823,845048.8952786083,700.5423474159896,92.51327481629855,0.4651194565008715,7.725855112576754,7.015812468269875,0,44,8,1
89529,300,101,501.1432834848182,546.8773373884579,566907.2053717915,69.01183457610254,9.919913847067484,0.04097639034403602,122.68045008097539,2.7627926655922797,3,0,0,0
85538,11,227,246.61899500974624,790.6145794696583,122484.17355809957,4.03090626540116,13.045896720644578,0.03570864816382799,129.58872817106976,1.876695913735058,4,2,0,0
89506,494,222,553.7853215785517,586.3191222363951,935563.219298675,394.4424085550525,49.02541037851421,0.022515857376250583,148.1702243983792,4.376134948765722,1,3,1,0
9916,7,187,636.2028593860866,1457.4974726355504,547077.6076100938,259.8149247082913,78.75950143344245,0.16101381919469213,16.63322268707067,26.541613856065883,1,89,7,1
39175,798,165,223.20483922621557,943.5693154475201,972503.0377514779,102.94398404259255,61.03487244323915,0.1624138228080105,3.693232764346926,6.624115179994823,1,30,8,1
90015,45,40,1496.0373969361644,1310.7632047118495,241858.81645836693,418.8534659076049,101.79976371092849,0.2813359326911432,19.856487100814793,28.55198458052617,2,47,9,1
36306,356,151,197.5791341940714,171.50810792345445,322180.82611719804,150.6132559660231,21.871627592197843,0.04452437448924236,55.12089984848073,2.904778258279012,1,1,0,0
46451,403,134,945.0926912160477,496.46932769959034,463568.9727214559,870.442686573066,118.22051997803634,0.4603262114061576,11.506802803734232,27.173633157346703,0,81,9,1
79765,341,282,1336.6129493061906,1430.9211838321676,16103.558383597889,146.14124746865602,11.730093636181214,0.012408537507011652,102.8276745600424,1.3828712425270395,3,1,1,0
56483,487,71,1274.4667390239113,613.8319166297262,282392.9666377665,625.4808841642613,11.461502635143638,0.017009190333514813,81.80072873497309,2.6236210846726977,2,0,1,0
91222,275,343,1109.6656617333904,1132.9435840217645,659966.2182620235,494.25829179229777,21.43032537704317,0.017661179614834373,82.94590993976095,0.19653894838767227,4,3,0,0
24933,642,357,859.6370510867387,1472.1475962677393,410703.0838146863,727.5632264415216,48.959321590246304,0.04212068014280395,125.85336830070837,0.13531163035284344,2,1,0,0
33107,69,383,67.88062297813741,584.9098966767864,427817.85702659475,230.24593560455875,35.972529164813054,0.02731139557921898,93.809266933107,2.917333734806715,1,1,0,0
41394,663,82,439.327311609137,1486.2224132622748,547462.297540593,836.3061850691114,46.125355913196074,0.0074907421320999645,140.87105984550175,2.345317489652052,2,4,1,0
18396,425,463,925.9465146325715,1168.3241812813794,245701.33033001766,726.7887724644623,101.41197523275474,0.40057013551414533,6.277539784143868,17.987340681282713,3,35,0,1
74280,334,348,1026.7047310938437,1113.6060543967335,945200.9196287916,754.2523319877268,12.283667238559461,0.00462613619669826,191.09099246801202,1.825629975870347,4,1,1,0
82211,546,106,762.5190443159795,1228.9871629379757,578352.5030795409,630.1684398381591,3.296907238532585,0.03407943759386741,163.3579098140329,1.7174079386002332,3,2,1,0
4680,475,98,253.04619843980075,58.862041426937466,931399.5601968721,668.6328328561897,16.049317919455326,0.02243579149511657,154.59650742141645,1.3026851015717222,2,0,0,0
74701,121,203,601.6605368660664,1408.1277505334099,159479.03544590203,819.0869928987826,3.1163301044904603,0.028360502793255207,113.14707914909232,1.7033564550252045,3,4,1,0
92790,276,298,201.5216460389517,538.8148561518915,791339.2759497128,438.9033883074127,40.74092247120017,0.01852167622733747,93.00899687374257,3.559530056154917,4,4,1,0
63983,227,96,1021.0769488236335,356.37117918733645,716797.5074929929,776.8746099338885,3.6156123416774464,0.03363932924972522,162.12984579024769,4.693167365700207,2,1,0,0
36799,288,498,973.0574316293655,885.9120392686008,449951.1819948383,579.8727701447968,16.37286800705946,0.01736447049599113,103.52547975373794,1.1051224295522748,2,2,0,0
65653,706,465,933.1156047122513,931.4274323278564,659952.7971411049,406.3101200618756,35.72941009231843,0.03275724356616414,88.54452085528298,1.7480131166756978,2,3,0,0
31468,167,102,1498.8040398549663,621.7879467263073,471840.8192902803,276.19885030822985,145.62171968952146,0.10876722445205728,19.840751700423628,12.434520991255308,4,18,13,1
11965,76,27,406.26651169446427,670.3696393501749,950477.3917650195,601.4492972187301,91.90270018822511,0.4084717486644106,1.6999088736689576,23.824479221197734,1,91,11,1
85998,625,209,986.0338194829433,1131.8959917235252,34694.02882185214,418.34718778151097,63.78300084109944,0.24261227211324665,18.160936777611933,18.532294324508026,0,84,15,1
45026,736,115,772.0082353974493,1352.913954823462,34415.63927665926,255.230763269437,37.03155122288858,0.003366942844703075,92.97863614907124,1.0264711366122115,2,2,0,0
91881,856,422,600.7874087865415,887.6837114631176,116281.99813259055,735.0265770433688,17.33884646573971,0.026032422691805043,119.71512424487518,4.379285365367508,2,2,1,0
78398,821,56,134.3859254471362,923.6733439755318,432624.6072047816,579.1319782074332,6.698297808163195,0.04595160148426705,125.41488187995961,2.3868919236354404,4,3,0,0
13422,714,411,938.7405914690768,1211.6216010089179,417357.56646950095,108.74984136400113,42.11286402457974,0.0036362944156583255,131.96280232106488,4.701059182491375,0,1,1,0
77958,816,177,787.4928532668532,310.73559288407176,221601.10687233918,727.0951402865049,79.08083535980012,0.23917809764779394,19.63667468703566,14.110415750775692,1,34,0,1
45968,398,408,513.8876197740153,81.9364714192392,125644.45505824065,932.2604781357552,63.47626849411297,0.4010420533665814,11.38508027183619,21.69828153101347,1,15,13,1
34492,691,237,454.8745410479345,802.586352649611,869128.8231854693,913.4457983498577,79.58442395448365,0.4022638493577241,9.613184873292669,27.96373022079545,1,29,3,1
89871,638,44,1111.1150513256343,1040.6797949694371,586604.8025621192,933.4673203595938,136.55274559224705,0.2856955089681102,5.19878939716929,26.50626071890821,2,61,8,1
45743,731,344,557.651506160817,1395.2796436520837,970599.8371903665,715.6753751120887,31.73821981046182,0.036051545094474155,68.3172314295602,1.521491034172409,0,4,0,0
69407,709,90,1485.9236351189404,616.4765094700462,733481.9822711534,391.3447599711771,33.588109218787885,0.019101033475089204,163.98274465228016,0.4883059128530848,1,4,1,0
2637,466,208,901.3236969403318,923.4605262693192,599193.9651753246,17.838024214286524,134.51581402502308,0.40133339577665106,16.846811861742992,7.113525822660854,3,7,12,1
80611,637,137,1467.9395580598841,919.9762130155987,640155.7337093488,423.32451373781726,38.130750063780894,0.0005429404697749163,61.06527825872539,3.1660113752914105,4,2,0,0
32835,926,366,1009.1311114310196,185.91858960987932,922078.3101778763,642.4445046459247,94.37566639179255,0.32796236529357803,17.409481390012814,18.061177478308863,2,32,10,1
29746,470,311,657.6697943348881,1113.746100314008,117204.8721754802,9.4605450267559,124.89739679489654,0.48630285766872594,9.017957668300944,29.675565161227492,2,39,0,1
45274,328,67,111.98238977622027,348.66197784444415,974715.2047702321,891.3484922144335,27.22093368403429,0.042424486962508536,194.2625544042731,1.9937856833925671,2,3,1,0
99589,54,304,622.3141576357303,387.942700532991,676394.1320959263,933.5761028480715,64.46745218254969,0.26037557638348124,17.72899766950554,28.029763260781237,3,32,10,1
78013,558,276,730.8288116028515,1152.4530146656118,776638.9366709978,329.5506646726179,30.193173968013753,0.0030264282643222397,128.1953433026781,4.18241383872306,3,3,1,0
15256,274,134,601.7652147930289,56.53329717743375,989190.7588036084,497.8417147124238,82.63111740702246,0.38727391965388414,2.4848844946916864,29.228403725104886,4,19,1,1
35013,197,411,82.92844358784274,1333.8911631241192,949187.5730482867,17.85268198211191,1.1838290480214018,0.004722648874590025,187.8413362824414,3.463953532317128,2,0,0,0
44822,903,249,225.95975092561503,778.7315194371855,266549.6771124841,614.2686134469169,34.0555242874594,0.02327362297499805,63.579309362459995,1.8230428929916764,0,2,0,0
57213,206,471,1116.3537663588763,979.85867406326,848253.6957444136,566.5798524690978,17.723935256773046,0.018056092438065025,114.71966763023345,2.8697414388465114,4,2,0,0
79364,329,221,764.053611755385,730.9117329452577,909896.0749298192,105.52909086872268,142.49152397362056,0.27862415944916585,17.21369635897415,21.230715107569978,0,28,19,1
92829,369,139,635.1371425252606,1179.800838585202,973543.2175260022,803.0929654617977,55.885548959975736,0.13119380423121402,18.92101103841434,24.389427629937643,1,22,5,1
7617,627,63,528.8655279246635,1353.9815752957456,279306.2881711572,526.7751938991962,62.09103463817356,0.3382551907893484,15.49827381872077,5.324918527166539,2,99,0,1
96338,182,256,944.8454285707259,1133.7726240098252,155.92941272040855,35.220890400280936,96.28020786065211,0.15021075563261166,18.191597631834863,14.54929634653223,3,95,12,1
5830,336,445,972.5012727475917,1149.3316437490553,881970.7410910504,247.45690523367622,112.829038151006,0.34232013356916535,12.250404210179594,8.25416975858508,3,29,5,1
29779,819,92,1381.4981295342818,184.327007219841,463885.5060278282,261.14240044364146,76.59922854787857,0.15319480785309572,2.5831221852975266,0.5632712608705813,0,86,4,1
82831,741,118,166.49390731968447,388.34332513043967,641453.1001559945,635.3186835822911,42.36522648429736,0.011307860095271056,86.74076475285919,1.8992880742657847,1,2,1,0
69992,677,14,1195.0025109030566,592.4284102368965,334654.334936065,7.5341337805216595,51.31966202475533,0.16109528531946454,8.440897616515556,29.081075416670462,4,92,1,1
91489,353,182,1426.0026034640746,1008.2883891455582,691020.340253415,671.5822252906321,7.074784677884259,0.020785280074292964,173.88101430036602,3.990656037618707,4,0,0,0
51242,194,493,493.67317319327765,36.4969668694667,196704.9969157562,947.21569852201,109.69820898908249,0.3767610332288561,6.634342230364416,12.117620624598057,1,95,9,1
53153,782,323,104.89366685049967,489.81534682975035,235275.0994762566,737.1900389223998,17.803878966173524,0.025467566588171453,92.3512364414918,1.5877260570603884,2,0,0,0
37950,984,338,466.79334009270616,633.3272413689825,103632.36910333949,773.3748461120689,40.27169674278158,0.013969324615245617,115.63503023354225,4.515619800854711,2,1,0,0
14651,489,194,100.7291516379538,1486.717347499347,526731.4368788297,195.1029578317838,48.407056934054005,0.04451738899931798,161.80453896878126,1.586411622702738,4,1,1,0
72438,238,231,442.0515377720574,1287.3886580305632,6726.3203296876745,911.0501908359585,108.93183674013437,0.13730352689318812,19.836113263424643,17.097814733991743,1,77,6,1
51885,815,112,299.87273732371403,850.3176857421108,878637.4001457334,383.6463794565524,135.48542748510226,0.34816144104866514,4.399318847044707,16.901199244477784,0,83,7,1
84030,974,410,657.9084247284886,397.06173156923774,378395.19388508704,918.7119176435257,98.26162494638646,0.16468304194169936,7.417693959044279,12.031423854162224,2,57,18,1
34755,519,289,1427.938985563072,1002.9521783267054,15186.984381986433,748.2749531103967,92.6979866893777,0.18827121608917696,9.363012546453982,20.21179874232976,2,55,3,1
79718,624,295,1070.3081119207702,559.5550893379445,252580.0581035591,556.6772238513113,119.41391090558626,0.14011382953642984,18.147128426907596,7.12558452645864,4,80,1,1
32722,710,433,102.89528833698465,467.4131572396193,398893.3862064037,85.78489077117277,102.02138643947838,0.26227950865776684,16.67207465932131,7.881415255401902,2,11,13,1
31044,532,304,193.7739864214803,1022.3321554651594,462994.4011593758,240.3709140941755,87.8276873273671,0.3551450540499307,1.1298923168839514,18.691711479524827,1,81,11,1
22921,331,301,844.7286641523528,138.83814322018574,271993.87227701553,657.5993757635937,35.663004405756745,0.04070214346411473,165.42273688005355,1.2523224225298106,0,1,1,0
44655,236,346,1394.2885659406998,546.625520421095,977994.2723724066,95.54012344834254,25.402902122257135,0.03954680209513013,50.568595578685326,0.5554666119335566,3,2,1,0
83899,303,201,496.35764661503106,1321.8259901669069,532410.3624505678,226.99536196449452,89.90317753941623,0.4576020911780275,1.8445411068275572,11.777184346980222,4,90,4,1
79445,276,303,622.1170663113364,695.7350974977246,344360.7246051445,978.986143983755,74.98255093456973,0.32295047018584816,1.0287237689314894,5.495773873482042,4,91,0,1
15328,969,297,968.3723931119097,1299.4494171790845,8417.716354273147,777.5999977532351,44.33182691145183,0.04102238720755697,106.218953375869,4.65102098421655,1,2,1,0
46846,726,54,61.268595158703775,644.4997817962927,587854.8263906023,234.15111711855292,9.82648304763531,0.007697152988094958,87.38755463789758,2.9305732989430107,3,1,1,0
88896,662,416,437.54356040794477,240.6180468681664,922550.068821231,443.6773959213843,106.11802080209637,0.2946936554132594,3.3688815595067085,9.19939338181405,2,41,2,1
23184,582,80,182.0883844803736,454.0005237721077,918575.0653384288,118.68631611995463,88.37061680097696,0.2285558686293252,10.772699917301653,28.99227059221519,2,90,10,1
63147,92,120,1166.2494105135913,771.7505645486286,887586.178946981,949.9210351259565,83.3500545259401,0.4910313621558693,7.878724538108459,20.493655279516208,1,92,12,1
77652,677,234,825.2282622901583,405.8038111439169,545575.7081964343,249.0294944137865,106.85073551566026,0.2786032254454833,12.280214261208299,8.83354799522548,0,20,15,1
61785,738,4,1056.6497280157187,1284.7785356765032,792503.8703644365,582.8558105205276,22.625346637266155,0.009942917415183827,85.17611202117222,4.97096881400294,4,0,1,0
37115,348,24,1201.1333112963025,574.1511983173158,620094.5771559409,249.04601966882862,20.38554006574275,0.01834175664648846,50.041771774502244,4.0779621856595565,1,3,0,0
84350,686,443,1148.0831410780866,131.27724959816518,93693.46073218931,941.9522019820246,85.71909067474316,0.20201025885423218,14.26507846628742,21.634071466586207,1,10,19,1
73425,958,149,340.7685253899567,119.32991888446028,92812.41469953519,140.54675256083075,31.325622440038433,0.012051129185178755,60.882082843461006,4.068856737117114,4,3,1,0
77091,134,152,565.3473224713841,57.23324885265076,801533.7484494942,201.2066123955205,75.06177613455122,0.17605213644228535,1.3665160126035945,19.66798113549417,0,10,10,1
44891,862,44,743.299261139086,829.3981791670766,624928.6177954131,360.0769547367247,146.20951457571095,0.26086296999170777,10.270035945374833,15.624730811620644,4,80,9,1
26890,757,312,493.64172354984055,801.9297734110206,124130.63582891415,919.6694229197748,121.69811630784191,0.4908258787457991,3.47008626471246,21.24369978977666,2,15,7,1
47608,569,355,191.8370478268031,751.6866394098456,444891.2541953988,249.50203480252736,19.97832939343465,0.04379879711700456,101.9439052908252,0.45398727529131877,3,1,1,0
75983,884,210,107.86099562801817,1439.1902072632095,532092.8377216497,807.093724995728,126.1618916732303,0.4676609624849878,12.095697774814749,27.53821415686086,0,34,1,1
99937,236,63,1028.755456338673,637.7133826689238,585271.4082562638,783.9089564846515,1.067531203302309,0.03396389471081491,170.32701718854003,4.57784346971194,4,1,1,0
13937,708,263,403.0702868459819,699.7904087009147,271180.76614256325,548.6385113451927,73.3152020922635,0.37760355422613634,10.666907544444909,18.02350509490213,1,56,2,1
73508,772,139,539.6074771118597,519.4193874170223,530882.9980807045,202.96162324218713,12.690495725870186,0.044216275757044135,199.11424569933777,1.8500499306956997,1,0,0,0
56249,671,288,1002.381077641559,151.25974805428618,34762.07962214142,423.50272595198237,98.74516684713343,0.4907254267058697,5.594097130022756,9.627235246483608,3,31,13,1
16619,196,64,1016.83721118938,757.7532517932832,117245.19024977827,480.0405098152972,92.85185274177279,0.41201078820557846,14.748717249017144,8.787060503600951,1,58,3,1
79524,769,197,240.5435910929058,963.8849581390041,290043.8172034425,322.26140466345714,11.582082264912252,0.006491377595568105,180.52831859347467,3.947745718799793,4,2,1,0
72351,894,190,179.1503682761712,1169.5825677051942,160774.1641243465,816.5442281786554,6.4137205619926485,0.005178039617710711,161.5485018531382,0.7750700901116403,0,0,1,0
12280,684,120,280.09971983725677,668.3119969953798,761987.9922013978,645.965142752248,129.29612976481332,0.34274380906539614,9.708135488951923,29.715551598858266,3,80,18,1
13413,196,304,1440.119675840012,1258.891448100606,15664.41525963017,279.8615074554947,74.80168961687036,0.17264204675904588,4.811565329772698,26.738456334167637,4,79,19,1
92120,732,114,846.4936340862259,412.4529232372185,253777.0914602412,575.64213509988,46.35084552516295,0.03951510290794743,153.76993499576253,0.29776245682839875,0,4,1,0
87926,847,490,1248.9511182912786,1045.382999524208,791905.9808144758,637.5128929111017,9.22092810180545,0.011614451488134364,141.41087110685768,2.6062703415778516,4,2,1,0
55722,312,372,1494.2932184544848,1211.6429779619307,456397.2035530233,36.39996036588103,126.20192732297309,0.495841537126569,18.329633648388864,17.029396266678496,4,66,17,1
55317,265,284,1350.2269253851161,1338.6866771453351,394142.9447566607,26.40465193368149,54.16867836825643,0.29084495045304004,16.35320397473258,3.719578652870621,3,42,16,1
54050,809,230,181.21553967971192,696.2904570611526,764580.8471623114,988.6384304560986,31.053431383961907,0.04351491551068782,66.07823423952485,2.803135844159128,1,1,1,0
14942,514,385,1204.5062743373076,484.4544131021592,556563.9911775297,887.8504349152277,132.5881498421154,0.36586914554180305,5.4551310062347875,22.88734501825047,3,56,7,1
7449,849,401,67.55252904853475,1115.6494576305613,127883.3561309059,865.5508630206219,10.46962745546812,0.042230894904718264,169.81137250313864,1.4678979099805582,1,0,1,0
78554,439,148,344.05646883185807,322.7407140772465,949120.2032316711,384.65624092609306,1.4185871779303332,0.03854684837646261,162.4800574274953,1.240431310974575,4,3,0,0
68333,406,111,1067.9185739515317,765.3802920108214,844572.501093063,597.7058260659894,22.311012263079025,0.04630034088876123,134.03319536351015,2.1745526822033217,3,0,1,0
68380,77,473,26.576454526386524,446.9340767181994,173603.61464418462,660.3990498489941,41.98124806940145,0.03716846958199592,177.2861560769934,1.736938853326984,1,0,0,0
9146,49,315,423.17133659386184,1291.5700523748947,970191.0523187076,460.45895697341456,141.06804164054643,0.12252860997271822,9.538388459367079,3.577429347600171,0,97,14,1
12612,383,286,841.1262162886386,159.7732566626739,763814.7658861943,782.719029791297,48.74690039890407,0.015910800143801758,139.3192348993455,2.8701828258725786,2,0,1,0
77550,382,141,1215.2594343502478,1406.4888072832703,171786.73947010975,187.28114322472086,93.03553594302795,0.32157541836471204,4.950951662695978,1.4355825102051576,0,90,3,1
89900,915,236,658.1455109628354,1145.5305252106011,438875.1786470141,587.9307003489528,72.25546089227507,0.17292113791395025,3.785883398956477,19.034972063309155,3,46,15,1
69496,257,270,566.1982325305659,1238.047002315845,747102.1565624581,502.8620245681305,105.55973208487639,0.36620261520286557,9.152897349317863,21.295486632737404,3,61,12,1
29271,675,275,452.1693380753898,1423.9714927513573,860298.1515244911,548.2976326889689,28.033649711402504,0.024203270360778295,159.46126029433262,4.65045066243452,2,0,0,0
1466,652,310,794.7677755244734,284.5881916778816,397456.8506217573,410.1568635561388,4.401421360505801,0.005770807634780013,184.52010394950878,1.9387043596547116,0,1,1,0
19214,503,65,649.4294920630355,855.0410789226917,461599.16592585796,908.3266923678913,91.54380744418444,0.35448128078817376,2.4211338412360717,7.505607794249813,3,48,1,1
86405,758,255,502.3267216205923,70.50445028904349,613755.1671420933,42.26972632097552,54.15305280743894,0.32721206982303264,5.249179793843377,28.286773305517944,2,81,12,1
37437,740,200,596.023883918684,553.4097867281012,950494.4434419208,423.309818021629,37.66656291108366,0.04346620357760564,171.47730766607214,0.4935821998013368,3,4,1,0
22963,493,78,71.91407364235349,164.89422590588055,445355.130228445,329.9244650071737,113.34568678302611,0.1194370070288732,8.218272664848897,28.00152817385395,0,19,15,1
63174,25,183,159.39370330859109,202.9540754042108,5322.415350816247,406.6742070203468,20.94751728419264,0.010350971480935101,54.31216477217248,4.086629304634496,3,0,0,0
20133,833,283,435.70825306004735,303.4704095027918,880252.0393759039,901.9853655852196,12.104922251010548,0.018831801641536545,137.242991553986,3.726239131684142,1,4,1,0
68797,878,439,1151.5830991906541,1296.2548052321542,444608.5393822614,605.0857999013135,53.057246468208334,0.18750856946655803,1.1409494900839772,4.854982456900431,3,6,11,1
66730,269,314,742.7878629281596,1294.7194733226215,322398.00936477707,423.2000629606899,13.184746387360404,0.019996674452551447,100.23264734340886,0.36308810531316127,2,2,1,0
13912,248,54,1446.852771933329,494.42913619193223,341608.262148209,35.153314153531504,34.0672692805737,0.02132275360703852,193.3409558342065,3.445110843993262,0,0,0,0
66971,881,110,536.8536511542115,462.2640278963623,439455.27933709644,523.6585911987901,39.49015067654515,0.02608179842952815,195.7765872360943,1.385665885176095,0,3,1,0
58628,771,170,1332.7169876543896,664.7946242982755,44823.559114596734,567.8812896569827,32.64063872781081,0.025116995010180984,73.72265662918562,0.8543134274086739,4,2,1,0
63957,637,394,775.4575047459352,1236.9182328380155,718027.6107656896,19.801684595302493,6.499784917542616,0.032944784691809136,121.09968727104119,1.487332401852376,3,0,0,0
61752,235,159,848.8875735818948,702.5061076279592,637791.8239134055,148.58975582976407,11.931202883530618,0.014771559186054634,157.14774211935966,2.4635777300991353,2,2,0,0
31223,1,299,303.45710372181964,779.0135081625638,884817.8522910641,593.0748955658851,148.0918318126628,0.1971554605000222,18.793115618685835,7.901238352567831,2,61,10,1
53759,724,476,375.085037572928,905.1481538123259,954725.9348034183,291.63823056906375,29.69279554627068,0.04246516670331714,111.77979929320281,2.572108758291565,2,3,1,0
92853,633,498,863.254066604671,1143.0697771664684,64046.379611061035,178.9749462074819,124.0976858829893,0.2445941326308328,12.320492069402627,19.06522024713699,2,61,14,1
71756,682,253,86.94174841795619,1288.3084331269717,508638.914073139,428.82327842417084,116.98345868768631,0.276426662108205,4.820390289609307,4.709976991074944,3,64,14,1
65604,291,448,337.39276586599107,907.3226825484351,801714.1227741087,873.2700525021478,85.94054614945799,0.2365795776747655,15.640134151559883,23.820594784013313,0,28,7,1
51541,470,147,312.3587353212702,1059.8177006397698,138928.44979867482,273.37037936505595,33.15556158010258,0.005845894549902104,161.7744101261811,0.7735656685879527,3,3,0,0
70196,404,426,831.1042398199113,474.0535070711021,37340.57345298012,271.65079498757564,26.533495592053846,0.045005592169124475,113.57103404670902,1.6224751189502629,1,0,1,0
98869,929,122,30.913759785384165,329.2792197636782,814684.6861232285,588.1033880511428,25.530198985535126,0.020219000932471948,110.2518227627527,1.7563137439775263,1,4,0,0
47425,884,461,595.7118630267971,60.74651888817186,360702.8947664572,711.0171391051352,18.54978303873614,0.027160186967120272,86.32474555666127,3.398998401427027,2,1,1,0
72787,966,114,484.94413597224695,824.1651624278135,526871.6865312449,186.43042441638315,9.068933859817593,0.037275034972456995,188.28484141930258,1.358832005444377,4,0,0,0
51959,728,79,1127.944840756206,474.800837599056,421000.48739808105,192.85525838375472,14.436526475019214,0.03199499966436785,133.14151948082014,0.11855073121492143,0,0,0,0
34541,40,193,856.343999913629,517.2873201597976,874526.6781599077,430.34977263611256,45.37698335235101,0.012641883763326879,158.13167236787518,3.3513193913872064,4,4,1,0
15246,830,312,1381.445307206157,649.7566475285535,594710.3591783084,116.52632046099498,98.65732788447829,0.4672399641200009,13.295419786364917,25.262592224765957,3,56,0,1
27076,30,114,997.7693460084732,667.1035572595315,908815.9377689017,887.1072110179738,8.71940954515695,0.018137396952333795,145.35819240136442,3.627604638154189,1,3,0,0
85440,856,267,501.0380540756526,1026.3111937946069,665470.8221084082,721.5088551202466,15.635797278574977,0.0015717797835425986,163.04200656751175,2.0836048058085197,2,0,1,0
98526,562,165,606.8047968813942,1408.8442801671868,857838.2730985505,414.08984602166834,46.63860467932089,0.007731141949552495,193.59770556733463,1.5666474233242844,1,0,0,0
28826,185,402,149.4458877147122,1082.4330367037269,349950.9480307761,182.52558633400088,128.4188085831637,0.1490157650171575,12.043117481234358,21.112611966714333,2,72,13,1
4847,875,196,1276.852374574086,763.9579403249983,348717.3609704313,477.6440773838083,107.40909982129416,0.14870873072517132,10.359084193530085,6.9570307444005826,2,13,17,1
70266,913,154,726.4655377039031,1011.8073975889668,593311.2153791315,956.1587623866053,145.619126529066,0.11260721701587034,18.436707127457982,22.98820878794818,4,74,13,1
98944,827,317,183.90001198583997,1214.881774289592,88519.0401152423,404.2240076506341,112.15116260032579,0.10162144346667899,19.424312761159946,11.739083815418644,1,60,1,1
12010,218,65,1232.3770388677142,76.23099471331176,579268.927698717,81.44068154949304,74.88747539097048,0.16662210737512362,10.2527666197453,11.519679136198802,2,83,6,1
83250,390,409,673.567944748724,984.889304711915,930911.6234566952,248.21500448283558,43.22609066176002,0.002328123936433807,172.30262103519513,2.215563545205878,2,1,0,0
13959,390,38,139.57954107990795,1407.6900474643385,750088.0438890281,496.8393331139277,25.146793812762567,0.01252302794982358,63.562073033849934,3.9866140205841187,0,4,0,0
17387,700,226,1448.9534735161049,347.42525847481863,909308.8591663059,548.0664231806011,120.42243003132864,0.347662961667321,15.80058416578136,29.26540536961226,4,62,3,1
93990,718,490,1313.348162942082,1084.8666029827464,209021.72120465667,120.99669629249215,139.42745460372186,0.3811160019491815,1.6082621694207804,23.87974984332464,2,61,19,1
15557,548,467,584.3970859265092,337.02848057968566,126573.23330159085,924.1082409550754,98.83536979783159,0.1980712219334813,10.565910838959878,23.440073205214244,1,93,10,1
84739,93,490,885.844405757948,164.23326851243263,766015.7648844832,580.2838985940386,113.77028299909222,0.2460307725683638,5.492816063693567,27.850393484972614,0,50,17,1
24471,871,251,1156.8603157439263,884.5996037061883,272397.2612005001,567.2943774597261,44.08066588244891,0.004930581243024668,92.24088384929189,0.868767722363491,3,1,1,0
66107,833,485,718.6139655149516,802.0274358836715,641815.1860980528,485.4832631103452,143.11394198854583,0.3240493259406021,13.719271843269462,20.91785590312159,0,62,8,1
95159,285,379,544.0160385565766,344.7435936650102,587820.3150337723,432.6079130896582,147.75487769366188,0.39898740583939385,16.042496424912954,4.198857511388823,2,95,9,1
47045,629,300,484.109942810125,200.50461198337075,549399.8862557687,565.6706354220709,36.936303520638404,0.00814960085257886,171.89241241620522,0.3670362957189205,2,2,1,0
31385,77,428,1259.0279400184577,28.98311139600725,436855.867053668,553.1668697342063,120.51865348468921,0.26529640825387146,2.1462477793771058,6.3778951609509855,0,51,5,1
54833,930,101,1459.5643731954788,681.8435259243282,953795.9059921905,114.03601726612568,3.0423124633094223,0.04263128120299281,174.29436116911876,0.548931533961774,1,1,1,0
69395,807,175,381.585201493926,251.09396572198145,359220.592731042,536.2937726671407,41.13581634997701,0.04206780437697332,105.71927839366853,4.026155989546046,4,0,1,0
10574,931,407,1289.1396610598406,1318.743239262422,796556.8100596314,673.8942593904221,8.987646656168188,0.020883118476700737,107.27361167949007,3.1751414726902727,0,1,0,0
22459,344,256,54.41740133133369,1263.7652799882787,841285.0339078603,198.24584831854278,72.08068993100439,0.4278287016530329,10.326313816461079,4.793072317704369,3,46,12,1
18124,739,323,933.3542599532271,603.7000835105503,265290.8726125764,787.7975898092793,6.331049102281993,0.0023757758751729308,162.20639507456303,2.7216473320393932,3,4,1,0
96068,860,121,1243.6090079955293,416.8498595216054,880684.7862451847,883.7571667251849,43.47005612447165,0.03146296374083172,188.71266239763534,1.168495449296869,3,0,1,0
553,700,16,785.0794797223009,521.4504748198358,576647.9744865026,834.3989207549889,43.0045411466066,0.00429598020233738,123.5590091830622,3.6034102323406048,2,1,0,0
88497,481,311,1062.2231028117747,171.29997682043802,593311.7932061107,2.8131807165069946,12.098674522259973,0.006248748051426928,119.34124454335475,4.833550052305896,1,1,0,0
55748,978,91,236.72434272870734,108.28061596102974,509534.1282085152,721.5421128282753,49.29731302459071,0.041240903687046936,170.68213875197563,3.294061968210247,2,3,0,0
94539,639,443,837.4243920190248,1296.0904998248488,977450.8468561171,79.80214998964368,118.92157882954756,0.2445868397003019,11.757685753644928,8.270669785420964,3,42,19,1
93145,232,349,1381.164770052179,165.2555617658679,629426.3067878329,166.35624288440883,4.476436390619714,0.03217553669457883,62.25766559487073,3.7541098245786504,2,2,1,0
82361,786,202,633.4037408867197,1000.4844136653882,597097.9780111893,940.0417504469577,10.460204636976346,0.04244198371797018,175.25280559494212,1.6388893932636661,2,1,0,0
12468,97,180,180.03462945299574,339.14893092711714,565567.07111122,720.5352118074045,32.69913763466654,0.03743425090172976,114.92780761087779,4.183885986763095,2,0,0,0
39335,134,107,1200.5130492987041,586.6278799057054,323673.83413757884,727.497122393716,16.7927400260545,0.036476326018098984,177.85392382367925,1.591888114916407,1,3,1,0
31874,330,438,1169.2408013842378,1181.3816494712994,311354.91370983515,733.1273941909483,64.07937766670877,0.32427043908873254,19.820625920384096,10.64637632176264,1,79,0,1
97172,931,100,486.1181636155942,849.0530762637483,500012.10869170696,918.2588773286826,113.94480157941612,0.26929532715078525,9.697750816062705,6.514455891849958,2,83,0,1
13441,649,95,236.20781361387367,767.6356243297673,286601.0514455856,6.179965855437012,39.51793464169999,0.04234131369520432,121.79198954032738,2.389309602540694,2,4,1,0
92237,451,104,400.0590088110698,978.2405708000769,149517.33439745507,968.481116267739,133.90687796489397,0.42708472494673433,3.69395560929655,26.590906072074542,4,61,16,1
7903,196,117,1336.5598402050693,952.8712063419287,45406.38568297114,711.6881548336452,19.503697067084435,0.026854668134436245,165.8102090232509,2.8883018075605427,2,3,1,0
77524,356,34,74.07960155783769,793.9749991488114,698777.7226716746,897.6931901072368,20.334049540815666,0.04894749327246408,103.95878006726224,4.150096529094981,1,1,1,0
34607,266,465,1265.7353165789827,353.36902704012607,438112.380099979,103.76008940690164,26.64766753776776,0.03741195834313792,52.02585319242792,1.1684087507476693,3,1,0,0
42345,854,20,985.1392103185506,1349.4343213741197,133189.84587058742,215.3693937570134,13.199613619933785,0.04832007749237095,116.34771632454705,0.30308398468772924,0,3,1,0
49617,753,23,1255.3913317709173,1443.7175235547122,92217.88466904068,438.45346023050416,110.19903104839545,0.3591082407359628,5.450978825602607,4.405486058818674,2,45,11,1
41654,587,192,157.6465878259753,730.3607466589069,580543.1864163346,300.0028249167021,132.49105197636277,0.15423329614177753,17.566970211571352,27.983742535073794,3,85,17,1
12340,839,322,235.34660079710162,865.8140241992969,492564.46418517473,102.3036424075805,40.3318972345691,0.0260369942792809,157.64205658981336,3.043895559155303,0,4,0,0
35188,364,375,1128.4899223420668,1122.985420560371,927075.1010547702,797.0929046885406,111.37130659540087,0.395006948521501,6.966823382331836,22.156852219812244,4,80,9,1
926,962,478,1433.1086783019682,628.0972522403075,407411.10540543805,695.5892700161709,134.7644117635095,0.428398842045835,2.1050634872368494,2.8712229602037924,2,48,2,1
98005,9,307,178.73810355023085,652.2715665939437,562594.8602120903,203.51085574939205,5.660636891009125,0.0001924129849662726,173.5627571582069,3.5140574222513843,4,4,0,0
1446,561,214,766.8481887251305,402.6568387867101,260777.78310125152,359.5757717475171,14.348732746958087,0.04198178141270506,116.31567259350955,4.143621201434205,1,4,1,0
50516,164,494,315.4949949429198,478.1068906440898,559189.0118792239,816.3329906977575,33.77093883332913,0.04605190184556269,68.99532037383068,4.493867876624892,4,2,0,0
71864,345,356,759.1752464139598,635.9964725165711,529989.5827528224,670.8528548880645,126.12047614845213,0.18570980150134903,12.598523500007412,18.760435317595356,0,55,6,1
61864,230,111,819.9479876071077,300.4289948785021,168904.60409318708,568.9826738268473,135.7001129787532,0.2505068753495019,7.294372206426641,23.951657864335786,4,61,7,1
2865,812,142,727.0070296281889,1154.3470770907863,176612.46416257558,591.703816760185,53.737313910643216,0.23927550312803764,13.443799682779321,16.6228828459417,4,13,16,1
76082,404,459,732.1039561832965,398.1522863318647,149943.52613971673,52.754352169975846,24.126428469104717,0.025454139337350076,132.07576538842085,1.2116429173134702,3,4,0,0
41968,447,470,860.5792745620049,1040.7786738972322,680735.5555039645,572.488438315487,6.966056862710278,0.020972505702065488,66.3221128971163,4.231647809487556,0,3,1,0
51134,278,457,473.6307348115011,843.4105958520848,553914.766468584,676.4202728616067,87.4656910671822,0.2771887230395078,16.25382152376453,28.526809734658915,1,23,11,1
95314,48,342,622.2831532871606,1244.5631024730128,357953.7454481308,775.0391693586444,98.70322812835965,0.1751376024493667,12.801530768346513,21.90593340837659,0,34,19,1
5178,36,2,527.9232757210159,692.4942832909765,559805.8558008503,716.6554090926151,108.42401306956354,0.34212686348109994,9.41915809781448,27.622215756135265,0,27,2,1
554,116,100,505.5985411769405,370.67969919622925,987413.1649243493,92.5390762495029,84.39664634940222,0.15352949548402775,3.7758927360280428,7.981516543006422,1,86,14,1
59162,67,305,1385.4730908504418,741.6893523054046,170538.66434435744,424.7928055110432,6.279459711648885,0.009945772335859238,195.40338747736368,0.07462914008612043,1,2,1,0
43097,813,55,264.5707789159479,860.3896169951657,496293.3848713286,146.5508373230487,1.9636990471026174,0.02227885520052498,165.30034852732834,4.898329306683301,4,3,0,0
71707,21,364,361.69830679152074,1424.7465386555778,465921.03277351416,368.39138858043947,17.97108069602222,0.008538887769457172,190.37197317585336,3.448665366947866,0,1,0,0
86375,639,435,268.81414615061004,1081.293993912971,501214.5822376223,593.2290173513638,28.167359287189253,0.04300631074729735,113.13047820452857,0.36848299773640014,2,3,0,0
17809,931,103,297.6658432871888,636.0809877606437,770376.3678513247,564.4391675720872,20.390901755372496,0.014580776474144153,140.04473333817307,4.078085804937786,2,4,1,0
90381,942,293,345.2230807944411,658.0225786313936,42335.552391171055,978.9807086999764,23.650018263878984,0.006323610678077779,70.79342716610441,1.2044840674751138,1,3,0,0
12937,366,190,1006.068016590809,446.62547220004836,352008.4611510396,894.1702621484045,9.753204593050702,0.028881997403885647,105.15666084192922,4.72528629486956,1,1,1,0
17469,609,205,155.19576099735323,1361.7468900809292,122624.40305996906,872.0711186170453,28.230984010951698,0.01756490311592574,56.06183677622242,4.009199718909389,1,0,0,0
79393,374,415,26.033793285619033,1290.2439700948648,908628.6947666266,500.006866215176,140.01933612135917,0.2173874902552087,9.863782095665329,25.983531452690062,4,26,7,1
56971,353,327,175.93348634923507,1369.853573872099,581321.7146340917,640.3038926380023,69.65040886180475,0.37950400263608697,14.438887834445897,8.824573527324285,2,97,16,1
57582,462,205,1025.2314332021708,752.3682081426789,113379.98225410143,313.92581236376833,144.42752065634207,0.1864331294122243,17.30660201291751,12.747806432603436,1,83,12,1
9300,195,233,53.3705423594793,1039.6441706458536,767666.3534893851,928.0306136562381,29.15926619382968,0.0003885724960418835,133.9559825523976,2.0389431137625023,2,0,1,0
2659,780,256,454.0001371795153,1301.0853854358904,969971.4747614017,433.69924837640923,148.49217842455403,0.43650321128347414,9.151277685351882,12.055551337511023,2,6,15,1
88869,475,258,617.8887857157541,724.8283977526353,918215.8247650202,396.73639679832564,104.10733557550745,0.49264317151419634,7.625670505835895,0.525142418869557,1,10,13,1
80092,478,100,692.5616954465945,1335.3857311439986,145270.74349194925,634.8540347949059,44.11626733320066,0.010248136087603155,50.13755772959432,1.0354087479961276,1,2,1,0
17429,217,195,369.73087240561165,416.0559075710724,698685.1312539646,194.30112788408053,28.798516800312623,0.032901746001430095,119.91745056271029,0.7633731204677913,3,1,1,0
296,711,254,313.1481681529688,282.33863984573077,661004.8340271235,222.79775475349666,76.50632688439937,0.22152028916360603,14.432731993085786,20.314351938405945,3,9,3,1
45272,426,229,1014.2356766008382,443.1108608337383,146303.83022329552,338.8934180659204,127.67814046175512,0.15016780464452234,10.216022987768676,12.279914402203651,0,67,6,1
95521,256,11,1491.5447997236272,352.59101125582674,274322.1994929346,535.4501576308272,103.1876180752407,0.1419220242364757,14.773021311008216,5.518016004673512,2,60,4,1
81496,146,321,943.4435181357404,222.38909975061318,315303.42997233506,575.9395006878889,28.798589435430678,0.015327711744513068,167.87222784177482,1.6544668080479412,4,1,1,0
58559,198,487,1424.3432354880363,634.7656528296967,629290.176469801,884.5352634824765,29.36125248669703,0.01630257582990331,166.985043203215,0.26372916971101945,0,1,0,0
92275,446,107,1373.5512557943807,1384.0543634633493,142529.26753933067,173.5467654667029,58.42763380205961,0.20915143130558073,12.20250865295797,25.5469962305826,0,39,0,1
10853,35,359,490.6708678194405,991.7284724281104,749618.592713276,389.242603360998,119.94747084254072,0.19048096258666938,13.22449599280079,13.599059361994001,1,35,0,1
71463,248,478,990.3311137596243,902.7734648908252,690114.846478866,549.9896584840365,45.269353910347995,0.0052007572165104765,163.24325526272617,1.7579045199252903,4,0,0,0
26749,709,456,633.4836577525716,1363.0246881372432,929856.9833027371,990.329242719253,100.33910245019618,0.16284596273245727,1.4531473057678896,6.64388922826689,3,52,19,1
79830,433,161,1415.9194664651354,857.0689743610978,76379.26639309962,746.0782107638181,33.27463252308943,0.022710665111947078,56.57122232323855,2.1766821531337524,4,3,1,0
20393,383,284,200.27794437656507,1499.0136112721061,372258.7199600822,393.53338421808076,5.700788489798674,0.01997156056507862,167.1852622802086,1.6501753582377288,1,1,1,0
88462,299,90,525.6803526093263,673.3275803501788,455088.06290645356,428.04762461049916,88.39080826188297,0.2484451937597223,18.155629092419474,6.320631906024848,4,74,10,1
84199,447,385,648.4579216351958,1015.5722201705837,638564.9850251847,226.43925071129877,128.5478888299616,0.13218117635491758,12.313050925936139,12.82701891412832,3,57,1,1
14974,454,71,784.4971519916893,1175.5790732038554,590603.4909521277,551.3245527526784,3.2587930025127316,0.047286718507489965,57.898662705354475,1.8723495776325272,0,4,1,0
73169,649,145,1363.2287943021943,1292.0733406308052,860209.9649600086,162.83104296551596,8.481612572530219,0.018374298550594564,180.08675163367909,4.88462565157478,2,4,1,0
17505,775,383,392.2993919904948,1077.3202443664393,267631.0931828935,107.95179892981666,107.76187383160365,0.32846403571305327,7.952764037527507,8.901790115098335,0,21,7,1
74161,245,278,526.0829338087124,218.05911676162435,784616.8687785796,605.5695949246884,14.474257961144637,0.010360696840359257,154.7570559893967,0.998909671488985,3,1,0,0
2531,933,26,1197.7269696641545,902.4055437025577,603978.6143666323,540.0192746310507,82.9922825823924,0.21599235609643952,19.392917452562095,27.650593049515976,0,76,14,1
78547,882,169,1467.8844624592662,1094.2805238644348,522862.267561133,375.44295409853714,22.88312915804319,0.011072578990423972,91.50022325210243,1.900096710007193,2,1,1,0
73251,909,426,1410.555561485547,922.6877415304159,14872.063792044526,391.1196359330795,37.04568597958365,0.017051867303319212,191.99306102640745,4.372224559480003,4,1,0,0
56089,428,311,1485.3695744994814,993.3188128582699,91147.7335746326,298.84929471918645,8.295172404349367,0.029204333871992366,132.06225216307897,3.4072218514592296,4,4,0,0
16566,592,159,802.6463755848623,839.0944903266434,479892.8367832228,188.1799874530787,46.22137563060972,0.043956871566022925,160.13729152096093,1.790468105414893,1,0,1,0
52615,922,14,722.4390096132826,263.2141474378326,880418.7931274859,274.04634092342843,112.40695836940172,0.21300052843923095,10.081304749910197,6.729499037571555,2,56,11,1
31845,49,333,586.7078169018689,606.2959305265604,825031.9131417647,476.5034174212882,29.470171779494304,0.04022846026679942,95.42408447447849,4.2913575806613,4,3,0,0
10326,443,56,534.5204113717015,1024.316599128153,271328.77849307645,48.48838372073292,110.3541552337513,0.2038957117978688,3.199755812271635,22.563642365943988,1,43,3,1
74861,37,496,440.4217126430024,1209.5765798677419,766261.6472411866,99.06183269737907,24.06718105465776,0.006697491241461812,140.73428132874847,4.094289273509348,1,4,0,0
2977,225,196,118.64961686911239,1395.9799798836068,529534.437644688,592.8831406598931,116.53706366507835,0.24247518552873035,10.5158834356989,21.144338987201564,4,72,7,1
32122,541,351,181.27651154479278,210.881616402473,771883.6356215392,436.5231654903611,123.68464448600594,0.12075502411950723,13.169290842619452,29.317390877197575,1,26,19,1
65170,706,207,1278.6422560427607,995.0548555118004,153763.18807040196,172.07500452823234,40.33482039597401,0.040222991938476,164.12960687663227,1.5516929662692103,0,4,1,0
87191,398,280,1067.4017176119403,1278.3231871178562,291282.02837865666,232.64796158154206,22.176733898501666,0.04868223757690237,183.16917234829594,3.078197446720687,1,0,1,0
14990,746,151,1255.780127585359,1226.0912531676956,223797.4810389013,324.29940491154133,125.1864560022676,0.4643390666559625,10.410478500091113,1.2571344945826215,0,42,11,1
6567,957,486,404.82934845618115,418.7358800035226,635295.0721939536,967.2694454640111,20.940674054825582,0.028469696872975816,134.93524577203826,1.8949622597549243,3,3,1,0
37967,45,212,905.7360652598104,1037.1929677979217,718494.6908724688,424.0362850908347,31.434046104591435,0.012802235247616246,160.16481393283564,0.46413891040890276,3,3,1,0
76560,466,320,212.32428705345413,743.9040304179632,693020.6557181882,152.69990381584964,2.2259196053079955,0.03302433741114751,175.21924257087744,3.3326402057663014,4,0,1,0
6236,521,137,145.32121821254862,108.63331636331466,21626.389389710017,821.2585151126054,52.662593702807534,0.46195548558408195,17.582440740520504,17.251077594688027,3,6,11,1
71134,408,364,33.112036170854935,865.4483082055393,890234.6049966688,61.37810565694299,87.91741595900822,0.22451421147641654,5.647475703959947,18.607032828086712,0,41,6,1
9927,305,266,275.05826912981087,887.2059865629614,384553.7080765962,848.0460259685005,129.83902904543822,0.11537196913724679,5.835517164414024,11.909653122909052,4,95,13,1
89266,683,297,445.2864202829636,1258.3572800713857,205058.89186805187,586.1353329898662,7.38480988691977,0.007746852572546298,62.17999840230357,1.1019104436810294,1,0,1,0
24047,50,109,1019.7508117415208,1349.8890787959363,185079.98833430017,586.6089650943419,13.61849125319872,0.0187268204355941,170.54452635131253,2.2011619947871703,0,3,1,0
44115,994,92,603.8032934986588,230.61436172098087,555493.0083100015,618.4386003985642,24.089010034323596,0.042700865885976304,93.41469551943179,0.20612617339233918,1,2,0,0
62630,511,194,1163.2711723828534,29.84435548735872,449908.5374238525,57.66924956252008,13.956757829582983,0.04227780209951862,197.66370644413857,1.8125419449615117,2,1,1,0
87496,896,342,48.35248952583346,605.9484435927488,574715.8332112515,877.9543666336352,124.73548644533736,0.1652310125642941,4.314803287126212,15.090417462268691,2,70,18,1
13525,587,398,1364.3331818628383,723.7402292214067,325028.14765061386,35.55331598631784,19.9798803767924,0.038688756299153616,121.94318391820005,3.065995724581887,4,2,1,0
29587,68,156,1269.2973064498983,231.7533822202778,179272.79926754057,786.6558099562271,121.30006585293307,0.45604537076469975,18.97782936169512,1.884637515237185,3,89,19,1
21607,880,110,1293.3538580120576,1347.435910013355,979414.9406613717,998.707295582196,126.1044837957542,0.28953681520212693,9.603221397902919,12.142792998771487,0,31,3,1
59361,608,76,82.1823908605498,27.22808985279933,85885.94295777261,556.5504048284008,107.22913923973132,0.49078685213902096,11.985509787889857,13.896965882059535,3,24,15,1
73857,540,204,740.2635077345512,1397.7768170303705,888934.4721181976,433.5840408235685,139.91746180607288,0.25528066581756526,16.98949665207049,28.98591043803275,1,12,3,1
62177,996,171,251.4710558102488,88.20437632986187,768472.2275829293,117.39795413313901,1.6289832401530744,0.0022043722098510966,77.23115099270471,4.814844051679634,3,3,1,0
3136,793,452,334.1914008870411,263.4237935168222,918744.6498845851,134.8799760134557,17.662373254925754,0.010583738060323838,148.11513296165202,2.1616600401143233,1,3,1,0
33324,307,154,457.45368560589543,1332.9311156656465,692954.1010270594,993.3995007758435,38.56505723723253,0.04415251090436126,136.51148558620838,3.4555798527256494,4,0,1,0
71221,830,104,385.7042878584455,1093.5029700812943,885449.5375058901,371.7759620878311,51.42662809223596,0.2863784947834499,5.650038932982096,26.29543634765704,0,75,7,1
44174,315,46,376.4719432690155,1436.6897758895009,701731.6059121741,745.9189967769319,72.52790421991737,0.13437551448844898,10.273827866785178,13.582962495754106,3,63,2,1
21404,382,176,898.7002509513056,1356.7916251514766,806254.1599972203,361.87525181709594,105.48390252823309,0.1463260549286921,5.470783381900765,5.005822832831273,2,52,13,1
87101,209,221,835.4592363559182,1142.163587451116,433092.70630758395,721.4307747911355,21.1206639434901,0.01797068500613602,72.32912443747738,3.045382187580228,2,2,1,0
21266,710,320,1211.2026061817176,687.5687081526364,94249.4404184311,458.0070425961184,18.443590349973928,0.041581000062277634,101.53341212265283,4.745217615083959,3,1,1,0
16817,216,131,1427.0407989537082,553.9419390294864,234757.19917971955,227.89482871381756,134.1242813752271,0.20558891338489083,14.488396049565477,14.427487256813189,0,56,14,1
92092,340,176,1272.2394775380208,607.5629983799992,83632.81488928762,242.50800088229687,126.97079076578964,0.1986705178636886,13.256102718579253,11.154071766325002,2,95,1,1
99190,354,81,1181.3121503357945,51.822511927016,230406.40454143647,440.3165254801158,1.57669566698388,0.014579560221472793,133.40418630853776,3.547109990873972,3,0,0,0
82427,841,344,511.99311999274084,541.8772515411663,935846.3216006432,485.25502903721076,39.22661091338455,0.013823099817206858,175.51036556503766,4.047777173256382,2,3,0,0
1150,738,372,818.7909689671928,976.1461536629921,976546.5795998379,800.915782955014,45.61724171633274,0.00532620659010169,58.81126995716136,1.710593149396522,2,1,1,0
59089,910,313,1093.9907262570628,583.3894056619166,802155.4960164502,829.7122589251222,30.55062385815566,0.02511980456502676,145.44434296001558,3.6377668347202174,1,3,1,0
7006,148,174,746.2180935727401,1164.0279168657519,621157.0172660052,504.2569580942327,21.14885856042409,0.03162326719165585,142.69767611816667,3.809307793052896,2,1,0,0
8589,524,206,96.59131984678432,1072.8230170419822,988269.2682769465,366.5240001532785,19.469052225668108,0.011075441028968559,129.2048581234262,0.2414702981362804,0,3,1,0
67834,523,149,227.7693609477317,1357.222355349101,545428.541134048,765.8570205935667,14.57707505754151,0.012955625358525525,138.5665345621672,4.957691448401045,0,0,0,0
83577,44,210,117.3440935442021,924.8667886477335,467225.45843546174,360.25712861895255,25.586341789913515,0.04255716360607198,191.55531541467425,1.3165878357883576,2,0,0,0
93379,660,238,36.24388307186328,231.7962239316597,310187.3355200401,338.5883087140489,30.37498676692459,0.04928819115242389,110.30715660028432,4.084921110225329,0,0,0,0
11576,798,141,896.1698822373937,1173.3013659659498,828148.3855527565,7.862661883454476,115.33990003701726,0.2314829095266211,5.246214670562363,10.537615094658953,3,73,10,1
10870,148,370,1232.5420009260595,1128.3529653987528,535636.4238784607,730.5452126520518,138.70763741640496,0.1995612436559091,11.121582865495263,29.45788576862061,3,90,15,1
53356,275,343,1151.8287038603098,1366.2292738768551,511081.35117914155,540.9031137445385,1.941963783339929,0.018050299402080815,171.09235483459284,3.0671078330118453,0,3,1,0
6078,128,231,243.5113963324811,1073.4789002077216,194093.3135612134,270.5788309645962,3.1356175468239136,0.03704743480802231,130.7398231427773,4.31348258693944,4,2,1,0
7485,433,318,905.8485019985177,106.06912874132031,613882.4915997596,826.8188222007874,16.04683700012774,0.01868900172155138,151.5462058558109,4.422871090620209,3,1,0,0
22008,855,313,1287.080532371785,79.71421947576185,362511.8768471881,334.93984745915225,111.99086701191335,0.35011571265522856,6.78892670194602,25.656570350736153,1,37,4,1
77688,882,499,584.0536511150525,1408.0708511723506,320373.9546924324,888.6116545926664,24.88059270801109,0.042823637153624056,174.90603669898752,3.9480239010171356,0,4,1,0
69902,209,176,34.86624215011079,1034.5201906442878,209549.7126589308,118.90742807038988,1.0313342179411702,0.008443464664075185,50.553601923941564,4.366637229067713,3,4,1,0
85385,559,240,320.23078060427093,1227.6684067462684,62697.34723226567,965.2222874564525,128.45195541055529,0.29107143820629183,11.320294358643517,20.697424881317303,0,64,4,1
16449,225,167,362.2565487804884,117.55231160007261,230131.11467602357,538.8988950751401,2.748757191491689,0.033230832659548695,189.66048981583404,0.4449188072714777,3,3,0,0
56236,677,61,1274.187530469919,456.06932663901273,66182.7395873516,733.0112513487753,59.979315288179414,0.43251777786648893,19.733531821505032,20.869173846198212,3,56,10,1
57558,603,156,310.5393645819519,232.01522231331842,72575.79048243638,240.2146346816357,27.463504514529237,0.01840659916090358,123.63456589004886,1.6745673404970325,0,0,1,0
28908,215,131,940.9103085193848,201.75947360553255,351758.79312569374,461.97508489534584,90.81326064274685,0.2368201073717755,9.553744103009421,13.141539083295461,4,74,17,1
45790,443,132,1077.4301847184972,1198.6548081088638,871146.5612457624,523.8603267114761,25.248669900990507,0.03390586911515746,149.3484596617609,1.452640386107893,0,1,1,0
31354,526,80,564.2969873679494,760.5278809290454,24989.991142471677,873.4383179022453,143.36352101150652,0.34514351744633315,13.474785687623845,23.610645654128586,2,68,5,1
27542,95,36,388.3012519697369,1214.3248847690136,349321.11760573986,755.058351480784,33.0190778333363,0.03924184752709112,174.99414087235965,1.6410639820423112,0,3,1,0
82892,382,209,617.1341632752714,426.56413218762407,233094.5741058962,962.8487525906171,26.414421993030228,0.04387785974805229,95.05330884721587,3.857904503897162,3,4,0,0
83906,726,209,590.8727512710113,1443.1960471159787,658741.19348428,180.48002458695746,46.24278689633927,0.03302856301410896,170.49718489173642,4.3352915534150025,2,4,1,0
83456,621,403,961.3808087198556,988.8684810151766,184268.15215944368,983.7626719706689,92.57355101663985,0.2151459433182235,3.074604404769111,17.692248405666415,3,48,16,1
24562,727,241,884.0647995273478,792.5749367458137,946156.4566771385,414.6620230042532,34.45260592594647,0.013390604195089157,122.6170279093358,1.490129220986437,1,3,0,0
83860,420,410,930.2189657850432,456.3587759424745,761985.3376258692,759.5250908805001,61.87715982614809,0.4238894059514072,13.100148240797933,21.29282932241313,3,43,15,1
63645,890,26,37.75608426754964,152.55579504850508,652311.2433767787,375.3635566788304,37.896616615762944,0.021323225964730366,122.72719272506843,1.0532732944513168,0,1,0,0
55394,27,490,1488.904833709374,1057.4881909522665,486525.49386949127,592.5847644392949,45.289428782733346,0.009248181122448141,93.07739618586095,3.202086559272858,2,4,1,0
29921,208,232,196.59998681759618,377.80457155712725,886932.0987140649,162.98044282624917,148.6397778936019,0.38292660838438497,8.869682581590414,11.335690374320327,4,48,12,1
78735,319,253,1243.9216390811744,144.1069235396199,227660.4259238481,180.55630348515808,129.10153673570002,0.31351827869775895,1.9800286245129743,14.997327932493791,4,61,4,1
95476,420,181,731.0763409006653,1225.140955630805,94585.73461054607,740.5797679266365,32.72854780478638,0.038172441857178066,158.328816326449,0.622806727292276,2,0,0,0
54252,956,10,960.0873199202799,969.1865032106348,667824.9499605127,686.7862996452152,39.18368207483532,0.02456802294141465,117.88199818959636,4.45490948823514,1,3,1,0
59634,351,351,889.1815056807752,975.9765766531331,439671.05596173287,286.34636414326684,24.84811529458008,0.016165776776515872,134.6263658536651,3.6843056891512327,1,2,0,0
98019,152,234,233.78997183639262,782.8028199223575,743372.8651333621,217.85277285146182,8.811303758853896,0.004850004092055955,171.8674071780202,1.1329860446058349,0,3,0,0
61078,301,120,1452.2781407688994,668.4782048390613,713668.8812306372,846.6450360882651,48.305807964093106,0.03521948173686954,70.96210213811293,4.473845270464671,3,4,1,0
50943,589,221,701.7086593180632,1154.0712300450903,261197.53875687812,493.2624671841182,44.85794891478281,0.0474671816186428,181.33884677936854,2.6836302952302877,3,3,0,0
10970,660,308,865.2166433100706,943.5058200279803,816535.003424065,91.96953762282591,63.98383869340857,0.12605278996030012,8.442682595537587,11.96431375375242,4,69,2,1
34013,277,247,1365.4275218671373,530.2904997620559,563217.4263782647,43.222343036372614,131.31821401495148,0.30981423522228757,8.342273138982573,6.243758513123766,0,82,1,1
82223,718,386,1462.3923899765487,43.39540976803006,732544.4488031107,325.9209107950215,95.35544801008072,0.43353017590529164,6.704871646848436,7.055457239066729,3,80,14,1
85023,340,21,1091.141628388888,1113.6455193618947,100159.73705698067,441.76467010803117,25.41684740848718,0.04027127696633728,90.20125335953045,4.923031673274742,3,0,0,0
91798,472,71,905.7113602036851,883.2054398199446,558709.5379865329,919.3139738558688,143.4910772858058,0.2942688797659353,13.124223895624246,10.097650009310334,3,74,10,1
61046,297,183,1168.659725542103,872.671732186245,369288.32302758266,528.5714860188336,37.41069964496981,0.009378377694675106,105.39663908088964,0.8500816518103177,3,2,0,0
48554,372,336,986.570144346094,1198.421200950494,788355.4515208419,319.93658450367144,47.838947491047534,0.010628244620126204,87.47563274048143,2.663157924067786,2,3,1,0
33290,36,36,660.9842031074448,309.64900616208854,327454.9143790854,408.7596952309609,41.62457881438432,0.028522161397270235,126.62535286481359,1.3287628705347898,0,2,1,0
19049,556,84,1132.5769940319624,217.41670628346978,709606.7712365743,241.19200960922373,3.068249341043585,0.048529866928729015,55.88650043139921,3.535441328398004,1,2,0,0
35902,288,44,1261.4355608964172,721.2484872108218,514408.7340091829,775.4298410795661,114.15368387541643,0.4980877098164277,11.61803607999335,27.423128321205688,3,18,1,1
41566,626,81,722.3776154383661,1251.4481079399459,640612.540424702,87.99296057174605,118.45226388660552,0.4525971353385805,2.5840764679068142,9.658259192652016,2,32,4,1
5612,160,388,1376.2639429572716,536.0266190874587,487700.22685418994,983.8868847487498,28.866505053733572,0.01840532896481343,68.5467567049627,1.2254345505187458,4,2,1,0
2679,988,62,610.7813427563376,95.58350088205125,364374.6698301541,365.0143027875191,66.89329527845834,0.3508337224993211,5.105011875058695,14.514450421502744,1,5,18,1
76215,177,213,452.289915817566,1157.3480266768172,453711.12698921614,597.438406847314,92.06305148808813,0.2837547031069379,1.5175297370015626,25.5153461655253,2,6,13,1
63920,107,493,1440.8805741233766,1475.3826122606454,915634.8902302913,568.9327407870182,41.60186151413376,0.013736012176516306,72.56561281240712,1.876306346621125,4,1,1,0
19039,962,64,230.78557667420748,1161.42376610818,535897.710922127,35.004620162958695,36.18838452049736,0.005604901150513259,95.43851678904002,1.236144011109247,2,4,0,0
72197,429,370,39.75876549896509,47.6200864705894,541504.1718642779,336.23026011412105,50.92774465181492,0.42414509121236876,3.2330882436405695,26.822133936375486,3,82,16,1
78552,695,352,1223.7471866418036,317.14275873567453,204416.61048334566,96.02251773829967,93.62533321804716,0.2932391597205018,16.56539452345226,26.91225582520644,4,38,1,1
86443,569,124,1019.2822457401958,571.4377418991963,132744.50069618627,647.314958525303,72.59801327729643,0.48168799449907507,11.015085399752554,23.585304797388144,3,93,14,1
97235,629,293,89.34769865948918,137.80843649792905,51167.34197726424,991.1994570559368,42.462442387000536,0.026799750169079806,61.995505664119804,4.869914172314981,0,0,1,0
87706,375,82,385.33752528335947,550.1466725752703,519323.1648542764,656.7198665328503,35.8296037958479,0.010851132035064694,163.87181348487417,2.6668449096710525,4,1,1,0
9058,787,241,986.6108844253876,764.5962089084669,652360.6109465046,992.6959674329096,39.83633090202244,0.03871608117810861,99.65754007943508,1.0377579792191338,1,3,0,0
90918,564,78,434.99751669744245,509.4235269892242,777974.4865166921,947.3446422942778,31.735806847561392,0.03126602441801585,108.56474558696718,3.4572194877714657,4,1,1,0
18676,35,180,975.5219924499705,1172.2821203177016,491466.64281979436,70.39184233628006,109.65672925731019,0.493228909784606,7.521670058224879,3.7160030214740374,1,83,1,1
38538,250,321,1248.297395513405,570.1832961615613,452324.32446067914,929.385605147897,83.43185586126701,0.2689847140830973,12.938078428601516,24.513337701037656,0,81,17,1
43432,608,126,955.3719382578174,1044.0460874828384,1819.1634571626116,662.6186521733304,149.63172380683724,0.2412279740794249,8.851671927547837,5.853775228804349,2,38,14,1
11928,506,57,420.03624921928326,79.35831417071634,578521.258841945,751.1793412146785,12.712732131092212,0.041126251845255896,87.36652812408315,3.0100348957210588,0,4,1,0
40090,2,331,1132.9094722184564,1180.3418371389612,222174.14990681247,78.90869783701602,15.619271872718969,0.0494085310721076,162.40037301163298,4.388277351091656,0,2,1,0
35401,555,163,348.85459602830383,1064.8906182984842,90000.7873045652,631.4614943904256,67.11902419722169,0.365534398419065,9.2503770202596,18.563874812462398,3,11,2,1
25375,483,446,70.22767601508866,577.4990747583798,194803.3481947098,461.68150764586323,74.88464998255182,0.3289316955407876,4.0088927714623015,28.67461198948436,3,50,7,1
84227,162,495,483.2249890435625,166.07601495084847,205731.3284479077,662.6841416544511,49.05672348628749,0.03361488771930663,195.06285132193182,1.7643183579496546,2,4,0,0
44215,357,484,807.2561789149784,239.43707312942607,621336.617838843,973.2218330918772,94.36699460098447,0.480412331503838,13.322140593284704,9.658443562190042,2,82,4,1
27618,645,260,1046.090459027487,950.9747496992431,828067.2423414318,24.92818277991068,10.832415549118057,0.00937983093398625,147.952021246861,1.1865192636486706,3,3,1,0
93625,646,152,696.1861150317612,591.6497633151528,179373.21982626183,834.6914537284422,14.065739911937058,0.04566828582188267,143.05359261459418,1.000738584097416,3,2,1,0
36751,151,159,912.7211366594584,20.57838558029008,26073.12781877785,415.11171006947,32.682904680980045,0.02817542717608297,74.39237278711923,1.1462593040726716,0,1,0,0
14782,271,26,670.6460896868291,122.10531844572184,940057.3854851947,277.76127847580324,50.629437646390606,0.34740338160063683,9.670122573002946,14.94761143230906,3,38,1,1
86173,546,281,628.3979294721078,126.5724868447532,280693.35330093297,243.50997943686335,8.865933660257248,0.030590358647425733,127.22503637767358,2.779279800023739,2,1,0,0
43116,682,335,1217.1436747566988,1158.3585713662462,409338.1065403878,417.05395261087335,42.60943097888632,0.030607888440699307,123.64271246451305,0.09809267174582803,4,0,1,0
82921,817,234,206.4988536561182,1067.6670149957351,951445.9812974705,593.1147317475856,18.612640578105186,0.03886820386487024,67.63021294388562,4.1469998669668,1,4,0,0
28988,605,472,207.0833537320013,640.9675620157363,856177.9817723641,637.7168331503191,39.091315877575255,0.03988320660046011,130.81784572908322,0.3573588913426867,0,1,1,0
24586,813,414,256.2399964403651,446.4614531872219,875336.8463817502,102.50994988902154,96.76238456160127,0.2101473141408668,19.260482673035952,15.623901566004376,3,45,8,1
33882,231,145,1334.326548831465,785.997580438044,544860.1629725767,121.7095403406346,9.275755350537748,0.005363760248194155,56.652579521757715,1.3295987428763207,1,3,1,0
27917,374,356,533.2172871906927,1110.8253504842298,550368.0382099889,773.5252460894934,69.55151643644749,0.3287986779087305,11.462205119729475,8.260329083150015,4,90,16,1
48923,576,211,568.8389094293669,338.7279950318247,299642.6989880936,241.41189761394335,54.86578537329162,0.1978182862424098,16.631090336030418,6.265293696563708,3,53,6,1
72341,923,439,84.98002080563711,414.1004652098132,352749.68257915805,473.8447640616228,113.19411482388901,0.2526843105514956,9.378767188954352,23.455317287968512,4,75,11,1
11764,706,420,1054.7280828573357,1202.3090074977574,558635.594397392,769.1161550872757,13.030874572017572,0.016519544467023695,73.00280436834733,1.6009589055500717,0,4,0,0
56165,961,362,1462.8048780289696,976.4134923193263,570832.6352496209,211.40912494310086,32.472693405184174,0.04946653967650305,105.44558995398648,3.3739056639398157,0,2,0,0
25718,961,15,1252.315772803637,675.3419582975217,591106.8070702518,332.6018137047893,24.74640865463724,0.03715455816035106,54.21279194135369,3.8234324022027377,3,1,1,0
28619,572,357,1224.6047603102552,624.2605022487279,912007.584999051,336.855315105163,109.33162093575034,0.27044824580668353,17.585452491822107,25.295738632892622,4,45,14,1
57082,125,355,1331.0486569171253,300.0241884687027,744131.0302874695,370.87817356712753,1.7423779724408883,0.014830790407693351,104.70905433984626,4.307571226899387,2,0,0,0
22698,521,249,1414.5258707287753,51.974192529185366,737590.7231639494,105.55025969457778,45.942465338261165,0.004928641605582557,57.57115158087491,3.249904396880522,0,2,0,0
71009,540,428,1032.7386462826764,855.2282389032596,984249.883814574,642.9194437545059,2.216220624518382,0.02238109905938858,160.40976081804345,3.1389067327108893,2,3,0,0
63686,184,475,171.09378982195093,441.24496294246325,334594.0188077968,892.1382027704327,40.40569730337512,0.04032178444249698,175.19323514424394,4.230329350085614,4,3,1,0
76808,966,202,515.5342114192607,531.4037925489549,657709.1986129871,121.63465540687866,86.8553511702151,0.25974673127571984,11.950347752588288,26.58305415121181,1,83,6,1
33571,391,159,285.64343971788884,930.7840668559968,624060.7504717046,372.8062563764829,23.579696933782134,0.027181697541329316,127.03165494858558,0.6656765690055916,0,4,0,0
29121,650,343,963.5689742497674,1200.7502904255227,887636.7700100132,334.6911484535852,107.86661248527844,0.327096136959388,12.595127083074555,15.14291688793909,3,27,17,1
68297,256,190,1436.340283555139,462.6447809342653,918313.1920334058,4.850654915207426,58.84213961824077,0.4397893500736927,17.149942890758002,28.25462905333963,3,77,0,1
75751,340,270,1335.9684801345181,76.71884458766486,435773.53581824905,727.1847740000992,7.677900942472057,0.002686438881352843,51.71815894985797,1.4164436586675704,2,0,1,0
81837,256,374,920.410748022467,927.6568623187607,191988.10696897417,872.2450958931144,122.531454020386,0.24181937274155094,8.900173685152495,14.618544333188606,2,95,3,1
81251,962,408,685.4259466319971,469.781908801813,339200.03802525625,539.0971154640033,127.8098669385298,0.3515150495447429,6.077756404902871,2.5895551258572933,0,51,6,1
30412,315,307,212.59573898976157,1161.1739643607848,371614.98878539767,860.0962783898785,37.09918272180236,0.04212922829155235,199.5561667502965,1.211060606805023,0,2,1,0
33256,673,121,157.4223796751989,807.1473119784881,892102.1567136087,903.6859235751606,10.988517023026263,0.0020352372135908517,163.00673234317603,0.5056372423697364,3,4,0,0
99373,486,386,983.225728762255,1113.7078927590665,338704.4836155363,964.7597933540254,37.96529453854373,0.03237955051859927,170.53189113769764,1.1874927490736953,3,3,0,0
78605,363,12,715.8485969394218,1021.6332208779098,533467.9310300758,544.501675598843,46.615665566435055,0.000368525257990443,83.06106878846322,2.270901946882776,2,4,0,0
73664,832,309,1328.2118819379473,27.36201857763745,194322.6166097878,473.99398838782423,83.04971058548165,0.47757442834481745,12.261928628999147,2.99785633724182,4,63,10,1
21979,10,318,970.3755798295724,835.9099345889351,517541.8008220344,355.56402656800094,33.43278420109834,0.041184052918846345,65.47278036575358,0.35056905157353435,4,2,1,0
70660,715,291,1392.1891844677748,1301.3179903525713,348167.62089823326,792.7558113671497,24.83522367952271,0.032279951904260785,178.63277691301283,2.536480967801583,1,3,0,0
31524,12,62,157.43606801515142,1171.8460717275111,976699.8149189547,267.0636376894505,37.27584483735475,0.0359825931693054,59.40495482599008,4.803952941804738,4,0,0,0
28074,757,348,1296.3324729128317,1040.9739053733417,902076.7663723241,681.3994271498301,69.94334966175872,0.19965253916896297,16.876433759938195,7.218580528330703,4,51,6,1
75469,88,351,951.6376983771769,1460.7101735220954,742113.9064572739,517.0230482612637,130.992897028699,0.17947874447248552,8.097056882339494,7.371079742366003,3,6,10,1
74498,394,253,66.66678800596014,299.70799923426625,33127.17664219258,479.86444586736417,34.203350581875064,0.025114082503169058,122.01569527888574,1.278735596908191,3,2,1,0
46530,504,36,206.5302279669058,1055.7817749023284,780067.7628453257,783.2313818910309,149.03338020148618,0.2378473391268235,16.13355666432581,1.974128870830927,0,85,18,1
59102,268,425,860.2597039669824,309.1256153123757,925483.4395195848,525.7806054017194,20.992809375740457,0.004191096593479932,87.34936810594903,0.9937935120795516,1,1,0,0
43655,417,46,341.7742490536856,105.41129446933313,156649.79268192145,829.0620247142454,36.73550547888826,0.043694344645379135,184.60847754648964,1.1432884068117684,4,0,0,0
52703,475,196,1241.743875097016,346.8514264128616,451728.4530015354,305.85741966922507,35.53872728996974,0.004065143592150772,178.002057414772,0.9224336555531976,4,1,1,0
46256,32,294,978.5919958512886,1109.9692006962628,96256.5609608466,231.15385762153127,39.86759621036475,0.015433971533402325,179.50832021360222,4.506926866088077,1,0,0,0
2433,933,137,1130.8299705166696,453.5057079348532,165617.92657466253,870.4924902755376,33.9083148932667,0.04564704638874928,179.25720009002887,3.5881216664631537,0,1,0,0
7749,746,294,942.8659981263461,770.6093840527242,518272.76398529083,408.3653325563586,42.995432897154245,0.01321877942587495,95.3211031641024,2.4355350823309503,3,1,1,0
8819,762,10,1098.1994302218573,196.20704461737546,111208.91581452505,684.1108454016241,73.24464042403513,0.38572846451832843,7.474934869844791,6.3923878062157184,0,91,3,1
50735,240,259,779.6802749305092,836.3213440825834,909557.9611477393,661.4000274955292,32.91054592546513,0.0030821138192956344,116.6957920141584,1.1039112194912926,1,0,0,0
51730,25,333,420.2058776889744,1291.0054181833068,985796.7663803907,666.0783139416263,10.50659643233604,0.009465701490150524,174.36056659235624,0.9976104145119935,1,1,1,0
75356,9,323,304.64520596380055,1498.5253832378237,585636.2021265078,196.60939357189605,144.09024349896174,0.12485820005747379,11.98346900263182,12.13379111300402,2,77,16,1
44205,408,164,42.019898534816804,1073.8947371019576,372898.68261668197,502.91028096321116,120.35649779517557,0.17377673910394367,16.919887247776515,2.1023815238110686,3,98,1,1
3141,519,10,1180.073467291296,1286.621699668021,391508.76462873345,303.44466896357454,5.74702383442335,0.04790377339762268,184.1299569077555,0.016156909040208056,0,2,1,0
67513,134,38,1138.7979243114876,966.6804297944282,745139.2183273713,261.34268100461424,85.55101866346763,0.2955533498736136,18.549762239202806,7.6572765013096715,2,67,2,1
35851,896,301,158.1423292195401,375.63817084599094,74778.76131351799,747.6064206362254,117.6520078624016,0.2778899555536723,10.446943787404026,26.813168774521614,3,80,5,1
16254,169,265,730.3027386438674,1064.6004040826285,542503.5334966449,88.99459763268659,99.1096011586104,0.3891031693508685,16.814058420133378,3.4370792625667557,2,40,15,1
95103,310,391,971.8743898590327,957.8178231109601,962293.1958375374,782.4830586024517,55.36255607790422,0.2636755986652578,8.869045916370007,6.468338018394488,3,51,9,1
18871,823,30,1357.4807823535996,950.3473997027892,262791.00376912166,941.4868477621609,48.974972665972054,0.00532911997602632,153.4760617852084,1.4618101776416703,3,0,1,0
93170,820,196,1038.156047129443,642.9921020776898,389733.76838373026,27.73477791212875,115.47439305299943,0.16544428098786146,1.3711967349004894,24.249179172558726,3,26,16,1
12438,425,466,496.8402132401831,191.57293620486763,484362.2206715094,308.85304783610087,97.91986773013745,0.3107789342483601,17.830681621037957,13.826592559965425,0,35,4,1
76200,352,401,23.673066535804168,1402.7350798980324,942103.0106284671,413.54186468898973,24.953144273229945,0.02279474085639322,155.2160761315168,1.343390781865001,2,2,0,0
2183,515,374,713.8756146361923,756.5626162438663,541482.1744239758,993.4337435244133,97.92629268803898,0.4245853821835853,10.380559521776124,21.109791282258353,3,31,18,1
67861,197,193,309.0179197775708,842.1974941021654,402678.8623780863,531.2276382120289,56.60982421340294,0.46297561688664246,4.187121285619431,4.839188326242979,1,5,19,1
54725,872,252,843.1710775913112,1261.4999704982574,815803.5089689174,379.7299070571086,60.8309156258576,0.49562237620391614,7.520765464946857,12.830025600268922,4,89,1,1
14414,317,244,1297.1503656253012,826.5900072972775,23317.132434843807,258.4422433818872,30.500472804557717,0.00803580875637865,63.15543873835705,0.1979417246284082,0,2,1,0
38846,971,293,60.24170538505719,1481.3717062063881,227555.33609468015,958.6324727965706,61.36804020683254,0.19815632275015216,9.098317595527575,13.467115461031046,4,97,17,1
31620,146,1,914.8848169933004,686.7853621887551,106294.05060825015,908.5985597553364,107.88100347849814,0.40662821931969295,3.1967463787500088,29.82904300818615,0,14,0,1
48574,934,478,425.3673034107965,532.4318782901905,667054.5534685771,132.2543185675104,47.90412524776024,0.024792557146179856,76.85646577191385,3.78361618357836,1,3,0,0
43788,441,378,601.9102835073076,597.0649749599887,445892.36832646665,298.84079933267947,121.30344143518644,0.1845076855120003,3.094739540650793,26.395794867198568,1,77,8,1
28502,708,317,343.67812309966155,935.5323246886237,659587.6869702947,413.330509026635,12.968813845415033,0.03601565840407866,145.95679995951872,0.08559198408126634,3,1,0,0
33907,732,131,1053.6196261502544,732.925339939672,9682.216482789352,808.5732385534496,45.601168314030964,0.02685858704884095,172.51030053997698,3.0481384921875376,4,0,1,0
72757,696,490,1410.6245556830152,1450.274828643971,106040.85914000963,286.78105373163936,18.376563815003916,0.012346314735377856,165.97462986054862,0.30088789961423723,0,1,0,0
11424,30,161,839.5350835808665,1469.4751139457717,156307.24718935796,40.310272167905225,101.71297059533856,0.10122780714839515,17.55611270442926,16.34438552834049,4,39,14,1
23495,395,410,1003.6877956852478,544.4641776565092,929372.9865257241,611.5158142095707,90.9857580603925,0.21738389232146071,1.3377188593303053,17.678983864765453,1,24,15,1
56817,313,436,853.0667553806794,538.4957966807759,816245.736003033,677.6739457032955,5.410311415700423,0.029360658835938132,187.50381355262076,2.216575749293406,1,0,0,0
66197,504,205,71.82937947293823,370.01733036234185,123339.26003896538,858.105819882708,2.848927672852765,0.016964402248967576,192.16312698261459,1.6997536753474622,1,4,0,0
83333,594,16,1381.8471793007238,1270.4793364526058,682792.3216033566,227.48511177705134,13.520496457878885,0.011260272712284886,147.96631196648832,4.426267922600089,2,4,0,0
12702,368,343,1164.0202994082242,489.54954705156075,523799.0428757407,400.9971519728196,10.876723749311552,0.049375321229905865,106.51250761189384,0.4445496915288827,4,1,1,0
8027,594,490,1145.5710682158128,853.7666126826626,970475.3489101635,748.7422402574041,149.8516284579639,0.442616581291295,11.316400130433456,6.385057818719105,0,67,13,1
44633,548,192,337.74710846762395,1013.4072049819116,217746.87127336892,553.3093446831917,31.942960045593825,0.024110706949990308,66.40698614132349,1.7743301548723238,4,3,1,0
70383,794,365,1128.896935618542,1082.5668798610855,681283.6005825329,872.5398311229659,77.074577923451,0.299207770787955,5.017133795205925,29.81498795920041,2,43,2,1
64952,957,36,218.5770066345687,293.31236453977334,320473.6833839797,501.6648622057648,107.66090222887931,0.2872120528722602,9.553168094427294,12.473792655837105,4,43,1,1
49576,806,231,1243.3092602293996,378.90229703046896,964854.7532612624,405.1291851549003,125.86750257348471,0.3524763337331992,17.593502213065143,28.7615520596684,3,82,6,1
15936,877,390,1237.6627459371614,1009.7658789474497,72332.62184533694,908.4190819120031,8.928230644884346,0.007969656439235829,192.7407867841697,1.9607417071685567,1,0,0,0
54106,45,53,1073.719576697345,898.1716874666479,816995.8752342662,993.0356505674629,55.80557758632825,0.37074300626871315,18.72626258032647,13.174683099734361,1,37,9,1
19232,80,422,322.2971473920534,278.48722215163355,745721.4528455253,193.02900481538646,29.23702099563586,0.046200404181270964,100.08456627029216,0.1215692959004061,4,2,1,0
94305,847,128,663.7575270061401,499.87409928622026,324345.82957033935,974.395886708693,48.47573034634632,0.008916376613952198,102.23157731582091,0.40093020486716535,4,3,1,0
10981,951,341,127.77402337407415,1350.8611790411305,414164.2554060093,618.2720338150262,26.70229359772339,0.014115756079535448,82.64967112337553,3.6020262279149344,4,0,0,0
40409,873,412,1276.821801499737,834.0032022439365,536053.2583250253,935.3040138552196,120.84336017521949,0.43609527031505524,17.827748374640393,7.695491686213545,0,39,10,1
2942,949,254,1121.4798961308857,883.993861736325,330168.21836001246,848.0627026120987,78.60156797905483,0.44954072564440106,2.881813979558125,16.182457067595674,0,6,5,1
61379,195,8,380.66328071146967,80.14447804761171,385448.09508943115,808.1882672942365,108.68928926333518,0.24642292274787772,8.448174476419776,2.3186232131434825,3,62,11,1
13898,291,142,693.9657338786992,707.0364346442462,48310.96614695375,895.7463781662852,149.720112324659,0.2820586501752927,4.77669756711027,17.934869669266554,4,73,2,1
17567,195,408,1481.2343764615237,604.8463288226371,612784.8407258141,555.8203201088872,10.094387765036561,0.036894224948632134,117.9326193417471,1.3772517168182807,3,1,0,0
74724,837,147,731.8027799232996,431.018573868324,217520.77812753315,815.7435443414503,45.98549423604608,0.024999599561008307,106.67628424116342,2.39273656119058,3,3,0,0
66140,570,404,622.0481002091067,749.3437359716559,151912.16226496166,366.558325460368,33.61779084866401,0.03178558168373115,153.73619789040004,2.2051558840982133,4,2,1,0
49455,800,283,739.8712637609098,815.973798373922,539619.7248108729,40.505712380068736,139.56680859211366,0.19706047815600952,17.207581794035224,10.771859733986393,4,63,10,1
10200,475,41,464.3714444496584,976.189087890637,43999.35090730579,406.2812373648439,7.234928712100571,0.04130536627976661,163.6606770318997,4.387800074608245,0,2,1,0
14840,538,66,689.5813108492079,933.6082783435999,986035.4397949051,436.8424494089884,30.41765640539432,0.022950345475559304,107.88061750846745,3.7949158534512692,4,4,1,0
2235,207,30,845.5083693927412,798.6603581561569,457780.1334305972,420.83237188070206,46.62820712460072,0.02381946230120856,177.6009176740584,3.3817470363627757,2,3,0,0
44463,559,5,512.9145650445901,1288.4726963558269,532470.7986115303,35.79558737134363,45.99245030154273,0.010989644566633107,136.62239255889574,0.4380401437273529,1,0,0,0
10711,869,209,638.0974935600358,422.47949757812614,932852.2727789398,4.567500547680183,54.02367995129986,0.34119469386668755,1.2579825077609126,25.46428848055383,3,58,1,1
61829,279,228,82.11481697173093,1025.5363276868957,59464.21495177323,616.5017336348928,93.81774671166673,0.48156610512260356,5.829740227054333,13.396118043394491,2,30,5,1
64803,74,208,1393.5360641757964,1106.2350929415734,178238.04470914952,938.4312750592557,44.72352138663455,0.021824005879935195,198.75734965170489,3.207253850743176,1,2,1,0
50396,935,339,1330.646097760498,654.0791688243247,190841.6855614407,673.0899401781942,137.51421872855002,0.24287319776124214,16.790361877385415,25.920615691387482,4,73,10,1
13261,668,96,374.65636204889057,651.5172742553647,377350.50105240644,169.989661339131,33.57688754823988,0.03549724111597196,83.6511220079046,3.6549053161804625,0,3,0,0
11005,18,417,805.983716621185,991.5957742998766,429664.87992303463,929.8936642626571,138.6494720957059,0.30269173939089344,12.87927331145474,29.29983870106886,2,12,2,1
92500,324,421,1266.047596506014,308.0515107594786,93365.98912275968,434.4749923396439,61.69440296673137,0.26767019049781005,4.838165066177339,11.580148451089514,1,57,8,1
17177,872,122,84.1325639130414,138.82280415760695,651284.1151590376,452.0242314660304,45.49544686688162,0.023467255888958552,136.78693075851925,4.7167335303917355,0,2,0,0
99281,798,174,1327.4482845764837,292.57104291958814,856520.2253889157,220.90924895448794,4.637917439152532,0.0351212094943359,174.19943285006218,4.530550119541184,2,2,1,0
15839,516,128,1198.5776779648932,675.082826083669,871080.0551536082,343.50315765774775,45.67167215078474,0.022323755198055597,54.52388138648625,0.2509074641744591,3,2,1,0
20999,458,278,441.1933462648222,699.0640237480736,997915.3939802222,957.1525428380063,11.94582991738472,0.019085938281324683,153.13056244478514,4.048809447114333,4,3,0,0
83876,36,439,94.02435051763678,596.9547455418486,365451.8961697423,234.06816106523144,36.806235672573855,0.029331210367567723,130.44005723718442,3.169661599631106,2,0,1,0
4474,847,283,1238.6616474045197,329.8350230220165,908544.1631173746,555.9446761090968,2.0165029893437776,0.03548587945657346,196.1373498462771,4.301807128719581,3,3,0,0
58865,155,78,665.8199792347126,953.6798215170237,165981.36880795137,976.6944084396644,20.43260723987294,0.019790542406766906,70.31464332067746,4.8277036726465035,4,1,1,0
52977,10,8,1319.8926933076878,849.9947159143281,249463.77437807733,310.9021793033664,84.48177024557658,0.13607620471812665,17.066373311636706,5.238620579737483,3,38,4,1
95301,320,11,353.74715600313203,1417.1590066932783,527860.357122124,449.3759091047224,68.33751094255013,0.36522702817043307,14.018066150177908,11.733944318401747,3,23,19,1
66028,516,112,816.8759094464978,679.7325214837468,835067.360722197,747.536268144221,7.229437576270832,0.016039934710348546,128.67974054208096,1.8505369298535541,3,1,1,0
30752,604,387,311.81747301937753,1247.9197278215386,978058.5751102165,34.48660777431826,79.97925463698857,0.2867637979627612,12.23127197894361,20.74654755359355,3,93,3,1
40313,590,40,828.087037171495,1475.387642247499,744928.029559088,120.7247080786371,28.769806783646683,0.03220285148094756,187.9941571886671,3.1035441007700366,0,3,1,0
22194,726,479,507.8303377345722,853.7250848080594,655226.4673232817,333.69014417019946,34.329817089783575,0.03678979767266138,56.317559741570776,3.6961746873818475,1,3,0,0
20035,521,274,64.04143031432896,720.0473781410591,128209.02321600563,765.6790273898931,17.121761371507397,0.02746753592569461,63.37739711777358,1.8590029967741917,2,1,1,0
90247,729,56,1027.0504852488802,1304.5973390093545,657359.7418943087,980.8287503275496,23.319427927164153,0.0023073514189062617,65.50727784844914,1.0201857844463587,3,3,1,0
10197,266,447,539.7116949950845,1249.6660269241825,376121.4886906278,858.7067474956843,72.33286067866487,0.4502163436463954,14.353075144852111,10.477100165653702,0,34,3,1
6823,392,441,1369.4973042151507,374.5978122651017,665696.7958480755,609.5333834179158,47.07737463687684,0.046278574427514596,65.83131554244139,3.31621659980382,0,1,1,0
15183,935,453,327.6497597628146,1125.0480534566827,697724.8485049376,174.2600264796959,34.727163404249076,0.03238040340083321,98.43656169414962,3.1158158073173454,4,3,0,0
90906,606,244,176.34857586390822,169.88062238385945,478205.43358035816,260.56386148331495,37.17106574599105,0.044468905935076346,101.72523742855435,3.182119675022306,0,0,0,0
81835,828,92,221.89800901762774,545.5100198154663,906964.3038762995,661.015396355819,57.09010578132481,0.25543251146693646,2.2970916391100378,13.926809654876514,3,36,8,1
73081,482,103,1017.7874782862277,1161.0999021548312,351257.9392767959,290.45116661632665,27.40308260261158,0.03915279330375655,53.70578230256317,2.4161947537086297,0,3,0,0
37187,668,50,908.6451127328594,1244.9858639906502,198049.82417674595,475.71625045979056,109.93359787043713,0.1920158806611391,2.3711944681932593,22.076516377508323,1,64,1,1
76137,151,159,640.9353308781922,379.58631578282757,88234.81652485173,603.5778676815995,81.08649227537335,0.4776184956848919,15.363235050896773,13.15957613469292,1,53,5,1
24894,173,223,665.4983941776468,102.18954796980934,930092.232540143,335.3648344754484,37.06721713354952,0.023271519142176816,95.04693147319645,2.1553334364474326,0,4,1,0
2951,629,70,1402.197842447253,979.9080672459755,499283.73210189707,699.8443914852476,17.563255641089423,0.001607790575909246,103.95443631355197,0.2670081874739455,0,0,1,0
85241,836,370,574.3227669739184,87.76611179684079,382421.8465471215,849.1748061715348,16.069864136470787,0.04815569100690899,93.42382720125259,3.4794469482230506,4,0,0,0
87603,353,299,932.5706720440786,402.3810346547025,214495.47644289827,821.2063061422288,38.46568032184789,0.023353124712229386,114.06403130900219,2.6941979458729337,1,3,1,0
60125,33,68,692.1780468777714,159.66372065479243,421968.34765253006,749.0605835561081,20.385448352344792,0.013846783308045951,57.7179286711763,0.18350138919367376,2,0,0,0
92443,351,358,421.56333783232435,996.3484076971325,709871.0100804606,368.36626050069066,40.6027764172545,0.04329252123532758,170.767217197263,1.8804688918896495,3,2,1,0
20574,765,123,1447.7984399502232,258.2154219813608,589187.3578241654,59.402552067396435,45.12195637440189,0.04361385974458656,97.34971594524372,3.780363864638479,1,2,1,0
67588,68,398,703.4028678699638,961.9169646578184,29191.765791177368,317.78385817685046,1.3349438838323486,0.04860729003585558,165.16143065205048,0.5062733942250475,3,4,0,0
72712,181,120,1256.2153229948929,791.5293184785388,725841.9593838893,565.8746710903812,21.016568556694114,0.04963524409743809,62.47619839972716,3.3866756936439986,4,4,0,0
45063,879,487,784.5401503310534,898.813372692387,735211.3460878796,969.4331876936354,118.15947701470071,0.11552806387731006,8.520571379127059,27.458995909249357,1,75,11,1
17529,62,284,675.8950939431572,1315.496888388155,580039.8424112822,829.1757102567474,135.21450545569422,0.38797797087994257,1.321585809908881,28.591813658135262,2,99,17,1
71739,462,116,1313.4533820903375,264.71043308057295,559665.030070158,863.0537247106005,8.629361500607779,0.04976836638283487,58.804018253238546,2.795343774729502,2,0,1,0
86146,847,400,1263.5690467041036,1406.3958723222433,436159.1314599406,704.1114931777913,53.042310574650685,0.3830018032748902,9.489910079086972,13.270453656644047,2,53,8,1
95887,902,49,51.36196206491124,1108.9013438925176,544506.6487606918,401.64518546955725,71.78742080218261,0.4322024619412488,17.81533642094141,4.438538836108896,4,32,18,1
71530,146,205,1371.8205090933516,736.2534120215823,723353.8324462174,272.64886122695344,21.5450263946591,0.01109368236195904,50.41198569917053,0.1760063717668453,2,4,1,0
64716,479,125,389.7327997841409,752.9965516810511,954466.2740259633,856.286820703588,11.272224007940142,0.0314714539049087,67.62147897875387,2.665717175397961,3,0,0,0
89982,854,51,801.4820000756557,1214.6055638047426,603236.355900766,127.97867949106242,117.43694953413637,0.12222057240657538,2.2482802721536883,2.003740142832986,3,87,0,1
7919,993,46,597.296531684104,153.2462786101957,990711.9522932183,934.9373605765247,97.93002611471563,0.34415616139743965,12.365778394442078,2.5376839829206226,3,23,8,1
54860,42,371,55.33132588986332,379.6884598515389,255549.60228748032,692.3186783359931,64.52792440393289,0.3616631586561704,10.687144023196904,28.776143095424512,3,94,4,1
36049,971,363,1118.83968401802,83.07917593981391,465844.4994695022,318.3141689980701,10.797342908469073,0.00300835345207805,77.7224307538284,3.4233621803183216,1,0,1,0
87228,711,116,978.0869545405025,1300.2657871111996,283200.694065206,683.253425754291,27.943012808143823,0.043702230785679086,84.90612614638883,0.14745806054676014,1,2,0,0
68405,196,259,332.5032789505481,1268.0950700012077,513993.6725461274,234.98601872805736,7.912567500073605,0.010177578070398735,77.78302653939335,3.6922282889717657,1,0,0,0
66024,616,380,444.66318420897215,1355.1494174878515,777958.5871775376,909.1525020479434,81.73507552527093,0.28138811314618084,12.991022391191747,11.3833142725163,0,37,16,1
56324,624,217,972.4481799942827,924.8996438681646,455765.669660204,224.16898845280323,80.78343714076416,0.1132719256959856,14.553801328062107,4.961102991289802,1,75,18,1
43101,658,411,639.8774625286538,1042.6402837072872,989595.3931076583,811.5152572077188,36.65901114479093,0.03732652808779884,78.21441778430523,2.1820859117073885,4,3,0,0
65501,675,81,618.9115372603654,921.4304155776665,642234.8806731798,248.42470649999086,11.136016037608345,0.01924234749899309,148.9464142780203,1.652569653008139,1,4,1,0
31999,946,169,733.9992179907699,295.3202717110987,755903.5475395165,2.8999293120090806,106.74750409377563,0.31637668085993786,17.83421387673001,17.332134561183093,0,61,11,1
93785,618,42,1150.5287929077333,399.97719991471183,161345.07904311793,953.2763027115512,15.117051091616728,0.027019351524292953,133.2252690925738,1.2597409165424804,1,4,0,0
75819,507,255,917.4272092612506,1238.033792716999,14127.045357265499,889.3758681138062,145.5948165315942,0.44029817386766534,13.798552306800412,29.01751376831956,2,8,15,1
56332,988,322,1205.3647259455545,754.4959020627755,918059.0567231373,991.9821676421394,96.37740216441262,0.43080455608336576,17.1418631702621,6.372189051737615,4,69,12,1
23595,973,301,1158.4704554423447,897.3725497050842,126444.92139931733,706.0536814369873,38.84041429608516,0.017645639269197856,179.83843845953317,3.5074575018333594,1,1,0,0
53636,402,167,511.88398875525326,876.333734097967,142781.37225180978,149.98288973367562,131.72660914049283,0.2853019743821268,7.867974733799841,11.854727910710219,4,40,14,1
85795,853,75,603.8447688364756,1172.3429549867105,634972.0189758907,109.65817643827516,1.8540261229543966,0.036366880234008046,78.09534092121531,0.548685055419032,3,0,1,0
99020,248,421,1424.3947987186432,663.5693971912204,414233.1752059683,947.0881746293392,37.05475769976693,0.04578428492838041,129.78272375349388,0.7546071591544795,0,1,1,0
8743,939,476,885.8242706312191,935.0715098014057,417848.9711137674,713.9377176879883,75.60375472845081,0.442095475196825,10.921947371289988,22.606541240955583,3,55,16,1
47328,710,47,1163.7411466252663,1477.3521965300883,162735.64952696502,319.56959885299534,89.31478808536814,0.16503154468879322,4.677586826278487,14.95676884374586,2,40,5,1
97169,741,490,610.8348413265785,956.1246298702896,480901.31255312485,178.31227852286187,23.074384877653774,0.03640076856423055,60.692091450294456,2.8565409875331653,1,2,0,0
77634,107,4,261.7824505239256,682.0362785123682,687657.6789952087,816.3050469143046,81.87129932413211,0.48900501084922776,13.652163883571237,0.5929229758409333,2,84,12,1
71131,528,80,244.88901430915573,1409.9048622253363,505957.33058342565,89.92204105560648,120.342030092522,0.4082118453257896,1.4241541778329723,28.70737299451932,2,89,11,1
11539,655,324,1398.3337343662367,842.4245699221998,803553.5923903588,837.0672778809604,28.148423369054893,0.025510800504307138,146.5177360060606,0.7448229344672908,4,1,1,0
83109,837,295,458.30889734915905,828.000114179818,3915.001886526048,272.3816281311882,142.2085639762389,0.40132187528752794,17.403817786670796,15.409672408041303,2,24,17,1
86648,717,246,321.77747878068436,1312.4776539250447,42708.46985913073,213.3009975813145,112.63597807779115,0.3424688041133994,2.3014811437557237,13.658678427732063,3,18,13,1
36138,407,127,1129.013882907946,288.753550772939,523850.25864255376,880.9227053030103,37.008177550195626,0.0010102889119830594,181.07969037821417,0.2509669143443366,3,3,1,0
61378,86,155,837.3657970649261,560.5155925967964,857939.9731412133,416.83622984999613,47.95969403108473,0.022674946887008003,66.01859934742399,3.7384490146255955,0,3,0,0
39003,832,147,97.0368675562526,683.4604109645447,281369.9966201983,444.64212380777855,68.0984632000145,0.29325571463736055,3.5936139466152146,16.64421860138446,0,93,13,1
16458,701,385,1408.884100214889,1480.5516929556634,420043.83126523526,10.531859731330693,12.296099640596124,0.02844608459793371,96.99575303872513,0.8507729465149177,3,4,0,0
65228,630,433,354.02292497960815,632.9347854970129,913806.1599259443,950.814832296351,119.40768172152458,0.2813385119034536,5.275408864904293,18.84771155869036,1,31,11,1
95409,239,444,77.65324367490173,219.17351521998825,371350.9710095172,31.601108447155926,93.78164453467477,0.37782384858416695,1.1272242728244135,29.727661631601755,0,13,14,1
47553,951,299,247.987931401349,29.290282075110163,533452.5302211045,215.2346421718505,1.8626685544790882,0.01204320903022611,164.083315033252,1.7237741199533552,3,0,1,0
48300,999,362,272.99467203874303,1380.1604671039606,480937.95497237134,889.3089977960232,43.910765636759734,0.015027570050479028,81.91624198429747,0.153521215294245,3,0,1,0
1263,515,461,122.35606153254108,440.7811505885659,124240.96597148033,369.05299814736213,1.7022972671006174,0.0059675018416368245,85.7094188398371,2.1814169006807753,2,4,1,0
91537,396,30,808.3351062373711,50.928046555081295,51424.17450764231,377.05411620958733,97.89253683447517,0.16258079275465426,12.38472595640647,20.2080093995557,3,73,0,1
23241,871,229,1436.6726294565276,1446.990296038011,859236.563101837,729.3302486992651,94.04189751425508,0.34647252946379803,13.78805481064872,9.333982347103145,1,98,5,1
34630,64,374,225.14166159457582,309.5218178536721,793270.0224841774,886.8064626993026,76.61180880862346,0.1722116373550148,11.472046971043223,23.74105599513898,1,80,13,1
95201,512,352,563.8064183847017,57.79739959350874,13772.17483482314,356.5446849908231,131.48927548539862,0.34701859015410064,15.476000760659264,12.568175343984029,2,99,6,1
37341,561,298,1134.9897416097192,286.366770055942,810575.7572726363,711.6834856487434,69.78604183331049,0.13979227342497538,4.518680326257066,1.46905965446439,2,37,0,1
73034,349,256,1294.4351157689541,939.5637977652659,378919.2338087587,312.47188918626887,48.069798726565395,0.0480850845625706,128.24086816630827,2.4322258388706746,2,4,1,0
10418,76,191,313.5958336761517,500.87091057137104,253938.26252697324,772.039743047687,109.99244423193582,0.16550338146825022,14.111942418115817,13.46186925397248,3,81,14,1
55091,901,295,723.9560668348087,241.1942002718222,286592.9487242089,176.02554418200157,12.05865975537159,0.03842463758612959,61.70872961273762,0.2859095754722113,3,1,1,0
91695,198,277,395.1582535207083,148.23673458863274,922070.2140647032,86.73337548838701,20.413519315531705,0.031059197114914883,89.75768125900234,3.0918234700958296,0,3,0,0
61189,379,201,847.6083885251637,391.66114821031744,120726.1143579104,737.2688764902925,16.47081121146567,0.02487782475751237,114.87886600265944,1.3659510320580392,1,1,0,0
56019,906,465,485.8869206138638,223.24340341051456,666410.910516556,367.09372702154286,142.84201521662527,0.36524660206701487,2.4580179086024523,27.11277822432799,1,10,1,1
83840,767,342,541.2842340591085,593.7883228175847,4785.938571376467,588.5819777585699,74.7873235221225,0.112100285707634,5.136910666534423,2.552152727635002,4,54,17,1
87870,487,332,250.39549259342118,391.31732887936374,491947.8698989209,764.4776031382878,47.99208639309732,0.022872920729642195,118.06272472305646,4.336815265843898,2,3,0,0
60695,580,496,565.4982228905743,1142.590960675401,229464.27026098117,440.66643593020865,35.55837349313254,0.006815481872332507,134.34842141592188,4.71881244282472,1,2,1,0
27017,945,300,924.6042171828497,611.5975169227547,207427.72979927497,950.9813428616925,74.21929841983241,0.4526706038392677,11.178458426825117,4.199229826862681,0,33,17,1
4961,20,73,1165.932538571062,876.7808367458982,730758.1677577058,902.3753430982765,12.897661627139588,0.01182398886303452,126.83680414555536,0.41946319070870264,0,2,0,0
13574,428,150,995.3177172970985,113.3833687394502,624792.2930664171,805.1984298012788,143.84941525020275,0.23453916212802364,13.340569130731424,25.998012117215353,3,48,10,1
14916,585,377,27.91208442476915,158.37269636913385,806708.5095643501,502.64464918899927,128.8690212429205,0.31359042566067763,19.047854616820114,13.78435321515104,4,25,11,1
62957,978,361,1076.248890526785,404.9933489237939,685456.6505582489,65.14297335727446,105.80010981480999,0.255165276743787,8.655145177011836,6.602248200148531,2,45,1,1
56642,268,245,853.191614278477,1361.2569105070013,666041.0723336281,606.0584857641737,36.65041958031165,0.03220584966188553,97.59703972468242,0.7475287104079781,0,2,0,0
19942,697,278,1106.050444323088,1382.0591346512429,631291.737222615,654.9704477285734,37.64931783428591,0.006050800323662598,127.2326939421443,2.1147761123523297,2,4,1,0
89553,325,241,238.83585322607996,737.3808805700264,799745.5662496984,660.1552300214325,14.369706141103936,0.013898260839176908,68.38085283281058,1.2712718014392594,3,0,0,0
83520,41,433,1199.9894973464304,854.4180785314909,373231.931951969,376.23093322152835,28.225248062570778,0.027998131497055052,187.93309661840627,2.3933281911243305,3,4,1,0
68156,647,390,1329.9772784906152,1470.2022878485182,24163.50194769421,988.0890152145561,43.024594121416094,0.015979417264638585,194.6294005483052,0.19736314198116778,1,3,1,0
8605,89,170,1472.817098533016,657.1264821848928,858827.5889106871,115.81534793179745,1.036977690482523,0.04571781692642351,106.15575962063295,3.710189721763703,2,2,0,0
56366,718,22,764.1427617339591,201.79963049733553,41070.75822334745,590.3634424960204,35.60559106209762,0.04837131476026225,194.8452183831391,0.12619103439532653,1,0,0,0
91942,674,165,871.7707879878212,1080.7061556311035,874131.0213601729,353.3815929591273,46.13742727235568,0.03819220932752792,121.25183405692002,4.280679011056373,2,2,1,0
99359,49,91,764.8252828010206,768.268635003531,379563.836174846,52.82406209909517,10.214772261771822,0.029235266569475934,61.847924803906345,4.308445196629637,4,3,1,0
57169,537,96,181.47088703225194,251.58037728208265,867816.3359462054,727.3240227838937,36.53799243895857,0.049490660341297524,82.41011765401657,4.266109618240873,4,2,0,0
13316,188,164,1310.561351388151,746.515035750569,117107.78148642762,166.12400044164687,20.03300904219806,0.0205985785321273,55.52602168609765,2.590960125000867,0,0,1,0
49950,712,192,839.9896713875025,884.3916076438966,743999.6393200527,874.9986595629812,46.16547300160207,0.04545299585860157,151.43390706941733,4.612016305559601,4,3,1,0
94249,136,304,1083.8571793478307,241.0305701235857,772663.9734522882,148.03195890823528,43.05643918137838,0.0492344555062385,145.03404738663102,1.3055528700421966,4,1,0,0
98302,161,262,539.0447715606391,1057.2743388640042,656956.0806342586,421.75923023288146,108.83463183612838,0.3421380485913882,9.510121212403726,12.918202036709395,3,5,17,1
6982,442,77,73.46986461619841,1451.0817165362519,587090.142154042,75.05876508512085,3.9943844843482994,0.039068851240175895,177.05101239325492,4.834376797346474,0,0,0,0
17812,70,194,913.853279106269,761.6643517143344,801683.2363049212,423.34899762061735,22.90667063872378,0.03931583674516379,120.55928604957526,3.4679367935415346,1,1,1,0
65317,714,163,528.4819379921408,448.06381473357237,450503.27349482954,939.4195080402579,16.25530230252467,0.002839285494511684,176.69057530574133,0.8245500257043725,2,3,1,0
84719,454,130,478.91120828936454,565.3005558491711,710419.7312104369,956.9964415342946,1.3472084778661206,0.0029960318887125195,96.83788006834902,3.918864388793799,1,0,1,0
34253,179,32,147.47062260015718,398.0084982735647,208705.8150889204,709.0252447203593,48.050463066103866,0.049525555047225917,68.48852151388414,2.6517130852003716,3,4,0,0
86270,990,412,1124.0350049830233,1438.6571253204218,661531.3662942263,616.8921525337972,32.72876364506858,0.016445337104827457,106.82762536904906,4.105323321955494,3,2,1,0
81892,965,459,846.3300751591399,204.9029213358318,552938.7625989318,810.2384111703988,124.62893352728734,0.41232788257633735,3.699481917695296,10.177074584187352,0,39,6,1
48920,420,87,325.54699449066027,1310.0694631136828,279644.5851463814,795.5789425834256,138.17255172120667,0.18297817227205782,16.634832155874115,23.685395352552376,4,52,0,1
66391,253,400,324.2403431402377,748.580100293272,180742.35742098122,715.5408276621171,18.63987432787169,0.027235830776901577,166.19051190452967,4.46882299665244,4,1,0,0
17058,822,217,477.691081964309,722.808912907784,137929.00389529337,743.799044476835,5.482465152111232,0.03434747899208815,190.83897267506526,3.778616462278372,3,1,0,0
42162,816,476,141.55886494005733,130.06538837219261,155776.11062474098,378.27986867992865,3.4709860047743173,0.012068274008662956,181.34302885214586,2.4990145128404793,1,2,1,0
68456,724,335,684.8897177553562,1030.7208894691112,420708.6422683246,141.25995930443815,17.7420500555559,0.02418325322695193,153.3790939607439,0.2398287265087634,4,2,1,0
61909,328,479,942.1608256063062,997.6532423836973,17194.832503805676,769.9515181099837,1.7620473851260727,0.023551778741809245,114.29797257403499,0.7526509852567198,0,3,1,0
48487,531,436,587.4936077479094,777.9561820060383,506897.56427541905,202.12081966238475,30.85751359246031,0.005223312867919156,197.40550667487867,1.7591982051909605,1,3,0,0
24668,668,250,1248.8102524613048,207.66969189817968,391544.04943694116,306.53994676376726,6.099711187898157,0.03352707052331411,79.49829027290195,0.19279503644798912,2,2,1,0
90480,880,189,1423.4096373657092,1237.6328121572556,480992.22196386184,359.4952239273477,136.17386693860777,0.43021895782262176,10.712315033708446,14.823829209291125,4,22,7,1
99108,640,364,1373.9925832897652,906.3388765364659,988760.8546928479,736.3227644456903,34.38303237624451,0.018196751584720124,185.32131632688777,0.7144737967152687,3,1,1,0
95023,647,429,600.0728750682124,1423.4497082390737,907925.671567649,61.698206636667074,114.98045264805056,0.3574282294834924,3.712796787757247,29.34545785100724,4,54,1,1
32938,142,276,762.8302126908541,504.1297723185802,981158.330407184,921.5504263627619,14.377093482016985,0.01572889928557592,77.85094185396315,3.6593977277880647,1,4,0,0
30688,146,231,622.2753035512003,428.6675146650573,507857.35628942936,751.4308951870491,36.813712757390846,0.01617781859886817,136.94727730778166,2.3648695714119,1,3,0,0
48605,946,7,70.62450963714862,231.18745192976738,965059.6232752026,855.6762314623508,13.890586075745478,0.029526260413042096,166.701009040237,2.4847083742053497,0,4,1,0
34901,659,313,1076.8647634900317,308.09717233988226,540441.9149469002,62.13661878843183,64.87384404069681,0.3516818273092429,1.9035077940546328,8.846319663474285,4,6,19,1
91841,948,249,835.3307984293745,1295.838130947088,584484.1708804913,235.8032682068562,147.14774126679947,0.2619925781418603,16.602514076711863,9.07907158154417,3,76,12,1
40039,851,107,360.8278574213513,1259.5950925344525,916815.0521501001,234.17659209902558,47.71865218403694,0.0076974751106378475,79.83910765464495,4.327601310074104,0,0,0,0
65062,193,454,230.17738750375975,1348.3375640890445,39604.20836217733,456.830195696257,137.58839415767437,0.38697839493803343,7.053278975837589,9.370363838613123,2,62,18,1
65763,936,419,291.68989354051865,939.954003953098,107171.44543571932,902.2419813133466,23.363883021479158,0.014070140535314064,177.04291019915237,3.1809049616269225,0,1,0,0
93801,288,268,137.53324404951655,495.10984047635054,903894.3862261609,584.1695990369001,9.436022880355322,0.04408086596644062,137.03945391720225,2.99481495289357,1,3,0,0
36139,664,49,1308.8753844743542,904.9331637104171,897307.8383258793,336.3160045382344,18.864375451423495,0.009622653557550698,91.76805369020478,0.9662294270233607,3,3,0,0
53455,561,417,616.3699570391294,921.8443537131946,709950.3275189664,836.4928422132865,64.24324825017433,0.1695041147172184,16.40504662158005,17.554962800622135,3,41,5,1
98199,158,485,738.2906270009014,1342.0332804399104,640196.6601725314,967.2035495768947,30.057182951434676,0.00594815955284444,86.78347709317165,1.3652726880803594,2,2,0,0
53900,692,52,1261.579101242194,466.69016517607264,139699.87437600447,859.3419754657643,9.84585383595342,0.008309552910729628,88.94334996609587,2.142220227457167,3,1,0,0
41674,939,98,666.4902828086219,478.294009382419,848349.380526834,736.4359659314343,149.92881518898355,0.4800227337087002,17.885316656577494,12.803366290895768,1,26,7,1
54309,158,244,1494.3466590456405,86.74511074065711,560625.8717028083,12.115642821916648,13.98410857368311,0.02815310288644783,134.54554002219786,3.883211395969452,3,4,0,0
9678,805,342,875.7562817866765,172.91652369961253,346226.3127164583,413.8014017228079,30.76827397738307,0.004159903289044381,111.92675524840675,3.4254042628087396,2,1,1,0
40519,256,462,737.3260977164459,856.0867430068043,286915.7494754249,771.2367161392889,118.2431083828765,0.14600348855698606,18.662613786970738,27.559199638450508,2,54,2,1
2699,982,402,548.5485119920794,1227.3768967308351,58537.653145791344,43.408459505409446,122.5384490748813,0.18010314544943173,14.963149186776263,12.3834121643245,0,48,8,1
15516,120,8,857.939119978339,378.6386754151994,680214.3459729245,427.5061695642364,43.0431612836373,0.02862375233010679,101.52015535486663,2.8622011004453203,3,2,0,0
11628,658,346,1037.2289130061297,706.6531834086476,960952.3239115688,283.03215404791507,47.89799091646553,0.02780415844317548,125.44202563632103,1.2470275045812163,0,2,0,0
96699,599,216,679.3922879366944,696.4623667716329,413083.91361265216,940.194237771798,105.9295002136887,0.36844622095188617,16.048646613720287,5.270030623771873,0,72,4,1
92394,138,164,1253.2433621970013,1430.3992628629205,859162.4288586213,437.87934140019377,28.805510177168472,0.031274953687460146,153.4664260489682,0.5364713265188409,1,4,0,0
48047,588,155,673.2810174839175,1189.851870154796,147936.86812347223,56.04773240464691,6.604415243853803,0.046194161233001386,166.04331870250684,3.8139431746983945,1,3,0,0
86001,405,21,1128.2178226675053,1007.7957311003709,754969.0825804252,426.539695041263,114.6827639237101,0.38249965418219545,10.917923647073204,26.694899721253073,4,59,18,1
53481,617,272,66.88904133581356,295.9650147627402,839644.8941724274,745.3270833238408,33.20678546971762,0.03851895664989,85.27499542436831,2.6058683074721882,2,3,0,0
49432,61,485,843.4106503127213,966.8187366290543,698921.294559719,712.1075482275668,117.82371277256776,0.28848177907122025,12.945543951511809,12.058294497763155,3,19,13,1
13764,57,124,904.8792315033487,308.81528203223843,371271.38581885234,602.5660265802912,100.08569661352718,0.4491771534411596,5.6516017876242355,16.965975319111465,4,33,19,1
35776,448,493,274.34360182370665,607.2013596606453,6278.129057244124,552.733829074281,37.244578031174754,0.0011826580649615893,182.12782592857667,2.257952623674522,3,1,0,0
18020,911,355,840.8502573997895,1380.1803872685566,522101.81944697665,513.0365332803209,37.544046067623434,0.00023773795272316047,177.4434432707343,3.425520510170083,3,0,1,0
59509,417,237,1424.1795211280055,494.3576730956117,474496.85784041754,723.3306849787632,34.08240665493941,0.03810092257890804,74.46316362021776,2.4376405604756495,1,0,0,0
93991,880,179,522.2969702396877,855.5481973433581,707029.2026962844,323.40081684804863,26.311230300503304,0.03497282700251327,80.73585816364124,2.546094758261723,4,2,1,0
52702,268,283,1181.7056067653307,1141.5489837381288,14208.652797240093,167.44019276980458,102.6689502979317,0.4379333388790204,4.791593042067097,12.381319856948258,1,93,14,1
1496,495,254,22.023543682585256,1079.0428133067783,955218.9875454395,221.6979079974456,4.706608730212169,0.02555447060544392,151.23927603166223,0.7242506804076748,3,2,1,0
71050,923,415,293.96784023296584,1076.706676557046,932883.8719174883,646.8803915439788,20.9099183750439,0.04107095703857789,198.5949109922284,0.6654933898176235,4,0,0,0
34574,583,485,206.40536563715327,1220.0564348875016,413473.4637252786,557.8853521292212,141.6427645380021,0.434968702892211,7.826779623398004,15.130041003066152,0,68,6,1
34698,479,157,1378.3368115262072,961.3182329607031,86664.64590652085,378.000320833223,5.5741150500352745,0.017935686463853174,149.8706179193295,0.7595668443578102,2,2,0,0
35127,802,424,190.64232624381933,739.9916228905038,713827.0026851097,785.8913061618634,23.169563880674765,0.021282408674536814,113.72808581014536,0.6562371258906258,4,4,1,0
63597,10,220,600.8249292100868,260.4034742661958,465987.54347913567,567.6954392878345,31.855491932333024,0.012272023673441502,194.84563410803156,4.115254671748402,2,3,0,0
41016,805,289,180.57052397036557,863.5217033719291,673627.3547210091,912.3837475953525,147.43121993009555,0.34683141211731694,11.838282407875145,2.2572216650784327,1,69,14,1
53688,587,454,997.7157736827467,1446.0563857837622,410110.9860966861,316.4833653471871,20.019282991324634,0.03939187733613944,183.92833534438407,0.30001724697127585,4,1,1,0
79498,704,112,581.8477340829484,1058.0629465882337,952085.0238284393,587.645026761295,91.52406581791664,0.15760874910587275,9.378389067324827,22.078951326665543,1,29,12,1
46385,743,401,1126.2580328033043,666.0287184997378,672291.4118272569,825.7984016838312,2.3958523672983927,0.03604729033627811,175.3865810043859,1.2693010049952784,4,0,0,0
93209,737,405,1134.377556426952,540.8975400810151,563393.0419540378,91.0475190113004,4.182481804892694,0.041551323567830034,76.51874604408988,0.14956751021632575,3,4,1,0
9633,556,288,421.4682042343078,824.2322562293695,380996.34234237095,76.58995320818616,12.923003362097097,0.03692538417757015,64.16828163702803,3.0177888715157257,1,4,0,0
15074,330,438,1469.7085876012652,534.7525279009978,321457.73388486373,59.800125901741815,23.994234873031694,0.012403844024515094,93.3624953691777,2.9925400586241317,4,1,0,0
50356,466,442,798.9597427574746,999.2359075226882,384648.58887973736,316.1240877382399,13.077242588729519,0.013939971888654729,63.055675176065165,4.077755501631787,1,2,1,0
68381,465,283,469.5139794361694,1227.3563927522289,144203.06820082065,278.5012357800858,125.92356282723486,0.42989722004259356,8.331108240889138,9.691178004211292,3,25,6,1
55069,833,171,1074.2481969600824,1483.8226011894585,395294.4926802983,642.1203596537973,47.527209308153886,0.001772547268473762,71.01316226930336,2.3073572246601888,3,3,0,0
18715,930,41,1189.4842091367568,69.78774850609943,794040.0838686279,387.6403001619888,6.401991598475931,0.010627297473924387,111.89514971671184,4.216422479986923,3,4,1,0
76751,923,340,1020.7161654896404,1239.627697990211,736036.5008139658,225.4304572233072,69.38169658713565,0.3476999657612102,17.87667196721427,3.415859159027451,0,30,16,1
16620,861,386,843.7639029113466,762.5249381223089,537963.6132511976,616.1066024190005,23.997262544819826,0.018798319363563368,188.14304205272484,2.5018829878637017,4,3,0,0
86266,232,473,1146.5827328411838,758.8752348366592,97583.39687149777,259.5885708595301,90.38663169657936,0.4977326085293884,19.15584534987097,27.353636361396955,2,36,19,1
62213,960,477,850.1784251647936,940.1520930495543,96459.85555542272,845.5019509883674,9.756402325643448,0.04737260542457162,92.97092181394028,4.161158093943692,0,0,1,0
86075,795,92,328.05525627721954,890.9828239610097,390013.021064595,525.2418323133846,62.1630367930841,0.49233871850050515,14.329726786689207,12.860152959433977,1,75,5,1
12679,374,215,943.7677776993147,160.77399001237868,237205.66430014875,454.69671543775723,7.303724330770317,0.016335172593958103,142.66117744064596,0.9021552224610191,3,4,0,0
90885,164,399,348.83750591100693,1347.3639239391282,864318.728077687,660.8768946937342,33.47639350095949,0.03084111808721265,118.34868107161591,2.7335798156921367,3,1,0,0
2076,50,492,697.1532974527622,209.88265952174456,504697.5765420995,13.824173883842473,2.720765224289446,0.04843895482564012,113.10339076310927,3.705178981076246,0,3,1,0
66825,58,458,965.7242048229255,990.2644046627217,8591.660210614393,556.7071353426751,7.191554086597184,0.023022381461832154,67.03443729426725,3.1840005389162602,3,1,0,0
14483,571,438,491.13411994752425,625.1115952332708,668527.4031237469,705.5034584019633,117.32769990904953,0.2624018890863363,13.974485297415688,26.252854121020373,3,81,1,1
35981,738,25,1359.0628335479635,76.30548384421297,747359.0012988073,947.0244115512476,66.68661764501033,0.4704302889223936,13.422652607429534,29.69711007461363,0,23,6,1
20236,121,224,35.338109595749124,1456.4708996113566,882014.9069801618,397.8911716815224,121.80023227577195,0.21570915434175195,10.140316340802196,7.380327027971466,2,11,11,1
35941,986,167,220.91409180447937,48.8760662655374,795669.1953021315,896.7336982588697,40.459094612861335,0.021369249427474587,184.79046960036067,4.296332413883425,1,1,1,0
19843,290,458,834.6271243724573,890.2658096474308,995932.1707759306,783.2365203700452,34.390307279660774,0.001751652391282116,178.01562860623935,1.3284280966681932,2,0,0,0
74391,667,120,580.9867650771063,1006.925843644149,928651.2038467022,84.30736678700961,114.1504164905377,0.22920264817736735,1.8566079923004242,24.783494370701003,0,61,19,1
54618,293,490,790.841507828004,634.644931850498,986943.6382856533,59.89924853837198,24.274465682574952,0.032404392934930915,197.88110964349892,2.207698099952578,1,2,0,0
16275,250,88,37.489584382205386,947.2540948561539,644316.2803839262,316.79164060683775,39.33930408116025,0.042095512824333575,144.09705162967703,2.9056562747106627,0,4,0,0
25309,533,159,264.2272669044613,643.1712076189256,861217.06386805,964.4955015148884,36.73112456625367,0.0025710794793941173,75.00642982719408,1.1226688572501864,3,4,0,0
32323,997,471,646.5345260079862,131.6333501382323,266653.04791406204,376.72951783734896,124.33332567355366,0.1087938528994656,10.257958328054666,3.502854004889732,4,69,13,1
31435,309,118,1323.3500007495943,750.6551776416155,636242.8676054993,926.2497418665824,81.771550193321,0.23404873199198276,8.150110320950906,28.649252458987274,4,42,17,1
11560,695,283,906.187544668853,1288.9916639753392,214179.2551166151,232.71395753211988,40.73161642584339,0.025203561423582543,103.18954248267518,1.6142818246038009,3,0,1,0
79659,518,45,292.5320964350226,205.00527540367688,373181.55458177126,180.7625518010438,13.416229605202158,0.023352424970072252,136.08617209889215,4.195920864649338,4,3,1,0
97621,162,62,370.47999529136786,321.63148511424316,362624.6162171464,168.57615287249865,10.79248832054059,0.007126457140726201,185.0068535489885,3.712411643540377,0,1,0,0
13900,772,431,424.1030174879562,883.4500232166201,815819.85165064,577.5646468368598,61.023870653013205,0.4979004238379463,9.567480120619539,29.158419332114875,2,22,16,1
81893,351,83,903.225384639525,414.7903105514059,950484.887803969,306.7404817393624,82.5570900439644,0.30199512653934113,15.982014375139967,7.0364088765640815,0,82,16,1
4292,316,222,526.0136276657636,611.7845063344457,792406.8060216836,117.05467568052973,45.93465473687363,0.04723284596766161,106.39235632660004,3.445502327354722,2,2,1,0
91252,352,21,1096.098410853372,739.4248559791966,249705.9549857699,666.3953904442744,17.343857266582226,0.04859078098360399,131.72829043548077,3.478473424435093,1,0,0,0
94384,244,427,1011.6745631653001,1271.6018106938322,402469.76801179536,712.4154629534952,40.31432252601465,0.046189964578923146,61.32014395334678,2.807630317443672,0,1,0,0
63158,840,424,919.4504822739137,896.0303255498884,979812.3923008859,408.37678210150926,92.38588270842715,0.3506503817237502,7.49116583572133,3.174794977620438,2,48,8,1
62550,797,435,587.5063152134497,579.3168509279109,552727.0843947959,342.81348607711556,36.97497438467543,0.002129628826475566,96.00305312882708,4.330634733141666,1,2,0,0
97776,801,449,56.39941206118423,484.7028175579538,992088.2859508718,694.8503616038973,92.36132637411842,0.10744364582223516,17.994743182031748,10.762777121539678,2,54,1,1
8649,64,421,901.3892627428315,1141.3096062807085,839519.7645577876,542.986599038742,109.3774739384807,0.16892215435076324,5.702183269511508,22.229821747739198,0,33,3,1
62476,369,279,285.7230369352306,1137.357478673492,912360.4403051913,461.7814909894815,21.538281164704625,0.049316936785824314,79.32490003064447,1.340518543774153,4,0,1,0
65624,477,95,871.06799953918,423.84727217698475,786365.3494377299,84.83606105155499,77.37030569779508,0.4577865555600926,4.970393106041541,14.912436247103873,1,18,0,1
69110,972,195,435.9587676473023,442.14685191212845,221487.0709799657,336.8263568735645,112.96866435280276,0.4129338448915879,18.42561636717062,27.680338210323395,2,94,1,1
64438,290,208,991.43559748909,973.3559324517273,306221.94854711683,658.2109809303054,63.86856719944942,0.24235649891743194,8.178868229818995,16.9773224178127,0,57,16,1
37109,927,32,261.9957981499167,351.06218829407794,961854.0361593772,873.0068088662141,116.9886712784464,0.37008790544619175,7.832794283943,26.062186320274133,0,96,16,1
65091,97,170,903.7646434092511,875.7048841895192,334551.84396545944,753.8560761074287,47.96850480985594,0.003626398741359671,106.2252140254599,3.978787782590301,2,1,0,0
83640,547,265,680.2170430650409,748.3546641283365,977232.8466871242,908.6175991171274,11.536377007864118,0.004697244843720777,110.8799247936845,3.5028962124164447,0,2,0,0
47975,4,361,133.65145955572956,430.7117435634145,872684.8233065138,975.6662408432362,48.13921227889361,0.02192686937191637,171.29877893745004,1.896802529640641,3,4,1,0
923,162,252,1155.257941276199,477.4234061611136,774291.8087988917,631.328106556414,73.82369168636214,0.4576811809149697,9.526327248077315,22.02107058960582,4,88,11,1
17667,706,380,574.534888232299,1491.455621463039,557346.1114732615,761.980891360436,61.13206259724146,0.17049341133832666,5.532322430897588,24.280642266334468,4,70,4,1
89624,610,106,1032.557363175416,1004.9174973708349,520904.1502645049,572.0443704163425,76.92635147014815,0.3644714662881131,17.173142051238703,24.73479629478773,1,71,6,1
5657,638,47,1040.8021157792587,1294.6401307492558,528154.6873235937,748.5741250102651,63.79070024538564,0.22275280579122714,13.317048614666092,7.311568268568103,2,93,15,1
25456,540,24,74.59394867347768,456.33271065861555,112109.02833001522,733.1870127393057,60.79651934762526,0.41076390913181926,11.32148016232751,10.56397212255986,0,7,1,1
14224,490,242,469.2610512773026,703.6487660789153,555257.52577199,655.2043962791782,31.624723296164735,0.017092420315300196,82.34340524609868,4.803471310776876,0,1,1,0
41828,751,124,722.9674732859401,544.6916069968778,281108.62989250675,769.8475581857751,26.305169354146106,0.04807657137374388,78.54108483416199,0.6394244436898078,2,4,0,0
80396,45,54,524.4893416292341,552.3708759116138,232039.22491027316,638.8118719801514,131.06968066282982,0.356245298523468,7.468199594015601,20.848620966104473,0,62,18,1
47863,928,490,1007.8222316976756,1197.169253006639,369971.72078062646,522.9338173624991,52.791051110764684,0.35007363523880153,16.063861645988187,8.495977770493273,0,25,2,1
31541,106,377,204.87071487127517,1302.8600672324583,255283.79541232833,602.1968199040851,14.14091485596683,0.01903065727073294,161.55835007141377,4.357334579973449,0,0,0,0
62505,504,159,358.12278484264823,347.6301595726658,623579.6217035104,859.4537417176564,36.836971931532,0.03992557019192318,189.32206176770194,2.599182022901036,0,0,1,0
5113,563,378,216.17123377367545,246.4532598071565,143904.99508307665,979.8568768560355,34.509012500236366,0.02247196737779424,128.09655237686616,4.8094773755138736,4,4,1,0
36675,511,395,442.94770090685046,1231.677941584065,305169.9429042122,24.86278309101159,88.73139526335186,0.3187685281045337,14.815089602995338,12.417706791220152,1,99,5,1
38577,426,175,802.7508060270217,30.779375003677927,227385.64083345915,122.28367745306862,30.038565026629723,0.044613420816995715,69.55599369921643,0.6406978536748426,2,3,0,0
37606,769,156,1490.2181383351967,566.5898331821339,242295.9472031809,77.10364267968262,36.93953054778901,0.006313139383552463,73.35354998115623,4.620159657832875,2,0,0,0
43982,192,209,888.6933782716566,812.5260966128767,999915.4009603787,108.79372577313657,34.85621162256349,0.030421559452304965,154.54695471940175,0.8991473621092222,3,2,0,0
52706,826,130,409.72504278931024,820.3436036316649,965112.2369743275,278.09923631450346,82.41233627079833,0.31914509578171746,10.666017619007453,20.485579256690713,4,77,15,1
73085,55,123,116.9342346501652,1350.4342328553382,189330.06677829503,147.40911811876808,54.470174992303726,0.19833154598295488,5.333149943902784,0.9136785800189763,4,84,19,1
69429,537,108,1033.1303150613282,1358.4803685540383,106840.11667893572,459.7605608750564,33.359168755431256,0.02972351436482882,174.87078810997764,1.013536102079275,0,2,0,0
72946,192,125,528.0912644380635,1328.8822180493112,85470.81791987509,794.4253191660828,3.0546470611282057,0.008096767176521307,130.23836954038597,1.4459262187051947,2,0,0,0
89511,844,123,1225.8151634032854,20.745944321011407,192435.98195434434,668.6041130996026,24.608465982585937,0.03894617723569105,110.53615707935109,2.18939540601564,3,3,1,0
88830,749,372,827.5425527446044,1145.387486025501,540594.9234576365,566.1386687280959,137.52922635346027,0.22268477406549608,1.4181241584897792,21.860004865355496,4,88,0,1
67923,195,312,273.69299326123416,1091.2921870252042,846700.7876618489,596.3348188660949,58.73037631756486,0.29487116854823775,3.836577519986341,12.733992046339038,3,58,2,1
3048,628,148,785.2220779003608,1257.1996522506886,24619.644493927146,27.75690930605675,62.472888521775545,0.1866164497265449,18.907703961129698,12.530195028587862,1,31,7,1
50684,697,333,345.56564128829604,278.382879880373,476607.7679911464,580.3888645876349,52.44588861628042,0.42418300484246374,1.7781258978783843,25.662391907581817,1,58,16,1
83009,946,20,1280.579874547672,575.7751906530658,408787.0433365058,299.6824376951759,142.8383070871585,0.19170462105210695,6.76592760229103,28.933595670933055,1,28,2,1
2320,571,70,1109.8559168839681,354.85188847360536,608114.9625168076,677.0688357662814,3.561174631729548,0.03184133218009893,170.00545173082875,0.6435524238770235,2,4,1,0
1497,352,341,1312.7357595676128,328.6629387983248,48267.261804542555,753.1417639658017,118.4377148352985,0.11546385757360583,14.178720638723155,26.336625419431613,0,5,1,1
11708,585,26,704.503624276631,255.1799809363357,617994.7034531449,410.0956465381726,38.58454450356591,0.03780083918695967,163.59254408156113,2.6843214180495476,1,4,0,0
34395,458,388,27.666651923236934,1319.578968858902,606676.1459905015,10.703535734247884,29.841851505124417,0.01914576299073253,107.01862927364238,1.3711665141017977,1,4,1,0
70420,132,230,681.4246075588981,327.5586489591763,171183.3812158187,847.7708044660595,51.825524625757005,0.15414151094927925,5.562086165700245,27.44310378631891,3,43,4,1
40791,82,470,958.9342009809044,1422.1185466395343,419063.7732450388,796.3488430764506,60.269519491709325,0.3562644527930059,7.909425525893872,21.343202279615312,2,10,18,1
31130,274,17,412.47987637739953,852.9203888312084,749655.62572322,999.0992321164733,134.71253418860655,0.17394060606008335,18.68391067818277,10.292825433790716,1,15,18,1
41956,668,437,1070.970074145482,583.2459173767202,264395.8768745945,585.7942153324279,11.681523246132167,0.025992908700221737,170.5818533425085,0.1775207095208875,2,1,0,0
82406,510,33,31.12747697831626,133.36377348673705,275027.179304114,507.73868722375187,52.09196799253573,0.26185646740735696,15.170783784993272,5.951706335855659,0,5,3,1
94798,311,426,983.1834971412407,601.7590664640229,198967.4404321593,299.4696649560088,25.971414993309814,0.013656815886873314,68.84609630598408,1.2339631980555472,3,1,1,0
53466,420,150,586.3697015271292,1470.6857064335566,924332.8322536006,742.0880373216279,86.79151890659304,0.15662317198001352,18.002247797520102,23.341697648879837,4,88,0,1
88203,742,409,1035.2106762761537,1420.5034686286033,239795.6515054663,56.35763072809797,43.775357026880165,0.022354256972428262,149.56333884306002,0.056019185270817506,1,2,1,0
57866,90,135,258.3007843909767,121.79373516062103,28543.5639586145,753.6383558331811,119.6857405792821,0.13689379829387827,8.428325871182272,27.268370723445038,3,22,18,1
34442,332,162,1484.9211255374667,668.5899860033755,847965.1743340464,196.4128609519209,22.602058338408654,0.01955010219680907,166.25855036248697,1.0420847573032377,0,2,1,0
70416,332,321,348.87437964641407,362.75962997777947,384294.36760638934,761.8006192815111,18.456676284462134,0.019813038949307582,117.60713801733023,0.9671821539001435,3,4,0,0
81728,795,223,242.97325080050334,622.5300491901941,828564.1686982352,723.7034981444574,133.1811732090251,0.22587218056871974,17.747525871075677,5.423035385489071,1,47,10,1
12388,233,283,615.4861799525866,1160.171997587452,936090.8443848861,765.3154699767866,13.826301235504108,0.0383855568667702,199.30994806766992,0.8947782959791045,1,4,0,0
25722,550,298,949.0366709111213,1231.6166025540867,907436.6392297667,509.6095499669777,18.553136809382554,0.0008003762532224512,143.2278243264198,4.626630881884248,3,3,1,0
67037,230,128,432.18296079381423,642.1148417030338,887292.8865076237,817.236213036623,12.17492745974153,0.03932117069133598,135.7128650059137,4.012462644221706,4,4,0,0
68607,609,299,1426.7755821046806,754.4917897429427,247813.1729290092,446.48355299176444,77.2816871983982,0.27341070874649154,6.640183337867801,26.178317960917376,2,45,11,1
52348,758,473,331.1384236093314,1458.7842844626666,456787.44841070357,547.1051689477596,9.742165809619966,0.03711668370647331,56.33214952614451,3.9690374663320855,2,3,0,0
50382,979,476,776.0497842683214,267.6493743780451,467061.9659550786,861.7581813296309,16.228620003256406,0.0038758737360439777,178.14606952547248,2.5562485567886357,4,3,1,0
93354,373,351,1471.6474801108097,648.4994329791875,692442.1308474351,478.00748338359756,14.668146201470957,0.022194249299100993,191.6437028339226,1.7057130229894883,0,2,1,0
468,514,22,963.3477550762536,678.7558569784397,334451.6214548811,954.9795797206907,9.448347215833286,0.03787939513835546,122.27945179096237,2.5326395929959893,2,4,1,0
71795,519,428,619.213631783199,754.9095971913181,103260.4590088783,977.5775030981927,1.3443708212506502,0.03256032521196414,155.58048184755967,1.7663103729567786,4,4,1,0
10105,126,401,117.09450322829157,1209.3401240707694,855436.2207435786,965.2530381145367,11.33129954741874,0.01417912622166116,177.211552634079,4.894115846940633,0,4,1,0
82169,364,383,1202.9680142450945,83.86652659489737,595125.582529671,7.700652789894871,21.575432381018175,0.04273007455259911,95.42241009107086,4.693124418072237,4,0,0,0
85278,562,320,986.9146274693431,198.79274040504168,654263.4448288936,781.1712399839977,72.34660631333216,0.34066282248165813,6.109459145611392,8.074697233525889,4,27,9,1
71673,325,142,922.1138305804783,642.3209344254035,496024.6251146496,467.3186766898184,4.477479417161596,0.04327442022060321,171.02497564778298,2.758026370046849,0,0,0,0
15673,439,191,1401.4842884234758,196.879283662942,848508.1923042749,830.8532201865941,62.36775646239576,0.4311936712499319,18.763296074493347,25.43045371828028,0,14,4,1
39294,67,476,659.0522758581205,855.3652395910841,769261.0587077966,346.5117850224279,104.03434481338302,0.12582716339571745,10.942272671906418,15.176822002965764,2,9,3,1
51489,119,173,35.84895573514366,927.5183999674828,692963.183865675,807.2501715771098,78.01491899337756,0.2976015540775352,13.91854511885047,19.07113030228363,3,32,0,1
39484,943,329,1472.2590028767222,731.0979434545118,307041.53032596235,111.54034488304798,76.43264917017709,0.4277010555818086,11.536025770781482,2.7766262815552807,1,24,1,1
62554,261,355,652.2142987803353,459.9748641499068,449297.9065736821,578.8397681751975,3.081189511482311,0.0017791278993463833,149.7809413273665,0.8090228038340269,0,4,0,0
79938,44,486,1371.22959148187,720.6221193002226,453042.1625063459,812.8062070376922,112.85081343237187,0.23489983277434945,19.442694470324597,5.57712766942437,2,31,5,1
52187,205,295,1460.4211135010803,875.3840724875446,743549.1419479005,794.0338328682219,44.79136122776186,0.018097716057834914,64.99145448752698,3.76506361761548,2,2,0,0
94905,792,103,208.53052885640756,670.7524271776995,691026.1965442032,724.6202496228951,147.90505861663178,0.19824383243489893,5.22236431058019,3.990979384619868,2,41,17,1
78019,643,246,155.14128436909814,762.7251677861868,485985.552501528,394.9287190100629,129.82431922012802,0.42712965593945773,16.0417043392214,11.172765723049034,3,44,17,1
126,817,275,1400.1335289692643,186.6911730886582,396087.57275944547,880.3836999815501,11.069383978934322,0.012082424085654332,61.596012082324705,1.7076088830073273,3,1,1,0
65446,908,387,558.8275794319031,127.03755623195613,29629.478544825888,987.2801248120452,80.7934828144918,0.1870727572526649,15.398805074306644,5.804710882727362,4,47,10,1
10559,229,273,55.927342701307,428.52500113012013,316726.9677860325,770.4390723729751,16.331120113474995,0.015286916157458447,177.3447305985973,4.95542120054652,0,2,0,0
85393,744,153,1016.4808224380487,1113.6719551358294,640465.8085725032,341.7494026224086,35.58700076800483,0.006038878044417307,165.39905756040585,4.437846480063213,4,2,0,0
8351,896,294,118.24202692879035,807.7917932424859,422567.08743076114,18.30238917191624,29.054265551800977,0.0428124693531312,126.62344756741679,4.918354311562945,2,3,1,0
27354,819,429,312.99487636892394,760.2637193956009,69167.6182274476,596.1264214932704,72.54587500428086,0.3877589371336875,9.28825942068059,1.719606498035127,4,25,18,1
53704,449,374,1453.616051972805,1174.3188639617117,644570.3882886671,795.2646153760653,68.58214293731277,0.2646875631097937,14.989121462515318,4.83744945332968,2,19,0,1
58128,163,192,986.2014149981707,147.22478959764152,525887.3252564037,738.413220912445,146.11416693861975,0.46619798324774364,7.97148193179906,11.153777736354655,3,30,3,1
33609,40,370,33.2790583436402,911.5714044188915,435220.47825092875,109.67292050449998,29.02200262042805,0.04073075167347578,84.5989683799553,2.3711925371103195,1,1,0,0
15772,277,220,896.6162564441419,1282.0859840857659,3766.8590679201125,156.4173639583269,14.573210767115881,0.008298866644746295,104.71990807534829,4.701392984927601,4,4,0,0
37091,770,284,226.4064561538218,840.345562966846,515170.2953935736,241.08890809198869,13.24554654881607,0.035805478088830195,151.2934341149925,4.263423696440877,0,2,1,0
28326,631,454,1471.346795696347,268.3141055441639,247045.44956090182,41.84980582163676,7.192529818412902,0.007494545107952777,96.61244677793633,0.30866027350746617,2,2,0,0
16087,123,248,1304.6374558782684,413.216540320581,343772.8574558379,145.7640403667992,26.3230248662607,0.011532749579992946,175.72482961403034,0.8935025953746034,1,2,0,0
9863,903,302,278.0562996292261,1289.7159476649113,883167.4254827495,648.6899687268024,71.53090484970363,0.17957672384203832,2.9315050957926223,7.795359350473435,4,62,2,1
65909,886,333,478.83778664380355,543.8673183376866,991264.7039494717,39.38865649568224,25.163780268664194,0.024620897404098285,80.7025483742805,0.2605390619407122,3,1,1,0
62795,616,339,1228.5727304099669,966.4779715809798,781885.9780858496,792.5280620277784,43.458114368605614,0.005005250484055735,177.1216523806611,4.265757214479637,4,4,1,0
90500,109,225,628.717295264173,789.0402959278996,120851.83913641937,278.34981007414655,128.16814096456045,0.10971024555206191,17.809626240462585,13.710397366841786,4,12,7,1
23532,292,259,230.93740843532623,391.51188414418675,80834.03259507508,253.74726254484378,34.13237700227288,0.045460820219521525,184.33161854870048,0.1616295304759835,4,0,1,0
96794,599,52,143.00222604156284,394.8112031720828,773004.7143700185,995.8301255415039,44.96031734655413,0.014199689670499477,71.93117196475801,3.568593827928522,1,2,1,0
39781,846,136,191.85205256685217,379.02910574769373,478315.2762914113,862.2758419221341,55.74239762726714,0.4866073041639728,5.380019785462626,5.822140863176122,3,75,7,1
88509,184,318,325.7141553425175,1437.9631120049846,456451.59144682914,9.169126131884429,38.54232478201417,0.035650816911143655,51.205244751382025,0.018923452180107936,1,3,1,0
59199,746,378,295.42691099421063,721.510114384654,430462.55387015216,986.1991478089087,121.83579217327488,0.23558953657803047,17.66267220095946,10.093894870207698,2,74,8,1
15879,349,298,56.575789002692105,1234.7067605220507,498450.83977370185,614.5024766040929,24.17710108848473,0.0011007364196608306,64.75208066614519,3.292788222426873,4,2,0,0
76412,850,288,598.1165925316116,395.40903379623995,187461.04840509294,282.2813436654801,24.805473780448228,0.04101424644751217,171.61045956759415,4.406811191871781,0,0,1,0
12019,714,146,480.33011183987327,462.4901990109551,174259.9806184268,39.51109401063009,72.45631425223598,0.38956509161836717,19.615610082143455,24.52088169201538,3,69,9,1
99530,221,15,32.32541036042671,1126.704593697115,817519.8694015396,161.109534527351,68.53739402624316,0.4174911519429537,18.808327779029803,13.415167035229466,1,89,2,1
73065,769,30,56.921642630986135,1215.0075765468298,920842.5258868432,476.8774302050216,14.404161946116508,0.020616380055914853,152.40011815336496,0.12595602599588474,2,3,0,0
8283,905,296,146.82912223829473,163.4626736130381,818399.1747966448,53.98081931130294,79.24337631368523,0.3586447790977013,11.223232180406473,18.92069591449992,1,87,4,1
94187,46,177,1306.6145970748614,525.8707890950845,361670.8267442557,90.81532660090528,60.00357453911729,0.24533318277485688,17.94616234561998,19.2160110640583,0,28,11,1
80791,40,493,1150.4919044915364,523.9595309882976,390890.07116275997,941.3122782062874,62.57022377980482,0.21847209120739175,13.154991628743767,18.424081286256328,1,78,14,1
33556,563,105,1118.1826864392701,446.1306716310892,633025.1129201793,371.0791783567648,116.8973060756776,0.150167792427214,16.428847897755478,12.740794167078496,2,84,11,1
95418,236,182,474.77302122970895,948.6062569651741,610290.6306527253,330.3483674677912,11.965423704013707,0.03538180978581142,199.4170283299776,0.6100178186464522,1,1,0,0
23146,237,490,838.9833377860633,1153.3050469989287,621554.6396711888,498.20274254048445,26.92792365162921,0.04179090303465137,53.22705514305615,0.8719655955847605,0,2,0,0
1648,310,78,273.39497786107916,610.6073642684224,825188.8749055159,549.7102784367731,9.241073643387661,0.01794552341794914,162.75582219819267,1.6154588236231093,4,2,0,0
86119,296,405,1185.5804271382017,206.24565374045807,821206.3759900812,260.7480468080989,80.32211250884644,0.2832565590644437,13.51487500732408,14.727201011230234,0,87,12,1
74476,360,118,102.40415179004479,772.4123369083161,417278.72924996406,803.440125412063,113.54254879647218,0.15699793863704753,18.97503539229114,23.521848215660143,3,38,12,1
99870,756,311,1219.4285952444689,594.7257034970655,790458.9581091313,533.4585662289417,16.029471247610637,0.03072102651058635,92.99370156398763,0.34227355189936026,4,1,1,0
9864,52,453,1182.5027618827373,1444.9953362509634,872370.7204536418,510.52346391970036,91.70525567330523,0.4842599303014886,18.711955173868244,10.857152188920637,2,9,0,1
55308,39,90,1262.2197895063246,1138.6420229074681,374764.3470005629,278.81072484631534,34.11109836839409,0.016803237811565532,142.2662982957287,1.2923075995656286,1,4,0,0
84114,711,217,566.4150661143336,1457.3421511861584,824348.1649297113,284.27484176671305,43.17808739715609,0.017352196438306496,181.41790611539713,2.6564460480244496,2,1,1,0
52526,736,99,826.6431361595098,1197.43694079878,7906.749906050301,228.59252346878858,49.172097709270986,0.0407429750358867,63.05876066769966,1.4813737871249877,2,0,0,0
83643,2,407,163.2729415846984,1094.7962098421483,254482.87204605815,118.83532513758622,13.653060380278852,0.001979912027436093,137.75280425476416,2.6955079717896107,3,4,0,0
98708,261,371,1284.5372231644728,1260.7802974526978,742098.059713667,626.8318048588927,10.34147299319559,0.025519746384358524,131.4155799241514,3.6014576146206996,4,3,1,0
76872,717,57,223.6866004690982,319.5327768665598,405149.73504555377,196.48258067492173,21.421335290343155,0.041920318785222295,120.87101062203037,1.6923129989114423,2,3,1,0
61111,65,205,86.62028976923244,961.7259340700738,455596.2104607,137.01927344271667,46.01512305671061,0.028284141195152008,55.62973166333827,2.9238901830713644,4,3,1,0
27480,35,14,578.685897518056,581.2264292665842,135286.7399207561,229.4853323325827,132.60971093301413,0.4996395717775396,13.12205430504612,16.739141683929528,4,95,16,1
88316,172,111,958.594156016937,210.27802453844527,71260.60391983495,832.73329021444,12.910712155474856,0.021089541947736264,55.72829529997078,1.7105101056830974,3,4,1,0
17628,84,36,846.4004680020964,1049.043444795976,437746.50019299815,345.81938918562514,99.01658350772807,0.4428825791568636,5.926063962948917,23.44924511167881,1,32,13,1
63192,774,275,210.82363826343365,876.4412862569556,45069.65674036896,192.52828021612206,16.257954100902648,0.03818571070520927,184.03411690421345,4.449447343068243,4,1,1,0
71820,430,116,1289.7369636609014,1287.1929294233314,356816.5777216805,770.9676525730353,23.199521009303737,0.034978786146371885,125.64300918038566,3.334382140413354,1,4,1,0
79664,352,456,345.3450789504249,303.189598325722,200807.55458687828,712.3300063754743,54.203199605587,0.4501990373268976,19.22904034746656,16.34596329036763,0,60,18,1
23341,329,31,407.20127244651013,152.73433144539854,397293.2465342294,15.558219933702102,24.157022082845753,0.03963030321129871,133.84033829079027,4.351274699895878,1,3,0,0
88858,316,435,1313.162768731268,25.868037065685286,243452.37097745045,294.75698968937246,47.85815813946874,0.036266765017717126,187.02405225520874,1.9202501257579878,3,2,0,0
15891,61,415,1185.5005204686852,246.52565570065187,676316.9947003172,812.0493569620854,83.57098465262425,0.2693179192678442,11.413546961323929,1.350183652670103,3,17,1,1
73157,765,272,549.5862376593343,997.2510370294907,694388.7683696051,252.57052249740028,137.151706571682,0.32728741571263964,3.9104595983445547,14.989051863192714,4,15,1,1
92208,789,373,74.5214933378407,626.2838491889546,392643.7164413187,704.0481891292103,26.57294082766506,0.02241546851550077,123.08922993566576,1.1381672825426392,4,0,0,0
12921,460,185,1471.0183631302386,274.0415214367628,89105.39098239223,363.1363624145292,147.1545207604668,0.11092452574335399,15.692412863960083,24.053280671147867,4,95,10,1
68400,271,34,316.91498242322865,368.0035474981305,73639.8716274527,361.79172280549756,22.77530858084754,0.009923578158862884,179.395777262102,3.8126054030623493,1,0,0,0
6785,631,429,777.53979828643,1043.4094287179444,176206.54482893055,512.8077314128574,30.889513457301668,0.014146037123150046,146.83812281399955,4.751783965203375,0,2,0,0
82308,743,306,1474.0131466550667,372.3926056956905,27209.0157003721,104.50498757251799,10.662078225072976,0.02159166209716462,191.60536082897158,3.0289183276488574,1,2,0,0
60085,703,228,126.68632028633178,985.7637995206494,623541.5860084968,804.8773792968037,28.572495916202637,0.021386678694769436,154.32173945238196,0.9181308818313849,0,4,1,0
54915,88,63,581.9849284980999,511.55352684745174,672729.3346703934,3.080054121856816,146.86023275492948,0.3199950456428152,10.715263287096484,8.652662230232371,2,81,6,1
2494,343,42,1482.9921235616418,48.972751929447284,29129.935166170584,135.4135614107394,79.89797081262518,0.24071979652054348,7.94662370349661,17.065048326133116,2,62,10,1
41312,951,336,1489.606741243264,654.7471427085665,886586.3211478355,932.8906946604399,24.40499455934051,0.039898638671606236,185.17653972980366,2.914379450563774,3,3,0,0
94942,566,172,1331.0762671745447,904.3859408222431,396738.157772861,548.4417740828101,45.60428578022771,0.040195106709822445,89.81394072611585,2.251992657339636,0,1,1,0
98704,496,354,1185.7253397916531,840.6191063904322,377003.5813496774,4.779627379756013,32.91350893995392,0.02731008225176647,172.08025936935033,2.4707635956790175,2,1,0,0
4571,248,152,1035.5928660927739,163.6631818072268,346542.3479421066,717.0081652738833,39.682333004651284,0.04660861442153722,182.87366982805398,3.339930042404677,2,3,1,0
1790,601,480,1482.8114167353635,1005.1126596936051,647012.9009175436,945.9468124040479,17.39664046267987,0.00019072459928886067,107.27183749804323,0.13239540554602525,1,2,0,0
14935,90,108,1170.7393003355523,947.6635292537569,871625.1174377543,814.7006132659939,41.74215188241565,0.004710475328547903,197.70862014375797,2.0932369608044183,4,0,1,0
89988,197,107,1385.4488276770073,1093.9055463296304,952850.6482270613,646.853032313684,51.5323951676741,0.24647330522054306,2.7375110329708425,6.0426751007074175,0,32,15,1
27009,217,338,804.0452075208169,977.4945166384015,502468.66765126237,316.6972990983009,7.299216621470762,0.04113946388442946,156.08072935640607,4.196248126997272,3,0,1,0
19510,531,393,1139.8153131864065,1062.9582076805025,382317.88805408246,22.627069068318008,140.81477164089188,0.10774754864086039,16.40846314352663,17.00610523200575,4,55,8,1
38316,731,153,27.607147279414885,859.583749102328,88731.98387567308,128.2256705616153,71.12144504611851,0.24443816967467266,3.791975738003419,28.441993520299842,3,8,12,1
63294,920,327,573.8682061093637,240.22049711375885,88644.71018492138,763.5908658106304,55.45617187599446,0.20363816206266924,2.4347327115796236,22.7291634344624,0,62,1,1
64896,157,486,922.1998710492012,1130.2300692073609,616391.5746526748,732.5342719199087,124.58156834054934,0.29578206724790146,16.192766404164963,18.929647571110728,0,22,5,1
32739,433,23,666.8537974375143,744.8949007800156,227490.87841795114,568.9104962902233,20.781229276045444,0.01741864960313957,116.35855899243893,3.9850189602099375,3,4,1,0
56450,298,133,819.3986569192546,656.6783952135617,445331.58457643865,221.1795039852899,34.88864152356338,0.03646843691022206,155.17083687950105,4.991965947062379,4,4,0,0
11041,721,364,845.847253230137,391.70368539992415,991920.6089247336,975.3881129883981,6.485757256361102,0.02095249620797365,100.35371251894159,3.2779923576450605,4,2,0,0
21034,122,135,1039.5800525184518,907.8825780899454,805789.3701768914,321.629813140952,39.763649671108595,0.02890605304877902,146.88862516542582,3.8046951689819224,3,1,1,0
51256,438,270,1446.2002230139065,981.8811934680793,243120.43594129322,949.4884976152389,42.322288309526606,0.019099832459028104,93.35071727379466,0.5120731619373903,4,0,1,0
54871,959,417,1155.3668896027123,406.32834116009155,421320.000663902,870.6864936830215,7.772323938497455,0.029248355904915625,136.51725096228063,4.4027727818151865,3,0,1,0
16876,490,98,619.307037313142,319.4454272011159,537266.3654784289,550.2455973432425,28.88277834995372,0.03455572366448348,80.56410601470867,3.1145749353059244,2,1,0,0
87534,542,142,979.7316429202543,865.1238226701865,846616.8637774929,477.07301201969955,112.78355194324172,0.20505722634371315,17.107662606935406,20.387213987850153,0,27,10,1
12818,560,371,307.6649649310493,1378.872626643351,916006.9636585381,747.3662214617368,105.86858732222665,0.12326952798842705,6.375509451529808,11.201454987661666,0,59,4,1
78489,330,154,1215.3304245816016,659.117623170757,210880.84250297458,807.7071534372504,34.037183300538814,0.04670615203682342,100.56097481942244,0.2581908121312043,4,3,0,0
77764,603,337,51.15192851992164,775.8664648658884,323314.30820750253,736.6830888911974,105.27362290291502,0.11466301928872147,3.8767706446643766,23.217228183971805,0,78,6,1
92758,681,28,784.8543475001906,416.34926487166354,451138.56963917066,343.11354680289975,131.35732245376937,0.27886220152425756,15.727788059762739,15.251175549491123,1,93,9,1
7931,538,363,818.5814153231846,432.46626491209884,464842.5479707089,959.5573878823964,15.9451359915971,0.0015960319360006693,82.69395782298207,2.7557155289438393,3,2,1,0
37158,735,469,1145.7500605646392,194.90221319862516,585987.6298596516,170.95954794220086,2.694599864678343,0.03478608322226419,172.97987086922473,4.572811462507546,1,4,0,0
55561,780,454,889.4041401137332,73.81784218992956,188339.28353370103,948.7782546298737,91.77044827914551,0.4016081384939967,1.044345123587942,11.51464634158893,2,29,13,1
57734,626,473,849.3021423332367,232.2587446917966,886891.169656306,807.7404244978803,41.13771853665153,0.037765939577545996,197.72338341064412,3.9984774505126626,3,1,1,0
31222,251,23,1352.086483089073,325.7059546530314,219483.51147255453,909.8325726872824,46.82585084760605,0.02647351511695877,132.40265914243253,2.5130991970467793,0,2,0,0
14829,41,403,1165.3766426630987,1279.9436903512728,963712.2835845579,5.22151811215104,28.647960274534427,0.03347328476602609,51.52751130964069,1.7682028472877738,2,1,0,0
85220,301,101,300.6585032787675,788.8116006443654,471078.1758221864,541.70424123903,32.93102734995029,0.008988248136811384,66.20967627293555,3.087436829558473,0,3,0,0
98380,621,443,1132.0261641567524,805.5412755260228,14644.40680672911,692.9640530912942,22.716708616558268,0.02248972962177992,74.67280550138733,1.3108881719343835,2,3,1,0
42380,213,306,824.8675074127686,394.34653119527235,996765.7310493748,650.6754359008253,94.7519149060108,0.22899519369403545,3.1393834547820854,26.96630011086749,2,84,16,1
71667,624,221,386.46731315107814,865.9688640349359,223349.4314324922,786.4125977804097,142.1222648714557,0.4464250823281458,14.913717692193252,22.21729098013042,1,7,14,1
64529,799,230,827.9600490854391,1099.047965209371,632988.5334277863,634.7816013768199,23.280566031567066,0.04649753994197354,134.07673220550498,3.5639069364074443,2,3,0,0
14899,289,339,273.6734123600519,120.55927387471611,219142.34948971024,802.3705001134692,48.206879439786306,0.011195012712457486,109.20604610944764,1.6580096026655506,1,2,0,0
27328,376,129,77.69053644963827,128.03012612911743,562913.1433600355,835.9285144680349,86.83283450185569,0.2066529643420532,10.501031761867186,15.199880657275594,3,42,17,1
8794,424,14,1425.463387294128,183.1287146563886,602788.9460283536,710.3297228198007,41.061213387260935,0.028911543617154423,113.4916729921269,3.326539062892613,3,3,1,0
60355,469,101,1441.3138873932608,581.8136334720704,706908.0672796635,120.94486542350027,8.594959963310824,0.04335322611751017,182.05333208163557,0.39453196722161965,3,0,0,0
99066,580,353,870.016801110359,1038.7136702802354,916780.242185223,371.1489605659529,16.410238812051276,0.02925658103988867,192.12775995246238,3.452863275736279,0,2,0,0
88897,307,314,121.13063931150681,591.3471269434871,605838.0845270632,319.08873657086,30.85712080898195,0.0020826024511316488,122.09877424973939,0.327730488639133,1,0,0,0
18161,808,321,846.1316953903429,1265.724730000853,56932.40798761188,428.93723452714846,97.16948604681335,0.1849237284128322,7.474391707185307,18.01897945827829,4,56,19,1
88658,431,102,824.2294914077889,1150.322665304314,172951.2873034518,777.7680555916345,43.22418600266424,0.00902222986864768,68.66230307662454,1.4489953349545952,1,3,0,0
94330,459,112,390.94907809188055,856.9684809132352,283231.8940956787,151.94873672589384,47.109175520371046,0.0022598521731530155,102.46206905904924,4.537766473765804,0,4,1,0
54239,326,214,164.14584031329355,445.61173745628327,685273.0142657537,573.4637594175872,11.697022099160872,0.040728453067743906,137.18462138858303,1.2531245887377613,0,3,1,0
86141,843,425,246.6736139344462,158.01564156106008,787052.2703188513,108.83696182411914,24.29934491206874,0.0042429970559422605,181.97332974840825,4.767630768594499,0,1,1,0
74715,322,264,733.880525281674,1360.19982693371,191073.2932494122,547.5848267519427,28.711017261894348,0.02244679090555693,135.07616092815636,3.369320205854944,2,3,1,0
95331,786,74,83.83477565377225,988.8364895450342,470361.83879523334,925.862443015823,24.549310721628157,0.047078271695369524,98.23977630652273,3.874778211144072,0,1,1,0
74780,566,341,1369.9784355794293,60.31299683551528,837113.2710909037,578.2236702230097,24.930445709556096,0.016166968404054027,133.93392150561886,2.01160281575574,1,2,1,0
11093,525,164,444.3103000265392,1478.4437148390207,289607.4034735294,711.599920781026,47.49663332723502,0.03657235191009422,121.75274102203448,0.6515486858158759,1,2,1,0
45099,848,87,762.2698567232834,319.572938272351,627066.6165037194,306.18988580270786,39.92045158964137,0.027212250802619783,110.7395129343429,0.995860382841095,3,0,0,0
46255,625,148,1135.6574891757632,423.0502657126634,758898.3289225568,665.9124962624885,81.734061656947,0.3407885889814004,15.769281647473179,13.192675410635129,1,5,15,1
44606,10,15,1299.522049541034,249.96155225280194,280947.1659780385,936.2039842679696,25.95540253874762,0.01599689491998153,127.56412780071697,1.6890483363369952,3,1,0,0
12477,617,259,1110.6737331534032,1061.4944694694714,509182.4812432233,352.74097302036085,70.3615139434062,0.4977739063037492,9.275678499415806,12.343884356359496,1,61,1,1
92181,260,358,510.8219053312322,110.48477601834573,339668.76019490504,769.478929188309,71.01060755487983,0.15837452105191652,14.68273684432561,16.719171551678084,3,63,0,1
42605,29,331,651.5784297682541,180.0132403118299,355184.6718890724,474.8189556873191,71.71811662660869,0.22602166064965923,4.189464947712474,4.849683217794615,2,99,3,1
35856,277,21,153.8535391502501,989.7501125644768,324904.5410914679,858.2398433486222,12.81407912495422,0.048513132279606554,56.41713032684875,0.7784699521397748,2,1,1,0
92636,174,159,715.2755420092994,422.25107712962955,149895.74373804597,894.7724639639181,16.264823090371863,0.04456319048018886,159.2475315906422,1.2782635054857006,3,0,0,0
92213,277,495,39.45940652334802,1441.3509894793249,533862.9198820735,214.43730085719307,79.75909833970971,0.3619094016618849,11.274938703477673,25.082313627270022,4,38,7,1
1564,145,328,1182.1097758132591,757.7305444999158,150174.4284667507,647.6033781864357,11.779243470699978,0.0043830368937154696,144.48216616699875,0.6659656613138654,4,0,0,0
55900,125,153,1038.5382766206221,1312.036141860324,438766.0559836512,545.04500849911,118.1573771929452,0.1302989518550992,18.996296770773796,2.6340263410393705,3,93,18,1
12832,213,104,1252.932957439883,1288.3575616650003,72164.73070053333,767.006587441249,148.85495069588757,0.25053615975083576,15.774251507941356,27.66573620082402,1,93,13,1
16385,195,23,449.04628137297567,433.7466698358984,109231.54861306431,145.10104576223736,33.780825015208855,0.020158482288998605,100.24560966303676,4.824243385803368,0,3,0,0
71798,321,485,1406.0788377189558,370.2710653933578,263492.3369454983,594.8823085340799,8.92667042421289,0.04584816046529099,77.9242977152738,2.970283215164233,3,1,1,0
90392,787,115,274.83402940150836,915.4915809745393,289092.2630086219,913.3861979769174,34.44176001662844,0.00184097907789339,180.88496488237737,0.9155919646807475,2,2,1,0
62665,972,117,181.27292969415325,406.51164017606914,676774.8062836265,708.4593290263122,18.05096152062551,0.01032247390370022,181.29924737108124,2.5071087520868196,3,4,0,0
33725,714,328,149.82652083223226,407.252428856673,582809.740072143,681.1716821450487,94.17937386598136,0.28533431728604164,2.0045701931755273,23.849987466798453,2,35,6,1
60937,530,310,459.3155291527065,978.0100775174873,136616.86375656974,717.0676572903627,99.0855070236266,0.21343518790276692,12.516662415514082,23.623047878003323,3,69,8,1
75065,289,201,1243.2141237719934,464.33001501295,853734.4496502628,467.0108471204572,22.014116751959545,0.028095812688289052,194.06916029907774,1.8852981456645024,2,3,0,0
43528,477,35,108.95252338297409,135.96465067678628,437349.1820612218,910.2730235344167,74.42731341876461,0.38780171224647086,7.265106218122601,15.680213314740328,0,52,11,1
22517,836,251,1046.4231404975285,969.2927870416726,900223.7370905103,822.4919871839253,7.517966809416155,0.00011067982158956547,106.10665557459754,1.4854275759689402,3,4,1,0
49332,41,361,557.0644843128601,1292.476077226365,121693.68452289273,126.4391770269667,122.12170958608267,0.3282723348211558,6.510308835795417,21.638593939381476,1,88,17,1
9825,619,316,154.35388396048535,1069.4221599516954,123873.37006611514,275.8165931585629,9.597316315471245,0.0018685998016060136,122.2488409984408,4.165310419393009,2,1,1,0
78503,638,290,1376.6977583323974,608.0795972725751,558817.9960540925,736.8415381360915,36.08365070404195,0.03109086435493702,106.35513558603535,4.87609152912645,2,4,0,0
5546,339,374,1362.9570813594985,905.3182131125658,793169.564852173,50.30043205447657,32.96887475974606,0.03207646878612681,175.73109344795006,1.2693479946682658,2,0,0,0
43978,66,89,726.058148134526,742.186337613875,635085.5368149085,553.5636613833124,16.059918760052014,0.014630507849587521,51.54309625144065,0.3163170449341879,4,0,0,0
70758,225,321,1107.215775762707,736.3005931422823,89044.67503328134,716.6117375361478,132.33614070550217,0.4835900520720041,6.514382291080804,18.780326589830736,1,28,18,1
74996,455,215,1054.5178561284824,1329.269391926498,757553.0545609294,396.74925153027397,50.22244389594375,0.3188865100432815,8.497644424366918,8.044799742279485,4,30,1,1
59520,323,409,826.0894389579853,1456.2197613223086,783880.6697208588,653.1056055155509,60.67494763863664,0.44673337991314266,14.296762138277456,6.58347424661933,3,79,4,1
28199,386,288,1027.189153210175,985.5315018984743,889258.8737606991,876.6964292074258,21.8702703135576,0.015870499605285287,189.6224826190443,1.1947308155920173,0,0,0,0
5251,177,227,1344.490996890995,1031.9964941942853,504441.25079040707,799.0876785380207,26.861262210468745,0.005472227271506303,108.4876887884623,1.575793753208048,2,1,1,0
90409,100,253,699.8382918242671,133.42724439469805,578694.2712196349,263.32908981213745,35.79780033680453,0.043412173490744686,199.2407372349017,3.534212300368203,1,2,1,0
41316,798,51,158.19105930598752,1186.9688719919666,71349.63626004003,735.2743975893146,28.118642318882834,0.04876136143847601,151.05404649807218,4.2946296522203,3,2,1,0
68782,952,377,1384.4235039024668,115.84570905709897,260797.03782155595,696.1539764487343,9.803067583835341,0.036499918992998454,189.38331581882358,4.238001068329039,0,4,1,0
86425,351,314,162.560898726963,250.3194107828171,886809.7350589706,985.339982992296,35.69177198190392,0.03988305484457902,138.6397950313289,1.6833419984238844,2,3,0,0
9240,118,232,378.3034522983377,211.93460358969247,957192.4121441798,276.7019224271013,44.540668386752884,0.03914514548961712,105.84471957029947,4.022544702915988,0,3,0,0
39388,238,97,966.0064770201546,698.1468661061799,315906.91414287844,412.4738641006358,7.818544696053696,0.026167494898683724,144.8639955969348,4.3773083731468345,0,0,0,0
90466,501,375,1265.5991729686036,85.12307774859546,848769.1724258469,530.0843110620284,44.44420599694578,0.046303061641237125,131.27091840386518,3.0158173657083105,1,2,0,0
33174,281,156,808.4183870990466,1479.606022681124,261227.36423003237,75.55950758362563,3.073017171276544,0.024076461716977804,59.69444549675053,1.4917442275073423,4,2,1,0
31703,989,459,414.12228907731316,383.9633430137512,216742.74667582498,547.2844606982293,114.1276773685459,0.4350236063805747,10.84172197871536,0.9743005640950353,4,51,6,1
19282,97,282,769.61914872494,132.98691680903283,600221.5606876902,70.25729046440243,10.722240120520924,0.03260846463046534,115.78619232282514,4.164875465242495,4,0,1,0
73312,468,202,1209.4120596067253,1104.6304410723553,207563.38986256203,971.8438005357608,16.520306251468945,0.013707412517509628,165.25819684495752,1.9851904574683772,0,3,0,0
33512,189,201,932.7524964153306,1420.4970062292107,206199.22466956332,189.41467883126015,93.1642725354491,0.30461300126713625,9.664987131372948,25.602433756464357,0,18,15,1
81206,925,411,1187.3284198465326,117.12913493110275,452169.2097108262,421.95378439587284,124.64146634674765,0.21499693935694897,17.731253934315067,17.63037888606305,4,10,15,1
21896,855,268,169.92230153558765,1420.4384824381054,119060.32759699006,551.0799480420035,100.09407115677861,0.38074118734014006,11.525059158156079,11.11708910901844,3,87,1,1
67982,855,49,1207.0734541728434,434.37450158648454,244026.6157319976,865.2959666813758,95.34936150542542,0.15233024632894898,11.465438118446087,1.316299489014955,2,22,5,1
18837,866,475,95.25455916915496,1324.1520765361938,312338.1817649361,576.3621979792997,30.609314897210865,0.003475182953544276,189.728082741677,4.706807506398286,0,4,1,0
3089,337,92,1492.909724550893,1299.8317057812158,205004.09890883602,686.3026321721445,77.50447865973808,0.22327176648387997,7.480090781927797,18.1084124183938,2,74,18,1
98842,690,217,1107.839733965378,633.7316680473983,780928.512701972,293.9260429932775,33.66690064539755,0.005845769474673235,87.55602586881162,0.026617678573864767,4,3,1,0
51633,729,361,301.6384005607956,1232.8841744937986,722673.5341905222,176.5546436981051,18.6863196861287,0.03987246265784619,164.4916503902416,0.5286103995701624,1,4,0,0
1566,112,431,270.0911783968928,513.4375264701396,593394.6149374798,788.0392872041018,83.93203732504992,0.10900768253290072,5.207963042437898,21.842258617414835,1,79,7,1
37675,899,375,447.9112146423424,854.4419701335628,313727.64713692944,65.5169562457006,28.81407034042119,0.004235227845308687,98.67565695925344,2.9702145433090683,0,3,1,0
17956,828,5,642.7095590403869,1368.8070215347984,135870.08138817953,823.4677217667869,35.421405975977606,0.02221354975050285,54.30978743083775,0.4551011030134039,3,3,0,0
82969,866,475,53.24560229745764,1381.779958363974,109929.31525716068,875.7934928720579,89.73032768323642,0.40274358254299836,12.881342720940074,6.556075566397606,4,18,12,1
76094,749,36,816.4146327387193,45.44704015949597,671400.673444526,41.163418011019466,29.355421593056313,0.02329066090790127,60.472118360344965,0.48328053381486324,4,4,0,0
7558,759,164,89.51684838134116,1371.697672122493,578864.8832971224,736.7532534227432,2.9558921351878675,0.028862391716955822,66.4651458194508,2.361269231438305,3,0,1,0
79947,115,412,923.1974913690307,343.65311558464936,279059.77929365827,63.5516038595587,38.1937377311962,0.016149404453209764,90.62663114491505,1.4977400915820382,2,1,0,0
80816,832,244,555.0153040173701,1178.461590196754,292892.05009354145,850.9402658771335,7.5451044914925065,0.006676466506459755,134.76099194642927,0.6875561400595204,4,0,1,0
36710,55,143,803.2909989075036,1066.9065333384353,802726.5010894004,454.3279393496039,18.20595682134954,0.0174282830907351,77.43196339197709,0.8470864263061312,3,1,1,0
38120,661,217,1150.5823522552987,744.0717018609606,730385.3542680228,951.7227211887684,15.240300704040635,0.0073925457820897935,88.88013178783966,2.7540396676670738,2,2,1,0
83534,486,397,64.56210249949437,1110.5538236112682,823040.1193546978,508.27235277464473,96.03251562663706,0.13180594451041722,11.172701787918738,3.632299964590422,4,19,10,1
75567,771,279,24.869799331857255,1292.6598779920496,942480.5723722582,627.2720515441689,112.60268016233755,0.38980115275223004,12.471750523909611,5.954863778478165,2,71,11,1
18472,27,218,1369.2162431655322,1195.5157106033173,338162.23738556093,966.5708303701289,3.874170082909634,0.03776242467328863,116.54568901714,2.373278021691933,4,4,1,0
57681,375,421,572.7287316623649,100.10330646438096,464108.8677677848,867.1651047227143,143.4399209350833,0.2468668911741152,17.636108108517355,2.0129621902816384,2,95,14,1
27439,576,203,1356.8568275613397,1384.6229382373715,617304.3674391527,853.0904509825164,34.39767488672985,0.045506406609809584,152.85011781807367,4.423560825094196,1,0,0,0
92107,596,230,1096.8121713902071,602.7731487670973,21028.388766627908,140.7833866326173,10.76512910442776,0.032281966262825916,92.37214672675617,2.2629377794256307,1,0,1,0
55784,783,469,462.78455911851694,102.39237836584567,936055.7246615028,332.5513441144844,45.874887048866476,0.010319738851887928,191.15656049606102,4.5329234583407665,0,3,1,0
2378,464,225,861.2781001769214,289.578509021906,935633.474109295,864.6414049033385,105.43344087059647,0.21386622550492143,18.271240397879662,16.02451547518118,0,18,2,1
38771,325,206,478.9227058826189,822.9119830888143,330437.0795826477,84.5624859271741,7.393365940324881,0.0020627104766257178,168.5655685730698,0.7752732508436694,1,2,0,0
85572,318,438,1417.4533623464629,1031.2769936662557,742494.1983942342,891.1606586496433,36.58192184853508,0.004256454274328314,190.167328944516,4.036109448038231,3,4,1,0
22558,388,140,152.2903983555661,1012.6758886869886,152223.33000216403,319.74374416746247,49.64408192917809,0.04622233839959732,172.27289555024896,1.1482120819111885,3,2,0,0
55291,7,218,673.8830052957874,921.3574987794046,787512.4797864397,284.93961956255913,86.26115741626603,0.24670167947763955,14.628803903507869,3.139669032303732,2,55,12,1
65579,890,72,662.3111380503855,719.0156958540913,365536.2834915892,730.6330716992001,44.315655640159825,0.043088966535045986,134.25311484011874,0.08160655971767405,1,3,0,0
66025,532,104,911.0629283340631,147.97690056991988,314351.06046469265,13.245888122017744,137.60484679619736,0.2590841019154021,1.0027466652941859,14.521406129130781,1,91,10,1
6090,334,292,321.5523436641416,1310.5176909794939,567330.4822586545,456.724062998476,23.078474226290552,0.018927475794710324,87.3343976750654,4.393328675932292,1,4,0,0
36529,921,390,111.28373513672528,516.5896205534427,591583.9800185399,728.1495136034583,91.10501847135666,0.14042689588521787,2.292863353520517,28.49430070852118,1,71,11,1
81943,514,206,372.2166633263299,130.05862635794298,728080.4804286404,750.1359565301576,147.37609046057844,0.12633318367231328,6.456930642660819,9.80227069526486,4,21,17,1
84192,242,49,412.13496206807645,360.66880736648204,788113.1044416362,923.9018811969357,22.72467701777367,0.04659598035319836,173.74317532089833,2.1484037951922614,0,4,0,0
71847,691,248,1094.4248769229887,39.88452100412094,56616.699493234744,298.2248836051977,34.21044990530329,0.028494476480691616,155.48486368892816,1.467236537455865,1,1,1,0
72411,528,337,390.0451062004861,658.3015143038806,50406.698438688036,858.8916923569236,4.110516738162504,8.608140813804455e-05,76.5835758558171,1.6861783882652015,0,4,1,0
59090,397,125,535.5983536463209,1209.9930794671156,236629.72947466705,522.4514206716777,47.24615975793214,0.04797459985919482,193.06150047878404,1.9073398444017897,0,0,0,0
83295,111,449,426.3182649595259,463.43939573830414,900871.4509763885,455.6574992295988,12.68145118009103,0.029324438433991563,65.92680555481552,2.273866567465907,4,2,0,0
88156,470,279,713.0714492502566,791.2960320211519,349507.2762231475,914.3724568581889,41.42014198245784,0.048996020961067394,72.25075290624872,3.645340564861865,3,3,0,0
58966,991,33,844.1222609446604,436.31867789199254,777437.2788284749,57.668678624916936,146.49701833626756,0.4297754926470435,19.31934946482708,26.91222848577614,1,48,10,1
71993,698,383,622.2113294579297,1369.9627553809532,236564.56960171304,385.05480568595766,23.831925396636993,0.016990543930956902,90.30590695232591,2.1281740722897426,1,1,1,0
70338,283,34,168.59498168506013,70.06069195764934,232321.16040504846,374.953354198313,26.050554277846455,0.04096616705534706,135.16168659703396,2.9705531016245867,0,4,0,0
76450,905,406,665.7006948636431,467.7471195016696,231003.16218108893,763.4254165740443,100.01298848614677,0.26894984960195956,11.301353096961181,16.27684181790741,0,41,3,1
48293,789,127,887.9471977175649,1474.2114221338506,447306.0180880954,791.4655616493923,109.30227095708756,0.34184281625411517,7.063906991358874,29.491751671811848,2,94,17,1
8197,323,411,523.0770581846073,813.7016121358178,435405.75812259055,359.7864964135743,9.501570933976978,0.0004990952210440547,177.57804348992124,2.73688544211957,3,4,0,0
69024,609,242,830.5268792596855,333.24527224838283,424063.68311413436,367.0900920997807,8.556887038358639,0.043111017622257775,154.33054426766887,0.42797903491575584,4,0,1,0
85606,939,466,1156.810406272761,1365.7942613920245,330031.85309575597,736.1928036002486,51.66922763543369,0.4346767225942594,17.809848166367154,19.11460228229468,4,10,16,1
65657,329,181,875.4193817973504,97.38619223593989,442669.70585377567,304.24334034328655,12.484737013685558,0.047110819826825585,119.42642558309693,1.7308760990240453,2,3,0,0
69270,608,352,811.7639278374453,1136.532368377424,167989.9552271683,561.4271575441729,2.506087539750891,0.005890504096475619,144.3479636405729,3.7425180938808653,2,1,0,0
91798,110,367,1455.2098152327274,1213.5461903212883,556089.8366031119,853.6490477861529,124.00926838620518,0.3112473126931963,5.158642503943152,5.982216611042414,1,5,9,1
50738,187,189,1464.9150774433488,122.48839719579183,502384.4327783676,173.13383988880366,18.180626516757485,0.04084841941314285,100.74054757220412,3.8972723728057006,1,0,0,0
15327,269,57,1116.958992835103,1356.6840109041248,445048.992906395,53.478156279954504,30.295344372265166,0.04967560392775125,153.4519012528412,2.1012615606331053,0,0,1,0
41045,535,93,919.9975988370137,1234.3548489977657,745062.7593221533,140.43467041252708,38.43964853433689,0.038699184196563235,155.45954229655013,1.94483323897424,4,1,0,0
38556,111,202,689.8510406200452,952.8605699801581,724051.5670899753,602.2557824077898,125.6835640654205,0.11110117943339,4.053527993223398,6.1483611092408275,2,34,3,1
22166,810,492,390.8213194135756,1019.9217376761572,401045.3503720099,495.6751688747829,1.2641331088879302,0.0004906342776613171,199.88335543647048,1.1139097580910433,0,2,0,0
33120,251,325,472.4658358153083,731.6903240988813,930272.752037168,171.24849597484365,14.947236741762925,0.005458499012846386,180.10255363940666,4.497323983900691,3,2,0,0
47852,903,33,1222.5393796672436,225.61366090021676,296536.2520389441,978.6807676415896,5.8368958671120215,0.042632778844542876,109.94894249413804,1.0486549588761989,0,2,1,0
39416,495,441,720.1182017543582,798.5191548662386,640250.6579426315,722.595723105737,16.124800954576166,0.012396497747744456,115.62895124318779,1.7764003024870596,4,0,1,0
27832,141,464,1356.0483444873037,1009.4971792118242,132849.494304507,822.2412556342708,43.516841236983865,0.0013867992870817136,151.32193746889766,4.45939836595156,3,4,0,0
32612,638,273,987.1352492644229,963.5084430370291,879921.1441952026,415.01250871252773,41.522223009420465,0.027811927518799004,178.76590227857145,4.395250140822168,2,4,0,0
23823,96,317,1243.7039528448458,941.1670096242492,893054.5416413372,276.8359707781963,37.9684868099801,0.007291670480795359,134.05830726501114,4.284961755358892,3,0,1,0
49856,605,376,1029.9409249116397,669.8879357463074,644.0658609794644,161.45016454947825,4.891000038365991,0.012079884703361516,169.75053236317007,4.305025438678703,0,1,0,0
92606,694,148,494.2552860132259,1316.5221129462996,491465.1548504267,735.2396029896867,93.49702546657164,0.2729880272364578,16.926051932663917,16.305644991653153,4,12,10,1
92043,577,233,736.5452904054455,1439.081142970418,356434.97089887207,232.16269379918342,48.07722888014181,0.03788238558581476,60.50146224915186,2.341242773621876,4,1,1,0
70628,920,392,80.54516840702041,1237.554950990731,48596.06610861819,903.6530992747843,39.422647995119874,0.015906949337706394,107.34084392750484,4.742092500058074,3,4,0,0
32051,235,111,953.1183643038534,875.4860948363352,418806.0639966874,222.286078057101,59.851613453973364,0.2773760699673069,7.852438906910022,5.381497445087149,3,49,1,1
94527,179,297,1012.570979987695,877.9313269926577,809497.7867701354,631.860935199683,20.20372347879889,0.009143290296887447,178.32979013077147,3.002253286983605,0,0,1,0
72324,759,168,1284.717793933113,25.771172178760136,208089.8894479709,636.1784763947576,123.626624403778,0.4166920049499214,9.03236299060229,3.695464691545736,3,72,0,1
75038,302,107,1310.938753311288,1394.0079730664681,198648.64127326623,754.0892920101295,35.92156532515219,0.038560654831280176,186.5828601326681,3.029780355680536,0,2,1,0
47073,733,447,1407.3219918532518,595.4504918073069,780088.1193461035,708.2232187369601,125.27857353063744,0.10361608998778755,9.2751322296759,8.740652958095016,3,8,14,1
58154,622,266,159.0844296994141,398.43300884686283,546624.8160138297,13.924691501716769,13.120637218126996,0.026686033169129153,58.90629462710031,3.1765229331537164,3,3,0,0
64164,16,481,713.0983187105522,1281.8788349732658,915532.2307417513,287.04095665385205,25.68636519592006,0.043631099396362116,195.66271417252221,3.0372015123788736,0,3,1,0
50261,592,24,36.94895520492565,677.2503692921226,642051.3530784682,894.52375614832,26.65699961163195,0.049954551581985446,152.5397517172757,2.1500375660860622,2,3,1,0
44059,229,376,1013.7032173193086,687.6397913330542,742965.5113452161,255.46800806251545,28.96328038367621,0.04237734349080225,131.55371043604134,2.283705483706915,2,1,0,0
94817,568,25,1227.9918088835734,1080.230770481794,213518.72349177056,485.61532052444323,63.97464268468704,0.4708899376358021,11.28873808989483,9.898782557944763,0,8,14,1
39303,188,492,1252.030174428112,1247.1107601484114,442288.62408648635,522.2108413527948,21.07802742554142,0.02352647289810446,104.29184494528603,1.2562946170782552,1,1,0,0
16231,556,161,1423.7524936432949,691.1793370622235,764382.1682826979,193.89625352489304,90.52580527168942,0.1600079264033607,1.31407741869935,2.264068651223618,4,40,2,1
43855,897,338,134.49360915707288,650.4717904915038,613849.4239153396,492.84904693082484,14.702676769041233,0.03092257650938914,71.23909615432436,0.7752851545974293,4,2,1,0
622,762,8,660.8461180508136,180.85076732487295,320389.9040469303,844.2009701091396,148.87135923066245,0.29138570331676394,7.983547564582955,11.56580025125022,1,7,17,1
19607,389,387,595.8753078709244,855.2512769647296,109342.05416843516,940.1737392511935,50.39038036510954,0.36827032509643176,18.497224239795415,17.465775712443445,0,54,5,1
41203,912,224,939.8667265194698,1302.6557648293888,533428.6444319736,630.5044005280256,127.07711315834302,0.2582236276062918,13.82674821870484,2.203007854497092,3,27,18,1
92286,951,448,52.59792888748037,210.05477299176314,448349.15469015716,239.43836611035007,25.378260663569513,0.031215967067840647,164.58090402924716,4.389752637960488,2,4,0,0
60316,218,132,233.0445544147464,900.8250116068218,31634.976344386072,512.0108636872798,17.288082377931097,0.04079508912534938,173.79421367435046,0.732579300605054,2,3,1,0
62122,923,256,140.32690257084764,969.3525345997588,738130.967964329,319.36622790111824,22.189356595435974,0.0010585288103983127,109.63560442648672,4.498597231374185,3,4,1,0
66340,346,199,714.511290600529,1296.2744930651193,778196.6534065491,255.17032888770564,19.419836517401734,0.008785570491576777,129.68138904859347,3.6357161405223732,0,4,0,0
42797,191,83,310.72137458780867,590.8577449141646,134230.1322222353,995.4828981854955,10.712878682975138,0.047843973207641416,121.68404287288412,1.957396641940861,0,3,0,0
92766,138,254,1354.594010097752,1324.0462533993891,891803.8123208043,721.9670138539938,37.85886066227079,0.012105001507748459,191.07478090597215,0.5150765099730981,2,3,0,0
11460,96,124,747.6214467173515,247.38918628229703,221591.217167122,32.704215765084854,30.343651453232823,0.02568786485274879,151.4652720653762,2.589055142328972,3,1,1,0
29424,328,468,1092.2205153613234,181.7972937208137,944846.6601512315,952.9185998912915,18.147867932241997,0.005322303116728411,142.43620042107443,1.6756141178042188,1,1,1,0
88261,770,347,939.8932238597924,453.2812835642951,25109.738422502724,708.5071715713307,142.39670596083363,0.1362807610350194,16.540076945502282,18.947833631203192,2,38,2,1
84227,155,49,1426.77832669804,1489.9850531912828,265452.008542654,983.1454983195723,7.284212138176638,0.024888389450884448,171.1835805539966,4.211213256525841,1,0,0,0
43994,133,280,1151.9197276584152,1309.3510136766508,603335.8800088136,233.62436762044607,11.979886028132679,0.006713601663158087,195.9976079103925,3.2357694436068933,1,1,1,0
64622,517,395,1087.6276626044782,145.97019798027708,811206.6107235824,880.9353486811017,91.77134879591745,0.42105166108625913,17.956238197286325,7.899079878203803,0,68,9,1
26013,940,242,843.5248088321741,247.1946612964946,931324.6500970022,319.26379321913475,95.03776910676132,0.46338720361773555,4.155472552031103,14.399479118598867,1,17,14,1
2000,886,294,489.7528201764011,1282.363976353049,762838.1213259738,836.6668732541441,121.74859078971171,0.1424072399733769,10.597317317090019,4.746481036131311,4,89,16,1
67016,772,139,1237.4235910786824,1375.3178313309204,349479.8870579799,905.1865889562332,10.181279704500513,0.04080763295655863,58.26486918760977,0.9169012809966182,4,0,1,0
3215,489,279,1080.3649957024404,51.95251959030898,675979.455371912,331.3439692128492,36.84956780206687,0.007485483953839595,149.4232167556879,2.7652144564186387,1,1,1,0
95377,728,301,840.5399861164326,778.3869396955744,406379.0568322096,417.96190815185935,46.1261528225753,0.010078081119933325,130.23004245560065,3.9402024593805858,1,4,1,0
9368,220,152,1295.0475330836844,1478.3257992815097,304271.0335037275,176.59634247519335,20.88231692680227,0.014834322652882526,183.67909630697596,2.5203753239441005,1,1,1,0
81604,578,175,849.8737949630965,723.5317849349038,852600.139111124,158.30260176729098,2.0614599592205236,0.024509562161879286,53.79530520223433,2.2166432850632454,3,2,0,0
96730,789,325,515.3949901443202,769.4114708130453,51638.02061507729,954.5317080812213,67.34677561673422,0.49463126889192677,18.486127897820236,10.327441888132359,2,73,10,1
17934,546,485,1465.6015236292599,275.1476412586583,202530.67240505386,687.6507617980385,102.50263059222993,0.17092354489682637,19.190890214718685,2.1407091011112325,4,94,12,1
95640,514,312,66.24903872961869,50.20861319849575,408964.6471592971,528.4348757921287,147.11505683235814,0.4422194045774338,17.36196555229937,15.535875900235665,0,86,0,1
82586,17,174,169.70509589840134,670.684906928605,863251.6843926421,984.8834282512757,89.93933961234814,0.4148100333761987,3.563495981727926,4.640880520413742,4,84,17,1
7313,995,276,1023.2626869679181,972.9399796384987,258915.8158604117,170.24994243241116,21.17045689963444,0.03206257649060034,140.08300893652512,4.147178982035974,4,0,0,0
22079,140,192,1315.1613711356108,455.5669899782624,898736.2482684369,227.56219715998273,101.57154473733512,0.328204203356674,11.501620698559675,11.300117004785744,0,64,3,1
84369,61,124,870.23260367197,398.4619802842395,217551.96928411105,638.1251586617976,49.89072010743511,0.0014773222576936586,139.81582528757028,2.8801411533377252,1,2,1,0
71519,308,61,165.20814453800205,1021.1414621427317,655570.5492932263,505.9635996523915,44.962495742522705,0.04410493495939909,108.44092243994103,0.510335974250945,2,2,1,0
12823,517,193,544.4347494355773,1240.524773022034,523201.59961365344,867.0873805035548,149.32795404780222,0.23230891373973123,19.992776181923336,23.326284157655607,1,91,8,1
55675,646,268,76.16350710817468,1112.0737329687345,436246.70915629395,223.28847142288615,73.60118314362566,0.427245818146869,16.696313817583487,17.94863236556927,3,75,14,1
76196,843,499,242.2269888746175,908.2621056319662,29338.38683874108,702.1779565344525,39.75960501912563,0.0025029708043298963,176.58749841861737,3.9697438469941515,2,3,1,0
10763,523,465,793.6463093874453,296.86969446945716,416745.5362095149,584.6724542164596,33.9473512241885,0.04092468946071753,63.15106845516769,3.951750598181612,3,1,1,0
75169,36,88,764.5288516329329,1494.6923762098688,406056.85643881425,368.03277101056653,114.65592359648436,0.4884900991690839,16.20174557301401,10.140220734298897,0,46,16,1
28848,520,446,547.4762852390636,617.4761353494906,896876.2791739446,761.5280943618826,19.513942542940203,0.04284315832488572,174.9760055285788,1.350172650581631,4,3,1,0
71992,428,388,225.752186924147,1162.3731700606022,168100.37385018333,372.88987104243836,12.730611677355135,0.04262910039687662,146.27293245790042,2.7736126409943656,1,3,1,0
59542,155,16,463.8365153958141,584.5174015676245,811696.3893409028,956.9732200814524,17.297135622266087,0.04174489539686279,101.35862657000469,4.595555385834414,0,3,0,0
31642,291,383,400.3591930394724,590.3553512470615,560691.7390177214,423.16959052920674,39.68107324819115,0.03726559163490191,167.53856584251474,4.300174988348073,3,3,0,0
92099,787,482,412.7602859153364,472.4519232154044,568988.2565284489,588.5274420713753,122.84493612791127,0.29292118208076057,17.779760377180935,3.6942531287388904,3,45,16,1
47125,62,63,57.227747655887185,910.9408987409133,58575.71683127368,226.06212633942002,20.009964632582008,0.03962394310652842,159.17133114005998,2.9714871628217043,0,4,0,0
66452,935,281,670.6756831356417,741.7490594655105,268050.3471572359,9.518813442166417,13.283148548091942,0.03670115182091151,105.49195751084534,1.8801678053294042,1,3,1,0
83446,447,71,772.6312121574011,485.8812247971443,704974.7231603719,172.99950904991493,46.59975907870493,0.015769363899579288,50.65854069301121,4.117273062240918,3,1,1,0
73281,461,474,93.35496878591023,116.3872056616478,913667.344108229,951.8709742121458,13.718959280494559,0.03543883110601932,108.25789029945233,2.3970219635917585,0,2,0,0
37995,388,275,61.2543100867908,1069.2139588842338,448005.8792962857,224.59037107398234,41.485811870571375,0.0004448220161220096,129.42106686433098,3.5983956875305756,0,4,1,0
1962,916,183,654.4135415246741,264.9856311009023,182600.78528231286,785.6885936753098,9.108662049665197,0.04759475655738771,175.9888991837516,1.225339763229475,2,0,0,0
895,427,426,619.7030006515371,764.180863984628,103890.40890832439,780.2634170084242,90.21765362187458,0.14650475095537643,5.659908897528002,9.75786880390223,1,45,3,1
52984,887,212,210.45572861710224,1438.6304060017023,293287.69270552596,314.79161636743027,20.73432839703132,0.0331545369780946,154.68026320378823,4.154664099449475,3,0,0,0
24991,331,318,604.5703508195315,1133.8692194085688,634742.2150655296,395.6104123038515,36.90738259504738,0.0014693456290786723,79.66584231070226,4.789207315721123,4,4,0,0
6139,111,134,924.387890379139,24.234920160817722,222180.22712014985,20.135126960715215,4.817650703334364,0.0414796085779392,125.14741077679278,3.730619400936723,0,3,0,0
89337,356,171,137.77988897443242,1026.15926030848,715050.6250685856,945.0950881317634,43.46729957771338,0.02811212020601746,166.87079793748455,4.318234312692261,2,2,0,0
8335,940,301,752.7048414764541,502.5564183154207,436453.1743704118,425.036748160203,29.84333861162991,0.010836441904293677,119.83775882256796,2.099029248760556,1,2,1,0
90980,533,473,538.7107946261292,997.6909060015432,697493.2601363554,381.8340054945744,139.10673823693702,0.2724047089459857,16.453059869387907,25.407017463567332,4,91,7,1
21322,550,485,138.88430042877167,556.0296777982603,30625.936692903713,886.3137002335948,19.964129164017177,0.03609882377890698,59.72043686495577,3.483787870893325,4,0,0,0
44500,829,248,217.63975293444508,946.887874308483,883885.5925116569,89.22429407521687,30.35814774782701,0.04809698182931564,77.88250678190826,4.8132290655126235,4,3,0,0
36286,590,158,1243.9451538708927,1077.4346422233837,720116.9925515706,236.74245303057864,93.45384707017504,0.43880701327294125,17.08728003698979,25.550269875757973,4,71,12,1
77890,400,401,1185.6260242080093,727.362891718923,195995.81450056453,917.8553039094705,38.32892301736888,0.012044797915231793,152.97715201655416,3.7784503514477725,4,0,0,0
65842,933,365,909.2408031242226,961.6671801454197,830261.711609015,485.72058715099513,77.25833939341788,0.18059588374534086,6.528057891398101,24.70265205430284,0,46,3,1
76227,830,321,717.6800565012919,828.3459437990533,376372.99209702853,20.93703407029948,14.472882946367292,0.04837366618275893,160.9455865427571,1.546676618471785,4,1,0,0
656,875,97,1395.4495011421998,933.6566412505421,165650.676066807,994.2811681627674,8.82804875398733,0.013352754202014672,68.90281874502838,4.8278752420315305,3,3,1,0
99670,541,174,1482.412287878313,1042.8727798006316,214432.01650630587,706.6658946909629,31.916156602642037,0.03605042330778912,171.11404145485994,3.7435506940461334,4,1,0,0
89841,967,378,672.3623105435729,709.2571039452121,452587.4753173707,265.052154302711,22.60387233836822,0.0030247630690620033,125.94301685704676,3.9657434581869895,0,4,0,0
75544,744,417,1218.2233150326203,349.3575235016653,594884.2990129257,956.6686086914757,39.89166538131092,0.01871583970184264,129.86284202363362,1.8030368079528514,2,2,0,0
41401,927,461,325.5936449307006,1392.494099697159,764563.0633030233,857.0585259876198,19.58123967323531,0.02109543785729137,81.82544459079689,0.7638264378001713,0,0,0,0
91379,549,70,969.5375103906465,788.6041223175328,974131.5712011089,900.327263409227,5.000595651001857,0.0070853006333654435,90.65776701692317,1.4589172309876357,4,4,1,0
78488,808,297,711.9172114800651,1365.2652732257561,97467.50851201235,525.9555335702366,25.029927167580272,0.004753883914639179,120.4408986448081,4.455829258078992,0,2,1,0
82377,420,151,1031.121457669417,190.45757651709587,348325.7765877429,482.93357916446934,34.00884334961834,0.010455302813661544,99.65726292983145,2.741910359976096,1,4,0,0
11700,919,390,1489.8301376296554,1447.185553763152,328899.7463875477,359.17870700744703,126.95149302773562,0.3520481296160496,6.5694842510669735,7.20709737642458,1,9,11,1
77711,796,368,1346.8300634541047,104.4265638672742,691718.6617273662,763.0584201504897,5.568231884908535,0.017988683596895566,122.64503865322229,2.1958100651477626,0,3,0,0
11548,935,498,853.4093386473802,137.64641889866246,463452.6736432448,150.48296892288718,32.78719991039385,0.016748923961844398,156.64645247310187,1.214143602507734,1,4,1,0
52047,414,325,418.9640422126232,1269.945126070863,617508.4055998747,637.2715774792023,104.33730350441235,0.339469521195243,15.142749508002154,25.028902729427244,4,72,16,1
89689,818,301,153.4373151919239,84.53137989894807,590699.499882117,162.91470114261733,38.34089798786286,0.00659033646533227,112.85192566000975,2.788770791121726,3,2,0,0
16781,51,184,377.68786338401276,1093.4400129742787,338347.3877685838,274.6214177050903,43.046586853095846,0.025693366887030875,62.7394578386483,0.8178114512900575,0,0,0,0
10701,971,71,92.03850693406748,332.40406419015153,97438.28151834047,871.9108305604337,2.129572808431847,0.024095687890198354,55.789070658388276,1.1559761047496775,0,0,1,0
24450,459,101,225.9994361458371,259.66920165829595,443705.2919391044,20.015194330478877,20.67738754624935,0.016328889695344285,110.00567462890595,0.8667403618869834,2,2,1,0
85963,399,71,894.7844393282485,1123.7466833233334,753473.6732781483,493.55192823878457,111.67880804908856,0.2481284494617075,4.48499067670781,19.62969048006981,3,79,1,1
71131,201,288,324.76546095180663,726.8690453612749,710737.4048974105,954.5697918233958,11.171338936687455,0.029402506650099136,105.22880348303562,4.983497316033693,2,4,0,0
32749,513,479,317.957133714298,1365.9224793904432,685212.3406633243,594.8994831279533,22.580993919019654,0.010692646777449827,184.53910561619884,2.836144848069593,1,2,0,0
43532,795,300,1354.2478054189473,837.5084126181155,479001.2094474246,287.4559459801093,25.847577394643498,0.01653007696969826,168.80620475651003,0.09724151485833832,1,0,0,0
49913,102,210,781.6009434929654,174.5734391272327,716868.418200653,710.681360476031,37.7394075757635,0.013310506736439543,51.0432936421133,1.425169542104383,3,2,1,0
80117,871,158,1482.5986812832255,579.6771723994456,99042.81816356615,512.4070962615342,131.2259087882366,0.24652900115963075,17.4166121442772,29.6096877351261,2,51,10,1
74223,607,180,916.0660802225323,1115.9716847821717,885030.9678344354,390.1219374809541,48.844045225205285,0.014442712909548228,130.55707073226213,3.191706553847677,1,4,0,0
37627,349,479,304.0560215498301,1177.9133740136472,840617.5984635626,306.110094399044,143.63178499476447,0.37591366953985295,14.828078914272114,9.135851245032908,4,93,16,1
24527,703,237,675.64260139173,633.4014520170613,336875.70195863274,915.8561300394132,11.675888206539156,0.01982586912453222,184.77591762641887,1.2933886948198308,4,4,1,0
79641,654,270,69.85047085846725,81.72778562814875,621235.6488731354,285.71820636643554,112.76843282471128,0.3905965573095891,17.416487614390203,15.856886045833901,2,23,0,1
34515,549,92,476.61872436972953,773.1052065742755,228280.01376816168,566.3232052521257,4.1848001086082345,0.029765421161110635,88.45220087003239,4.443766911807804,2,3,1,0
67747,333,200,714.9572096596961,664.626471505107,623406.7463629486,581.4098429833493,35.362506878674935,0.04946834714173334,94.61781828396354,3.774857036123784,0,2,1,0
71861,456,327,1311.5409320540546,827.8754183302564,980535.6685911946,181.1595974545853,7.960183205120015,0.025719199110508573,178.6178306885406,3.7815726493287896,4,3,0,0
98956,322,60,1338.7837771452027,421.21137081079615,897413.3731218058,966.9184574663964,25.47330258983656,0.04182634186388426,70.01474476857811,2.6350115635532587,2,0,0,0
56375,806,370,83.24129988451742,683.4076871780562,840367.6335082033,514.6876775597976,82.8427115063127,0.4475498933334945,13.49526598220952,23.84133663239662,0,78,7,1
20569,266,324,1345.2140835270723,868.626508550478,156975.4497040589,705.7684631344223,14.606704359950923,0.049295980946824414,157.4090699997102,4.287124995553901,2,0,0,0
26333,232,212,909.3998735489057,1082.4126161548306,523650.99032643705,16.896131608829187,5.729584945951815,0.035796252396295906,50.48729496159899,3.321955332103841,1,3,1,0
27113,277,318,1003.076018766824,1221.212596979833,142764.85164823738,182.23158404901224,19.80758161013874,0.0026728520927715885,177.88692366754626,4.885286430982455,2,0,1,0
19520,486,393,564.2526107913062,1005.2442696009723,448562.54764220916,861.8468561987894,43.41526408685074,0.04392572766996993,151.50253037705085,1.3813841438285213,1,0,1,0
22130,172,73,805.9437704376256,289.0374016452715,369521.59936343215,130.25755886482253,12.275496374288338,0.03379707378232651,81.35691399307245,2.123227410464898,2,2,0,0
31878,567,132,119.50076195776137,1107.7457498632427,346989.8737113152,223.10565600993326,36.328612228315485,0.013487285275010308,134.90677606434946,0.488430523496553,0,3,1,0
36630,898,226,913.0119624819179,791.3233315371044,209621.33078379877,81.57415612186323,145.66163474377228,0.30020507236805727,3.758062859189595,5.665508099837796,3,93,3,1
65806,110,336,425.69280051535077,897.2386191955319,915399.7076575034,71.40200045044818,19.774116991116742,0.04213897186938668,130.3589896599331,4.4356147983447265,3,0,0,0
28005,802,271,486.70775459237285,1090.148681167585,179396.68937715862,209.5571403647573,97.2656763126225,0.20060637492430194,15.130749557320105,7.343528884995172,4,65,14,1
4742,482,464,494.9126655805115,114.78354198332256,419887.3523152097,240.74916642303373,2.9833547413173633,0.010887764011344192,88.93931100527017,4.8462091452455045,3,3,0,0
81839,639,177,663.306179688239,131.88605091470168,659882.4465410046,742.4652326278072,88.04499563202236,0.34154474342926866,19.16793608414212,9.935758121076157,4,12,18,1
33524,737,43,649.6598415545748,1359.2269093697464,391753.39481759217,394.9699571171453,73.26133289907871,0.26243075359714985,5.949174177981001,29.724647378117346,0,59,3,1
18102,642,73,1131.3771190798104,1303.8237065537608,31566.045892340142,273.2646425680658,49.08238329501895,0.01394205218438721,96.32549283102618,3.256742511496647,1,4,0,0
72790,922,171,1110.8723848673512,279.0636852175428,900464.6611615622,313.8974400182243,127.58314048707246,0.1549171795806069,14.413857943511788,26.42466576479276,1,76,12,1
68259,728,397,1468.4193865212421,210.29150246774833,271248.37658432394,77.88273751208301,122.72108074918349,0.2249249995586612,4.079166490067884,28.931378729698693,1,23,15,1
52186,419,48,214.60968359632685,930.5607940371964,932839.8448239579,188.395007351098,39.469435665541056,0.03140649415875861,136.50303064664598,3.8400171072079776,2,4,1,0
11507,72,458,150.37011382403838,233.181143770906,587177.2010032124,96.73906427947807,41.64481881582954,0.012101256961833307,147.12409220551484,4.656554310155568,0,3,0,0
78473,261,260,846.7951421164234,1392.2594930199143,85017.63429106963,193.28460583201988,39.66246759215,0.03573961287445436,134.1894144356204,1.1710078764106557,2,2,1,0
55304,728,363,1013.2474021084099,1286.0793566558084,669092.8007346588,368.8243631560239,13.636524898944584,0.009709603573887388,185.7713036516704,3.912722813554714,3,4,0,0
63191,404,180,146.8069855072111,1190.7183921654844,799768.4749728264,137.93858294547735,4.4581976343097995,0.03205525408599787,173.50664191031183,1.8804294084400324,0,2,1,0
15695,263,185,892.7330589129189,1279.8800120388858,988769.4166202595,82.05945923068352,49.60615036942352,0.03674840086568792,150.64889101577666,3.330920958267844,3,1,1,0
13350,624,51,1245.5852391101919,609.6609166965244,850259.0285378917,341.1736329648189,144.59357962778742,0.15565952568458866,4.744790481929098,28.582434120558787,3,54,3,1
28396,954,105,1014.1213160069409,1471.4410225169775,122125.87011327806,912.5315066378356,123.34330047665584,0.34396687686166266,4.878836800785511,8.234246907955708,0,94,5,1
93953,233,461,829.3995520907497,692.4557605561163,615254.0811349745,366.6019180230253,34.46509997978233,0.04211382667026821,64.52010030282185,0.11963159911928867,3,2,0,0
9168,149,159,774.836885431979,1059.0133626560603,13868.059823951777,299.58146565201724,9.212280523426687,0.045316511585485074,184.74974354273664,2.4877027875760573,2,2,0,0
65715,219,426,1116.1980848597748,343.4592687232534,399466.40728393034,665.4451079722269,145.51698744829122,0.12721797255090542,15.621056427532872,16.21133622728261,0,88,6,1
55421,821,234,473.655323639036,834.5970871329374,729956.4106922034,263.25572148070154,9.107919245008892,0.022029205703144452,195.4717761692159,3.008629258206344,2,1,1,0
18919,51,111,267.59584532830445,1071.7141904000885,180218.98197375264,315.956370815459,18.513369590647155,0.03179710493002778,170.5686457207516,4.857289393449678,2,1,0,0
88060,962,249,617.7918272869265,846.6161279299555,279747.3098988444,873.8075938821424,36.21098713283049,0.013778111503607355,104.47254841285127,3.0639281126115767,1,2,0,0
14003,732,443,1311.7836553667228,692.6759968143044,773881.0487912375,249.88106768839614,71.6557925483857,0.21164869777306528,11.533310206157589,19.187284226526963,4,97,3,1
98282,164,104,380.3549967226631,953.6119492796262,963733.8097989266,247.8621681166232,108.35531370655747,0.2890876985907896,13.546708344411162,16.315651055609056,3,34,12,1
33816,307,462,321.77316834207386,1019.0947480644801,107595.6445059397,890.8514871885185,7.743606107834189,0.02074793238614149,82.63137027534292,2.2455113737700136,1,4,0,0
72233,538,473,902.2043819827489,1315.3190099165681,491750.80230332725,279.5752578125152,18.37097061206404,0.04208743781423409,164.75480012465755,4.057341536642784,0,1,1,0
83944,408,216,856.4597732596595,793.6355630464211,161638.68711234035,944.4791495612429,36.308097742474416,0.017559950816933657,93.63616901256258,2.6706195035418623,0,0,1,0
6910,985,167,1289.2014284506865,747.8094467102331,984766.7376992394,956.2291355911476,110.48625318576754,0.49200170721047887,18.314701858775138,18.5484932556835,4,99,15,1
75396,683,117,564.4605677886312,1252.5646847741518,645642.118935565,833.8170843624432,128.4550863796407,0.4594140022351122,18.287642100559943,18.91664503837187,3,99,16,1
27968,341,289,1141.883774497494,700.9023443703319,509499.7476691355,476.80474643669396,117.56613850980328,0.11322916061508291,8.90021774378472,22.257544937128593,3,22,5,1
80825,955,224,38.24130794034633,578.3911130214675,202693.26115193975,563.5120788836244,145.3820849121073,0.35713173862467207,2.508793179300495,13.313157419265705,1,7,2,1
598,112,25,1096.4766596507945,1090.624124329465,256470.5471661875,625.2628313857016,133.56155929753322,0.3386013576594742,9.175783200695186,28.358274822066416,1,62,4,1
4161,278,276,133.33686820163845,962.8971608528419,935626.2904912907,489.67380426050084,24.884715043482792,0.038355956258505165,116.90948827400258,3.1454134834496683,1,0,0,0
96697,499,206,539.5779245475976,1208.2150942566718,48043.9044196697,882.0984416313768,7.441836725198987,0.026007782336081326,137.4050712344217,0.9508238518099676,3,2,1,0
59771,163,270,1178.4982137141455,1022.948467942168,51329.878175401376,182.4279618000874,146.19482230372648,0.3588318849342307,13.233103756547314,8.874631897589726,0,92,11,1
39967,875,237,558.7883889369139,88.7543618903818,606962.9876568402,789.2259570510332,120.17647080450537,0.17442740495653603,8.209882486994093,12.511856889762239,1,30,6,1
80641,655,146,141.7752380953325,688.8286391448596,459858.57401077397,439.34558196589717,32.62382477597108,0.024562383028944524,135.817112415539,0.8672260567329088,1,4,1,0
86259,890,445,656.1538888307688,690.0196127433456,641551.2971982611,214.85950127247395,131.95366334432887,0.20860857761961105,13.115862908941104,18.14881466383534,3,40,3,1
91798,566,213,1180.452800639758,1389.8714722187015,568621.6813765911,170.50081452501655,37.753141268452715,0.01096823907074019,175.7472546895831,4.947457836137511,1,0,0,0
89995,839,259,910.3473730054837,394.5891105523321,25698.45405396454,930.7457154658255,121.43377804346025,0.3803357246333917,17.805602512044352,11.50270830503193,0,9,17,1
69515,92,210,48.346742048948386,162.97747647727016,373591.6029199406,257.4838290192551,30.96685287723586,0.006392708509516104,72.70175963083929,2.0277891683408598,1,1,0,0
82797,559,436,1170.488376924547,1154.7567270790332,198472.9744402315,655.5405940902358,124.03390760246128,0.4300681231069915,10.062400841582154,21.18595470571696,3,8,2,1
39567,928,368,1111.9083688749488,1040.6504018346095,456004.7078249884,170.6477788512187,84.77841324485718,0.3561833020767454,17.56719100983073,26.263304927137025,4,9,10,1
61868,831,252,1132.4076834406253,1465.0010272343143,815611.0253811764,773.0193563675963,33.692584726937284,0.008461059528168963,108.01866586896995,1.8961330019947387,0,1,0,0
41118,125,226,249.5248369561117,233.27096037968883,236081.6722826914,304.47749617216573,37.218878887253574,0.012818792645912331,195.21392386315162,0.40923175524859634,2,1,1,0
70701,151,484,1454.0900797673964,62.46356497167255,843667.9325621168,307.9654747184946,47.41574664049692,0.007892103083590346,164.4279144754745,0.8730382782174428,4,0,1,0
29671,844,451,853.4231884203637,676.9798262906249,239064.8794698403,312.24194828136854,100.3607783681388,0.2477080617677427,18.20545407187516,12.522328698723326,0,28,19,1
31606,281,232,1191.8364270984816,926.4038627482407,655997.9978695061,975.0611383730085,86.21572650128591,0.44198314023520524,15.955606378741058,8.52307655918916,2,36,0,1
92162,734,387,745.3654966760607,1476.0366370170232,473267.97485407745,254.82846556343185,117.20217333281946,0.12468868550453421,15.042589132039774,16.1198987168656,4,13,7,1
63502,916,226,438.59444295202877,836.0961353398521,965433.5262831292,348.9175995452445,66.52410258456237,0.33829041430361056,15.716363080928959,18.402075083613965,4,24,7,1
6848,8,206,1464.2097499320055,797.4236348986009,689408.1811039383,886.4413156677703,39.855470207686594,0.012248739604376037,192.82497307495834,4.704803134561607,2,3,1,0
636,507,345,922.8396779987177,726.6091358503161,578045.5408720395,766.3718323440138,64.93164730844214,0.42059274922252166,3.5173202229321077,21.86711259824581,4,53,16,1
90141,548,402,541.6237297088793,149.23552537552638,665137.803347822,643.0110308904676,38.62656166246717,0.044685674757706725,100.425548519507,2.2585164139197014,3,1,0,0
36830,602,4,397.4471453546155,1009.5459839481574,661892.4601134851,309.424594655595,78.41309164683939,0.3050684309306232,11.099896381255547,5.032858055147067,0,29,0,1
81331,522,364,860.1072205524325,1270.2637735548653,924555.4330656135,322.08845895062336,91.45838072015576,0.2464729306668775,3.1807948924941485,16.179331453280746,3,36,17,1
1372,743,166,229.73404976784877,1044.996236162714,686791.7482670773,562.6023767456261,82.76209718003759,0.10678014131487235,14.563123776603383,25.27558784902766,0,95,6,1
94381,349,111,451.6525818214623,696.2955562797493,616359.3721990748,495.9086832313532,17.202215751111613,0.008040393184753542,108.96891184554536,3.763154729020929,3,1,1,0
92070,646,455,1475.0325306955856,817.1503097452577,860343.1295119922,506.48069162125887,14.473680629536627,0.04780094976380684,165.83687713976735,4.07586016250996,4,4,1,0
46749,860,120,652.499819643908,453.56450777987766,754718.7353990527,833.5297837303651,15.085911419530392,0.024628669856510972,155.60774616596757,1.1818462916027355,2,0,0,0
61868,82,108,865.982318161038,1308.3273037261708,661932.0048153023,554.4144427300637,14.109999168114513,0.03360605262792464,115.6025600121629,4.497952037216412,0,0,1,0
17050,554,461,1225.2268570158674,1334.2368059269786,912548.5756030414,355.5849258151488,47.80160742874803,0.03194041188797982,145.42124815961787,4.794395505657509,3,4,1,0
26683,364,294,709.7548146271462,805.050968555666,496579.9556876502,965.5679904270643,23.708676271867557,0.028423800697196806,132.54428103719437,4.979392488644198,4,1,1,0
98256,754,241,23.42278670533789,369.7231347649923,891741.7983926885,540.5072472511396,33.37779230295281,0.03783007347985609,120.25620289785827,2.758928986676325,0,1,1,0
65157,104,382,565.6130005399257,836.4562724539875,538180.3072043139,509.55292220302783,5.7474832072123165,0.001252736493015977,91.25522580252463,2.1381685208907175,0,3,0,0
92513,688,283,718.4887152795269,429.45030650650835,875344.6976750056,505.2768979189467,18.39160639178266,0.008172920522347239,183.54856044276954,2.501821909247785,4,4,0,0
74934,440,162,1273.109416738268,633.2307338503914,230947.99933922946,423.4996778770895,33.65221270148851,0.01740452403144586,178.68056935202878,0.06415512544640845,0,0,1,0
69419,139,183,1350.0858002244045,49.160321586917334,623177.1791053694,77.64589141389798,1.9625970866734512,0.02388930205232618,168.07524580937306,2.4592524295060336,4,0,0,0
60789,761,191,1292.3939287477479,112.11223404354324,468971.73847315914,265.32917429766405,145.49852736761954,0.45831869545155324,19.880423055230473,5.1412403339451345,4,31,4,1
79401,697,368,1385.7996286930827,709.3719835189089,296430.9307942969,71.34732796243271,31.969275419713867,0.041021659221687816,154.72086458589604,3.329224541040807,2,2,1,0
6580,5,394,1298.97728116494,284.0096764720024,425828.1078471566,380.1142354675615,35.76345930812792,0.007166286714319381,189.16408787099465,4.011361773706202,1,4,1,0
98816,443,194,945.3116851838029,1066.3597437811109,162682.08409145224,486.57394218495403,41.12261324188461,0.03790587206441415,135.6771004942199,1.2064892211286176,2,2,1,0
91536,123,378,228.9070966710053,209.5066906277974,477215.37488354393,752.7783653366014,24.310925712198106,0.031160255389798636,171.7229882774904,1.716738687047653,2,0,0,0
23898,195,38,1354.8838530257044,462.63760679678586,900951.7505297452,307.2925487352917,25.160060577406206,0.03643491989680635,133.5357474912002,4.617083227244584,2,1,0,0
30259,208,117,1072.1240896881718,34.00237945108023,492579.29459676036,242.9759989394508,9.090548859369912,0.010355647382580947,136.50905824989812,0.10272711362445619,0,1,0,0
71235,288,456,1164.4395311280582,1380.224055522607,972488.7664621004,892.7039057286596,33.286469253455024,0.047330896562471546,199.7653350791752,0.3911659674663709,3,4,0,0
10503,576,201,504.0981104110436,127.96184746192263,606481.9370864001,968.8035351531229,148.57323027737462,0.14220496675199065,7.559496924049913,16.341866856237488,1,89,10,1
78473,966,361,1316.6703950321444,1316.3111994930518,592135.7898783302,342.5257561767123,140.69619847021335,0.1443666849032298,13.739546386661125,16.87699027288288,1,24,7,1
46234,876,492,1490.5474388669722,557.4157321784328,290626.3382671571,292.34967402476343,43.59352920618117,0.0012827222879540192,115.95120859510162,3.3220964448663826,2,1,1,0
20309,478,320,346.33039358297816,1345.058734720582,798434.6418440124,68.1985300922902,12.352082215988196,0.0035157429588388803,74.01294998991341,4.372162781531508,3,3,0,0
11563,761,271,187.53350095809677,1365.0562742604784,861811.0101727861,265.0339033199152,35.717693639194714,0.026022287135937884,165.46591956490303,2.051469892572442,1,4,1,0
69185,263,385,455.1652031114497,32.927933969802254,819289.9851567186,770.3724578502404,67.50454498575841,0.3292262963900705,15.069752714007635,4.919344942677783,4,62,12,1
3636,933,299,568.2202244181732,1486.4695289972294,724489.0822497924,743.6716437612891,127.34216867365267,0.2665983016921487,6.697951239045651,26.99520046733253,2,19,14,1
45860,443,68,86.53062988944448,1222.4921157790502,194901.28675703768,807.9354087135193,20.324148323027128,0.024430922216385133,166.09122158466351,3.353691566743593,4,0,0,0
56058,667,395,617.8329413040432,695.7079249496062,652673.1471446367,287.16106179536956,25.912551425869253,0.016355303193530093,161.11216682290274,0.18034466829980778,4,3,1,0
60812,517,171,154.01757132102347,370.0240528523006,75315.28922753895,451.07688732811164,20.054432100762412,0.038125389811869734,172.1847851643389,0.40193928339038343,3,0,1,0
57105,172,445,1198.0176717960317,393.9238555936824,774524.6825619491,639.8601015362658,27.234435059372842,0.006784717840224758,115.02947130090558,4.740825569058311,3,4,1,0
39120,187,33,1356.7320847286212,1464.8966413061448,828848.8704278977,944.083822427511,10.025273607795029,0.027351832466401035,118.94825963222573,4.823359000301139,3,0,1,0
77005,625,238,1285.6924763005882,146.25381429785557,214130.562054237,454.55594917206923,44.16188930799233,0.003052512216226472,150.8948373304437,1.5500345692030715,0,1,0,0
8012,57,375,1445.3030837510246,501.0940490715802,325295.8061421077,710.3744098758395,107.93865675486799,0.31356142881838334,13.249699636379864,10.512290937109602,0,6,18,1
79955,638,245,699.5022935415972,368.75518958221267,938474.8903119541,58.781677349425,35.77086862471434,0.009987991860583356,115.59602995749835,2.046431906099553,4,0,0,0
13980,424,24,158.99984081655984,1290.1908678450336,486255.9543982741,8.963601994673056,47.47861311684563,0.0015468554081883247,104.99144757346448,1.7447215855983274,0,0,0,0
34274,988,8,591.1558862236358,359.1743147889315,553314.2168360157,26.946940296996797,80.63449064673765,0.13978455499967055,1.70488305830687,8.343980883637713,4,91,2,1
29082,33,435,1481.1110370904291,1063.9293576184098,258844.3043391966,598.5645667237591,40.94331536537713,0.004639992237379259,110.02872188329289,0.037053664835688394,4,3,0,0
51617,771,414,154.36537214544114,996.1608036543872,441818.65647459263,493.9162778280304,34.608291847913414,0.008519004319026592,198.6627236849614,1.973084670112415,2,0,0,0
25740,267,472,841.8126455688407,29.931526629783292,207411.39640559943,217.54743797064674,51.46682597366424,0.30666979488410484,9.886099879763206,4.640613330502603,3,54,3,1
99155,971,391,1383.6342316431324,823.5438860641972,456116.25780226756,948.2942881172823,1.0292368701945593,0.012490221639573224,96.10149818351258,1.5034258061057726,0,3,1,0
9708,773,452,990.0980770655887,547.5523371234888,920693.2582652667,593.2138076192662,12.117520691577502,0.026275058511783456,136.1700631124325,1.2716732538596065,3,3,1,0
32822,993,152,1499.4773896583,818.2175559767026,92348.63085531286,418.2413046325477,13.918268752657937,0.04865912514040738,186.01202873423898,2.708409495676411,1,1,1,0
18105,720,345,1366.4722808112679,111.06403648741578,678645.2032923959,754.4095722172675,6.4360427308725345,0.02944572443646755,76.65045239790479,4.10411443845309,3,1,1,0
73210,19,231,1139.5088378460644,1236.2690700475953,341527.8184804045,977.3405928616272,22.408277249304415,0.009512762849610619,111.06489489210168,0.900965285387571,4,0,1,0
95808,761,374,326.18251420952424,128.68738517158127,272039.3482815946,94.64114170236114,39.61024272436288,0.00960663520208891,141.20073504125463,2.6632437235980504,4,3,0,0
58657,930,144,992.3115756648609,1093.9222457584574,533697.338134245,472.13021934829015,49.758503546760885,0.03161354500764373,93.84757862340811,4.424899243052915,4,2,0,0
28577,994,94,1126.095693908356,337.63255712968703,576360.4976017426,619.5869869223789,29.400805540733245,0.037575043606202604,191.65759339771722,0.1347055587181073,4,0,1,0
97792,479,361,988.3720237298105,353.7228121107922,904641.2110420142,900.36699164824,38.13564035421955,0.021477319828763858,100.10769222599424,2.659855078241425,3,0,1,0
54228,287,36,1055.1552965309793,293.7568850477254,794106.6274369082,270.0534973925896,31.043281938401172,0.017765948236472713,162.45565272457023,0.7849473616644131,4,4,1,0
5390,929,53,332.5444281503311,1119.6905384459483,745247.3220018266,35.45829110630597,31.513516653019938,0.023884499602614913,89.53534693521881,0.2981001923311616,4,1,1,0
6334,467,102,230.033561011646,583.3073163181531,231302.3944660232,40.88398121473525,70.43744852089915,0.4790101937975114,3.072331393576505,29.90296066611051,4,98,9,1
99037,177,460,376.1506830256042,473.45835374960075,520398.2774466109,47.15580619902086,119.74243804265198,0.23831692933415047,16.126259256705552,13.828859677612298,0,42,7,1
62885,918,475,1175.1927820318256,558.1517990242669,654773.0683245682,762.6754181737851,49.98286103190292,0.03462854027111769,91.09594969669807,0.947042037652272,4,2,1,0
63339,327,286,984.2305877814024,966.2897394384742,950020.4230558668,451.6151688774804,38.31035293570518,0.02707031401372982,101.38688931283772,2.1176222994265705,0,4,0,0
14772,854,92,455.83812531956056,1457.9654426030306,830556.4321169362,956.2076676365284,47.439874867203194,0.005418773395081145,111.40719048771234,0.37112107839675557,1,4,1,0
29596,714,187,147.27595329859946,314.79537760552563,531713.888026344,870.8579432138633,40.104094191706736,0.0018037788316248695,57.60468732953043,2.046041876757463,4,2,0,0
55303,540,355,1022.9553311959208,483.2996026532893,795236.4327982974,925.6696638126436,39.10726204629609,0.008440510286922566,145.2157000074541,3.258499493156977,2,1,1,0
58833,855,210,390.6567279285517,943.6341811016648,278254.8216699952,199.13171518098977,9.613226067337843,0.016771597805982752,166.63958130745073,3.30743245876828,1,0,0,0
41756,964,296,1386.6977328226842,390.9612881923294,128848.77787471029,531.2746859162427,2.0425803374891394,0.04161279686518434,126.1272414407132,0.7828282519732493,0,1,0,0
76775,766,72,984.6498441484798,315.5652055524648,430543.2032805419,234.76751303084347,61.41241351120345,0.23196395335758802,5.8905592080205,8.765778547671381,1,7,15,1
96807,627,239,1356.226203147168,256.64061807139046,729346.2224732747,117.22128012019867,133.9405262787213,0.265783936565841,5.5105019596053735,29.675852495302074,4,60,3,1
13039,524,339,1150.4107970031978,152.46346275916596,761532.9500495517,7.465006803077275,13.964844799155308,0.039499244987402475,70.42929310047111,0.31023791108538756,4,3,0,0
59113,628,482,787.5669898483243,1246.4013735606163,253804.76156641293,649.48783152834,86.34091379739561,0.13511224190240978,7.132158469779812,25.20027468125317,0,37,18,1
83943,243,305,1064.89120333447,217.34097765575572,753845.698721967,175.1233147186839,90.60890429025665,0.44441822670707076,8.541763836065323,20.515002418822483,0,52,13,1
38443,913,32,1099.9111856270456,440.4939712428352,349118.8365293574,930.0358213410742,149.9819279758308,0.33713975780183647,3.985285600701775,10.855143108904526,2,91,13,1
68435,287,453,1399.6005767714344,818.8579199569948,966000.2932148809,461.26010838543664,25.0698986385716,0.010803661560725281,82.66374273391654,3.3847729627315086,0,1,1,0
50905,965,29,1104.454370481224,1050.6189202035396,966792.231737814,265.6923827503359,27.417674837771973,0.03054667580009602,136.78128793921422,3.715065054833111,4,3,0,0
79943,28,347,348.16998080862516,345.37227357054564,669024.3119772822,70.38442485057733,39.60584525256586,0.04775987131263406,95.1778299669691,0.7090372291425601,0,3,0,0
75884,177,288,820.5568837512927,771.9500101470383,891156.9741404473,298.89889274098834,9.89116823617833,0.008556394895244618,154.18524860280567,0.7322860690811678,2,2,1,0
63835,276,473,1227.193253452331,38.295191868185334,867201.9392308271,504.62660495858273,27.164416300697987,0.043729060301718706,179.96912015568563,4.665237614740798,1,1,0,0
86737,865,87,1316.668144158074,511.5167479409754,354099.81850158895,141.26565182260362,120.9207266761766,0.2876570635824878,18.439551101616196,4.692563409633799,3,52,4,1
20533,282,353,331.03171681126855,1135.556293859934,420314.6574542983,380.1992081547181,94.20473329995183,0.4721460292707954,16.610785550384243,6.507445342003038,2,25,2,1
52115,800,433,587.461835163369,476.6164357083901,65622.79461155283,3.620749812804384,12.858402623215405,0.03354529114152679,163.44324852212176,1.2653659203827354,0,3,0,0
79350,521,324,990.5550961619417,1151.8150669293218,399583.84258558444,485.93609336383815,55.00250822365488,0.10559227857221294,6.896004457438541,25.77030240428105,2,79,6,1
86845,172,241,111.3452355802404,78.0298453209817,461836.50872430374,878.1480244915753,18.795423391501448,0.020208684930585048,145.10908473651807,0.09429092674769157,2,2,1,0
20653,856,238,218.4487560865886,1246.2258695612732,49179.015336800556,162.3629802529102,136.24918040021666,0.44351814108637744,18.056089196444795,26.667047158236603,3,39,14,1
85205,126,477,1211.2019071395061,1070.4241095934265,482869.69424191496,688.2837500150987,43.19042619812872,0.04588999158373596,179.09238402445953,4.816289513118452,1,3,1,0
25174,403,257,796.5177235020212,1414.6704964433338,998716.045891004,78.32050992512035,26.340440017878958,0.02108593701379155,102.92089344040951,1.7997690884327355,2,2,0,0
50052,953,486,70.91956081969555,475.3763649717283,545696.4643813182,939.4283768027086,4.860624202567395,0.023404295848628066,50.67438018331523,2.190468772226506,0,0,1,0
6031,972,5,1370.9551931162778,1050.4077138277678,654863.6402111722,494.2854221035451,38.00920536383481,0.04455817305595524,116.68937411664811,4.9022381225067075,0,1,0,0
2966,986,299,543.1733970611722,1383.1306725753248,705803.0405331845,969.4463068738183,56.15996102385515,0.36398002253460693,14.912214827568981,26.360034972760342,4,42,4,1
3544,11,461,33.44332323374986,325.58303817311736,105510.77379232207,255.09142473029817,8.037120366253095,0.026597672183105804,131.3031727794596,3.324644475948264,3,1,1,0
25840,244,43,1053.7906248313845,336.98435451718365,893413.1119839824,265.50632925888755,44.816561185352974,0.027925657876379573,154.02854021811495,4.9373182842580645,2,3,0,0
85976,369,180,1381.9208706957745,1197.4932498819542,926012.2923536978,87.67074367508775,46.17813229354324,0.027792772033721616,74.91699986180723,4.141233508953604,0,0,1,0
86873,616,125,487.06175914090954,337.5483698305706,223690.52205174678,896.429745102027,63.52548842950067,0.41602734470544533,15.456770182736488,26.647566963303596,3,86,19,1
8427,121,205,260.4107390811552,375.54153094380564,863209.6654048194,99.03794584889275,60.4471406428585,0.32442789694219776,6.601189308470719,14.254103216613004,2,70,16,1
81785,338,307,602.8863314855837,1027.0613182786751,956736.2857222382,278.33145263782706,141.2716482548659,0.17002511718546542,4.474552552248076,8.678073141963305,2,44,15,1
3507,525,346,35.49113875214259,588.5196880305981,999425.0639744917,527.1756329316944,37.353580162899895,0.03332278270351633,80.96015050699518,3.8374590305408858,0,1,0,0
53614,447,68,829.203638028023,1345.9076859471697,741821.3437722711,411.46968336906923,22.63107527150596,0.024618059223432062,156.74220611250925,1.305638077763915,0,0,1,0
32783,306,386,598.2734581574878,1143.7783849714551,817980.1761694041,338.3364561321118,9.177122840571233,0.017090121625928063,196.92886101196018,2.0774208200413025,2,3,1,0
34627,553,154,121.53202999261464,1455.4339506964375,377865.8203799807,312.07410050638674,14.7783753054093,0.04161322756816334,145.95058473632366,1.2512466644037923,4,1,0,0
55331,331,205,923.133261510964,1381.7723708761068,449552.19455447444,787.7856075322946,19.523630794188445,0.04816147221838959,126.68681679698092,1.3165947858615117,1,1,0,0
8747,144,13,176.50283217945153,577.778328029865,904059.2827332577,574.5965937711843,140.2967454087523,0.3457498184925323,7.1460367254575345,8.007775307653008,2,90,5,1
66325,489,87,1102.563846587492,135.68503534409362,580783.9475982088,219.39474280205965,10.892106658069292,0.03492161969808291,128.06805670454878,2.535258369638002,0,3,0,0
73598,88,9,560.5045430504744,295.34416833317107,677325.5130165201,196.3788939319871,43.415424751071924,0.02862237448267845,83.1608530904476,1.3798736763999853,1,3,0,0
96556,685,131,717.9129595861226,594.1236713696351,315853.50503566774,40.924267929303255,21.552093879022955,0.022198474233960788,86.85020852656152,3.631554191095791,4,2,1,0
10895,409,392,132.43994747235058,670.9773826234185,588608.0284914835,979.1533309660007,14.591636444940406,0.03757276712124234,158.86164405856618,1.9646728925914092,2,2,1,0
87179,531,443,835.3723855264822,140.64335605099316,484443.3928785239,936.1394993734076,30.042144443934433,0.044576286430984026,192.1805007188531,1.5484983070064455,0,2,0,0
48888,986,297,1089.9363230138695,1262.7301930741166,315611.48711859906,558.6652692763679,118.18275995500734,0.34745242384468705,10.545548099674551,22.903543074580444,4,89,7,1
35674,83,68,504.50897593595585,916.3028979420869,772934.0476195216,309.406996349996,116.24620085335515,0.11800460343243416,12.07239711964408,16.9259893947066,1,63,4,1
78665,977,211,1200.8184971922954,73.67226767269865,620868.0241996986,645.668084602892,99.18188378435937,0.2850324405641279,18.189537863802574,10.73427023235218,0,53,16,1
99863,785,439,546.8945281909489,799.8389026758472,340884.9520667983,973.7361989449583,35.51886778467369,0.021886759486542368,167.19644878308713,4.635937912779779,1,2,0,0
10944,804,113,111.09195190956392,489.2345227756722,768473.4437778926,732.0508745278232,65.91412279085945,0.4226340499383606,13.650732421042614,19.36512000880156,2,32,13,1
53705,897,298,52.72576356199302,1354.2664338409913,334305.96260149596,869.2189815971461,97.0780727153049,0.41356071879796874,6.284623800123143,16.104454450002418,1,23,0,1
54678,329,160,1057.3217818284243,1412.8228794408622,312357.1658913239,935.5146180089749,100.10344139042027,0.45821450136657493,14.026934304874906,9.553789194106546,4,38,8,1
55607,247,261,990.5986117579257,335.42533009325683,106292.65429299393,252.44798372238117,48.73110586377952,0.040545508606415565,60.53792622094279,4.055819444002354,0,0,1,0
10575,532,496,347.85543003573946,561.990573707275,615825.0887372423,399.71622353133034,4.458972118430381,0.04351037330985261,181.26174071166207,2.4940023903554875,2,4,0,0
31483,335,481,176.642921317653,1185.6261521383396,17766.955052476595,193.29265759297732,25.939315702152648,0.047134833289415735,186.11768849507862,2.508197755769351,4,4,1,0
29398,854,113,464.4465909498429,1206.3832620768226,255572.59064141405,801.3769380757092,81.01621286668163,0.1458081155326581,6.0624463335173004,10.818451010489001,2,93,8,1
38537,240,41,1271.5013739028984,1110.854805258425,139148.66341203343,88.73418193686173,9.997590759602955,0.0001959049069355179,186.9704653250309,2.503289285078956,4,4,0,0
93889,194,476,283.7668209126705,627.3654631571487,621222.9741938547,596.4223766078634,112.89397867641719,0.10174483357060803,10.830945855846354,19.187728003926242,2,74,9,1
2939,124,142,34.74498000204414,1349.6378532354743,661232.336212092,508.74886096349513,35.30306125009628,0.042190379090385366,141.6624817230746,1.6919156037034928,1,4,1,0
65443,909,245,965.1778835851379,54.61060929669573,920756.4008151987,445.4627789887092,118.3487182864017,0.37057386662844316,12.475672501251358,6.510652977957809,0,61,11,1
93708,15,150,1107.0309882665854,398.0473402064947,51012.582988553324,121.92091308073786,30.636668088878842,0.04616536696633097,156.446798518364,4.047777301772223,0,2,1,0
45753,202,59,286.86179394876365,1035.424336379794,167799.19563202615,646.3803738306036,77.44234604492263,0.39138359664685474,5.325845708660362,15.521773414667981,0,16,16,1
24855,355,75,1398.6311086257938,913.9443369487961,253250.4619681765,255.0584314668153,8.210425757819099,0.03621117618748508,102.95998083288156,0.3888423376848721,0,2,0,0
42963,237,247,1119.9502353791363,129.25964781319294,600500.9365142942,41.780764118902205,2.998387301495183,0.0010946200713210063,160.44722178333797,4.358258908106672,1,2,1,0
98151,301,57,33.844142244280135,991.2744139015018,706567.8197921237,160.2284022530112,10.591383792809184,0.04491206778934862,145.64030285379658,3.754335315625611,0,2,1,0
18283,499,463,276.46980998984867,608.8740871714745,737654.3172075667,805.9618768641177,109.60462722134518,0.25208244409648173,8.191060484402026,16.07722074732515,0,56,5,1
14002,86,138,1399.4199364032002,348.67821219599773,988578.1314347672,48.89382643972745,10.161096589873837,0.010704193734273627,119.10610361207775,2.3619645002355534,4,2,0,0
58190,370,277,168.70959777359587,341.04233426820076,315602.9094596413,388.958511272069,103.68499821807606,0.18208372859079525,8.900121212422697,17.384001885789637,0,30,11,1
31067,754,165,1484.9442946988856,1365.6752275449862,345321.0083988684,874.8533374942858,16.33229096774057,0.0011993323925169053,115.12211640187878,2.9315830438310138,2,4,1,0
1283,894,68,739.7854573845249,951.5862992761695,200480.63326380198,227.51526459307578,144.63802210393175,0.12921645267137483,9.93383648347459,13.265862403267516,2,26,10,1
5571,355,320,640.8254379448871,475.82551678546054,150625.20210014415,874.0560026507035,17.53217611342244,0.0262679295795855,92.4512942560161,0.2576107162540242,2,3,1,0
63051,193,107,1138.5823086233572,498.3475270699796,138148.98118407445,361.47424650997095,120.66432610893055,0.39278871599838827,9.233888720112576,22.39960068472329,4,47,10,1
29568,555,264,1283.2771666897584,1443.7841097993653,868479.5963269605,723.5384879068106,85.76385913005339,0.1839963263029669,19.892114803304818,23.69258358132378,0,86,3,1
86330,303,223,161.6134492449303,131.39245784979,491347.3218071806,884.911520959009,13.182938424866535,0.03664258759505828,195.08525093336704,3.161521106757499,1,3,0,0
50641,141,33,373.6847790982321,1190.3204818384252,601658.6231635258,232.95701931192355,56.32042079451915,0.25664269384060245,13.046316976505885,24.093426430085714,2,28,0,1
98498,712,254,690.8443238768128,141.438281620262,609404.1996488868,28.824428040786096,59.8706798604244,0.3292508038658959,15.148764814267288,6.202039657884619,2,19,12,1
9218,148,129,333.05452603632193,801.9035775800427,438568.9091408592,841.1696311254556,30.786335269147475,0.04996413738886353,106.19834300688333,0.08627416746261274,3,4,1,0
7254,959,495,1469.777078650978,403.5578929297135,886726.1394951568,871.5449283801775,17.465456395345853,0.007124573563069558,179.83558583132984,3.4281794468780107,2,0,1,0
30435,667,442,703.9348043964209,1186.7298455341183,997359.1099447513,891.579197241105,16.17285957208769,0.010062302316033646,156.5292248537885,4.49487282877622,1,4,0,0
54975,224,98,261.4944320496466,690.1412703322077,624794.3793619311,563.1798370126876,58.22790020850124,0.39902958760467677,2.1918379286455187,22.27477912872319,3,66,15,1
17979,376,75,1419.830339718653,1073.0947367925341,222506.13272640138,538.9819484585727,143.03960514185894,0.27793442910656374,18.10652001891628,25.789779838946508,3,76,19,1
41482,800,240,709.6047519994918,178.19712990404585,404159.1894465191,720.4405864408598,100.59091203873945,0.2988366229466508,14.679919039996172,22.643546431369128,0,21,16,1
32866,509,389,324.24551337269725,209.6307444247081,632410.2221135085,899.6886515642955,19.720244927530743,0.01990878080625961,53.71677069126409,1.7936610367343535,0,3,1,0
28042,497,161,724.7689326651754,498.0371072089584,150693.40263934876,242.44255616800433,39.98164112623824,0.044766921014375585,62.24143461937023,1.749868765068887,0,0,0,0
68538,89,286,1403.1161256435212,1195.0835656397956,697030.4864835831,391.981471932787,130.79673500495235,0.2748493562958322,8.593067274169083,7.287023873456047,4,89,15,1
47782,492,112,1234.4393166344048,944.5871149275125,234777.38614977495,279.68163660878577,1.8548253630514342,0.03420258407572601,159.07643903988404,0.08385033131234676,0,3,1,0
34781,887,186,774.4089906182892,590.6147019781513,534285.1620952826,424.3874847634916,57.33196668751485,0.15960256538492024,2.3605666657394897,25.287307893456518,0,81,12,1
16530,859,461,608.7382767967723,175.32678887932292,693864.8169192177,49.77151849385331,31.63740143457169,0.04258197858486653,175.6166154173709,2.6448135007332385,3,0,1,0
7173,987,229,1160.8440258540948,411.15678689186063,933265.8669523072,29.323688982874867,132.74211354549902,0.25585662958360356,2.2116435695371433,22.155096463925993,0,48,17,1
71982,540,302,1158.3177858040458,585.904018443588,269500.7176671214,367.0917443239087,142.84064537216483,0.1994760423036467,14.225023753408891,7.90060482622541,4,30,18,1
25685,61,172,508.01692563014404,63.85062552975099,983267.1577555151,436.8972242996094,12.037710740685093,0.0465043245756471,60.64405003636399,2.8348209654798504,4,1,1,0
14233,314,263,842.7947584228165,505.66343732459967,422991.3233941835,890.0406380766719,95.6784137824728,0.14520522637294145,15.160093751871981,24.855711011846815,3,70,18,1
92625,648,324,122.44283490607536,1377.552333740099,834906.2169755924,660.0899146774703,25.612066529646945,0.036008062199146706,164.0645275254153,0.97305525702852,3,4,1,0
56147,599,76,1249.980254577859,293.60248613838644,962736.3701749292,559.7690473076746,10.519443074961886,0.031105367176529154,184.74214139779463,3.5772044156397618,4,3,1,0
71547,192,349,201.71934204199604,447.6405286321102,51302.13567004967,872.3961935690933,33.58397489021654,0.02354749631968659,63.479643345438845,2.244501075332692,1,0,1,0
40331,350,267,210.97629263057726,1164.419834540572,761230.0120313178,108.22396955290642,43.78162507220589,0.034101929002015724,148.56134241003738,0.22050020554540806,1,2,0,0
63270,735,276,951.6559601278346,714.9213386224638,224943.89060160908,835.6597928325779,48.68638224822162,0.014268232210927424,122.50257353377117,2.3370051796112303,2,3,0,0
44044,406,181,295.32257097983904,297.0534194720282,95109.16111380474,148.6250337897801,42.54694969327006,0.03270022531784885,171.2063575907493,2.654371795761612,3,4,1,0
44243,979,118,144.20724706883743,1016.3192192669429,95429.22573401485,319.65956839339435,7.5523720367571885,0.040402517952261296,105.41639748544917,4.343890173352262,2,4,1,0
58094,858,138,1285.8391044118753,26.823480593654384,210643.11176171232,848.0281387718139,137.61070253205554,0.49243758889670464,4.3638190525216185,17.50892902174262,1,24,10,1
64436,293,246,923.1258680057387,1315.8593723047643,916051.9874483345,480.9617955820358,85.60378086648207,0.1946200026850109,7.92618157010503,19.449575530375007,4,74,1,1
9312,716,223,1179.845623458771,778.4065539242994,355152.81882528483,82.32157816338551,14.545639826937308,0.014048811967268739,135.0439669999539,2.365296472804235,1,0,0,0
51044,784,416,141.52770457630152,892.6408036622304,146580.07506807265,975.0906661186685,136.59124196190135,0.1125213863363142,10.171442240291361,22.599369955253696,4,43,17,1
11846,64,385,328.0668130797893,1224.8301853787057,929309.3540717086,708.5133970912682,129.6344635455378,0.12522526016074892,19.325684322814926,18.35814279934251,2,88,6,1
36977,586,11,565.4132846834173,1209.2969410807416,845348.2358511982,589.1332965603397,28.674901605816455,0.033116936883856175,188.23779140241393,1.3100300182639328,3,3,0,0
94869,25,305,1390.1781387620636,627.6945168176414,980139.5360984989,265.6305130645698,47.556812939364406,0.020942073832623465,174.7714334090842,3.5014759524428967,3,0,0,0
24112,320,59,604.4045298944111,1419.2507583108545,225033.254410811,761.3420544866273,91.81874962814176,0.3205425604720918,19.85361805158047,23.91363855621479,2,5,5,1
26409,442,79,558.8603480522825,1445.039649829174,596542.3508998823,185.5871008307604,4.700322516679502,0.006546359669776353,143.74984456627175,3.393264009084851,1,2,0,0
3540,977,71,1152.8944462431493,984.8111871781595,788678.4375603683,36.32584843040359,123.74786542230053,0.4767500886399664,9.191409391911806,19.15896852171614,1,12,1,1
29073,659,11,1379.8931484438797,891.3781906165285,775177.0272932949,7.337349249936518,83.63218181195815,0.25605039265532176,6.371994784932825,4.630843399608737,4,12,3,1
19121,727,384,283.09253640604373,1263.139588274981,984420.8834283085,135.09882289884382,43.88893064985791,0.0432998266417908,147.7148635824376,0.14259848257237862,4,4,1,0
86593,875,51,1340.3152706737392,823.7716705212604,600070.599272306,522.3101940695478,44.87925713403015,0.0030018512507108577,87.84787503358098,4.8445610232354355,1,0,1,0
2544,558,426,532.0289191331449,914.4939366267297,776266.7199170347,114.01574080892553,23.348749810889224,0.04784569589705165,51.55932903838977,2.6714106977318357,4,4,0,0
78028,634,26,145.85762573566151,1356.7359055612644,415494.1332201237,35.949209850491805,135.8281432054328,0.15693281624570612,4.78106443965622,6.373819958464047,3,21,11,1
7647,30,81,621.256701671337,24.05160605047657,252583.07343685147,957.4556644940984,1.7466267079146554,0.03984208960381095,151.82866112198792,1.2617390609374046,2,3,0,0
21960,788,116,964.0033690308051,40.093724172796314,627461.0793850224,587.3099912918507,1.8986045985450954,0.036162351314296515,136.49639909633828,1.509626874882406,4,4,1,0
70082,623,130,1149.5288052823794,1104.0192400102767,67454.30756809785,812.1742269748364,43.825529636317924,0.005440351811117544,183.07002543447172,0.8019073852825243,0,2,0,0
70120,617,320,103.45890279611764,46.356279189924344,588501.87187238,480.2884807642983,1.1273058814261052,0.011310934032805559,109.75472111567882,0.9131734235854799,2,3,0,0
70277,6,352,694.6529774454534,1185.6273766872505,498296.8000269702,21.705380272382396,112.13197998770036,0.47078965751596646,9.486393470196003,15.587384048967595,3,43,18,1
84611,870,297,978.4866934299318,1149.4785386606513,574107.4893912963,4.980496408835414,46.00986001910216,0.02624296667759687,152.41138741575776,2.9162385837291627,0,2,0,0
47116,902,39,824.0896381637515,1240.7932783279439,311093.0131859654,740.2982658249662,134.7925032244316,0.45587437824071675,9.470649586333636,10.263847123853935,3,15,0,1
86736,269,378,752.3525475270986,1382.4436699945284,984997.5352187159,452.17267968693875,11.20110452812381,0.038123277886328556,112.41943130097812,0.609623726308442,2,1,1,0
77063,144,296,1326.7952620351566,138.9383752588414,136999.83682322048,444.39013504791956,33.402406718911685,0.005706705621810393,61.45186168203497,3.96922543299783,4,4,0,0
37186,169,369,901.4327543308274,839.2842278901719,146562.08471174876,454.02116212923795,32.872363894090675,0.032465280483855045,56.70252221953276,0.3296642569833891,0,2,1,0
51701,623,101,1003.8344114144901,1082.524123469847,786733.808723279,428.58210797517745,41.15236136740607,0.017096481237543062,188.69497226676856,0.07686375325234862,1,3,1,0
53329,574,258,976.7166823731749,719.2214063710212,749762.8203793188,17.47151397026597,37.13053351833211,0.005910669298407412,81.57207000277384,1.3538216443055473,4,4,0,0
86969,519,81,783.7223317577455,201.82530265602884,910301.0930685885,572.2930148231455,38.984611975696,0.04208726595565245,143.9559988654001,1.6308384743375566,2,0,1,0
51857,307,482,776.5859885529569,1218.363394855272,850948.118866778,329.33494864010726,13.764342869609072,0.007149462168076288,132.71707392975134,2.470543944133917,2,2,0,0
17100,830,248,398.18626304963306,574.3589575672206,841908.0153590753,920.261975499715,113.07605568698638,0.14113684081253136,16.169307150126883,12.51084183406291,1,24,13,1
71742,641,360,1277.390273860083,1120.644257118568,246402.55237867637,226.08540258751938,18.990639850980337,0.0203027738523782,145.2088440771516,1.8697848489586277,0,2,0,0
58661,368,132,1383.5488007921226,140.01150914599197,181661.0019621252,904.7179093898009,2.784926956649337,0.005092802327217133,62.533793369214365,2.548900574740425,3,1,0,0
13948,371,249,52.66777869512174,666.909328776142,723494.3256086302,851.7202949002574,2.693017945176561,0.026895852502959477,77.73943632553377,0.8775021001369865,1,4,1,0
29851,869,439,69.21996770537828,1032.564649121274,116443.65890516977,682.4040567202389,37.628195008231835,0.046245780377076516,150.35542744566663,2.337330239195165,2,1,1,0
81403,324,381,789.5726727605453,877.9104222862888,606331.0072786809,109.5675398700606,48.562267942568624,0.014104230339729063,87.90073684691197,2.5583426721434774,2,4,0,0
38306,721,167,1437.7054755610347,828.3373060177302,300139.01366831217,450.37602249166173,28.043544416924803,0.008546009715650527,161.48297931704042,0.5547197707858031,3,1,0,0
73445,332,427,947.4373964405628,720.1009104027048,637044.8479822065,645.8420519123993,21.56917201769395,0.04675763159594845,116.28590006595654,3.9553875180440103,4,3,1,0
96261,121,433,145.06223961746736,676.2876646979122,323528.3805727102,127.67396590987694,132.18540683406053,0.10318455180942845,4.541287004943808,26.06345004080477,3,5,11,1
41840,287,195,670.029176251359,337.7154716496635,158262.4309810805,193.344992087,37.876791732607124,0.0013846050180144733,176.18240659296532,4.938528840519915,1,4,1,0
49801,451,77,1498.7154883805074,25.56506013597014,66159.57212070758,597.55870451086,31.8773571222279,0.049387042649223764,180.30895637830187,2.406206876208662,0,3,0,0
11674,144,302,824.5216175803768,1317.4636631346511,747311.0997295317,757.7830402731477,40.84974207302812,0.04515638174867584,140.52187881838557,0.14996099858963607,2,0,0,0
78654,189,51,1285.7206363175058,392.0980875602694,186673.61783395032,21.26250308002394,30.768916162113726,0.03353612914405634,77.3657852459924,2.024608065982054,4,4,0,0
16331,363,198,820.7045343380901,1302.5779186721174,509284.2466766913,569.1439007944164,55.58000098407838,0.25872528186889066,14.710373738892596,21.425846663530933,3,93,8,1
34922,845,379,204.7203893082896,1248.007766218459,250980.26502869354,289.4032814128239,40.497886031463715,0.018054936430816182,189.1315706038602,0.1735878537930896,2,0,1,0
69237,787,23,889.9406107422292,1474.8397803276089,208351.5163800878,682.0933519598747,24.865949835035842,0.026116724799405928,137.02032454772376,1.0308455976169943,3,1,0,0
25832,564,142,689.4386413850832,609.982041034792,234801.6622088589,49.67581918315574,40.62881453270344,0.034192608885886884,102.91569912531165,3.440085201157128,1,3,0,0
92029,580,249,1201.730022882536,1116.4176123580864,539116.2801879318,453.61279465849617,3.648085890076258,0.0006144176698779536,174.59415344434606,2.9635255775824976,4,3,1,0
99886,636,131,858.9133373540425,596.3978762993804,220783.01454278314,169.03122180157072,32.85613432459975,0.026299682880768744,147.52943089927078,2.1363784313909266,4,3,0,0
67386,744,403,348.4081356622918,896.5268615663663,425431.02770966035,729.97562121184,72.43836589599672,0.4814217181738014,9.381329443851847,8.759340357792999,4,94,13,1
96870,209,248,640.1437184479977,293.8852189645705,970413.0984833908,77.01372513430556,130.07477066387128,0.3861154157929214,15.411425733303602,18.565550505482303,0,73,16,1
386,836,267,711.2204643275716,835.2890735410547,950057.7164583503,64.83049880988601,24.17347230681632,0.04973590571657433,108.52642971686464,0.6100278378493224,3,3,1,0
7931,394,85,382.4792916057052,1053.7523171612324,276133.3183920031,705.8269409464232,1.163586836860172,0.030957250412880596,65.35957141341646,0.3751637317165052,3,0,1,0
59025,514,122,168.31049220276117,440.03896659505193,676462.5586520508,129.3459150423611,62.323622177184824,0.2640490723390715,15.367265294559983,27.363992969435852,1,87,10,1
83617,502,324,185.67713105554247,1056.7364598852303,699387.6809766144,510.1434385328378,111.93788559290005,0.10247307091432281,11.50021525180034,27.756180482722428,2,31,3,1
62066,655,147,218.45515311626122,897.8394187587246,647920.0972893737,623.2524817282871,27.458738239270946,0.014968924464524209,180.35918639651825,4.0354308405768045,4,2,1,0
62787,207,342,1147.3131655850862,770.0049125877505,559027.808172065,829.1218172206189,128.27830062787928,0.47488064162758414,10.175212426349624,17.558491891942296,0,58,0,1
86133,391,255,670.7494892668342,996.279618607261,298555.08753993973,513.8894264450413,13.86137295481487,0.040513304328103496,175.5571236370862,1.1379360313230413,1,2,1,0
66706,905,294,1309.614581792946,1074.2908223643278,55885.82003018722,710.6508364949711,41.73429341156247,0.042314163198062096,160.6541973515143,3.2429582118429074,1,1,1,0
31653,562,491,101.21038543733431,61.43392792457482,44970.332484714054,957.5429596696968,48.976421811464164,0.003230982091198631,185.1281929629268,2.984300019986881,0,1,1,0
7481,108,316,518.3955383175708,541.3296299832605,212097.51143659343,136.44630535601155,5.664799539261167,0.014774461969990972,198.67638490439094,3.144347751003232,1,4,1,0
81369,821,109,727.7513133072578,459.2404398939475,550502.3934676386,74.57098197400784,4.7717640633594485,0.047368083696089226,138.83255195557138,3.998621186362408,0,2,0,0
43998,371,148,203.61509863759812,203.03400066425962,687911.7244660566,449.2256871835584,36.573805288518926,0.013388775914278856,136.70366593231677,1.654617624892147,1,4,0,0
57734,62,460,1403.7754945653012,453.9121710367657,427164.9383227402,942.9938021553555,21.731914382748073,0.015913130731379715,154.96033379157137,4.547937525068177,4,2,0,0
25497,187,260,899.9133441550287,304.69816157730816,168844.99166099925,223.88588439075022,122.96678947179713,0.26013816365943343,14.660489044191088,3.8203589346669258,1,19,17,1
38067,883,458,783.9870010488049,952.6802765486224,4254.876382914075,625.2833103677943,9.972712133459316,0.00293745258987847,119.11147265363549,2.818406632431447,0,0,1,0
6465,696,147,1144.9089440510568,218.44729966280218,192080.77872917106,101.8504967499742,18.848977805007245,0.025284709068282597,65.97002933570755,3.0615136176112756,1,2,1,0
86833,732,157,905.6982769048058,671.4527027633442,894017.3653406277,272.53340846847334,89.49561017480339,0.26064092424701146,16.630327702833913,5.434491543240712,2,24,3,1
22022,609,95,296.94016001890026,1154.1283073142667,438590.30555240513,532.6251021105735,43.41340696615292,0.018568439175683665,109.94378964425321,0.1274481414929457,4,3,0,0
39067,329,218,918.3927057865706,779.2774735945815,770230.2434373321,598.8134373811034,31.64282862533943,0.033417766194859456,124.0670158576551,3.5561356834226916,0,1,0,0
89364,982,287,912.8070281242215,1218.339510334468,175703.94788326943,869.0267903555946,14.143103643790225,0.01626021085128193,191.1241412110255,1.602348142481852,4,1,1,0
44760,78,310,280.69812396422265,598.2014059791618,164088.1076892293,997.6022687648601,12.65210200627848,0.0386204652201263,113.47984676082345,4.61125704631882,0,2,0,0
5274,127,91,46.59672780344703,1142.1306530794313,255301.529249822,14.189480032784902,145.68546943630625,0.40950661228132323,2.5714544346569066,17.354580081071493,4,43,11,1
4618,665,5,153.86188484242015,1270.3840432200423,952718.848542295,167.0124220449854,23.88083207435377,0.003279274615896022,199.62195134452614,0.20351091161180002,2,4,1,0
40824,836,314,127.44216461274421,849.0033433896801,588810.5708259493,24.250330981176347,34.46145114721092,0.01760956796712838,145.21777760569688,0.5597824530430123,4,3,1,0
93451,75,397,716.4929230568639,262.9986031353764,374585.0097661566,304.27713127515597,84.53841018736571,0.28083660864777127,14.124069079904235,8.268199670756152,3,34,3,1
49730,100,386,442.0552556998984,1013.2634314050297,613709.9259373292,623.4873945304054,5.242298226850915,0.04167053749279871,180.97898030778597,3.9080146002868155,2,2,0,0
60927,828,115,584.2372118806301,907.8180941637745,303679.668679175,754.5008076546422,1.0230618242364284,0.021859565539141562,62.68753260220985,1.5947830308438604,0,2,0,0
14107,359,385,1170.7928933323885,1334.7274338016473,415818.7295465161,74.32327615097856,12.535139276021678,0.01616100946332732,117.55269038065565,1.8350724983157096,3,1,0,0
5956,321,252,1203.523312920923,1437.3132131795307,58890.89978256138,54.2914119943107,2.186705265787473,0.03005917580917677,100.12901962242731,1.8300232053971262,2,0,0,0
86183,984,3,754.9408232120368,615.8239462139625,194245.04950353625,449.45821919896974,26.21000945684005,0.015418978444352438,83.75608797064928,4.973400775452676,4,4,1,0
53231,71,485,598.8305382740592,896.073152654319,697755.811236259,997.910509462445,2.0769772142050096,0.010941186433145317,96.19306652773763,2.121748738257307,2,1,0,0
29870,507,364,1008.6427987417807,476.1512940357173,266218.02196527383,82.99574561869119,13.350795426125021,0.04353462599138642,163.500200036443,2.941426981545478,2,4,0,0
81641,752,480,380.73604709769296,1340.312702054361,133909.89725324686,144.38052498603258,131.80371269788156,0.18529064763090794,16.268078727188108,6.799607170250642,3,29,16,1
25895,699,351,832.0077481174422,1038.0639985889966,752770.5054762639,266.6375165912173,48.870368557486564,0.004865893041178138,119.34655062364334,2.5066476807074842,0,2,1,0
529,582,217,915.3928223974137,1451.9707382583092,894712.950971677,771.1907987477813,10.737573179972342,0.003153439233127081,187.25676530385618,1.80581937989844,1,0,0,0
94152,717,220,1258.0747191668502,1132.57536531958,636818.263978486,442.76829908611256,50.16837755014921,0.4711898717812314,19.46041856915451,23.21316657665564,4,84,4,1
18192,870,433,1144.9737302748,1194.8157010015318,91417.00400223336,953.4733874992729,141.21890203100816,0.4844614604245988,18.72418842714941,3.3595025012463995,0,5,13,1
26884,308,322,1257.6636843816734,140.23229936415152,301434.619833882,741.931342087297,119.93718108506764,0.3045381649392327,16.369108808102737,9.74992824893253,0,14,19,1
78043,851,10,60.80853645635558,774.6554022291035,445412.29961481405,994.3862237200445,130.48929599589854,0.2862611329564827,7.6151881250997295,5.756372518565313,3,75,12,1
59485,381,99,465.61115262865576,502.1362125296301,705466.9457640238,162.1057173882558,93.16631452286714,0.39495646066176515,3.380828725579918,19.182072593779722,1,21,0,1
41034,516,140,369.18468987480014,1115.7121876938543,665466.4934279446,234.1270961390756,68.47384753364757,0.1631403712354194,9.743954538473627,27.00385297536603,0,47,13,1
43348,360,236,1218.0203774872457,1117.9896807180774,836112.0322360814,65.87201372213677,126.76886328684711,0.3024691430570784,16.585633709408707,9.597619134379014,3,66,7,1
15511,368,31,955.5398621665072,379.98105101893816,33712.592023890924,430.4104808503388,119.08702412073751,0.35818585736243935,2.8562721621412295,27.46037903705258,2,30,13,1
47492,870,44,144.06600602605687,1380.221417633573,779631.2813000394,744.5153978075492,136.2727277994327,0.1469371457260519,11.263082353322304,16.064935632666682,4,38,13,1
8590,220,168,809.8690069347152,286.9521774800877,604245.7321203453,564.6698286037694,116.02045937418546,0.34688432048621687,5.720087733047648,4.501247975077653,4,56,14,1
14583,591,257,534.4227297387756,1065.063084949619,790788.4563347364,746.5754012385013,30.164601999875337,0.01103625063932026,78.25312958581992,1.5347963672005367,1,3,0,0
63181,863,396,1487.522876512897,1176.875079224926,3010.0720918418097,463.7838964497149,81.8627714844074,0.46973208753881135,16.835244240039767,24.270700425361863,1,31,12,1
41811,759,398,94.80018716376118,1106.3791042662704,974923.137102557,491.28393023721543,4.754548099865072,0.04005312389210186,154.25294654577755,0.8988470741403598,2,2,1,0
77439,522,86,707.256289937126,373.82291024710383,284865.6450888797,547.4749300517959,49.696003233463756,0.04119099680957796,196.98863234515375,4.907375246006629,4,4,1,0
55493,784,199,395.8098873040849,467.169830412345,7558.536598301712,44.216006886430215,19.042027684016524,0.014299259187015202,58.11443501228709,0.2551770214985377,0,4,0,0
3767,788,91,1066.505455130911,786.2849765114235,961072.5347154305,998.932333896368,20.97474818707064,0.04035986314456983,76.10064168572828,1.8316431753381375,1,2,0,0
8825,490,424,1358.217921153069,548.7964573091184,778248.4205227431,496.71699528975086,1.3410692368406265,0.0013348726503007225,67.05084858631179,4.68135022963203,0,4,0,0
1222,287,169,1106.8518808006236,1224.0180512421962,983729.7174028965,70.69942671351734,61.00318117467624,0.3814265208706704,10.473984628788767,16.57654583959429,1,71,2,1
98546,518,78,557.0403260076963,1461.0754410125821,267507.3883065634,141.62001874048,47.80455162103418,0.03456180532547402,98.05190018476559,2.5022074758789254,2,4,0,0
30318,579,220,826.5579463765965,392.31647677102455,706279.2032227298,756.3542654983464,140.02276447065088,0.35661477274804654,8.324588153917423,12.691960206233574,4,48,3,1
79396,375,224,1049.8575687164166,864.7435385702563,520033.178160373,352.7624629384113,45.66438172341912,0.02847575462668587,122.98010367556948,4.433685535004869,1,1,1,0
95990,740,22,276.82682200262195,265.0603994226841,444000.51914147154,371.5063328563622,30.619157357262125,0.013238995535959197,57.59825051509332,4.479013810670994,1,1,0,0
79201,84,225,777.8649685978479,1035.8111797898318,552305.7405517644,312.60386505335106,57.13403292983887,0.4438012365277876,14.480139246851271,22.743652412248384,1,27,2,1
84613,769,178,1022.2289989534239,986.860608458547,945680.7146363179,562.0723281476937,7.9312664077213055,0.0254584317381059,149.7241361220944,2.1422008520264866,1,1,1,0
6143,687,263,1451.2008156126997,1447.5064832074236,282093.17030672746,852.3482412682963,19.718525523415696,0.04558714781921858,110.9772573827066,1.9824937443622392,3,4,1,0
76292,761,456,828.4447810735174,283.1118608455178,173546.85875725796,314.17602644236064,24.090097149544977,0.005644810268993639,104.20967430080626,1.767824201796201,4,1,1,0
99401,427,146,1300.6330671418818,676.5593323144119,69013.91748635222,239.46819644562174,119.16244425828563,0.31925903247538057,9.510257597826756,15.712558497111376,4,40,6,1
68562,937,481,298.7867387492789,1046.7144444786738,618102.6646511862,912.7246145813293,147.1790431482724,0.4568549503361671,16.303251361126808,29.740683140024846,4,7,16,1
30925,567,484,157.19788587308295,537.3569214568081,259357.95651259756,364.0800635340381,103.00069898129018,0.23077915668545354,1.6219532067982487,9.49332334730799,4,65,10,1
13440,26,284,1150.5983825683682,949.7229181138566,984604.2869180965,319.96179559448177,75.60847350414537,0.2794259868357686,2.9703067868886706,14.870066760859899,4,43,16,1
69948,302,284,528.1082561912267,762.649893852374,157054.7576180502,721.4525213580013,113.73462817561594,0.14125465054947262,4.058488149260388,11.94403206886882,3,24,6,1
3806,737,348,1312.7851722815751,383.4661214889897,789764.1615394409,477.7947882129805,144.5370210194228,0.23969191522089367,8.831849425742622,20.18022608700904,4,18,13,1
613,763,452,968.7627306910512,746.3685639201004,931562.134639479,547.1602134276502,78.13115350310449,0.3124270276471126,7.702129417089371,0.9565331072810732,2,44,12,1
29811,823,173,1410.3854124172422,762.5022129972955,183936.42427596165,652.7232924925393,10.390899039081818,0.001266319159194973,57.97720689818753,3.982177041604049,0,4,1,0
46513,70,420,167.85075166606404,1307.388568552767,661607.747043291,306.5046752184357,119.03258689455899,0.43006288097011924,12.07474224906929,25.063207301154563,4,54,18,1
53706,691,336,913.9524863521735,674.9861475569365,520119.2664148394,989.9933904594905,25.336142108264838,0.032506177912106436,165.03041384457796,0.7159214973875189,4,0,1,0
23593,862,38,587.2152265101555,203.70788889018442,594580.2418116903,31.29937034161515,6.901410639139179,0.012874222714979273,103.47623451944759,3.4339258319931916,0,2,1,0
96077,761,246,21.156815745741262,194.66740899886088,311727.828491321,553.3300897704112,123.22699442528696,0.3582004792387634,19.582476664073006,14.33538666816388,4,56,14,1
5250,558,149,941.546156176377,1083.5092210962493,928483.8120092436,245.50395362880408,109.37650411563088,0.3497923107189115,5.477109191326075,13.56921857940952,4,20,7,1
35317,832,338,1118.4525887401462,1411.2480214105206,829976.3080146984,384.78865973582134,10.652452812071592,0.008622692638014863,154.83737887096592,2.463107966200126,1,1,0,0
50215,916,392,1454.8701812146287,205.73182836774413,819043.7298222545,562.3528977922443,58.11093224291476,0.21148424973442098,1.5998996550471434,8.090194608908112,4,29,18,1
45933,582,9,266.7896538373859,1194.4064433044334,785694.4397603015,335.2359499453092,109.78486372754051,0.1496229175990862,3.6257670725200373,4.5536104188722675,1,48,10,1
14399,138,432,937.0026192300335,136.44219089868307,248732.5416689508,527.6866297540165,61.54557472534765,0.29867375946002783,6.325880394013974,23.020323654699407,2,93,2,1
62513,835,79,142.6515399231564,495.43317810747897,222817.64758098673,630.6114309130851,39.906934018952775,0.012177904777979526,140.3739394602331,0.939568294678001,0,2,0,0
8102,884,89,48.71717782238832,264.7113180536263,835746.8477445152,817.9100311070762,45.6709115623782,0.008128514486148947,117.98426385280818,2.9374317617192824,4,0,1,0
55716,556,126,315.5830269819841,1397.6827754093465,66250.89173839826,5.6841354336817655,38.85613477890621,0.014941855225519607,164.1364564879145,2.5691176862913405,2,3,1,0
3052,13,271,183.69518536832578,172.97229289812927,640991.1788248691,158.33410588518007,95.20785841623014,0.4900105790549445,1.6127834828372718,3.2399371195230415,2,41,1,1
6818,390,343,940.0364402968305,892.5765059556958,516352.7686550407,850.505552690908,6.405609485331601,0.019201234522634704,181.0620391479345,0.018855510577395207,1,3,0,0
20722,169,153,1158.6683143794535,953.3815900263229,509200.2747351758,818.0769301331177,109.91549117100115,0.19039477524130036,8.245127044850058,1.2496595425264068,2,17,10,1
9723,278,292,724.5796696873304,860.4243631137415,262617.90113385866,898.2641433699733,16.33078640392428,0.024754420739387818,115.48645745915772,4.09270776463661,1,0,1,0
69490,688,183,1061.1764076077045,1372.5272510598352,356964.10284715815,583.1102410527047,21.378637304369974,0.0327969779662485,197.54048890656077,1.4556775468698384,1,3,0,0
52322,969,350,457.22406778844163,116.7992433621304,750223.5210668352,647.3874918669504,27.799858616615616,0.047998597639750167,105.2440257330966,3.1332633062850923,3,3,1,0
61872,19,36,667.2316842807288,96.53218404992668,197770.80840211964,414.0079491612891,47.232914034052314,0.03331147341742533,128.19896567581142,2.115759384946765,4,2,1,0
18209,485,12,901.7528657615414,1267.7263094738157,481633.0721109425,703.1180000855413,46.358828016114586,0.01173829324278587,166.41623696891048,1.5052477862750802,1,2,1,0
65151,294,288,215.3410576238142,1482.9595162183293,818246.4260069953,306.29435738167166,128.65952950348367,0.40561089265515615,5.3106358661043975,21.47964501691608,1,66,5,1
33783,954,447,980.7930198585875,1274.531527970168,634510.0513685929,997.4411051695014,11.064707177162342,0.049430684893512516,172.45337744453911,3.8365356193431244,4,0,0,0
78190,814,413,335.0594949926831,1077.7053917765356,279215.798471976,233.67925560759411,16.527212692769304,0.0024054614385293827,92.18589004552516,3.8471474868339834,2,1,1,0
21075,482,265,1302.186965659738,450.946779734994,771054.1008866716,517.2852756805847,80.75000094008183,0.3990478415264127,8.552915876689273,19.40687315080316,0,63,1,1
47428,184,153,95.67062116745468,665.6625205172103,398989.9344519748,505.1424965879942,37.129282076539454,0.025488340400134563,94.43160306913487,4.319456416870381,4,1,0,0
93670,156,262,438.0717710038188,1346.1341424848222,294428.45435331203,26.7295093349447,55.14401931636185,0.19786569176328445,6.170086851866274,0.8299738370143046,3,5,16,1
95634,978,31,789.2527862906873,683.2419829364217,349963.1752020734,930.5589630353135,32.39734622223111,0.017911455270544423,170.94277053529706,4.878411514612816,0,3,1,0
12232,107,318,1422.724449829024,1336.7508578308466,209161.19094082908,150.46293701932902,38.922029828324476,0.048744886145868166,131.24616937602426,1.603264158609089,1,2,1,0
77965,187,279,1190.7026532197922,1028.9282290681922,545791.197990511,961.5927176723424,131.71471211305482,0.1264779906561425,8.535169907358986,20.613231281700802,0,90,7,1
47935,566,104,780.856482052915,166.57829209271705,803253.7832634535,630.8782879451019,137.3603981880044,0.49316717196417315,14.717632340877014,21.080259470954562,3,54,1,1
55951,52,198,1264.6656266135,1228.1440559902846,753943.5117668357,810.137078445606,90.12043079007773,0.1369604711160383,6.554799893941183,24.407426974124643,2,62,12,1
160,872,336,660.7851697594756,1472.6037173323268,598176.6029368085,539.7792663173274,47.13451162811319,0.03676905296163193,70.96311493808341,2.9338878151314143,3,4,1,0
2177,593,29,248.83655809177222,1226.407865972447,758437.5801725788,807.1829630163986,15.435700801380762,0.021623289244071593,131.25510128899606,4.613590502721198,2,1,0,0
16152,165,300,1364.042708608968,241.83151208223308,329909.59407763695,96.57562822978078,2.5358444943060467,0.012767442351280807,77.8173843598037,2.6682681235166084,3,3,0,0
34341,127,253,1480.5658570204987,1051.1168674618684,526235.1463514777,693.0366519902256,4.346341352806153,0.015606682296129326,104.36825439335675,2.3236416523841896,0,1,1,0
99800,209,343,487.12341835353277,473.9352830385771,487109.61507141154,464.91198594675024,32.05714955133776,0.004234485310119757,147.4677534711136,2.0155719432511603,2,2,0,0
30036,929,233,1403.3885143005173,975.6148016379061,966592.7017986407,238.8110336652281,26.952830943393185,0.023626854162967826,165.42395560228863,1.5131615713890267,3,0,0,0
65750,794,491,1310.5120311289895,425.9151411071531,446896.61773876764,242.9740118622925,129.98168318932642,0.44135653791989904,3.70967563900789,3.0451289587509907,4,60,13,1
90677,857,228,1119.4707954685018,485.45982920964644,234856.77395739997,241.00563171714185,104.52472962655582,0.30164742659972293,19.412737360810166,8.571215551275928,4,69,18,1
85452,768,49,616.7065282899301,949.7467148751759,63776.16012103317,659.6680209864821,41.41598271559816,0.032493329656456585,186.24415294488543,1.491722569001472,0,2,0,0
54774,232,147,557.2169899802619,1056.0511043575827,498108.3876840042,670.00541823956,27.917578140504055,0.006646945411282557,163.98689359167514,2.4918012674335746,1,0,0,0
53417,327,194,1355.5071868903985,1479.7604220193002,861092.3883239585,776.446862623697,9.268015152140931,0.04944542264565712,191.26666335923775,0.6455008640392618,4,2,1,0
60877,621,345,208.22777353559783,660.2668249520826,73505.19024499672,987.9578600765271,70.65575454925103,0.13504550697345136,13.476294500680755,6.702049738921591,1,61,0,1
84569,486,420,698.5692783934309,499.78182251534037,864626.4216396678,97.14591083658438,112.0768381959725,0.14589897845068653,2.563784225390575,11.995961023838625,1,54,0,1
34761,518,120,185.769920257492,1497.9620285159071,383220.43917632586,259.4332222214749,24.744317913046565,0.03561784810327663,156.13134670833358,2.574580377638484,3,1,1,0
83491,299,418,515.1767371180265,280.22270753381764,86705.0995386096,632.8792902705646,12.130941157570618,0.004246374306023937,55.825571038147125,3.627805077984095,0,0,0,0
42255,457,314,1388.7865739626163,813.778727514428,433662.8509283145,974.5733659934888,47.17516248355935,0.013852766001902585,187.8047661764483,2.4047738314979172,3,3,1,0
6479,893,476,477.50304151626875,496.97833511448613,969981.8220375453,271.6151341666754,30.17205536912043,0.026455805412409123,122.36404926416739,3.7255436273018177,2,0,1,0
92964,913,181,1266.4118910619306,32.64804632108085,349156.52427046193,857.1157379750911,112.53713311020468,0.19743411578449555,6.702428277135333,26.023822605617674,2,55,17,1
87863,332,457,1475.4369247041711,198.80294657704405,913530.2459029584,316.6242692947821,104.8854717476382,0.1941258081069333,9.155690315573647,13.325985559368092,2,14,7,1
81420,367,104,1405.1036004023965,1463.7560611090125,223308.75434035374,46.44611899518209,96.05756425794146,0.13383347491971473,15.305037371634908,3.4371930038492655,3,33,16,1
66088,544,434,1187.7738356944094,959.5333865173152,65600.49911543928,906.6490385037472,10.40357054819168,0.012957193286249098,153.07043015216237,4.087692588014833,4,4,1,0
75363,141,359,385.63067381263704,1380.0470904874483,370910.6491584019,521.1451643952091,28.915856889574513,0.03452738550713987,57.92044597246615,2.8509313770220612,3,0,0,0
37005,211,89,479.6546449256536,642.0991049801735,804432.4811164289,494.680910472082,83.37143703876248,0.49618473706021904,13.409027631167204,23.54001126311763,2,90,12,1
93416,232,494,1370.0463841441233,1109.529744495751,937596.6756706524,233.79800187167513,9.115320860352165,0.006030590200207503,117.52884245047277,4.892327889482245,3,4,1,0
22137,890,7,35.679064174225964,173.52296478533066,777514.36424345,653.26055701378,63.99318978966383,0.2312293075961181,3.349026120474326,17.140524555755015,0,75,8,1
18527,432,21,318.5879996031467,1173.027297028074,723395.4916057009,807.9614343210783,19.800930464710515,0.02890804741099906,65.48428201085159,0.8907248425585756,2,4,1,0
77288,708,170,92.86126763094674,120.53327058938207,350367.37713648746,635.372134331228,21.451078208084365,0.012679110157816871,124.75097492170346,2.1867082202034727,4,3,0,0
91802,269,203,1019.7908593166485,1060.8006775824908,872158.7401137786,129.5414527223378,9.38645334243113,0.016114969266257818,184.28678615271505,3.0170245104272198,2,3,0,0
42833,834,86,729.8435226697455,1106.6219701418358,169983.65559541498,415.2618789718118,9.83009771624002,0.020067644615642616,112.79648913095497,1.117484498199584,0,0,1,0
10993,63,209,31.985122094673567,1047.7479037785793,475188.19272359664,366.5603093537735,74.86793844826475,0.45378903921293123,8.349628655002503,1.6942918063687187,2,78,12,1
18539,502,481,1274.3006576070843,539.0911192601474,301202.13572784566,370.18794602056937,127.20299914496248,0.4188225355614571,14.278648320514916,25.9729917503437,3,84,18,1
6737,694,469,1104.2036634656838,942.2651497820445,522051.30179599876,867.6552934815726,34.566554633833356,0.031502626353060066,88.95111435727597,1.946922540983047,1,2,0,0
9701,749,2,122.84263086046835,383.8538543474279,44424.0687904962,461.5039181959698,7.194557575354546,0.019210259690178172,96.30812746145904,2.8130866768304945,2,2,0,0
97806,812,478,357.3597323995348,1108.523311828118,244874.13135742076,806.8821794914335,37.811916974598056,0.03209750315196852,79.02592670546409,3.831881886200782,2,0,0,0
48736,61,432,609.5928005200434,124.92035066468499,858911.555121408,37.106056427700956,20.108832358538518,0.0358206640452731,146.6291246153363,3.725365135721341,1,0,0,0
78152,463,39,1292.158800667032,1251.5877869036776,644546.5500365201,482.8382361766583,10.518991421009558,0.007533765487506072,111.89154356886525,0.15347998886577563,0,4,1,0
85119,460,293,793.8039133319439,515.0982519500984,705400.3017234928,409.5536855424773,25.341083542636134,0.03936852280186003,136.29475496024415,4.241591161734491,0,2,0,0
3511,888,398,1400.2117852706053,1347.7540251449273,320681.5354491949,985.7895433241217,113.03741767747276,0.24583249445293878,18.344687967539198,27.286917773049844,1,83,5,1
40180,459,261,489.156576804677,1138.1709316523827,443896.5596190291,587.7015215405335,11.241347695577392,0.024828072854581093,162.36949422604178,3.1447733063343497,0,0,1,0
77928,421,91,1164.433545006658,531.2254496854632,522595.65296088986,684.3253762652525,16.166267906974046,0.021909650223333455,115.48626112451566,4.673638340997471,2,4,1,0
44913,518,367,336.9323816719965,1031.6772479930212,586779.5136189804,166.63273729671224,46.89762473963816,0.018073936430633243,167.351396462947,4.789676977831826,3,4,1,0
3553,75,360,42.9368192716825,262.5302855762971,122610.75848898433,252.3224576976383,33.12633857773927,0.044069389485824034,130.75376973852153,1.7513300103601048,2,0,1,0
34151,559,119,413.69363479220965,1325.6763218201559,158003.10896826375,362.7273050937589,91.65410279757866,0.15031595560906094,1.3347186148264498,12.322075083181911,2,80,1,1
38509,195,324,1348.8817762776828,819.9493496369398,880956.0394744765,19.356918142675216,101.60384873820536,0.47020905213121633,17.866205054549102,25.821405015233594,0,79,11,1
58835,533,139,202.6428067159703,279.52899372080844,581051.7669323672,479.6834577699819,94.52559584190007,0.24314754808502603,4.5021993685613175,15.916586624116338,4,29,15,1
67260,401,206,135.136421774211,1472.8973432703763,465301.427797951,654.6096328841994,40.85974519489742,0.012447756451587133,182.0319246596885,3.2515141678695154,0,3,0,0
31333,755,294,178.2540915070818,864.0576138706266,751714.1269201231,528.8030938522201,122.86407185269994,0.2422763843022298,11.720100420743107,18.414853509183544,1,52,3,1
19257,554,135,1305.5884848273831,737.1200555493647,42958.399822003885,672.493911344343,93.23301201781695,0.49152571957525104,1.375813059228134,29.25370923068449,4,34,4,1
67936,283,308,772.1933633788285,135.6250898355881,511044.26161678304,282.89623986884686,113.79315665635235,0.34876604424506175,8.7588281958254,22.234921212756298,3,71,5,1
11163,376,447,1389.3862415557196,484.44323558756054,578322.5736724926,176.32973048788816,100.6668107911359,0.45444682083336174,18.440677537307142,6.061006885645945,4,9,16,1
46577,778,43,255.81590049149648,607.4128913870609,242288.41509214835,500.00074048045286,28.520240408881886,0.0016719432235329013,190.74633759540689,4.728639492214969,0,2,0,0
46076,321,76,146.4849429105866,509.1297952624616,66871.02098149338,873.1474040336063,27.780229045468875,0.00570649065152784,104.45879873396706,2.306947768570473,3,3,0,0
54379,424,246,756.8013696433758,175.5667023927436,841534.9338452605,995.4977435736607,63.79330946488497,0.12750449808394382,10.361111849987378,0.9625529425499189,0,88,13,1
66623,130,120,1050.8686625606326,425.22362403405464,943455.4776660855,20.379780036166764,48.16599703106423,0.010509262712620282,105.54185199307206,3.4036405112709893,2,2,1,0
78473,596,3,789.2881564835737,895.10739747377,886793.5117615303,814.2081379344236,76.06027666510231,0.18674653091301852,3.990999369057656,10.311025912396753,1,55,17,1
5570,870,473,108.68668630738277,1327.423864226933,832538.8232382351,699.533325624626,7.728065498345745,0.002700107929344009,198.39832934244853,2.1270921825867237,2,2,0,0
83209,258,251,916.5712187382203,830.1012086049938,549192.0825145396,572.6031181739233,25.67391007223266,0.019906892079318745,75.62557743286162,4.017349446995959,2,3,0,0
36830,266,67,289.7551649404195,201.41348679726892,364038.148236474,720.0033782554203,46.961611094431525,0.039602156440107394,190.81949504616696,3.090258420912908,0,0,1,0
97791,139,466,790.8385355602142,218.9750219405003,129845.3067349863,891.0873080557129,48.63687629707534,0.026537924147279138,139.5966132028464,0.9766348352429921,2,2,0,0
9840,913,2,529.4042404715715,292.9753660376631,576844.0604414477,762.5102167838681,86.89726338778783,0.26224933823150476,8.99851930708225,18.00879961692376,4,8,19,1
95654,46,357,1366.658403881757,484.3695809514355,741706.4017521675,345.826220826937,110.65185661676131,0.48907843161366227,9.489970571853029,27.015544535830006,1,84,5,1
92716,178,30,1469.2297873884831,279.53018967442256,412742.01894493616,852.3279980716256,42.89131815886482,0.012375928904262617,104.22714381875633,2.1022030552808504,0,3,1,0
92262,310,339,202.23687980853816,491.878153702897,597833.2636133204,73.90800770355243,137.7821545038267,0.3845561136307495,13.145457011836584,14.541768638188321,4,55,19,1
96303,451,482,1032.9661297312282,1382.1143488996586,752824.7837588845,292.77944760448025,36.69584793328997,0.04822593270244328,83.00535833438246,0.8071780258062949,4,4,0,0
95241,765,362,203.83803140648712,570.9030651222181,299581.6304808375,956.4225246863066,19.007044560137537,0.00238637045551629,157.31216073587913,1.379278203915888,2,4,1,0
92656,678,157,684.0930391053016,451.27709350971554,722313.6702019669,749.553744217424,12.546200576056913,0.04575369851201869,88.7654997116674,2.847288158322047,4,4,1,0
32242,897,30,886.2911399383851,1118.1215962753633,557258.0308053156,485.83790873168783,32.6081892506548,0.02582670687201362,172.52458547825805,0.27262815417809116,2,1,1,0
34050,146,277,1156.685229527782,545.7030512191214,221933.06178765668,829.5651984578291,93.56410915759187,0.25403923288364216,16.264296502605724,8.969316774806149,4,86,14,1
72321,459,159,160.47267453577786,530.1397780700978,541525.7039645059,160.09851565267638,103.55376105209889,0.4400014680011115,13.461901134792319,21.56868653267408,2,56,1,1
57615,848,47,1320.6244118319594,1278.08637930248,618971.2861776139,237.811101258844,36.569247014609616,0.002773627020763109,121.93841618149479,2.3465789033804074,1,1,1,0
12350,126,120,1407.5182387378159,329.28898134880467,72531.36796183661,155.2686777622525,16.14831638171203,0.04479039561265305,171.40661432392696,1.4131218186754624,1,0,1,0
55693,567,189,111.47253387185562,549.2482008433774,454415.3683514521,772.2191852973694,18.22176642871712,0.033134483251546755,115.80263801870557,4.989094607177206,0,0,1,0
40968,769,407,1184.0318606102478,1073.012176070445,761882.6967837742,381.1974419114945,64.7350098595709,0.43439477161749285,7.315084765778208,2.755585712616087,1,65,8,1
75167,193,398,1252.6888783493548,895.5029463779042,720590.9107874143,533.5832703101322,17.977086041764395,0.023627733470297875,57.0665183978188,3.259039170993913,4,3,0,0
18305,284,179,1459.913718210215,785.4020431601353,746488.3091508581,256.3922104536076,47.07556893069169,0.04209281059893403,196.8673193803145,1.3788202710295487,1,1,0,0
52062,990,212,732.4660526995907,265.57170991324983,337797.93697360076,786.1843620572433,7.514856844369907,0.013546148209459152,131.17867584699783,3.9834966057771948,1,4,0,0
92203,596,295,1029.236483608082,1215.9577560729424,305199.9583479259,383.06558464633696,38.147583856747836,0.020226886026080165,176.78013659109035,2.821606922639124,0,4,0,0
59392,339,429,988.4308239607992,773.1886994891986,603032.2784128591,424.1134379047959,22.054324428563717,0.033258028701324625,193.43687952967576,2.4341700630136187,2,4,1,0
925,344,20,1417.0551869830626,1229.867313586566,491143.24589274905,323.4662910860319,126.53859988644393,0.19276071085379953,15.558632820955179,7.497113318326029,4,15,11,1
75857,450,488,1220.024496839818,579.1942615113478,948778.8849480499,732.2420903112146,147.13909209320062,0.3832443946554429,6.740386779831946,28.01070514720258,2,95,16,1
36014,591,126,1451.759058142858,30.966154296117022,927407.4384909222,528.3740750488051,102.58268344299418,0.3769772330967349,17.749352459727877,2.768889188578547,0,14,1,1
26852,109,450,329.82024346331997,120.19411473729058,127115.00036868546,290.8838359354567,23.153733978346843,0.005254645681496506,177.48547435627043,4.243917751249872,2,2,0,0
9834,913,141,1194.763495295492,1256.4656455403378,830077.7141250727,543.3367149997194,46.818589686144726,0.0027581544757824873,125.75277716788291,1.825099409723936,4,2,0,0
18477,240,411,1098.4642815183952,429.3898278580766,112512.78696697914,50.78977759279596,45.39548743946562,0.011081127039319372,193.33206128135654,3.92962562216056,2,1,1,0
64515,474,87,1148.4779740503948,44.11747534073152,832266.0533602454,37.599273526155436,40.77086381041484,0.03893971392355419,122.83053388643708,3.795556780207381,2,0,0,0
12224,147,90,333.15738788741925,808.3154766262969,512313.79113906925,593.6829331415624,120.16630138384885,0.2217589960400962,2.0327563346617397,25.145674288624747,2,26,9,1
27014,275,339,1140.359539171562,946.1598559507405,665483.5039399255,891.9797921114523,7.845975534376594,0.0062727325574474194,62.64518351291633,1.8677830107768,3,0,1,0
42630,708,470,579.3137105260282,407.14005796586787,45080.563245819816,750.8699207066658,3.4053784396950193,0.04773191025707782,191.0898469446864,4.652955090854541,2,0,1,0
24988,872,156,715.8924474533351,1462.9843419015558,907509.1011225497,659.1444354496891,55.16228338663329,0.343026331703558,18.629926274049332,19.238069939937244,1,45,18,1
47323,271,490,534.1675158577666,320.1722299969788,680845.2240733127,683.5326932923185,102.53963377178326,0.3814111894486939,6.7173476879741285,1.7881232605608741,0,36,4,1
2759,163,123,373.93751165492495,1050.1962831049334,339393.7210299507,742.3043537131015,37.66940866070638,0.022198821478317667,154.02744756260535,0.4669998971211542,0,3,1,0
65986,978,18,1284.376822611795,1164.3133223218974,488094.00960610184,998.8841515962343,28.190886074624835,0.010043402096122957,186.6169452661852,0.5412187552950315,3,2,0,0
45359,498,20,113.3428134124289,731.5873573612456,791505.675935179,891.9846158228224,2.279212452110335,0.040449904787688465,154.55806662974874,2.8014023795013374,2,0,0,0
38015,117,486,1423.3478326094119,1440.954687866229,641745.043011281,583.5573060505517,126.62281622982165,0.29096632591586347,18.627899719671113,10.502908066700531,0,44,15,1
44034,208,153,949.5116677799737,628.6008659830065,533289.980949382,134.54311424366284,3.187289816759378,0.02427665398713666,118.1972554971389,1.0695190882997223,1,0,0,0
20229,358,81,976.4948613876791,837.749858609364,685424.6211432449,514.1202356138156,57.90359570626376,0.1006350552287465,14.178602209268721,18.871703211464837,3,25,14,1
93856,306,102,1363.4962326171767,1237.969681621514,197423.98696696202,58.8005415181266,11.912379819606961,0.0266649540854989,90.78773654850707,2.6124658771478355,3,0,0,0
54979,944,269,261.453240352707,298.3101182502743,275795.23368997604,82.32785662549048,35.34910121024805,0.04317802556120752,100.30776206473709,4.596314596833294,4,2,1,0
38403,107,31,73.59409012133534,1269.6102770042442,249319.18775172532,814.8375172738449,9.708925098652452,0.033923749627723314,171.47204917946522,1.8334752650863995,4,2,0,0
81760,443,428,1389.4448987725661,956.6317755181509,902163.343622343,291.52892947590817,21.447004955350987,0.011839845881613083,199.24898491685235,4.999533306021447,1,3,1,0
84815,357,180,58.226789304850065,281.3646432499005,747829.3922292498,601.2871090967661,4.132738354536796,0.00538616745338133,121.7704620626614,2.220801301964804,0,2,0,0
38107,990,432,672.7374927363852,657.0072275574713,477562.3374005112,228.262275022213,23.944390684297993,0.028048192413425405,136.45522403455044,0.9871944730469656,3,2,0,0
22906,464,477,910.1047616347861,706.9943955634103,460604.75033526606,362.30056754476465,108.54820303831002,0.2576486478029697,1.485180070225688,0.8885734636825822,3,21,10,1
90259,432,106,179.74112921472846,1410.6248587494822,938879.3480444144,368.55570562972105,149.41958292689316,0.20716034985107204,1.7407954861991297,15.399919780047147,2,18,1,1
89759,575,17,748.9672017981507,1277.261748994479,906442.7373468265,321.28292684203643,9.937351875616084,0.0014172805754278318,53.53861275372919,2.032017850597688,2,2,1,0
160,938,468,1408.859460782013,642.9717556828299,781680.5636729745,192.09013474209752,37.8240438045689,0.031481869383699394,106.8716039383377,0.8596444858940522,1,4,1,0
64087,221,377,570.9083040066323,1439.4612187047533,346629.61598547077,230.81195988671507,15.377797099331298,0.035028816574337686,148.7145935974914,1.991407684785223,4,3,1,0
32286,326,460,959.033427992952,1253.5277997227838,745510.906141822,490.4180198765421,59.93751374803872,0.28114198645765354,11.703705225221514,28.527904060436185,4,46,2,1
73768,883,13,29.981071449556353,279.1958060691382,295195.35130365344,678.6009803175425,39.41802111253054,0.01877711397255536,170.14526384782255,2.277389244791499,3,3,1,0
44421,661,383,749.0956888940223,929.467358351924,562954.6906275555,742.6559730941868,132.1013073867816,0.29502896577951765,14.622357715804444,0.7639050358965978,4,86,14,1
89738,968,158,1022.7745606598118,1493.7634213026906,139030.1316555178,278.7491657668489,111.5409912907331,0.33379966497092806,16.176494089587887,2.7598159967329994,4,47,15,1
76685,337,167,868.1039955900493,91.37763473671505,488538.24540757894,409.2587270527617,48.717167652817984,0.014147692438552706,197.06693157381022,2.807072970391032,2,2,1,0
15855,53,468,730.5607283215114,484.5577142708206,140078.64424660365,410.2797407455311,63.8440948934678,0.47793171399168277,7.106644059041414,8.560497572635256,2,87,9,1
56322,305,178,772.56689216395,951.8131436137443,562158.4090113273,971.1562278404845,149.23091321073628,0.20569446910165207,14.299367085550543,24.635551126052178,2,91,10,1
11410,70,140,645.1327685245856,1013.6836647327942,435595.300287477,784.5676803277003,11.055965562201823,0.04368128794314216,166.21131252952313,3.5983532617474445,0,2,0,0
23000,100,93,106.54197539969385,1138.5558290286826,863388.2623959595,693.3395220949544,71.77422408667897,0.25937416787027345,13.227534082898993,26.797242730203806,1,90,12,1
35005,143,329,237.91702704649617,1464.1165807560262,700225.1618213343,47.42814743317067,40.77994878762367,0.027205813145468067,173.18382490689515,1.3210250974559712,0,1,1,0
57070,266,108,650.5756199221513,1429.1822008646216,466453.135790621,387.72054811258425,55.74400142792471,0.16905745027285937,18.295006732220816,9.918852074951356,2,11,17,1
35899,351,9,1153.1383654614592,1385.633495220048,737940.458344993,308.75287264526327,118.53096591224035,0.38863760418131044,14.716739297493117,6.006002069222838,4,97,11,1
38455,566,376,205.67387834160698,117.36953314561235,770342.92531994,550.0187885195803,129.28946352982956,0.3016049942754594,18.50337999500556,12.595214448890001,3,25,14,1
29346,580,274,409.0140352800239,991.3791596107013,406970.433030636,999.62145429729,128.31141485139244,0.23095280172070876,9.314663982610027,29.309490265514732,2,57,6,1
29662,44,191,52.150871912403154,756.0264713764478,830075.7952314325,270.11773404633766,122.99130105935515,0.13542362530140714,19.492140906533617,0.8127894713619339,4,72,1,1
4639,951,497,658.3310779263584,1441.0234362255521,415579.11324871925,43.322245874841364,113.01480371359673,0.36595143030561095,13.038313301122436,8.614584719745649,1,90,16,1
86574,569,307,677.9421049908622,1259.6456720335975,965186.7657739649,652.9864609133493,131.62591773534217,0.4735420263143072,19.2807209720425,24.090037469407275,4,32,7,1
29952,319,307,1418.044654487663,1260.1248842240977,966851.9843701477,127.39421189389556,39.63150574113831,0.034414415866715384,145.05309774595582,4.894474650349586,1,0,1,0
11492,911,80,610.7392556002452,557.9765331579275,828717.5957099843,792.5210744628223,121.1558268838447,0.3529522303314182,12.31880401724965,10.947523931152542,2,43,14,1
10659,745,141,1053.9042962657177,390.850175259583,221878.58300041192,119.0388940827654,65.31073474971625,0.4139758301472164,3.016956477588443,26.905976516681644,4,46,7,1
10951,821,343,1358.4212697497883,1478.3439206866485,696130.0208499987,119.68551590638819,8.334848986078132,0.010409221819915833,116.72352536120493,2.8372220727389164,2,2,0,0
31586,876,18,753.5339503001709,83.49550490478404,441903.4750383193,131.01310953071984,32.97531907041245,0.030228500510724034,94.95950749685701,4.310565964619566,4,4,1,0
51792,459,104,297.40349688591454,411.96909381077387,321529.5592953145,518.351162426257,139.7010129096406,0.28573703944582673,13.625404659270421,23.638885311654377,2,63,2,1
7681,642,122,1134.4372009710303,244.41306778938932,412111.4280893615,820.4778185078228,18.125883541462414,0.015218892108009014,85.45854444230993,0.42058770697204373,4,3,1,0
32181,607,305,58.655680334262065,797.6651722873547,83680.05423849038,487.9207985151721,29.96859303091837,0.0081914129455263,162.53549236091902,0.4938004395775003,4,3,1,0
54711,886,375,546.7124819314316,994.6731591652172,431870.505274397,826.1396485174243,105.25608467643184,0.48253850723961267,16.359326702123333,27.41307943721297,2,95,7,1
73070,255,233,38.499312139769074,79.17130478550034,275074.16247359064,973.2240296464544,75.98271427019954,0.41761431588981124,13.989410742642399,29.223325719050113,0,61,11,1
1290,705,232,700.5487633159844,1180.3905586010108,129275.91228043116,715.1119395060549,86.95802155018966,0.40999736722496805,5.2607837859878055,13.22918686507477,3,42,1,1
66822,325,457,318.5576904366685,459.6891470968038,760250.0709097411,298.72229788408816,45.271106963183335,0.04354364927942003,161.98465052449419,0.12218279603272764,2,0,1,0
57897,936,139,683.3280384763259,965.6491329733545,433299.4515688138,983.8306929863643,42.75080986197643,0.002289660980510111,84.03678617836641,2.1172352529995098,1,4,0,0
70590,176,455,142.80299244960142,891.580237096935,575530.0184285359,968.3091309780478,14.872691878602694,0.039565787551617077,161.38717273086928,4.428092108084776,0,1,0,0
9361,933,352,1058.3361255826935,776.0072513643181,607476.928509497,921.6242279685812,110.5746384829115,0.21163410289440143,19.801332911873907,20.715075975593138,3,81,10,1
62776,462,427,842.4310764436221,315.91868170965677,555825.381550551,510.4215160131612,124.82399693536604,0.38426529412524013,1.2510524847414508,0.6781505006358921,3,92,9,1
24465,389,62,1353.3566047143534,50.92874103523677,472584.0754596963,357.32112350720604,41.521985368632116,0.0012922216346499705,116.49019849381268,2.1051740252837132,1,2,0,0
73347,939,54,1442.8486327046292,688.6609885019226,953571.8756638679,23.59294167069438,10.624708255512877,0.014109321121311092,192.59207017462728,4.352228629200364,2,0,1,0
16130,898,285,976.1169138343685,1027.7635208783988,670917.4799388533,557.0278837210465,33.71272431982883,0.02698279874144881,65.1222567912283,2.5947003815732748,1,3,0,0
11673,478,229,631.5523267393437,1053.3903164882574,610306.0508260783,849.4208774163689,128.91205031605526,0.3362047441311221,11.9888088818208,19.003984727062974,3,21,8,1
86989,782,241,766.186554785523,180.47348704925264,758725.0136175683,745.8075303925466,12.491688722568384,0.04366062178075403,156.93994236993785,2.6100450104308943,0,3,0,0
62111,603,200,1008.4957750908495,1037.899993178116,458962.45832837047,2.9197385661553565,142.02108528915102,0.14025228391510197,17.254833319392315,28.818508113327468,4,7,14,1
61346,363,131,830.2651304087323,755.767358083549,807227.9651205969,645.9055625663214,112.86100283096283,0.28371713465624904,5.1532190485350675,25.08875566016204,4,16,10,1
96543,246,443,484.0445436059608,246.21882188312412,914478.8891153333,558.0330705471856,142.04897273262995,0.41023984882271547,3.756673280964768,29.06571673005391,1,51,6,1
58763,471,27,564.2270750850456,275.2477178367174,250710.11112570067,586.0807224037911,10.19908308102188,0.04719860547012596,78.11650204993968,3.0509850145900224,3,2,1,0
4564,725,277,953.1844590525977,1442.074808934704,387008.465138788,673.8114264685925,19.6202319676954,0.043202494925543594,176.07003751048504,0.02745900932127343,2,1,0,0
76871,386,261,186.60301575949305,708.5486038572376,794829.0462707324,641.3117815465436,31.159313992021623,0.03006141969109845,148.91372895600352,2.7829081294553495,0,3,0,0
76192,669,185,788.6073468088628,544.7524337995942,357602.8812791841,997.6644346159801,146.9547341870963,0.24601868960377546,14.287079461149549,13.814789599538713,0,53,19,1
75258,78,123,607.0106743219832,578.3010241177774,753585.225357039,868.861198365675,29.99648750855218,0.03859571361609784,74.60668585843156,2.7035802564190132,3,2,1,0
47808,571,464,1182.5123754399347,574.2871737967719,638552.4157974662,419.23515142429227,35.79416812437607,0.022798420220133078,65.12202716783071,2.911068698391034,3,2,0,0
7838,518,18,210.55380065217676,86.44279143029706,501295.0709296237,278.7234953132187,2.8348218359168795,0.018554279688119384,96.94169385563805,0.4854439845571584,2,4,0,0
54741,910,235,1163.9592123386967,329.609615156007,581879.4581967912,24.74874296485321,14.424399731216951,0.019177352025491652,159.47257040256991,1.758098150429357,2,4,1,0
92341,67,240,852.1838152851988,51.249540970599554,8233.571283910465,538.7632551632296,40.25300756906541,0.04544778273175735,165.64494180675416,2.0540519716414036,3,3,0,0
72240,798,337,75.35715934650403,175.32175673697907,778728.2624021434,418.90242276800694,109.99151384034226,0.16005062206427223,9.122961424356266,6.980373088923984,4,12,0,1
92982,435,418,1455.8535718765536,272.5380369556854,917628.3979090248,861.082209683447,10.561637667544986,0.03783561047395148,78.62741068930997,4.648275020098308,2,2,0,0
98072,22,463,184.09437578807245,890.4747500392286,852103.9079493291,375.0181057874348,100.58205792446347,0.10436748512977854,18.748704559957527,9.354434488807899,3,17,7,1
50628,794,458,1489.800826391905,730.3176795917441,510461.7857550342,405.8208808538151,46.55844571699294,0.015757977235486276,81.68987119273052,0.15108107241835533,0,3,1,0
34822,167,80,1181.8440258775947,442.14711172630996,997180.5734560315,478.1845199007185,106.95004798088775,0.17247954006101632,1.1336167689562058,26.251461606679133,2,82,9,1
50465,617,159,784.2135893372368,178.16017920576758,485581.0758231018,880.9423374499403,147.6203099142382,0.10404950883114306,11.97675469691839,28.728884388531814,4,45,12,1
47690,422,265,508.5198270855445,1143.3781262858176,372390.308832181,719.8813172033789,36.27538962115964,0.019279770345276788,56.08779850489775,0.8386636654981539,3,1,1,0
92436,423,435,996.7129532906703,1067.2484621933443,413256.62428632565,635.2133642196295,42.933356396843735,0.039684441148623434,78.74151875894391,4.511311099383688,1,2,1,0
94193,416,113,686.2311535600624,202.944556447716,94668.37246849651,118.96417196741834,94.46312076087327,0.4233375861335785,2.8375044679842927,27.390858910576537,0,17,3,1
84543,940,419,58.06396430760273,469.3565737906884,110731.8579975749,301.78886192170876,4.107679773852028,0.022847672732200727,159.03072138563712,4.94602896991064,2,0,1,0
32130,872,408,969.758945109698,1420.9640163046668,971430.5244178089,842.4311253855406,141.60365174313034,0.14538798457947846,6.737944575601812,15.323053856708162,3,53,1,1
87996,772,317,1060.3902619153012,1333.9399594220715,422724.98482354434,169.4288912951109,116.6916385078992,0.3364931558210654,9.296443361458937,17.236133990599114,0,62,16,1
5259,61,183,191.24526175320477,215.5732628284477,64740.75519779752,561.9887535582976,55.099643371650586,0.1671195655589085,9.894537143915496,7.0290995961525,0,40,18,1
15111,309,296,1341.6884725478901,635.4212615596017,618364.6900894692,495.3950480863262,1.3460231786188404,0.025305320066021954,121.23396654666351,4.84768350701562,4,3,0,0
82083,759,384,294.04519494329577,86.4646603076345,306607.262993227,31.202273926217313,91.44346414426707,0.298848465500843,4.602596244217253,27.0382798911823,4,48,3,1
59904,883,11,1161.1517300651803,453.1257994815809,47913.80105852594,693.6467502237526,38.4294346724176,0.003401005009596553,66.02828932961296,3.8223758033200657,2,1,1,0
1983,46,423,304.1917381340687,1247.839011168445,560052.8344255772,59.23329801412365,7.260836706917803,0.0028695565380342015,57.191922126490084,2.494174123741215,0,2,1,0
27760,735,280,722.6528186115041,804.5673889563075,472942.42191373685,440.38057539776236,45.52363175715723,0.035029697002346226,169.3229609928822,1.543144491339652,0,0,0,0
68458,224,18,547.7772044404551,935.0572726221772,335704.05892851006,718.9130659351873,4.702645221971526,0.0030861910261717643,153.3846457597669,4.56967094034504,1,4,1,0
55446,745,29,791.9311846991799,643.0893424320301,473934.0733848178,261.4787514190429,124.98217518048044,0.2822527212608311,2.1652722115022107,18.871031655224563,1,5,9,1
92840,322,415,730.5644844075849,303.18009837719956,643493.3368279396,115.39851188683822,2.698077134441814,0.003750917651672581,136.29759093501187,3.5073762121384853,3,3,1,0
11131,49,487,1052.9223759303923,189.38016983900243,382419.04996251373,237.57776980667742,37.37846388348394,0.014308150567519475,76.30213397304072,3.1107891044888665,1,0,1,0
48443,307,234,1431.5619701650942,62.87625175092285,433677.6437461419,483.11534875032714,4.6226366697309995,0.033874735685721725,126.95677486170108,1.9604857119641212,1,1,0,0
68162,894,122,1166.2114165928608,1372.7543172085698,361899.2789967326,167.98504606862974,37.93898861402042,0.022072050422397207,142.13749491101692,0.36158627639759855,4,2,0,0
97605,422,220,1101.369581728309,1236.3715055370028,634969.375017458,514.4290187258439,121.61452557486102,0.21098332741890102,15.106927363854373,12.405920399643097,3,5,19,1
15909,94,471,452.46876653864933,273.0529107303496,37672.84596239411,22.06988030649161,19.701106372474193,0.03538758161348637,91.76390722440439,3.6638369773779713,2,3,0,0
80766,690,145,497.391717105569,1243.9274898210658,511432.5300491339,778.0224920042807,87.84865100408483,0.20663568510461305,13.573479960573472,9.10240353807931,3,87,14,1
19541,838,40,293.0935028944914,989.2321175807357,914319.7603273517,798.7300157871944,15.239746010817575,0.03707231691606313,153.88515329956343,3.5423275680333144,3,2,0,0
97419,190,259,604.2516165554046,659.7561371157749,549915.346926896,828.976701071832,36.290892443257775,0.013723990812036381,130.6838667827657,2.5475390024180022,4,0,0,0
77284,100,477,988.4274746078072,1018.3833683142907,863825.7797969667,159.612284317408,49.9473610128799,0.03574055766689257,150.00747150078809,2.63350326436049,2,3,1,0
94446,8,286,299.10190512375516,1294.0076618743728,1844.6183097912306,544.3786665992412,14.879945626991784,0.03115310874270425,120.0744137030851,1.0372951004796171,1,0,1,0
21242,839,431,1184.237280853638,1378.7333483010093,588009.8114294747,396.36097058423286,35.15415420077982,0.03884919102036629,143.82799580537403,3.330601107872636,4,4,0,0
34021,85,25,106.01361166492434,532.4993426515023,538187.7328306356,269.9735943988662,46.34587810923274,0.0182458354845171,67.9893117999501,4.204901865176964,3,0,0,0
14275,237,74,968.760214517024,1476.3808684447483,625280.9024244937,51.17604450642345,106.29022891688915,0.23569278538275237,16.43042936325444,9.571246707436044,3,74,9,1
1566,361,14,1327.3458856331472,977.164009347381,128781.56642310548,912.6538462605149,129.42612149476662,0.2474278959642441,13.225043218218161,9.895785409013072,2,14,6,1
67621,64,257,1160.609275710694,544.5285528289177,789976.099715023,566.4141230579029,19.591785833888167,0.0037029054924407724,106.56517580790785,2.689757744316657,3,0,1,0
43865,629,493,700.4361646947838,737.5116509251536,234913.00857338123,647.5992361390174,3.349833621697047,0.028630290969127472,176.53963436352524,1.8761341010029475,1,0,1,0
37759,962,72,1091.374160252904,435.63995653774157,485819.9560955083,29.743467963713524,124.40125356553948,0.4010833299171137,12.971529891740131,1.1190852910103388,4,73,4,1
74513,805,306,1269.369351865463,1135.1094322892632,244517.31579123478,949.3021689963969,28.205983789902874,0.008662202605348963,182.53630676685418,4.983230138957887,4,3,1,0
26378,846,130,702.3154757391824,1422.9777890838288,242529.12279762563,240.54504338181408,118.20091173877478,0.2511416489257428,3.9464863887549244,17.097832349297367,2,89,10,1
29580,897,453,1435.1206423090152,769.2751149334235,817155.5819962306,26.267380237178987,6.001759602126256,0.004183997458694278,54.69215864324883,1.0056753169129662,3,1,1,0
22936,942,38,644.1873021989605,485.0420945111028,887614.8849414911,832.5175313504084,26.090593329746888,0.014203900595453602,100.49642016150341,2.9896943537291216,1,1,0,0
10048,624,323,582.7100148605552,48.63981161103318,866110.3609997769,995.774199700402,54.69937372772079,0.43196483889502313,2.676689242151633,26.234715498587917,3,76,3,1
65507,997,441,943.8566926706529,1149.1983429026643,466028.19509963685,667.2365338300591,29.81636786907413,0.030386458128606395,180.34848580557545,2.8198849593163766,0,3,1,0
28572,530,44,1478.689808245511,694.4018934729891,202019.74440259166,485.8659415367889,42.31095833340351,0.024729916374265255,161.2283828788319,2.000748498969282,3,3,0,0
68800,515,218,867.8518997728926,247.53408779824989,549890.1897201474,948.66822737677,1.3975231528356524,0.01461869541682951,195.8483554080261,2.7788595528261735,1,3,1,0
73462,593,332,1384.3683940491258,251.38700944725792,280748.14576055633,165.2004844957703,75.46539466585607,0.10202731365307405,14.15125599297405,7.333388817753474,0,91,18,1
48663,951,481,1255.758508538643,755.8229973975178,154061.84678709533,320.55699677390766,34.95943263421584,0.02490582212899031,195.01647377503951,4.682113783423913,3,3,1,0
44429,718,114,884.0710189072847,1012.6205603454254,143070.6705307921,997.5902555197197,29.65850067935439,0.03758246402023659,127.6973260557343,0.7640424080807878,3,1,1,0
50007,192,139,143.03432782497615,681.3077998500205,655642.1152997016,678.295529670001,145.639372405745,0.4280813431241136,15.55214069115688,16.059690997712323,2,62,12,1
45433,828,291,190.16831075042347,937.6089094070935,538797.1427923569,170.30714944970418,36.81284866722726,0.044376220911865015,141.253391193583,0.4635340002898253,2,2,0,0
16837,712,343,581.3699945969669,701.8816940112707,52289.19439681341,606.2624837742508,36.88721231670261,0.006661743888656463,160.9389868449141,3.359902695796249,4,4,1,0
98525,50,87,638.6008777456586,700.868425948078,342784.4890379622,877.4406531419955,18.4279820849691,0.012553035211199721,179.7022408995648,1.971994232105982,4,2,0,0
27812,175,173,1090.5080332170278,220.27468995141524,778144.5481222986,289.66002458374777,97.33676100454429,0.3001475483740922,19.781168276762035,20.994152643833843,4,50,18,1
19542,521,270,959.815276940884,85.63953977084574,114554.15997276652,969.9453974979018,113.6835863378706,0.3359455831124506,11.865401410670543,1.4824283131443432,2,34,11,1
94884,801,20,567.5310967923174,64.52649739467458,370900.46218446037,616.9336645280016,108.44762035380401,0.46105398021989086,7.677168186044077,15.34967445234632,1,83,1,1
84621,320,229,1436.3892313744939,1211.1126761912947,335720.67263257556,311.22723622378936,105.78119155324859,0.46781773983401254,19.401638404641382,7.884504737275267,3,38,11,1
62925,922,61,415.4176289003829,539.8675622233042,571154.9975959022,264.101692846769,20.67120495497758,0.042560984682849745,130.6007870146168,2.57482112477565,4,1,1,0
90341,966,148,1063.279005013554,1179.6425162770597,662192.3882764826,214.56784806009452,68.71993778828192,0.23946517785119728,13.185790996127324,11.858141304310838,4,48,2,1
5437,796,333,1349.7685682870294,250.99447011684882,598589.4719677039,289.3478545210169,124.58477059903196,0.4916464949441367,15.502031998192036,27.833694429573406,0,14,15,1
47875,135,238,611.9788415586847,570.8883853004361,360548.083365426,997.7782184262162,20.43588613253603,0.023758162062251245,88.034928041293,2.4025568911281683,0,4,0,0
77292,797,165,1267.631224516292,1062.4303124324413,863058.9816989915,148.24462191547298,124.37879599429675,0.44124883033039297,14.329571631213074,23.357916820522682,3,80,10,1
82218,249,284,402.4160960074359,1291.5216889835517,38697.64510435455,746.6382145265827,62.221230538608594,0.4746230219224964,5.659206269717851,17.843337285700756,1,64,0,1
5495,851,279,505.00118781655647,156.5699732029538,945404.8340615354,473.1689150687351,128.0673428084876,0.2631163979586649,2.1700020834899894,29.066849820763277,0,29,15,1
43568,432,378,770.2726492096573,40.767176547575204,626767.1331613805,298.61498583353074,113.68096637635266,0.34629001302359586,10.725606366371212,0.9753643736640557,2,18,1,1
65726,292,195,672.6646971785345,592.1302445614646,972152.6400695683,743.6432808367704,5.958650188333531,0.048761255687893766,170.017910040667,3.3798630056884327,0,1,1,0
42763,337,456,261.87607890924085,410.71550752573194,276871.11977901345,655.9286628362472,104.67419212161838,0.32095359510800964,16.772779737342177,27.940439837765965,1,8,12,1
52463,605,102,858.5209951160416,146.4390275344466,154576.61664141333,600.3119812958768,41.474697188256606,0.013038445614616324,51.591078362396786,1.0634537835958162,3,4,0,0
30035,158,464,1397.8331315889288,187.78471070460955,480318.70431132783,990.9292202742387,50.68761932532691,0.3844527009058124,14.312031363541209,28.335672594207956,3,41,8,1
69389,409,324,583.47868718238,718.2920400615619,102468.16113159966,570.5796305113597,138.90339346095294,0.31097774847863474,16.30553245857817,9.255637775399169,4,28,7,1
97907,722,343,278.04104907685434,1305.7669419872987,802498.6015677695,98.82248709298366,3.5711436859137624,0.03935003648164558,159.62420782528554,3.963761466399603,0,2,1,0
3531,392,351,724.1422035143167,818.7875827066067,157814.3019666905,456.1674967030484,29.1212902918591,0.006142207786450977,84.97704929431116,2.613508925323074,2,1,0,0
77129,582,497,84.45620347290964,1442.7883717596674,101675.5372635827,85.93340644624588,90.90910797315203,0.26031809438109277,2.7680698536285613,28.426801207556082,4,94,5,1
55495,64,236,1233.1696016057701,682.0418926400444,362750.2415561868,392.74301187408577,68.14743220940184,0.47032989640577294,5.881486266235483,20.85546640347847,1,56,3,1
20734,24,45,554.3887310218641,1406.7330993915662,465342.8182865418,538.0506704280964,2.526877292709468,0.01910538663318049,58.41352407711783,1.644963877687125,2,4,0,0
83066,551,496,497.8550126229198,1260.3796250626287,566696.4159355838,715.3340181635263,106.74378874976182,0.2622138282641765,9.667987214219481,23.67268971394305,3,88,12,1
58681,781,140,792.3434304681443,1123.7967736769544,649218.509024745,241.88095396760136,84.31319889561965,0.14409271221382883,7.090736940657179,20.411709503050087,0,42,0,1
51097,841,490,662.6056319029341,1217.3933354509602,295535.0277327567,248.71970208960488,11.433166299094497,0.02115807314164765,69.26614039171689,2.633180562773469,1,4,1,0
13414,186,350,299.81285955909925,849.0816933887211,882154.1201320654,381.3118326782565,31.52751422322629,0.02872264894459709,174.44832760377759,2.9773541795671883,0,3,1,0
66360,530,270,352.245011419803,902.0180671294576,926244.0691386658,443.3458669041969,31.832306574697544,0.022000773609102017,61.847969393792646,2.2529735794560084,3,3,1,0
17497,307,36,195.26717756991204,1485.78173440807,473905.72541802394,998.5404083716421,114.82775146811579,0.116218083369658,9.381246433864744,12.322392021114332,3,82,4,1
98399,326,472,1284.821185889033,361.91421611872073,622028.3829397165,876.3465450707654,36.75129890327221,0.04276966192002383,179.94884277826395,0.8062490371286091,3,2,0,0
29607,716,454,608.7595259144198,243.36637487274106,651109.8761177381,606.3660922378729,69.0473636539183,0.15242985547600313,18.228758445407983,26.8401209902668,0,7,13,1
54254,544,227,467.82757403486903,1143.2652238073163,166937.56882172512,349.42152457397884,35.81733955404929,0.011838563730965958,151.9449075834939,2.71644951691568,2,0,1,0
61174,592,357,1406.8556129876827,274.23425699943766,348582.84694412077,984.3385523631276,10.135433031298843,0.03274232837517642,174.6699478906439,0.03172383339211993,2,4,1,0
86756,325,486,270.1912840720596,1052.091502126688,168222.4464153144,623.0954632518058,116.5073746730834,0.11269553042720096,11.047177949277662,23.008882276657552,0,78,18,1
65579,62,420,1141.511731878522,368.5135695623603,127522.35730199279,277.5116950256772,19.889383539574183,0.006213716237068113,120.52869676821844,3.2466448837784796,1,1,1,0
34704,473,423,335.39380200167415,1477.9452165997407,474354.1092748542,571.79917223489,148.09364807992938,0.12298488228323934,11.84773554595995,4.8532678726829115,3,76,8,1
20733,145,307,583.4185704695831,640.9773803589298,280419.81454696355,583.3220851121803,4.108946882746483,0.03137104663974607,176.5511435581731,1.0250381551484333,0,3,1,0
17355,326,21,576.1688720878116,1156.8301307992258,759528.5061685723,832.2267800160758,39.65974404165268,0.024135630653690385,62.31544069440428,3.4635227267830233,0,1,1,0
47818,519,344,1040.9354795626775,1242.7682007836688,974226.8182850538,710.0425953472092,41.45979763506463,0.016864616012094342,123.54668031541463,2.9003297519483895,4,2,0,0
92321,289,218,594.8471670283715,691.1791941655559,686734.5700366736,534.2786402687559,38.76667842749007,0.020092657448426945,151.87148531100368,4.7967699878887,0,4,0,0
22198,767,433,1472.5927944030236,1445.7396758346313,100239.44275337171,299.7157786618893,25.68411933908425,0.04121069158241873,94.12774444896394,3.4482566008031847,4,1,1,0
66234,939,154,570.4439564673161,1263.1043195525638,127268.24394705558,342.35716994305994,98.16591918171818,0.4436072044786936,19.35998865378836,17.5925523606902,3,65,7,1
88853,409,120,59.330981694646475,819.9031114578403,407618.6895171567,274.73220252270875,32.05894549258497,0.01884477600225129,130.5473601122361,1.3555593684581506,4,1,1,0
475,135,42,837.3975207872513,921.3564914909721,468472.4468126314,862.7288440048646,21.190684730223236,0.023007594371686098,158.57118035816364,4.17317177556803,0,4,1,0
87853,209,1,1448.9255620159079,721.2344985315787,473488.3304763882,74.9056012395225,47.51788621551211,0.03611039784218333,76.91786474670134,0.8026044615853095,1,1,0,0
6553,653,353,619.9160057446874,439.83296547276973,79151.53720285912,216.6007467968059,88.35793490042204,0.2877334923375171,16.258493705550816,1.524057676768883,0,28,17,1
34980,551,433,1126.5119336629944,459.0659120381031,709988.4741098348,340.00330024777384,100.40579856929202,0.36668102334648434,1.1793129794103652,19.551135878860624,0,87,3,1
54666,858,94,1314.0047584710817,852.5496853219172,361071.14027656463,663.1813961461994,94.76387091956323,0.45246925882610234,14.418676375989246,18.75914068622497,0,73,2,1
50678,914,79,709.0426904177737,915.0789259882722,466855.6047308602,272.95718302301265,126.43382167122236,0.40393075965563574,14.614207336418742,2.6536785067317883,2,78,3,1
82411,495,183,727.3466260358274,555.9345028209597,129318.36732311132,580.1013999836107,13.295283327708203,0.032434183723912234,102.12716532581271,0.8135609011877937,4,0,0,0
19592,879,410,568.7411046617884,640.1991253065921,230446.67451080808,268.43981473539816,134.96622044257055,0.185532652937173,10.61783907190896,29.798259940669823,3,23,17,1
65780,144,460,148.12950315900798,801.4634797323084,426396.6970498864,664.9587732215072,32.81992721030978,0.024060638666992158,85.4686395064713,4.956217622779869,3,0,0,0
3379,618,91,28.275854684121438,193.94169703469305,83808.45886004921,400.24530268534625,25.19515654657959,0.034533836038198894,188.15620107496642,4.467434140993455,2,3,0,0
26369,186,327,642.8939846456298,1162.962496727814,379060.4700367642,284.427253583644,30.719609962077588,0.04686972747412569,142.2427554405666,2.742057095905064,3,1,0,0
31216,406,215,941.797193162601,607.9121761284687,171818.3478059673,112.77193642955645,111.75039062830044,0.40788161075439555,12.709306841489683,10.935418662871227,4,45,11,1
17625,527,78,386.17735794832475,1367.2102402482656,655297.8891733196,865.8899365054251,45.78675828921917,0.03751292190239591,143.5630033818981,4.615926281827924,2,3,0,0
83101,780,381,751.9182292538561,344.17667141765804,705054.5739180236,134.9985947373424,46.016104779246305,0.037926730308128265,168.08630591005192,1.4593032996834487,2,3,0,0
98705,295,405,922.503569017739,1001.2642038036835,918394.8274310903,432.2693070126043,9.44767428038656,0.03269233126401236,63.99591485508644,2.136116303868107,2,0,1,0
40220,515,34,1116.097442099447,258.4921666405167,330198.84299415327,501.56899714752296,16.77064283298381,0.04153561828826872,103.79405336540422,3.6688724186321133,2,1,0,0
56252,635,171,237.11127151570238,338.28636052545323,668757.3784282701,671.4501387269243,38.096448930214706,0.011789679341633814,144.22724567634333,1.4552183230518052,4,4,1,0
85921,960,23,218.3877616416423,432.9201142713399,537697.7708957407,194.83875326157002,79.98913295443444,0.1210683667889224,8.817190022511136,16.715603713205102,4,23,11,1
68776,288,481,218.47684114015436,1378.797934014931,815282.8167002327,83.46131760852604,15.843046452982794,0.04458224155173454,132.0804197645033,4.995145923771757,3,1,0,0
20833,609,399,1223.338225528538,592.2808370367023,974046.3267855988,744.2806760398503,40.613039991705314,0.003489375398790651,190.53879706987308,2.654537255715711,4,3,0,0
47441,389,112,909.0276516159677,970.294266833455,915781.0336912385,211.0700572854733,40.973500019077576,0.022156106775306425,108.90835011001006,4.872317514996929,4,3,1,0
38248,222,62,1100.4993408463763,380.59913691081135,887170.6371282357,425.4598985256024,5.829857748563366,0.02292267829645009,144.15538555191452,2.338304927848538,1,3,0,0
35969,248,56,1221.0442410307635,193.6386929417717,868209.2954891137,304.1322563447931,57.26629860968136,0.20586925708068626,7.509443442709283,5.501307419714955,2,57,15,1
20421,66,382,477.9497645373968,1113.1934893932334,571370.1841310391,861.4788225365404,4.490638371171479,0.006817536503666195,89.57480003708943,2.396479937283093,2,4,1,0
69286,150,266,947.3306278553083,27.94228639494287,590767.565130579,271.59892828515297,42.82532889501002,0.02229950567627776,90.95205429861427,1.7732826405582163,4,1,1,0
63228,36,455,355.5311876715265,734.7886256915803,970706.5047203585,443.59853858610677,136.42626352016816,0.3185120330949417,15.895612854102428,23.070297959591468,3,94,19,1
29765,548,202,207.4974389680675,696.3467373048023,416325.0661078148,380.51428536078345,43.068700282953216,0.04812016616712108,142.52479618185833,1.4380778731210415,0,0,0,0
28747,557,41,809.2800439918159,868.5529192296291,689440.0213406069,208.3172342640933,67.27969142303367,0.3641772183430222,5.770767994028034,8.727605289237657,2,96,5,1
23748,684,258,430.64962755343834,609.2725992747725,253787.5841647863,241.0266179793367,121.92935943146027,0.21251206875440004,15.214370364088165,25.066679788600187,0,23,11,1
5828,488,464,1075.014573197098,492.3473644148952,420818.2957807234,50.01106171639648,23.103715419776062,0.006132444543977711,144.96153061506726,0.4228845576931306,1,0,1,0
60568,508,473,1199.1798929464549,296.46427429538375,203631.1787668336,616.6501671581616,99.16332047606578,0.38059445082113597,17.272855965446517,2.1052638443135425,4,94,14,1
75784,882,287,1477.4292728365672,309.1451516746999,945952.7216888532,820.3670820250649,2.667808206287855,0.03920201703553039,155.8658092538746,1.354508495657782,3,4,1,0
15375,99,382,585.2254247091121,76.43838772277141,350988.08432373445,411.3452645099006,42.003533899709396,0.026290750521880568,93.03077543928339,0.9198988468375424,2,3,0,0
13384,311,480,1124.4073910115903,1471.6910178579226,845046.0429090961,207.12387029069237,36.02850161184471,0.035614132686738874,158.5308038865361,4.581081008446031,1,0,0,0
10501,962,138,591.9054275848335,211.54885396655683,601749.4583310547,728.0270328463259,19.574220665638336,0.017141390103811056,196.38295174839368,0.4481633432364168,1,0,0,0
57527,235,11,1048.0785837032915,536.6470956208408,565193.4061530053,853.2679598783033,53.133420263558705,0.1859754156930971,2.916817192241453,9.556238970609504,3,70,16,1
37561,875,183,1388.218903319541,1122.147426831361,816288.7155854206,702.4943171246804,39.38736376129237,0.013474842763919748,90.33104623448398,1.7912426258378007,4,1,0,0
58013,881,211,290.2457815405332,449.17528091200984,914653.489721647,336.8814092844521,19.080543084590985,0.0095433299177558,137.8736716445637,3.274681992505994,2,1,1,0
87605,815,311,1207.0761404545449,461.01328068816673,720095.4192939942,160.01244479718352,22.511501918691653,0.04264961285844975,142.7954547028849,3.132186968678056,2,2,0,0
70847,109,294,60.37754431032218,448.2773427555044,997330.2246749838,613.1363739941734,80.03945177232123,0.22813417485043808,12.849565273538271,23.28146532645902,4,46,4,1
31510,308,371,283.20822953214054,935.5226127473541,427200.52651208587,164.42149663834218,2.8358613448949335,0.04910441615136662,162.82892374244378,0.8615264851438759,4,1,0,0
64377,242,249,1068.280765927301,947.0045639167005,405578.512325171,511.7396890240477,33.207344122609946,0.04019234093665371,148.93180926242334,2.669157110761147,3,4,1,0
20947,991,367,732.3884620860465,932.9602405164424,275798.0054504179,466.9877532553438,50.76553996972146,0.3902235294336578,16.948607285692095,12.146729739000715,0,21,7,1
30129,842,89,802.7580048237473,356.7529120589375,31769.085832041266,993.5709434507929,4.485086904161337,0.029256156572342748,81.46625616191402,4.641258992134629,3,1,1,0
30770,906,37,26.329223364590323,365.6889347535141,537599.0660210218,534.7658593071852,32.63281622933336,0.048480742755288055,164.0405989417714,3.7704408445860658,4,1,1,0
93989,383,498,269.0113919403732,1301.8553375363679,470466.99527516565,536.5296258542921,105.26911212479297,0.29748752131840417,7.482246735351723,12.039882003893489,4,91,0,1
35999,109,329,41.01789896854093,473.28806965884206,314657.39035096165,453.24605617562764,101.72847006878695,0.20002734232536812,5.255315770489563,23.454415910464913,1,49,16,1
69319,265,424,1236.9472606010036,156.68367355542884,712452.5012517769,324.6618888113778,25.389219967195526,0.0349479271510064,144.2431878438528,2.349991888429248,2,4,0,0
35480,326,396,301.2112222174773,1213.2478601337098,42818.43108325505,913.5272135367151,3.94688645716012,0.04863841448254054,197.02911877453136,3.5840331720695033,4,1,1,0
57462,658,102,604.4859048955178,1433.6121445892843,523006.1305118586,479.13242113861946,25.383894827152204,0.044938284569504786,174.60691072659802,0.17737422198898012,3,0,0,0
28373,605,111,130.76794770175064,669.6405654659309,478992.03760676796,590.9132582257319,114.46268969397097,0.22799341622637212,19.28937339152621,2.4558744484354844,1,89,16,1
45617,663,337,305.60506793820485,197.5620087949451,957342.796833673,693.0405807335286,7.9077191803662075,0.031854329216151826,72.97969003979476,2.0238838043123457,0,4,0,0
53466,793,468,650.3016157018113,512.6051336811204,657298.4592043859,591.0547862536334,62.04927319787784,0.32290287405087237,17.840884290588395,13.369568374397334,1,81,6,1
29227,803,69,81.37395947951055,388.76436062608576,506572.95274355763,675.251334164361,58.04535950775369,0.3772055226612484,1.5131709278897785,1.8255700945870266,4,96,12,1
10614,849,477,263.54928425402056,446.3099655070746,989056.7556152372,363.1838441084222,108.01221607967653,0.17929493405329688,3.9567775061731894,18.619591701814635,2,14,0,1
84380,164,394,1144.0310667694173,372.5166744605515,498410.821188122,707.7336597998202,37.183273064280115,0.007823604789642363,179.04783417056905,3.7740056283980303,2,2,1,0
61794,974,283,1320.540823015105,1196.6135056979592,161738.6741753309,32.55896093039374,34.988499955065905,0.0016034542010199715,149.07049398658057,2.1330843364070455,4,0,1,0
29244,640,397,163.78630658977897,251.52065265171723,145105.48384300544,98.35318061042287,32.60076022460336,0.02720773621541798,189.70198314626563,1.3133137035544244,3,0,1,0
48176,203,104,877.3333237770952,1471.4474074592783,982974.3394013569,697.7995268093526,36.804426106792114,0.03544656048426969,58.74031610266097,0.4447487851108889,1,4,0,0
22091,799,465,96.85839627536761,1256.2713339466625,716079.0776239398,266.2557318524733,133.63809797195523,0.3394830751595033,13.256497253685572,19.87171890580521,4,95,16,1
93337,139,324,1281.3939250185383,589.3378703367514,98919.41952323863,223.9478247296289,22.50415055801777,0.0031646683702082124,148.58099888808914,2.9958501082203846,3,1,1,0
3480,640,187,71.65867425826485,1261.6244953038024,330674.418123177,347.7964255284796,145.7076910323686,0.12727367287825542,15.491429342625187,19.645540043193957,2,70,10,1
35949,510,18,69.71451297936856,1000.1200166720633,982134.4443710225,771.6561356853715,101.95224384729937,0.14954761659509824,3.6984933310370316,9.988380856575768,1,75,1,1
37943,688,245,100.57744247364013,1219.236181723649,917279.5822835404,312.54834517261554,22.622999570369032,0.007168546621971111,155.62103927450823,3.827453919930377,3,4,0,0
92744,83,280,121.86975730369812,404.7917038238504,200466.67084245975,586.6889655403485,28.900132364614645,0.03341366026684157,198.01473160123734,3.4875968815342047,3,0,0,0
30308,883,201,1318.3294544726828,1011.6010356021129,35236.680944390486,732.6141541973573,89.10293178629058,0.11030955570105437,2.960341683731648,1.2516183914214465,0,25,3,1
74053,427,437,621.3906794449086,646.7600432682511,990515.124648597,251.83158959137782,58.7077670603459,0.42680521462647447,6.006996861346962,10.887730119893266,1,6,0,1
85176,351,292,535.0451649507168,203.25775380667517,537643.7279374084,895.3836287921454,49.540651539208255,0.024416474952998903,142.65046477327832,2.3831905938594677,0,4,1,0
75514,647,245,1300.9582673620896,194.73690014032252,212364.95213601747,972.1700827436639,14.126144658016095,0.004356555474281615,95.33673527859767,0.018176181600947916,3,4,0,0
1240,840,35,919.7476588368112,484.93958835866806,849046.3668800858,84.52998533679045,36.836571236362424,0.027633290000444028,133.60906549339,3.3645788082541594,0,3,1,0
73875,252,333,1055.1044659225818,81.81354427308311,519400.0736194989,368.25042551639183,40.79009474492543,0.01779381715849948,111.87495161205061,3.919814791137787,2,2,1,0
31291,239,447,1246.8741619982566,862.6116687816632,482801.6688231797,510.520790778774,29.54167768576559,0.015208223405790295,148.73869694496625,3.6066832157771196,4,2,1,0
30907,811,480,32.684395645242226,376.8740267211005,219994.06854992552,13.329716050295316,20.259490191823634,0.024995744643891857,88.70756949956075,3.149334757801068,4,0,1,0
31204,657,300,1214.1815381143833,478.2921215509133,645644.9062918561,507.6955162830134,62.86442043090618,0.24332740558314742,7.463584415740174,20.61515681209903,0,65,18,1
98617,152,287,1410.8622143677437,691.1050310893377,123665.64784331583,602.4199950816003,32.026753899256285,0.005248581174064477,161.79857039761288,3.229166494097981,3,0,0,0
68359,754,423,84.62073059034536,1092.8260589854503,717770.9786449237,962.8148837850332,13.474197946102015,0.024571203333261255,66.22649604043585,3.078367642625416,0,3,0,0
52564,999,51,141.91343917484585,1095.3817923931115,884921.1671465432,140.47793639429514,121.84319056161179,0.1055886294394821,3.7503607316883323,5.80736209564351,1,42,19,1
5665,236,243,924.0198896636583,874.8644492550802,576258.5301159119,326.7710511463175,43.003684421928654,0.0421790068459927,147.8047147511554,1.3714998868999417,2,3,1,0
9764,436,62,679.1611049890399,1449.1041570898415,48024.04273498714,796.0063346931283,146.0289152389342,0.28664601546691726,1.5547524187464778,4.392634470856029,2,77,18,1
69681,903,423,274.2382804850896,773.1882797872704,36891.90822497032,703.0836596672266,25.026259560545313,0.043644777772244646,70.87797981351224,1.4361479702479092,4,1,1,0
52941,570,302,854.244127184538,1408.5930197582813,98196.74766175332,965.8315782332506,43.91210068581173,0.023534885183963745,144.37791020841271,2.4790723831161268,0,4,1,0
9906,483,64,553.8339072700693,661.1606809144024,645860.1408877777,796.1266215085254,115.94805476221207,0.17147256028868935,9.185889193142318,13.560050109915782,4,98,12,1
63636,570,450,1035.1694072393943,281.4214608022544,227953.5526396778,451.9563541489665,5.096683866824048,0.04180698810509309,128.1187909780527,4.436883891157299,2,4,0,0
38950,493,97,486.9711871457956,1124.2376469861242,147895.95225137626,64.1627716974572,141.50389336660174,0.4815168679871109,10.746787997676172,20.21965572353244,0,95,12,1
2293,914,376,1126.7077735658365,975.531964445254,847367.0415685906,966.0787290331316,55.395360174562015,0.3482450952936956,7.898472843964859,27.111778894143885,3,5,19,1
40333,380,330,1182.9828431291255,1277.8320650790124,146449.56523748365,565.3224625715169,19.37664861289547,0.049323461600821496,161.36186564355802,2.932781087792211,2,0,1,0
10335,954,478,279.6888074809362,1471.7410057774762,245070.20913712453,97.01218277583287,88.29072834630088,0.2345003714666994,13.444081852350592,25.36393110440901,1,83,7,1
46703,56,77,290.2327398414123,388.2847357627094,670525.328953639,654.4436861403234,9.554702484050944,0.03791962067137913,98.35224896822373,3.1472774283661327,0,0,0,0
72078,62,223,314.1173444299142,1214.4456309499687,690608.3463734123,581.3848384590659,37.41194800627192,0.028971722243995385,95.23852333369803,1.866518546553713,0,4,1,0
38253,302,379,368.5025894001248,1381.5340455588566,958761.8433333677,141.85426650427735,8.708763176691534,0.018923278300671132,126.03601436290784,4.495451673009915,3,0,1,0
63313,309,7,1221.5141588785075,55.48168120189275,353511.8126558711,920.4796371415554,27.222927900324862,0.040735530698655736,141.3773532983596,4.348638068610493,2,1,1,0
57188,664,103,192.72172847216825,1318.8075228568719,496846.9087927229,586.413265887892,44.28223986747117,0.04590840341627372,100.1460419260936,3.411411055663886,2,2,1,0
5730,580,141,333.5159770285935,743.8847610434899,391696.3402180724,62.48674556104567,46.00399283737035,0.008100695572881195,128.66828415308862,1.4080168713119445,0,0,1,0
10131,161,46,951.8670180470539,966.9236881510777,495057.9062739998,343.6524464566326,113.66103827705318,0.18540607594908326,1.38188822276379,10.511823684618715,0,85,8,1
71075,420,64,998.0582738509846,826.4497999402362,965835.9489674569,990.4862949919103,28.482509644024915,0.03102599342943034,133.63492504414666,1.49225616613831,2,2,1,0
43706,614,425,1355.728755572439,236.53963033286664,238366.05682401953,65.64993302536155,126.60249890429391,0.35816322522221633,5.206060728815613,16.444069494901058,0,59,18,1
28677,408,184,875.003491800837,178.13292797682314,382474.77134387044,243.37013752286055,86.55086890694174,0.3611249430104607,10.212063702591486,12.555420033378452,2,65,19,1
85336,765,279,519.9221022404588,324.7627118721413,499823.4560823882,98.99989301042105,5.227159671641053,0.0064833713446294855,61.26981265063823,2.9520348634356823,1,1,0,0
42563,560,296,1184.3841715139358,244.43904823446275,944167.0581028989,281.73778610542695,12.299708501496102,0.032836228925839143,142.69288165956652,4.90123085669551,2,1,1,0
25707,36,210,1203.252758344412,120.20839623750491,664223.9357246537,563.6448704761096,72.30698028593183,0.21992750108806686,13.240228067641631,24.712708762532742,4,67,3,1
13346,906,242,362.7401866015001,1446.6381606950931,374526.9351898563,248.77840900618287,28.052062360477162,0.03266282331286816,103.44597510680447,0.19940501624553686,4,0,1,0
5815,253,266,136.6452297194812,1008.4348148424215,454421.57329655846,805.6719816152247,101.59724496953291,0.2763159986241176,15.96547648388697,7.56128058689454,2,36,1,1
97945,101,257,1410.1858819341035,109.46549941773077,181732.20322896747,731.7585478216971,54.8722556433094,0.42562502798427726,8.21487951855967,22.691613210081023,1,61,7,1
48794,986,321,841.0887421524208,817.3620247719685,115585.9631542168,436.3587365625756,50.32781237820777,0.22062432547850178,8.64170833293003,6.665106234200813,0,54,17,1
89628,911,193,665.0090991345453,29.66076220728821,850682.7909157547,816.5065331620217,15.072804141049597,0.033169873368274934,157.51347568932775,1.4298624706930267,1,1,0,0
89488,803,277,443.4670144173879,127.52568573284796,401528.6745827352,927.6637290310697,110.47858592790578,0.1813362880901278,6.143224307321881,24.747216493219383,3,71,11,1
18278,126,47,1023.0137351826197,1370.327596587415,555332.0957160215,132.34284587127075,31.76228930897905,0.010589479038041595,160.29048935135057,2.205127385943278,2,0,1,0
29800,779,16,388.97429755127973,818.9944051832688,85130.82668190844,180.6617236110504,31.49276579976595,0.026555178348224618,150.1826647211962,4.8104905195380185,2,3,1,0
11313,481,179,727.9150301461499,942.5546909891456,408255.46855533426,364.47062618785293,34.879057855527016,0.04928013895630717,126.2508175142252,0.573273903999495,1,0,1,0
5256,713,359,259.25482086714464,335.4808489777822,492824.6263989069,645.5560143560324,40.769598243264454,0.018775812409931605,150.34916338856314,3.8633839088241837,3,0,0,0
53554,288,203,1143.7203732556095,982.7823513300727,346064.2631370137,129.4239883087098,147.88843823104582,0.11020983321883643,10.569133007806167,8.1354689043579,3,95,5,1
20358,564,206,958.063452284622,454.40450111910354,971498.8000449466,826.3185850796724,7.9184261080827945,0.026528020979733502,54.768973105722196,4.0717289380465935,1,1,0,0
58144,74,298,575.3917916061531,834.3979974272523,436671.8482494022,470.21944789222107,19.90861912687311,0.00525638776988685,81.96287689470671,0.9706591971935796,3,4,1,0
73385,668,448,743.7840242435706,493.8281922952841,413581.76370079786,745.738844718926,92.5314113143435,0.353606996051945,18.216406433249283,16.192041705622515,2,49,11,1
27657,166,293,476.25276102369344,1285.1737615567336,827709.6445067842,788.57964564688,100.24739204809612,0.49956294408441027,16.21527631941546,5.107176850217977,0,52,3,1
74515,509,316,1433.507028202942,1280.2829037203571,764321.8168895956,276.9912138377652,2.861211799063986,0.004841698077142748,145.84382541599996,2.3470284350130832,1,4,0,0
12373,219,342,1191.681378663715,1318.08875786768,621303.8638545338,653.6185636375465,30.81035040862884,0.04237332277686686,158.0827350003819,2.0704467457120455,2,2,0,0
88351,158,169,992.8760488356841,1212.982444076876,408199.97738814657,76.39506737638106,45.55717635498166,0.010148694487933436,99.45245138401376,2.6863504016440993,1,2,0,0
54783,713,494,26.966837865707912,1198.1506695154005,898330.2052979267,479.56703895135297,60.76094507530225,0.2883148064008405,2.5431548579267194,8.956178800235278,2,10,13,1
91724,106,116,82.17073810826008,880.0488005957608,135726.7502488977,643.7407299911484,35.082828417856305,0.04228744091140368,66.74118339370912,0.9639991516605373,3,3,1,0
59753,206,68,84.1838482132658,928.6753263582868,483439.97487657354,624.8590762959208,7.306295258130223,0.0034114021385260097,161.00752143915585,1.5878059492664915,1,1,0,0
12733,48,385,121.0017648970923,1441.6881829965434,965531.811967709,831.6416792258422,30.510170723438737,0.00047151384530653154,94.70531947555963,1.3439772047494998,4,0,1,0
64361,12,28,677.5479202518151,163.55653827479122,84123.98757372928,689.7711169292432,24.995918602464126,0.024495270187158837,150.04048858302662,1.2408915156055556,1,2,1,0
91842,178,249,968.1769136059852,1154.9612449018184,63995.58520940528,591.6984061413258,15.766692499505918,0.0008919999540097368,143.49015197810047,1.7769606386803933,4,2,1,0
88914,82,66,750.436053123924,1393.538371862909,308509.1216383602,108.93960056215158,10.583478951067173,0.027421028217683448,91.14712960430501,3.0916971972506886,2,4,0,0
43582,717,424,1358.6259732684407,1469.7250091465203,474135.09388114006,552.3866132575226,110.20564333988023,0.385710681465253,9.423022755033633,17.19707703638733,2,18,2,1
27610,613,472,1023.9554480953706,300.33041983675145,589305.1161963033,273.52026519902876,13.526517019762851,0.0025346803898997627,123.0870828614113,1.4013907090886457,1,3,0,0
46838,101,400,436.7692548376309,819.3138393530636,424542.3527446455,768.6390947165457,23.35852945632256,0.010552304017639558,192.14011164659755,3.728400101741665,1,1,1,0
11805,510,120,136.05497409871757,219.5627552291083,400936.07817895734,490.27966634501746,147.98344082556034,0.47831809920427293,9.16419063506683,15.524168140157247,0,28,7,1
95920,62,478,804.5564314966558,691.5442233009302,497122.1008820819,806.3464970225256,111.88431168074636,0.4136279571216337,10.487271122290688,24.468620895060806,0,30,6,1
22241,684,335,668.5365122953611,683.2640762506828,213758.63195168713,807.0190965994495,95.48184019562257,0.169768176902006,9.60660906780815,26.47769678223783,0,91,0,1
65112,363,458,628.0568203650779,161.08629389843944,134757.90293900477,758.9703873843558,10.052865645810174,0.018167546071629348,72.48165344233303,1.8788020842562974,4,2,1,0
73046,284,353,70.75372220588615,1147.046757296771,674383.8777856409,337.03306968196557,120.67557147106662,0.17392013445724835,19.055780642639803,21.38781328103117,0,40,5,1
3299,608,276,836.3340582792205,1017.6587398781483,194398.03905164,538.7456742907925,15.876912580944872,0.03636618296995543,81.83676303070428,3.0099312012563386,2,4,0,0
11926,765,303,1225.0710013901291,183.92176515175004,789145.9830656721,691.0084311865301,22.75979842487488,0.025113080233754165,189.68018584820294,4.825687791290807,1,3,1,0
55887,578,31,1416.985992551762,1423.8680620702232,549389.8503844563,610.4921288590004,97.4557525112748,0.36365062717713936,12.53965444869256,26.02197524720355,4,80,14,1
33674,910,388,889.4118699052567,1451.9483685038701,699631.107315426,200.7249884353401,88.0774812007283,0.18557323888543287,18.160918725055303,2.4153220688313177,2,62,18,1
30931,30,360,1223.5226693189074,429.47019877792167,666073.255056197,372.0608621648892,94.51447720494919,0.15819483055305428,2.545916274122314,7.272176644375867,3,19,18,1
74409,576,110,71.1237204501216,413.4301113721987,47915.77388081035,631.6302181042913,9.257993297015918,0.010506009580696408,178.8596269782928,0.42509924057881676,3,1,1,0
6824,918,281,244.47856516151631,777.0477479553831,595385.0696044429,40.088354214660136,86.04661864648571,0.3078851449931395,10.628231484798834,7.06998950129928,3,33,14,1
6427,925,16,943.4371921718246,845.5728530132325,670772.0818109435,331.0354982848482,96.89771742537144,0.3326041865678056,12.780958221821605,8.958726898445002,0,86,12,1
7910,481,213,1247.9660711089227,435.89365863397103,882124.7160520117,342.97641609764383,124.04827345332252,0.17638614054308346,18.025972562313004,17.19762942885238,2,36,7,1
75911,762,73,697.1256063040732,165.52540343467152,790356.4644066822,312.03441018462667,7.5893124702808565,0.03902115008635394,122.0782513344339,1.0425261231820566,2,0,1,0
42589,54,300,198.29566721357224,541.1115179391272,1369.4439186797129,435.30088708255096,34.69414769539466,0.013968710544807568,196.1068787709452,0.9900903962959651,2,2,1,0
53976,354,311,337.2211517294448,1319.1311775900938,848269.4563990162,593.3852970321715,75.80386321406257,0.347283581008775,17.95518398407113,4.2879031606648015,2,60,16,1
39904,102,463,225.76252701214807,698.688916310175,67060.35550202358,914.4858494424433,12.110049497055545,0.04201673229831845,87.47397207269556,1.18730287509718,1,3,1,0
32554,848,69,1028.807004428213,610.0070015622991,752628.4264982273,21.329757389557628,68.48830405509152,0.3450805312537698,3.640871443113795,28.43366637648269,1,23,19,1
31317,261,300,583.6849120567952,488.71931602459125,485410.64860554924,663.9983701791047,57.71603737615495,0.1345841029805338,14.613032099460263,23.397164109749596,1,92,17,1
24520,471,373,417.7085953291329,190.44083980012869,364650.37645215867,337.917594187385,41.95896274601353,0.018773179818769525,98.10165664356367,1.4752222907544443,1,2,0,0
1397,503,209,1267.1692551513463,1486.6194442320157,183446.3025462805,299.33352705255834,22.646660211570516,0.010666105944766475,172.35844582596042,4.051085754901112,3,1,1,0
46457,732,447,1211.3506118022062,771.4419504441488,101187.8964478296,285.17299777490376,76.52344141831254,0.14593539095762276,16.063734838385777,14.367501057478057,3,51,11,1
71678,359,257,1415.7262165566574,760.6333973889606,568817.8573716122,23.766277693324437,72.29367964758185,0.470019732873469,6.956170031633339,29.56478280946769,1,63,2,1
68695,570,372,1391.8439438086598,711.4977568263133,141097.65834320922,128.37565503705957,105.12561055156547,0.1898776730338223,9.465357178854767,26.885446031382568,0,21,7,1
11394,834,117,1151.9515039844887,149.48052213731097,824350.8336687889,684.6195875906565,49.73959575558488,0.04394275650468084,195.52179275011713,2.0742389429148274,2,4,1,0
15866,633,325,608.8325169700984,781.6909194634072,92734.41793793265,792.2219294388536,32.81727225176197,0.014632638151575356,93.6355207292052,4.007554203243525,4,2,1,0
35837,793,331,500.0174284778561,811.9815227927891,624865.7252240216,106.57565891758752,33.00523492464748,0.018173148709644035,187.2182757767392,4.895325146354238,4,1,0,0
76949,134,383,32.598351623504804,369.23645454718945,313096.139858591,624.6161678772686,69.84583333064182,0.11882497400135908,5.707167129235919,20.873437740779856,3,90,9,1
80660,789,186,870.1778054236096,1154.1676584817017,546988.1133253849,356.3470479735909,22.458145523194396,0.03180448360034383,76.56777124665635,1.6271392386262802,4,2,0,0
67512,483,155,393.3825965643068,572.1064261275652,411090.65424425254,316.6334330697678,43.88875464546871,0.03588898594035049,169.80938155181425,2.392057209134242,3,4,0,0
33564,58,331,385.8918872717364,501.694778344126,75221.10502714288,99.56448395764158,8.130827124211773,0.046000015002563704,175.95790679896686,4.704935623011247,0,0,0,0
58249,996,450,1156.1573544482558,922.1183963231806,288112.15608482074,896.0618690550615,11.914556005855161,0.016417565604978878,110.9876718001429,2.976784233068214,0,0,0,0
11159,406,403,664.4825767452975,601.4300373200438,275369.3038068738,580.3449582390527,7.16435961115449,0.023172149040087242,94.65221597090883,4.391799276608029,2,3,0,0
615,255,465,355.51317708584946,1140.3919463245509,60464.12114250842,645.8262974083522,131.54188868035158,0.33049208134495844,19.34018818889093,27.613178739088077,2,59,5,1
13228,27,62,26.032097361585752,407.526313390906,344550.7238361075,270.19470343063045,66.4757001497974,0.12159777154324997,18.65150131791905,15.043760695999405,2,73,0,1
9083,59,161,381.47348648147414,1313.2240887258483,398508.4311038214,858.9753759333788,43.07521728793308,0.019907846820270532,62.913301654228306,3.6644049013459288,2,4,0,0
69124,843,42,162.6394843898139,1454.2212784405067,938002.1610795297,805.3769382216875,76.85121376197233,0.35629128356719875,13.95430765649471,20.824663540251986,1,56,14,1
6057,867,335,1348.9333122057187,573.471747712592,601688.4257556245,339.24064471646733,97.20598844126486,0.38365111010825115,11.302519694537105,3.749215512002955,0,61,0,1
55247,272,446,798.6350314111929,180.47373278301845,693525.9110153986,146.88341602668518,97.33563042084747,0.31014049368796104,13.542157935665315,2.4027598136003117,2,77,12,1
84721,506,83,142.18497799880635,958.5589700574836,289238.43802418484,236.6495684157191,111.35672634449088,0.4162697616838825,1.1427840857382583,16.996224575906574,3,76,19,1
16465,295,202,1007.850758972297,1102.5667279141164,806713.651460828,79.61893426435442,9.192278919596413,0.028290429405394862,157.0607944645926,2.216716855756103,1,3,1,0
64520,537,386,649.032227882197,758.317402172029,578895.8548892066,580.6204570874098,8.396468373726812,0.003130885135228129,191.51656813753598,4.27612748356668,0,0,1,0
18247,462,5,691.0419346106528,370.8084012286231,631404.6253017767,400.79543030597216,2.3992419358980595,0.011240366783574313,79.5195775212968,4.560491325917398,2,0,1,0
52105,475,32,44.25836783153931,1142.4417473627034,985636.3545130709,597.5693669347961,118.28280096300159,0.21014381375915683,3.533192923526922,8.457281987058128,0,96,10,1
85144,694,290,234.72463842305032,1412.6703835234096,708901.8026282832,367.49656855050966,11.657767961464126,0.014509462653954298,194.9744184137719,1.9447360344046516,2,4,0,0
59583,322,182,68.74496320259382,84.38226472678261,351430.650513311,801.6481485615253,50.561552550239455,0.38377830414424774,17.70061261186592,4.3384834716748,1,89,5,1
91662,795,360,746.4060421073829,177.00782937687657,116717.83578316077,860.9924511126375,13.659317154440512,0.0037317240842023314,118.01240658730426,1.84177048819878,4,0,0,0
31086,17,315,95.83600125793318,372.2348466131889,728685.5986280184,927.9909517614695,86.2528862891593,0.29369214995763376,19.890653668884887,18.258084027031334,0,34,15,1
96772,560,223,794.8627326245435,1198.5936386147457,253756.65019105212,239.52241329807762,26.808584183672007,0.04928359816622868,67.007388496061,1.3981892314412065,3,2,0,0
60666,346,100,43.11163017409387,295.1138685293554,990083.7517069426,222.34276900682852,22.491783666050527,0.007170978805069634,180.03959528104224,2.3344498001658414,2,2,1,0
45319,321,388,1053.843640013058,1442.6922941071703,977973.5335565861,721.7892700287692,44.63105457833071,0.028828499469389254,117.87601193764559,2.6970020155229903,3,1,1,0
15981,716,177,700.159477889812,574.4575665550151,731954.7579779382,529.8704261967894,40.624971108866006,0.01791480849465533,103.45715579438466,4.21564277380783,4,4,0,0
60510,582,488,1474.0763996196865,846.5197246387735,598980.6569515191,55.61517357151016,59.92782879039166,0.3208586827237475,11.917059018863199,2.739854606651605,1,98,15,1
19099,484,182,1102.8113607179705,1067.1708436762642,794392.5738144096,587.5262214896711,17.56660227705017,0.04764118209063404,167.380295711008,2.654276412773053,4,1,1,0
6018,701,368,73.53806711703398,410.0292229808465,81141.18258194534,275.9802447492742,65.91057995058053,0.11683737221632598,7.248382444144809,0.6789434445274456,2,8,2,1
80913,583,463,915.9175274032912,646.553618047062,445753.37384556764,562.0816621846234,103.33329923008756,0.45243006474662817,2.2929406910768764,3.7233635134588416,1,6,9,1
69102,207,240,977.4739143971678,373.81163816004266,947667.3109953509,216.33597260379497,14.105661635880846,0.027790784527740316,97.35271724900909,2.9442135301634735,0,3,1,0
48559,495,372,394.54549763185497,1131.9198628419767,984840.0142005346,652.4473313536215,51.66783635924346,0.21781935140125555,16.879324334605858,29.865441227049363,2,37,1,1
32584,880,441,445.0362131145853,944.8495568051366,394285.2241732881,184.82082299249603,12.02306279860856,0.04697535016824192,81.10686304295092,1.5828869077230234,1,4,1,0
77132,496,18,398.845788844945,1241.7329748838872,46092.03379623553,680.1872127775579,140.71036236502943,0.1682221581875739,5.613934646460277,26.324279413507817,4,43,11,1
72375,289,40,820.1593040702131,959.3996533750098,641090.8562702984,574.7398909357734,44.84882412717044,0.007829850677100137,61.74744730079349,2.1323630397211653,0,4,0,0
11093,727,421,807.2080863817445,326.48904659171325,291761.4631655498,834.0019106487504,41.447235762760236,0.0017719322949962257,96.72479284227579,2.014383266185785,0,0,1,0
14838,162,68,710.8969507212129,1398.1050542812368,862777.8141813866,224.59881964670907,64.32949884511191,0.4891290054881985,1.250821669967912,25.450143891930686,2,7,16,1
71227,182,64,1381.9296587501494,342.28380365751406,77051.16742536638,771.662169061285,18.951329546311552,0.01890517935554675,76.39441494791392,2.752756255801029,0,4,1,0
57117,418,483,1236.9724217668072,381.62252421601886,664183.3170309401,10.186004534050458,119.18631968271201,0.2879716330272134,13.996584880993026,21.833954806138507,2,62,15,1
73514,729,219,1032.8319690519252,1232.6748872538972,601204.0698142641,870.7243102219652,72.58911706678208,0.10511764095161187,19.866589426980312,14.392670882072412,0,70,8,1
35473,702,174,1299.4015436062837,606.1246089825468,726631.6867786268,23.743455228943915,18.59759024375101,0.032040090721903496,145.41402687704812,2.342190783954515,0,2,1,0
39627,635,431,1033.496195016991,332.1689803256549,850660.504156366,997.3113500497408,11.875935937950196,0.024552078352548357,170.89531063795434,1.6696097511573138,2,0,0,0
28309,622,213,390.5111263332916,928.593011587607,507874.85856889014,167.80294900254881,43.72405924347614,0.03381298843828856,79.93904740010495,2.023049401731361,4,1,0,0
79073,761,434,1230.936270453807,1409.699538073615,409103.66951882176,589.4983782205427,49.64856350544227,0.030816560874798282,115.75595874335889,1.683468413430902,4,3,0,0
19044,661,216,891.8285491380626,627.5762673494795,908093.2557173293,322.54711687934383,41.408290342735974,0.008908667533811088,121.4441080768437,4.0396262550268816,1,0,0,0
34833,920,297,643.714097447917,195.2318333452383,178051.89588419974,293.3276151719584,105.41908994116211,0.2204541100530718,13.822453322905144,17.869714114634007,4,34,1,1
62688,767,195,1498.6621260948539,199.56518042830814,390754.6173262103,512.3966759745658,35.650863042320296,0.026598986113643003,164.9166951084655,1.399269765768827,0,0,1,0
12555,975,235,1028.4643021411987,1109.0180275786206,666000.0493637268,753.8344006260629,21.754674350095353,0.020127837256349188,195.65956542373902,1.055561256801305,4,1,0,0
46243,896,329,1044.5452539599378,1303.5977530741682,701955.0596601543,494.1370527949335,33.95494154217521,0.023729544382742537,151.95371233162115,0.8417615225456765,4,0,0,0
69155,885,202,348.6320353254058,716.1099174092133,941599.2500341734,451.6084693853886,27.697964497042904,0.002742815702327778,76.36065902169834,0.478498087930439,1,1,1,0
86790,214,222,341.9502737395531,1287.908972367532,814239.3417434042,194.43723352598687,24.946516964539573,0.008218672449441133,118.40860612359998,1.159713058561609,4,0,0,0
64508,988,100,695.3304543401999,910.2115096185571,325466.41035038145,662.0495467947302,21.737365387370644,0.011329760634604731,185.45928596994344,1.671044389575476,1,4,0,0
52729,565,13,1169.339919189683,1063.9557363243107,356055.121979706,251.70550336245594,17.959583503765188,0.03486654717647283,87.1662167372316,3.3907569652857066,2,2,1,0
70684,857,411,1404.410525169465,198.929901892666,963648.0811078725,373.3075664870542,49.3560998331295,0.003632403378076804,166.62986073379233,3.4821257995635735,2,3,0,0
29770,265,162,1167.2228742696773,1106.3954385809805,893128.3356280811,677.4431372067122,50.115822626939874,0.16118357040032222,10.486716144017448,13.815348492112205,0,99,3,1
62735,788,253,476.1496740162207,1074.1703757982605,618962.8945985817,404.84897644255864,35.20498448217709,0.01943380229227445,114.3229214813198,0.05949640068910911,4,4,0,0
49462,182,417,1490.6610917144797,1114.9897464165037,426992.7524692674,67.17253409321485,25.919729996795297,0.04592983475190514,53.57850536703018,1.797394375363215,0,1,0,0
81365,442,449,768.7865910924819,754.9817013338159,571072.0964011586,928.4808238298168,59.729752723908916,0.40982837134571226,7.505520590640126,8.95916170950518,2,95,4,1
58201,463,345,946.5809095952992,1368.3570365566634,205544.83927882917,276.75141018630006,37.237202674712435,0.02073778120442822,185.01421408311234,4.8251401761315655,0,1,1,0
18749,415,231,98.99253959741421,1171.323769600853,534270.1237132455,43.117377847413366,8.045316569657054,0.048126379174293694,120.98185416302908,2.475215537750099,2,4,0,0
61916,777,127,1445.5188270456981,803.9314779917639,788973.4910948031,51.754981720220286,20.073832647260954,0.041532703315834224,133.97361380371643,1.0191191139778644,1,3,1,0
49844,718,231,1072.4393560479116,963.060747099706,108473.68387995454,129.9724718232389,25.126031092568265,0.027958347148949427,69.94339487852137,0.12151040855795214,0,4,0,0
99118,780,204,645.7172141401634,674.393087230832,911521.5209220737,615.1269195945038,72.35367620970138,0.4901650367791657,4.226240760196439,10.272378790669475,1,98,12,1
30236,187,452,1180.7858586445554,250.5235514063161,986062.2295583973,129.22406563762763,38.18438122308099,0.04844090356968331,145.39119363600813,2.4452408924165674,1,4,0,0
46048,893,496,889.521536484317,588.6452224962637,174242.98209193148,941.040510610731,72.95017498598227,0.3411401926541726,9.74012688994357,11.67291463808672,4,77,13,1
39012,101,17,1465.344411516934,1270.3588714428988,861135.4815880175,321.6014591614802,102.23452523155372,0.18866953290787208,5.235251830211596,5.798510713848636,0,75,6,1
36690,155,482,322.6069526931022,1238.8517014614401,190189.94391463257,553.7957217650853,44.4740582256459,0.016335934895398415,128.14238496557874,0.6648762202016156,4,4,1,0
84236,668,438,569.2381423453991,249.45122656584525,123284.90892969363,803.1812437215881,4.84799286804346,0.026192958934020683,125.4220602705596,2.3509195748784166,0,2,0,0
98471,902,186,922.264505923471,956.1752026839248,656532.0459886672,950.9540385939197,32.48870736496336,0.027770176012376226,90.04654885165056,1.70311477437871,2,2,1,0
43384,874,259,627.4652049615738,324.4790084961077,70651.9810087519,68.86684436596903,3.0219602784793733,0.017296096083077566,179.72147204453876,4.770593153822528,1,0,1,0
26683,426,229,949.4896781187971,1471.0091957513187,35395.32012076214,219.92818530416895,47.82093308358346,0.005607126699122678,90.11914746331067,3.540711869610895,4,4,1,0
56513,325,228,1394.2861148669485,464.849941830418,271047.63239932305,629.7983742901503,42.96758069946892,0.045517826507502496,66.77610830866888,1.1512608006017588,4,4,0,0
64491,967,81,53.48245566804476,1171.2480912157191,236934.3880671628,363.05053773451743,13.86300625974378,0.007106123174260021,176.51941897497744,1.5693535727753427,2,3,0,0
40688,944,473,96.00237851159189,152.2672633333409,257852.6052916235,554.5416670560609,109.94645624500146,0.4496420161769419,6.948770748659752,7.741997090375217,0,91,8,1
14414,464,341,1300.0670591771905,95.17540750129879,684655.4355297046,723.332789927754,33.85024067996922,0.04332865865407709,50.198338807162074,3.471805103897375,2,3,0,0
98747,112,357,1092.7868800274723,1494.6268485282162,676659.1961498915,293.87181080123185,126.3553326296325,0.20700039645076707,19.10045201980791,25.11955705888207,1,54,6,1
43399,276,427,1152.9813848407202,129.0073230922542,541495.8020745515,638.7969671981228,109.75051550921766,0.4996606334391629,9.58624013529777,6.021286783029568,4,25,16,1
95972,402,123,1408.534555856319,844.0548771223039,635342.6915293509,97.42625922375893,148.21068711299822,0.27504594260983706,13.5209330326629,1.3572764058250082,2,8,14,1
23692,649,340,1114.408578288657,406.9402637894214,626065.2166410477,293.55276798456157,27.965834127512334,0.03137069843387449,98.2258585871634,1.338052188986842,4,4,0,0
7738,780,415,1024.6168842650936,1090.7081151234202,970680.4846596641,968.1290600876953,56.68045821373565,0.16591690841490184,3.783754800892513,18.4109432152045,0,85,16,1
7802,70,272,1316.5956051669516,1156.8470605102032,119548.8081887335,455.2528556628186,8.457362987827596,0.021267240794515554,136.73479222062616,0.7253861565483777,0,2,1,0
25917,144,37,792.9493229634924,433.208260153877,718241.7792143828,653.4020143093568,92.53376895904401,0.37351700778390284,9.954324277592024,23.401765559380564,0,10,11,1
36756,791,35,186.3540207398801,549.5602764687079,849306.831758512,570.3273173222326,74.323989859345,0.42817283215156143,3.243581745310333,26.574580232736295,1,28,11,1
53479,712,430,192.06405749596715,1222.0007989435812,490159.8712171203,43.661024273280574,4.902554973955482,0.0029634082773432272,119.59516864143826,1.6779281604621965,2,3,1,0
59050,11,447,1366.022184949395,1358.1077565954386,142270.28959709482,257.41597130489066,48.64020997617821,0.026744868289628573,110.51380915362756,4.446580013633767,1,4,1,0
21569,289,487,472.67807816590033,1391.458768278886,709471.7990313262,154.49343961492568,13.921008570510171,0.03445381571820728,165.43943227673023,2.5111276463815946,1,1,0,0
81031,396,324,1447.7588690567127,284.004309248312,34946.229728939834,920.6259413175001,4.501370098605371,0.013290441110706897,160.8438952420749,0.4394318494502286,4,1,0,0
78941,713,349,854.5459167049618,201.93351785210595,198116.78362432498,635.4727637753681,107.49083134308381,0.20899293169693528,8.942094191929424,8.176471100576709,2,89,1,1
58624,221,172,171.87576989884792,882.7779466705861,172573.34275485153,793.4106496081421,59.61596422479296,0.27536225459843866,5.438376626527852,4.403609978245437,2,70,14,1
29973,2,368,361.333928029869,772.448955972347,940055.3180363881,933.3168307913312,12.958839483045399,0.019929726303644577,174.81395276769547,3.703402123032393,3,2,0,0
2875,86,92,1061.3284287067752,684.8308405778736,973671.3453585727,322.3251187819278,18.898238005353285,0.03851078105952082,119.49587196788607,0.2508808026531467,3,3,0,0
74809,155,131,687.3986158261577,501.13983903511416,225805.16912024745,108.80931468249199,46.49329948096853,0.043823923569800756,104.35630165122546,2.291126516893213,1,3,1,0
74248,894,149,1305.8666657483732,79.01037141448052,513866.2169229292,198.99826510378173,62.45063772947762,0.4727332368232152,19.92787333850779,24.0924107702044,4,86,18,1
86347,119,405,216.88246163600186,992.0091526583958,484824.0700614162,317.5372205676633,35.65639869496096,0.0352498918669587,158.1638876442584,1.2995215810744525,2,2,0,0
12941,111,99,1297.9749036370606,808.3984581171713,293770.75460701296,111.05566191058318,46.92322121444745,0.006089941092860496,174.50072389388305,1.2925409689911616,2,2,1,0
56937,117,290,932.1549770320883,1302.7487695037205,536565.436905604,364.889947795165,29.981832373485634,0.02728879346029557,108.04550148690694,0.45236734641455834,2,3,1,0
37733,240,23,1433.1726681558116,143.5507339106619,828672.4118691514,961.6962302718744,37.02572377684797,0.03138650651526983,95.78434982261534,0.207157671459115,3,0,1,0
88642,703,292,1171.503440249466,1309.2117335965802,477840.9538152924,777.563856791751,25.164552405565868,0.02258815830840132,160.26133184553595,3.3663975342431263,3,0,1,0
79658,648,411,1331.5579750077948,1400.2995809508307,352183.86234772747,214.65963108757376,14.489067688999903,0.04057180917361112,189.183120203205,0.8654541357761003,0,0,1,0
67528,87,63,525.5648647838095,989.2133510912025,487963.50582357944,541.5364412432978,82.90754543249241,0.48373844676040123,16.927164202782485,27.09441740041991,1,62,3,1
1862,463,244,1337.6331416144105,1150.1202627642506,77504.640732782,351.6444909197882,29.923497102655325,0.042268862835035406,137.69696349668232,3.3006754387968593,4,3,0,0
63265,668,326,267.7061265387737,373.18919342717095,576244.5619298418,10.31704050911321,121.6009335834693,0.27598313280273856,12.234690169632184,28.43853525479,1,64,1,1
85531,297,195,1438.0748607038527,996.0653429487123,560070.3836441572,853.748370975364,26.50450874624097,0.03405836082760087,174.91748054805208,1.9917754100991314,0,4,0,0
92935,197,58,596.6982458155932,347.4533798669732,653918.4381924468,26.57409036650548,30.23299894134544,0.022508689083891576,126.96742154670874,0.4407498113242053,2,4,1,0
840,915,86,800.1057367234297,906.2581541298963,300568.243658836,539.6073530017278,95.60677810933734,0.30233901478241343,19.178549385045045,2.91705514137247,2,44,10,1
11223,496,25,746.7968227943842,382.17593704110675,532860.1179543467,180.54765226930328,115.67797552677878,0.4450034661765305,2.5142126449348217,13.175537673972185,3,87,17,1
49841,596,471,919.9983763950587,834.8654770910473,290485.9822653936,370.2815840885486,121.85892864137715,0.22989406830503067,2.9559692900941306,16.43108056761008,0,23,6,1
74341,644,19,127.08285807928367,380.51428403498886,569735.8869562864,964.7088154335141,3.5481786426014206,0.0280000172264913,123.5202148166806,1.4938607666441346,3,1,1,0
63714,717,102,276.7311956915178,875.552187188962,479696.03019562585,417.66314008837406,47.13445714261199,0.03854474937747437,151.8039923502022,0.43262914774934436,0,0,0,0
18167,258,238,902.1732654955266,955.5833902152282,116739.81925800005,824.2243041882139,5.738085596806842,0.027469890991317098,110.07542867501431,3.5488080654913743,0,3,1,0
80143,356,273,1062.3859513471907,1136.4432294117405,721622.6398365712,10.324870271128354,77.21523770682779,0.26393894598996004,13.181716318392104,3.5056459507409783,4,43,19,1
54215,255,470,623.008181038387,817.2338832531074,396277.2767989364,625.5021521119653,13.697409638448137,0.028318936056089324,162.59990737455564,0.8568069239604642,0,4,1,0
20782,32,65,1125.6711315016205,1144.361052555187,798234.1582558213,933.8661360814613,92.44734730753785,0.4092089110503653,14.652553858813203,26.663397365415584,0,75,18,1
30111,655,63,1023.8467242296016,818.2280756291943,703039.0745354625,662.4150378768761,34.39300935439118,0.006359499613643705,183.45676511625618,2.3671420226142255,0,2,1,0
83824,951,250,968.9995630803938,445.00460267797837,429032.4898564213,971.9683852199564,21.320124811483254,0.01409260135466623,147.5469641015644,4.593213012282165,1,4,0,0
58121,423,15,959.3726556102457,246.86981087686777,272469.7386241059,797.539909456477,26.55891955332776,0.039060336829397475,140.7596633454956,3.973522106653722,2,2,1,0
6803,838,229,682.768465572978,645.338211241648,481726.8166019156,707.3901167715807,27.765631856542427,0.0037725856589273022,196.06474675700738,0.8138689206179417,4,2,0,0
70957,786,473,1066.5389453168618,621.4689927663701,344650.06002254464,578.7484474883711,118.98195018267448,0.2949197089762008,13.335260322991939,27.084817734927444,4,45,9,1
36049,341,129,979.0194140513771,1379.6998392698256,255782.7433656417,445.13655201390657,43.93412145424833,0.017974729637014332,69.1176796735705,0.3480271799408413,4,4,0,0
79689,948,389,203.65844020312935,446.1426885937147,782364.0856427585,782.1968981963134,40.32720935084276,0.008064581917201224,164.26247458477252,4.243915981682535,3,0,0,0
66744,766,314,147.20500986866062,998.7708495629589,159516.7874746992,430.4280117896486,49.21684877050155,0.02929160104881101,63.52336691247356,4.81694614230448,3,0,1,0
54051,350,234,82.06681754336682,741.7984113028382,312658.55655537243,712.8980690131287,34.44019724882987,0.019227628075421332,58.91899835013139,4.06361496076483,3,1,1,0
99993,598,47,1163.582541014811,1117.6370684069957,301080.2391930506,754.9392927316136,12.74006007473058,0.00406607644404694,140.40613606039187,1.3590748506479748,4,3,1,0
81517,512,257,999.4696971371924,1293.0492019102248,11642.393656410924,455.5149903240337,9.254685689647912,0.022684175886299576,125.05394823621701,3.106133798459359,2,0,0,0
34282,583,221,206.95100864327765,1386.8834481949327,618375.2174260613,394.29331833227866,16.13048628402784,0.03707537473271913,116.23401954638643,3.262164199713321,3,2,1,0
10609,284,91,1086.0772331023777,591.934032431252,279729.3240701748,371.0222817833319,102.0413237452066,0.14064374655836087,9.98446609650624,14.873798940767086,3,28,16,1
71855,138,221,615.8990314582347,563.2568142997441,191022.50438900306,103.0896837051246,65.81547687480648,0.40345347603381754,14.499886923606034,19.273183239532393,4,85,15,1
12616,811,265,857.701539839789,1079.7696243697676,97707.05361126603,730.2387989608142,138.42499460413248,0.21428294555051877,17.497308340019792,2.177159609291396,0,41,3,1
47865,701,370,1261.5140774885238,237.10375320703955,417373.8936671333,492.60867263639403,14.391944129319674,0.010425421014545772,70.93850378100929,2.6297785189838763,0,3,0,0
76622,140,336,471.7174305270671,1370.0022521300957,632551.146014261,105.87446338182257,9.531774143082213,0.044221916137261175,161.20374118358063,0.4259044604090617,1,0,0,0
82030,460,112,1316.809407661624,169.97318260783453,62125.43131026115,496.2792574392705,43.501176924318294,0.041636479615570224,66.23566102817061,4.610613907033077,1,0,0,0
79315,377,398,821.1031006311861,1178.0100755456433,119427.9316366673,7.830838062292926,44.5695429680375,0.0249739042467162,157.56685886387675,0.272480860626656,2,0,1,0
47290,481,483,1334.0560438519667,278.7267034533483,894430.5006848517,4.430439743810545,1.2342089365654036,0.009160128956527935,196.86985985777125,2.12842978739538,3,1,0,0
23356,207,353,348.5261884625861,1274.6147422341571,534930.8348979761,324.59588530437935,47.36849182617978,0.03423810382436447,170.67663708291235,3.031757712331432,3,4,0,0
63795,341,382,204.97893270324676,989.9763450977721,833756.4615222624,385.24133570599685,7.413477168010279,0.041923574817609034,191.04709722777704,1.721927285862503,1,4,0,0
55250,207,274,77.48900663115228,626.5105291466944,742445.7753807185,793.6251715157422,2.0353778572254235,0.02755757022356747,167.38869239696191,4.373554125376311,2,3,0,0
14948,396,77,1239.7370609581485,82.39276030908132,674939.2362303858,860.6740518591707,26.834068096142566,0.005287762734825363,73.41199048107042,1.0010261348574385,1,4,0,0
49982,637,293,124.18373446832936,272.91960866770114,953788.8547011765,880.7002372523203,30.726459713882775,0.021618771047324493,185.1353628181687,3.4930693745712382,0,0,0,0
80803,916,195,449.0306782223758,90.4759247133382,528737.1877589788,635.1675263061481,30.5119313633265,0.030350672929898334,86.52993623086758,4.733223488581534,1,1,0,0
96508,70,387,78.36430227800346,1098.8849401868313,396452.99537753104,889.5906950309776,45.533611906724175,0.009842301765310242,85.50852409534883,2.045687009988764,0,2,0,0
598,535,208,1037.5912995222006,1237.8286347697813,45531.81188539629,630.73485381622,7.182401616442091,0.015562251119506982,140.71857283483894,1.4884061588654063,3,0,0,0
72149,764,187,1433.703208218332,598.9448270185895,525038.6420927185,709.1618079935886,3.1202234628873358,0.02622449532682374,73.85193962141672,4.024999906842778,0,3,0,0
3367,441,462,154.56148138513075,483.97362163708294,328937.2076437315,162.58397568362548,66.79890965881354,0.47177149834776955,3.7190054576037284,24.715100762211407,2,39,0,1
67715,626,245,347.6805827024473,362.1623734815492,718494.3311571757,250.8492605149616,5.7584499541588405,0.0457796220135452,145.11300180705751,0.2907470710125504,1,1,0,0
56895,35,418,1116.845027441449,829.3979347918032,822459.9271273545,670.8713362361927,115.53941938334273,0.18011504988962057,8.94232911158398,22.052251348957462,3,95,6,1
80746,104,105,161.72925183219436,1151.190288666718,106245.71198056739,676.368181984388,38.714607155144535,0.003000545384960657,87.0678006283201,3.6338450560847626,3,0,1,0
74105,589,238,475.18417492062196,985.7043475115187,764975.0218770771,444.13829906281217,43.72255953767247,0.025887125997100746,146.65975332767397,0.31912657552766954,3,0,1,0
40043,365,439,1080.0168358553608,181.4460539572432,294959.2124444537,148.5876941705508,72.00006276942864,0.13492400508829402,13.891468565680581,9.730728857916063,3,86,4,1
35188,322,337,471.5207663417302,1397.06634696472,555.1132930791807,727.2641312094803,45.800630008441566,0.015990190556210822,70.7989727223238,4.933323864814224,0,1,0,0
3009,885,11,955.0206714170815,561.8791506281672,583314.9178185639,876.3101565426948,104.82994507848372,0.13175377116903314,5.832365106672173,0.5463743048667133,3,56,10,1
85297,601,370,72.2942622318293,950.1907585511074,599156.1842247071,815.7361620450394,109.72362873741739,0.1177779989035174,15.85892686756069,18.619622681680408,0,77,18,1
38608,618,274,195.38056466940807,693.1626274606331,736340.8366995124,950.7621266234023,35.73067157763603,0.0007350965419365141,82.69973978477964,4.730387931925409,0,1,0,0
75147,440,334,410.12653016629395,1405.5810929122974,915823.8898255836,451.11001725748014,114.3348759741183,0.4752009787836383,17.33309146956131,3.781045171301176,3,80,2,1
70073,550,20,1216.1513348278984,697.241650548644,417508.04505080543,541.2331932911211,39.09700009602593,0.016838835827426214,169.98768917365214,4.562683008843812,1,3,0,0
46959,592,63,536.2376912849212,977.3259575430575,702328.4574376482,199.7736348092846,84.39795237247534,0.10241226776310897,12.724742790044736,12.982838981818432,0,40,2,1
73835,813,63,382.6410687666212,1260.9611780868618,943117.3435901725,762.9821158892346,140.03545940426994,0.19183482743718697,18.142569173324183,10.358267796278593,0,78,4,1
53396,529,37,531.2566523981668,866.296804091377,505058.31210774474,865.5721742954582,103.04259460449974,0.3570615639739747,16.39452826181438,28.786691917010224,1,23,15,1
93522,214,486,272.83378866720807,316.40931082162234,157892.6386618676,388.55151847974156,95.27965332362558,0.23131087979959686,16.198787894401,12.214017654717743,4,17,10,1
25124,607,112,274.6580457770991,823.8227585894386,678791.9350798588,9.774082006036164,68.19991649839733,0.3501058449066393,12.110827556753131,28.87951915632193,3,50,0,1
16906,437,340,1137.7751775239574,1287.252587158929,39793.03414628996,593.9323047484647,44.11800616677567,0.02673085419587641,127.70275629411765,4.680536773572995,4,3,1,0
42061,286,167,800.8811148824961,533.9453272615699,182943.9211933146,983.4153308732178,63.2531720227435,0.14745662113050112,2.6931259470759126,6.7433783554052855,4,11,2,1
22926,132,210,1385.6643958102902,1056.0262994350487,677795.2878730402,946.8210209368009,72.31785040096717,0.10084894790847065,16.634494591703994,29.689695115391093,1,95,9,1
12290,385,446,944.1654621235663,1262.4401066120126,441403.029478979,984.6913165826754,126.88929514717245,0.14254739756986684,18.965051978939048,2.046594919207797,4,13,1,1
70662,610,74,480.0167650891404,355.8576817620801,748334.0447953292,192.07858475996045,36.451927073289525,0.006369971995401586,71.39082120046633,4.557291676163213,3,4,0,0
3003,85,186,1307.913991528125,903.6698380678173,639064.5884988912,400.8979829572792,135.33194207672733,0.13580230523680534,18.519955974161082,22.12321236168423,0,96,19,1
35854,880,68,1062.364993448999,1100.685789397044,922762.0732018617,719.187702518928,42.538566960949424,0.04690271675247736,161.41020258626287,1.2246809008079844,1,2,1,0
53498,236,478,576.5160168251367,1354.7016430304168,246702.95203593117,531.0366159494281,7.552925608014848,0.04131410102643005,71.25220179696012,3.998678363973855,3,0,0,0
5757,321,327,440.6140234408651,1177.5686658286015,558059.0942595756,867.2925959785267,32.898051329369295,0.019455562928421818,100.55891631926093,2.267947624289129,3,2,0,0
53373,438,389,1438.393469725976,456.0145551144435,146530.92009246454,826.2677084381478,20.247982345443795,0.004149591892248012,52.58162748343553,1.7923998861069046,2,4,1,0
88047,515,60,1251.4046476167873,1190.3849272168575,839553.934012503,623.3221299852833,98.31613052045205,0.2770439759139265,12.449706422385551,2.0881418633409012,1,89,6,1
97573,54,130,1200.770752767931,858.514055504066,21164.26545386587,378.247819970287,17.860984477167698,0.008719930029970124,82.38171509101653,1.172124838640105,1,1,1,0
94523,36,248,480.99759572128477,88.28071328282367,55777.439329184825,404.5898655761749,45.67494044549168,0.005642446578935617,90.70064857907906,2.3756480683008183,3,4,1,0
80057,969,143,655.8878141097471,634.5349256478404,474736.9413537188,420.64257265692333,6.438009316541197,0.013905450036368023,105.61464125455268,1.2052852719912788,1,2,0,0
42547,815,403,881.6103982484144,577.2333348931954,257067.5722638575,726.6561507664504,38.468981102636064,0.007683557632713795,184.00149434200333,3.162237266014516,1,3,0,0
43318,312,93,904.1861147258919,831.0452006483658,140439.4980382166,621.4266889578184,39.324363631206495,0.017996026396776967,86.12189833530843,4.985460284668283,0,0,0,0
8274,924,68,847.0892681961984,1296.2024470649476,876526.3289852813,831.8942871160851,135.62468733108034,0.3018605681031631,17.637286324553376,17.25772716455454,3,34,14,1
15849,812,351,464.66950723981887,936.0017522654626,871279.40290958,396.7063172979712,40.78834640112783,0.035134175831121627,160.97065324049635,3.3648713593666613,4,1,0,0
19917,412,344,1040.1972570153403,380.9796032421669,146859.64172435997,182.53406814288562,18.503884671016777,0.018608686957521863,77.94381891053996,2.525488851386763,2,3,1,0
47800,894,494,1466.6580972022937,368.02118672056446,912713.5708007901,8.366883005962155,125.81657574081902,0.4157904403322542,6.836800259652513,20.083283358277946,0,40,4,1
6519,76,196,496.72794222822523,1051.8519844141272,535291.5254053341,62.812137034760006,126.70030218508985,0.1999928872219805,4.421194061801291,11.855816344174775,1,18,19,1
10713,976,373,301.36489735130124,531.3033264236867,881052.9445700074,322.25636016684376,137.39566549066092,0.19097617738333056,7.3484735187087935,22.76791670335821,3,24,2,1
41314,564,142,277.3959872084399,50.20685876710509,856524.5140018663,584.6211141120167,19.399355183403017,0.04917155766807787,156.24054018165492,4.77923864075657,1,4,1,0
299,437,284,168.12316550261124,738.8750992764095,210370.5918413824,403.5385056810025,36.09969053352169,0.019538116214819996,153.03787269912556,1.5273595611727486,3,4,0,0
45117,591,2,117.006854205274,1390.6074935407205,285286.3822415792,641.25374773912,17.2530247080723,0.03622860337665719,50.549365249872,4.055525104878859,0,0,0,0
36296,594,11,1100.254750502612,1233.495804254817,369328.29646358825,248.44140848193013,19.35948866978231,0.0015643156548658334,174.04336327871374,4.569668984489472,0,2,0,0
96215,33,110,1184.359620347336,535.9921213296948,257761.28528583382,513.6487774754512,99.52055812650751,0.3775719894919123,8.84590092316602,29.092353236403742,4,92,2,1
38668,396,373,757.5465920794254,1208.2090032927854,450795.04066355544,575.3960318194312,76.40772534407398,0.11249163864783762,14.969791752364628,18.562468015137622,3,89,18,1
68076,220,488,937.9254734987323,337.8951192591906,4870.522395349714,982.3350188409573,32.44449684194116,0.030839463862289224,166.76284897267544,4.789203691274856,2,1,0,0
9262,37,71,524.6798781850084,130.45101788267314,864746.6799998374,871.7416517907895,51.20465953287274,0.14346899517315959,10.354193976440888,6.033658158748779,0,87,19,1
22743,935,321,1358.905822075293,706.0829589029041,294808.80936488183,365.88044318206886,32.38088751172028,0.0493250007316948,124.4170474561747,2.1020001596944073,2,0,0,0
48243,337,453,1281.3326899810297,1465.6089670107856,404066.160801547,739.5574282494998,94.01599771429275,0.4218316127789463,19.7175987801024,4.127480749365186,0,75,9,1
62702,831,449,1035.2476744024766,536.6975322443487,272039.3814045965,951.6116424581663,91.24393924152345,0.19462320264443905,2.0055652818940506,8.4605422053925,3,11,5,1
26538,376,454,518.075661697869,835.1942423292451,509134.3360347691,398.0381780471411,22.145399681405042,0.010638223834024713,160.822500794887,0.632119192231303,3,0,1,0
30082,62,214,145.29646978814674,1348.2467076378693,516285.15318757575,494.1205793466408,134.88811424198926,0.4256919452840793,9.525905692451644,12.326673109418932,0,41,1,1
88656,68,228,507.4555017099242,491.4899325050709,187526.6116745262,713.3258158541639,14.038124855772674,0.009144331484437274,97.88405250335644,2.481328209327568,0,1,0,0
55271,628,14,316.7103441443501,888.4977687905682,472486.72436775785,795.5375182383243,56.92506740025426,0.1313009465546096,19.695627072234345,9.254752594624604,0,51,3,1
74473,802,380,1148.8888085786866,278.07385477836675,446149.52601397113,484.1522908384627,4.064912877093437,0.03408030892436948,100.11423397411721,1.3875478906167005,4,2,0,0
8589,519,308,993.3645637070239,252.68242695678057,349371.4384190979,16.318610364057733,48.48050825830368,0.04377357322840469,68.81070801017175,0.5912010929737604,1,2,0,0
48114,89,63,282.3332432189181,562.9861952750475,962618.6032696844,185.43655706321695,121.96164379050647,0.3810306238553971,14.01584894039535,3.914727658558959,4,59,7,1
92108,165,213,493.6667458129297,1320.5855832363525,279137.05103122996,598.9081624004538,24.51468317170487,0.04058654013819823,156.9049505349781,1.422936348301374,3,1,1,0
64832,3,333,211.16980417675538,543.9430107181057,202634.50814505076,100.41167841511111,81.68750909915744,0.4565925333160228,3.103226384086048,16.455466533032567,4,15,6,1
97991,858,5,1182.4897931990874,82.98382254359092,17404.45558464075,661.9419624364376,65.63849677776875,0.4205598070863986,17.47652840338159,10.0599136265955,1,8,6,1
51670,823,35,1090.3956513155356,20.232150268674538,428399.57264451846,8.907280683564448,39.142740033746634,0.03471844179870839,51.40308773066488,2.0873241140629832,3,1,0,0
12679,527,195,739.7850304265271,972.0857197979872,303006.9485090205,973.5533460332995,52.707569418619386,0.4222873823521325,3.941023555395914,18.592969745844222,1,18,11,1
61710,732,445,1394.0931734911753,52.47851560028776,71058.85723904573,668.7784531360791,58.90847468450835,0.10024527409896895,15.97925196740341,21.61896335171196,3,94,2,1
43300,992,42,776.7613896494971,844.765910400222,284202.1903617908,184.36184513760688,33.70893092553382,0.043912865361928344,117.77456591930375,3.857273534948829,3,1,1,0
95285,206,10,1186.0246468718192,1343.8586890077904,101627.58864444353,998.8553936025904,132.04614328679872,0.30119230545504905,19.862274378333208,5.45557060370214,4,9,14,1
76393,700,53,1488.8436773865462,974.335509432351,804302.610479646,897.6662500619839,26.49170103155562,0.008754519006494977,100.02212180737658,1.7317158769868275,0,3,0,0
22144,46,449,1055.8112551853246,1331.1718319052848,89393.98371219778,785.6242814226221,134.96672272714625,0.3655089062228736,19.29281438605287,19.55041000869527,2,29,19,1
8884,141,289,641.2483895609381,1237.439190747879,406159.2654901099,939.2416843449477,37.58636497397909,0.02592355106868744,199.4964762723136,2.1301340767485,4,0,1,0
19301,384,482,1053.6405668033456,1447.829502842482,879244.6147520179,143.29907073743925,9.419885885515376,0.019762670085318138,99.18977202470822,3.971283287545355,0,1,1,0
55911,533,153,503.6556293728162,1097.757145773653,410556.3774983243,993.2644549552762,139.52897848649138,0.3231335556185105,11.992597855995298,14.88137412010703,1,55,3,1
53653,57,419,1101.413875398912,478.8011405994696,231282.50713150168,692.9273071633637,88.85883184915122,0.3090721135248902,18.807254747537783,11.807856890044546,0,6,14,1
72749,666,28,952.2954862000927,1275.6307725399502,295231.54666520096,312.0239339145923,2.2916993791886258,0.0018530680582691363,195.13825454946706,3.706280768592008,2,1,1,0
36309,834,237,234.79382646609685,1415.1408394501166,558710.273704599,566.7243191964086,19.53558847499974,0.03536699830313392,199.78834161656397,1.05391773377941,3,3,0,0
30952,288,189,1096.5467413928268,202.39334783947825,297301.31171733583,810.0160422649357,7.436440655698033,0.0014940416155229787,166.82122678329682,2.429122236624523,1,1,0,0
18008,75,127,179.08042776066625,157.8051689883371,227868.00318908526,792.1022874945604,5.105010981571822,0.032201988647888515,176.34960947196163,4.979111594506438,1,4,1,0
85569,82,237,178.51713241919762,499.00717189641705,668540.5674699865,77.62713240767715,13.103542218899303,0.006806711993676856,144.63065293692443,0.7674541775746274,0,3,0,0
61399,345,27,342.6393921470083,128.41041669212308,699861.1453606763,881.0569998175148,2.2267403583401624,0.014049193972159658,153.35689601231343,2.0927732232324594,0,3,1,0
79527,12,197,708.3304093222195,1207.1639520591875,297503.489977567,740.4712899820136,19.716074212730458,0.005700574257160785,76.29612036024791,4.250761053928728,0,1,1,0
46318,687,340,499.1816567173841,959.935370877767,981020.2650135352,875.4546134861644,18.482366123399515,0.004146456661131709,195.1856727031686,0.8342782523689618,0,3,1,0
9983,404,297,166.62412049032972,287.60301143051396,861423.6797545643,233.81861961911753,141.72134776351385,0.39505171880792767,6.428561828562702,20.569799531692542,2,74,6,1
64040,307,457,761.8963323483871,68.77189092559416,943623.6593693397,169.61366697598703,107.65215878216759,0.1683112452585453,4.734286734195352,6.6059946848943225,3,33,18,1
93392,114,460,1432.1904968355789,244.34397476719133,729163.800671513,487.14094118857395,67.10971971625452,0.1545422483297216,5.810762640843511,22.437729546820822,1,88,2,1
17823,806,69,1108.3506824279227,1231.502047281874,234230.90394290417,139.06975905155593,16.8379420510255,0.02934832967194616,144.98677848813668,3.9241377335350918,0,3,1,0
44312,653,441,1372.191429255507,1126.5020497161852,324713.8058695448,100.32406202518233,23.755763037348803,0.015741649590412,182.49799427637302,1.6835329237350039,4,2,0,0
93394,216,374,1398.5811769645447,1361.1824084483337,877396.8579176416,4.74525801215762,11.495777107691916,0.006859776664329198,178.73760288571185,2.7253034309090247,2,1,1,0
69075,18,297,263.2270962346845,381.42937878688866,700922.3826496678,481.9820527003777,39.498620777363335,0.030419571528526042,67.27829954677921,0.7693776949564851,4,0,0,0
35819,299,83,332.3772127234366,1271.1063758194919,110717.51405593134,868.1097331118776,24.425600665213146,0.0017894284608597267,100.0712189791226,0.38472616418368577,1,0,1,0
3170,794,441,334.6904924252404,208.37247012062176,926958.1478148084,6.633250713983352,33.63084751995,0.008742578895993187,127.255089010253,1.4001793993299105,4,3,1,0
35465,17,198,1411.9730865653726,192.80749698400342,956805.7916449715,504.2371184678532,75.33654495521492,0.3169930218255373,17.014090398497228,19.29064668194658,0,84,4,1
37467,537,48,671.6629958509372,886.7115509408312,142181.84219085207,754.9779689353974,93.5664332373342,0.30245475211500183,3.428793505855341,9.986650768293492,2,65,14,1
239,429,164,1192.3570962561164,545.3409795732919,10491.09542303248,451.0937125477887,70.61253023859965,0.49295702028704447,2.4170321210267294,26.143738279919237,4,81,7,1
81326,326,213,198.75417831155835,1062.6779199870073,64834.78653768159,804.3326720969433,27.54699820981195,0.015118724937453705,104.19289918175402,3.544013300169789,3,3,0,0
72060,599,343,1037.0623708029627,728.1945873092739,885988.9140299757,833.3332076777472,15.166417980595114,0.002078965866162713,117.04650532240387,1.5646307443029146,4,3,0,0
52015,487,46,1472.9732682030456,100.69663621693958,9999.397558090506,314.4931727059582,14.801615974879615,0.042912149532742,139.44657812591964,1.8650048848782381,3,2,1,0
49001,619,347,479.75281323847616,1037.505914458433,881333.4789909954,249.47997727549364,15.89102167390607,0.04854596636442217,62.995527241927086,3.4569453299026227,0,4,1,0
17063,492,197,253.64337659966563,1461.5706239278863,563297.8933486901,947.959529321819,125.43062532988792,0.37283559124512755,6.5930375898108196,28.005110955187053,2,48,12,1
84966,461,245,574.130080960833,1391.9025293298023,957092.9744517851,404.8038329573021,56.104760285765025,0.38228465723741023,16.66992396450535,24.83117847397733,0,19,8,1
60534,362,464,905.3808123530231,129.79439201553328,1074.5655479038141,863.5307496486672,130.98164972672294,0.16804858978847476,18.951457841078444,11.601149777320165,0,67,1,1
70398,897,135,810.5744557646618,802.1822488934696,367382.86465896113,3.3305002975984546,80.04498640607315,0.15360071565836605,3.5766522897479263,22.960670269803458,3,49,1,1
99514,798,496,32.79843986885905,628.2278803962405,326967.29401404766,324.73484858273946,42.77434584965998,0.04444112224688847,180.96367344834377,1.8975798369449177,3,1,1,0
5398,534,48,1092.5232498619669,773.3077637624307,915405.2404566389,593.7698602573996,7.084140848211049,0.0455604646682988,182.92407169479347,0.751752875025084,2,1,1,0
85739,539,80,567.818116944833,1183.5306120611,776607.0395260898,933.2454437019644,61.70698504969563,0.30373131372291584,14.873566439515916,8.41979408988423,4,58,9,1
54407,598,222,1490.683862204522,1474.0260091601654,223190.750289524,467.6663292032588,146.8051566968639,0.1906095314018056,9.569360940719585,16.62225807983906,3,60,13,1
56934,598,314,196.72666492765313,233.1494862447621,99497.1396012965,10.306285280575763,54.57463269506726,0.14882541291821402,6.239452369181504,10.958827193766586,3,64,6,1
16182,460,409,737.1121997443256,371.77856923653707,860492.9115241512,901.8954707365555,32.30190348242923,0.009323223719287654,98.3851586358585,3.05164132616006,2,3,0,0
22312,486,385,60.5100242290112,1104.7066608722287,151250.88981744717,645.5351693038177,8.188568167478355,0.01091326631023819,132.15660821558214,2.8711913007436873,0,1,1,0
97009,133,472,854.1491765163576,1379.040070750401,559657.5618719158,87.08574391915907,20.91337027873808,0.011924870806171002,106.49689998370496,1.976678478364486,3,4,0,0
47133,337,444,1164.2981346589906,658.8460532537468,170119.5816616537,388.74956485281444,71.89462328230012,0.24577457921615134,7.3121006511525515,12.941920067158474,3,64,5,1
62455,357,330,1430.243670164577,806.2505981285799,768496.9263142534,77.25684539467005,103.11131750984879,0.12681884034133015,8.052718639084816,26.87759195056793,2,81,10,1
72083,897,401,24.64259775376138,1187.5742674665812,605441.7777545911,784.9210793141708,22.088588666741554,0.026705153810165305,142.9065051286192,2.0445639685818624,2,1,0,0
40447,425,449,937.1244257085331,1037.902765725837,939605.2092303942,221.58679628543288,106.50945872707231,0.4777352021978716,13.437889631035308,12.134379247811358,0,62,14,1
51767,315,144,893.6375172912853,1396.3089291358954,831149.233206528,177.51117279672746,64.96216144313946,0.3987295698112233,9.407988671414424,19.64284861936615,4,7,2,1
53638,549,407,865.1866859901687,1195.2848798871494,913428.7700079095,102.19633972597019,2.0830131297726107,0.0057548552944120535,191.12542152287202,3.063089257118577,4,1,0,0
55673,572,157,297.51012678698885,1309.576648431956,39463.0604485578,813.5980437778227,43.150365763759,0.02679649409962284,120.547851989953,3.9101570398543046,2,0,1,0
7208,236,470,632.1627287883172,149.18288871323514,716545.8450564076,795.3291203653218,61.253919896849176,0.1312054999056918,2.4473866652416474,16.29086829983216,0,76,9,1
52976,179,294,993.5213650953241,967.6924802207814,156000.44324038434,903.9666295603749,15.82094265902039,0.044603884829636876,122.82394072100357,1.2220089350612944,2,1,0,0
9232,113,438,1090.753894324045,363.5594986979217,488804.90094193886,163.37781024991511,37.370874596144326,0.03804228311426597,136.42764257420006,0.5194258480665032,3,2,1,0
26667,197,61,475.0845497151412,863.4150356025865,34348.41985950784,456.63266187129386,79.80515237560209,0.16200119888879733,4.150560724879609,18.15707805372463,4,17,3,1
59658,904,153,848.8378471147993,822.4067902388744,815214.1548703957,715.7573158808651,34.81287880648077,0.012755429263480595,179.02007830851048,2.0241843508183015,2,1,1,0
41388,161,224,840.3293335217184,363.3399012883701,494361.7431011135,150.0769237079848,124.60174009687333,0.48804176667700794,2.511013873887503,0.9608960632111253,1,76,15,1
93032,225,137,191.94587141218716,1143.7851829299864,519128.827713763,57.966282207608835,18.630319204142086,0.008724167824803864,91.93341183874507,3.347422396129755,1,2,0,0
87438,738,235,1313.4217334710734,725.2466761947193,484614.10766971833,94.17730218513574,61.90955531624049,0.31524179071607145,7.827715960039577,20.15190292313012,3,96,14,1
67484,206,222,284.25380410342314,548.2288767825123,919171.9622849962,943.545314124791,86.1256220216925,0.4049015284362779,5.970836304419609,12.08660925805303,2,82,18,1
16074,293,376,761.1488567375624,1290.465799080989,796116.5756783984,20.95766021259016,68.82249898199638,0.48464429434381684,15.112858946496376,24.636927175682885,3,77,14,1
12993,33,192,1084.50275801586,458.0230797926556,531897.2257721454,314.6425769703499,40.677974730552876,0.025290116009832254,184.0870801360878,2.044082320920044,2,1,1,0
38979,992,53,352.95584011702323,1237.5828911924598,898395.3142018311,944.0234110818989,9.519898230473363,0.025467898250772714,99.38841122734085,0.9549673193115404,1,3,0,0
93980,303,441,42.0072782427529,1025.3851351883545,915438.2023675157,569.1203962352828,1.2194722696808518,0.015129645638369977,89.26590351417178,2.6845000322461083,3,1,1,0
14634,737,88,405.7709355313596,1409.4183244932071,694515.7826753678,232.79341005494265,11.632695118561761,0.044879472069088676,189.76987886049665,3.1114298676337575,0,0,1,0
76975,263,85,555.3066808403236,1156.046660563805,807261.5249332907,809.8453476312637,19.125669599113824,0.039479232865677505,95.36250392277341,2.5789804493017954,2,0,0,0
28971,716,343,174.61554462595916,53.09354418449529,375893.47397889325,86.4597096382237,69.799907190921,0.44757255829645015,10.852155996445035,2.9635430935969533,2,56,1,1
3496,395,31,1238.4684656463205,1498.7582686378014,327379.4193846247,399.9175587710258,47.76242789416542,0.022495857490355438,94.5781855749417,1.058976525423364,2,1,1,0
44340,190,300,1048.2506343103303,1331.218175811758,225109.8928369964,359.0784103697428,13.343745263218091,0.0022827463077648713,75.11657226436449,3.5060060786402025,1,1,1,0
96788,751,258,492.5963212577668,1228.4066187001372,835320.2374143725,484.3041337824334,112.77249375635148,0.40280675938513644,14.137128070909938,27.49535722485718,0,37,12,1
1387,78,43,1231.0929512114799,465.3091718749242,654851.6322045648,597.8176932344174,71.712625783249,0.32762169607586655,19.692550039588234,26.375980906350744,4,6,3,1
27872,131,488,623.0163564965536,993.0846913756469,904144.3593163361,999.7133706418396,9.88627591269431,0.023672530480128393,50.27899652836537,3.26422162061172,0,3,1,0
17681,514,383,928.0122297920062,1300.2393419836067,868039.1130113399,462.88338180250463,54.90158798242415,0.2952638537245709,18.632891412547064,3.8519954924666964,3,21,16,1
97936,297,175,430.75190716757106,1064.2778830325335,233018.78956720667,939.6513082733649,87.51659508366754,0.23430059829586725,6.366938410710309,17.243791549665126,0,60,7,1
16094,304,98,630.9636888137139,878.8619998771279,701197.8277118746,624.976000945997,24.494134212322308,0.021020162937888894,99.38885639551413,0.35703618491932376,4,2,1,0
41637,480,195,552.8215834028509,359.2876230527307,711733.3969867857,276.9381092491323,88.7162789453022,0.46564829046981393,16.76429791521959,25.68584181547389,4,19,3,1
48973,888,288,1194.7079760804618,374.80806666272144,820729.5208994041,432.41513992858387,56.43936727665218,0.41362850439305554,17.778052381380235,6.406828205740411,4,15,12,1
56930,50,316,424.336892667535,892.7675517826917,852241.9785183561,961.0391968206927,21.55843361736457,0.015621077703837439,197.95927055778947,1.0876754898950196,3,4,1,0
34809,250,213,600.5261787737862,174.07038468389112,870150.9665283096,937.382860785423,37.40786712407593,0.018621652849877997,90.32185634928419,0.3604130000447858,1,3,1,0
64271,920,70,1100.9205379102818,864.3468395670945,740378.563001684,906.2383935627404,28.566299183009864,0.010589286610502147,184.92896180302557,2.49851832602173,2,1,0,0
78596,463,385,483.23407615204496,750.0260350887074,299181.4357324935,221.51156663702085,5.517395913987731,0.020428985101940272,134.45460529975077,0.39612395890364527,0,0,1,0
36066,303,417,1004.2479953238728,1335.587841842876,768053.7077530755,563.3745636884063,107.34788940174604,0.27751346458905585,14.955884117379238,17.417860081951257,4,95,17,1
60728,720,461,293.64243629206123,122.7035629917815,807334.8883219941,315.93010279837046,47.67109459793524,0.02262337636806912,79.67920768062993,2.323156158615931,0,1,1,0
25509,99,292,692.4692500235464,992.0543629585833,654312.1654175068,217.82025075212727,6.870031096624537,0.012109268571588795,115.95033479239515,3.1271245925262345,4,2,1,0
12674,849,488,33.65392074498423,1187.6741665874251,726604.3323148926,90.10986805467014,17.884763906760398,0.047713472870351215,187.5010787330876,1.0822165006738549,4,1,1,0
66110,722,375,312.9375528498985,185.05306500392243,850580.8164779292,14.837458001406823,42.3446735017483,0.028101012026196876,134.1625867901322,3.8662144958121507,4,4,1,0
34435,696,245,1180.3339909831586,1486.7559273998427,471919.11204426637,98.82241155003071,115.97484595551873,0.30925402688175274,2.2521747861681165,1.3014873306166972,2,24,13,1
75940,474,161,618.9305480911297,1241.170427367013,347899.0647104635,447.29842963447425,37.602193472808516,0.04915645038540738,50.748865987878126,3.4709289354769406,2,1,1,0
75751,770,390,924.4967923764528,714.0523811929288,389715.8389091131,862.5196998755086,32.49958131933105,0.013180829943196477,163.50407502712596,3.235799170950726,1,3,1,0
89807,265,498,185.07268284471613,702.4713655128637,563128.8693015289,210.8516095080021,4.425950494228999,0.018404594132777563,60.284432267624986,1.3564094444360824,0,4,0,0
90420,191,492,758.2124836296457,355.84109471502677,196631.7013311287,394.12569107969364,35.76458848543292,0.004030897909579357,165.6365737020424,2.7481388231958266,3,4,1,0
22477,683,246,1218.1999692352538,850.9690283847268,544129.1864658882,438.83505087466125,62.05589178548294,0.3216469119004818,13.25033452848678,25.18180455623578,1,77,17,1
52790,283,234,782.3027679872413,441.140172397688,982073.1956441809,1.4820223086753932,41.558526691448485,0.002543036925900022,188.74925024408458,3.111220139674687,2,4,1,0
21067,442,405,1321.7096539902652,232.9786530511712,751509.2561918676,645.3548629196476,106.9919961969117,0.15109401735740235,1.643227524333229,24.05965288751723,1,80,12,1
31367,124,337,612.1601413411979,557.196394499766,824243.9564429933,12.653975772822745,48.914405076856056,0.0423790148864365,74.01062819245642,0.0981727608769778,1,1,1,0
82579,491,384,567.3081537128821,1110.1461378602705,639375.5338355511,272.13976459367893,33.177440912113234,0.015310951076252284,163.22810796919026,2.2829338375776076,2,3,0,0
85481,841,306,202.7563193316689,432.38484180485386,227203.71538513858,493.9422135069132,62.76529790847288,0.24837684030985005,19.659819213955718,27.20568751794107,4,95,11,1
52803,776,147,648.4353854569146,1314.133782476284,14723.77004169358,428.62080306477174,38.47299289593353,0.015881667931046253,136.1661761121459,3.3365768961566404,0,0,0,0
10016,676,400,749.4504431028249,206.21882699959545,57323.527670498275,536.1558261167926,8.633554784928872,0.014400631941492277,100.6822171116881,0.9513660382398692,1,0,1,0
96257,486,393,1290.6812700801206,49.021653477976116,907871.6782881882,494.9999173512257,57.802355656302666,0.136153150446102,11.024956863346251,25.754209373839338,3,99,14,1
32080,61,255,1314.5831862120078,29.140867183721237,13338.613550932529,209.80167099817098,135.2837096997083,0.1454824608789471,16.730590112580266,12.879156234456786,0,7,1,1
96029,513,19,1090.27876330024,25.352999466712703,242128.86283271736,983.8243233861942,41.70787890909148,0.01641251269799698,156.16539562453553,0.5046074625131963,0,1,1,0
79955,177,382,269.1967049820852,501.9366243739772,190220.38813213725,89.58575482517615,37.660495750410604,0.0209730846813889,80.13501144007324,4.575005311525672,2,2,0,0
49611,460,15,1222.2754870277508,1048.7318502087699,717457.1334023396,303.34297375638783,137.3133127381676,0.21640519578982179,2.3909885059782314,10.731293131588105,1,85,8,1
27625,24,178,1158.3066509725186,858.404682121003,650212.164814366,191.75503100467074,5.112229038330262,0.02717348017251957,158.4453391178846,4.008150094943041,2,1,0,0
72005,110,436,1435.2029266769543,1314.8146025016986,831287.5427960526,691.6669976702966,4.969975835040988,0.016104654744256115,130.70830993770664,0.9591093111435112,1,3,0,0
15001,867,256,1024.0710256119128,836.3919628241304,680627.800284728,509.807820811308,49.37874901146847,0.016598410955681403,123.58386415951985,2.117870332442035,1,4,1,0
36793,447,419,1253.8212742966666,830.0364446232311,727252.2021330356,7.180951953266437,17.74705028689374,0.044131441814050654,145.00874820242564,3.8323016139862727,1,4,1,0
93841,338,389,1437.5980093649569,1315.443677190602,389959.5986224402,280.3024440554034,4.593281730929823,0.03186582208827641,164.99320930961278,2.406574887170427,3,1,1,0
37974,371,246,719.6545597793784,1177.3331739997925,305241.94482761435,387.4502606207545,43.16322660892751,0.02270148348060366,130.2535847762498,1.2246609242502715,4,3,1,0
82692,987,364,1112.664388419615,1497.5386948719045,133916.98946583385,78.83802285600827,20.97993236962169,0.04220456829829894,65.56733465341183,3.6445716328485416,4,3,0,0
40243,911,331,25.21540799482468,1472.53590630353,913411.8443719338,837.9839815527164,17.929351516069048,0.003008640740663815,56.48675779122699,2.1993152101369304,0,1,1,0
35283,166,89,230.66952539184265,118.07180283191548,803774.5112297502,813.0212253388506,56.45525650789397,0.15066764623179743,5.581148705315856,6.573313754862355,1,9,12,1
342,949,110,142.79212643450467,767.8673666345458,446570.41951795755,917.5807188692323,34.03997576650377,0.04828014016460367,155.3201740822471,1.5202168927586461,1,0,1,0
68517,472,490,536.1692596116852,698.9184432644114,978448.261373554,385.7758396596702,46.31183678127335,0.03134386174912978,68.90650941434919,3.5723306809018096,2,2,1,0
72457,846,70,1001.5978302168045,1177.559107740988,997651.435328933,824.3514796072112,41.40826672290454,0.04747545372418295,179.82513920532685,2.9522646005946225,0,3,0,0
58684,873,28,250.01174094090706,583.578067016066,731992.1832663387,624.9483252304701,146.1732204296266,0.3386615730545544,3.890597824422815,1.259771572109031,3,16,9,1
36311,242,76,135.23520543389304,295.593827120003,756775.685369187,431.23497441749527,4.670900418634676,0.040337417252811994,150.69986272253044,3.841670313671863,3,2,1,0
38314,22,289,926.7218038031245,989.1719313031103,230527.345073234,73.51087095139393,49.75801839932657,0.03257068101020801,169.78888131117998,3.7887963360237613,0,2,0,0
16134,973,279,665.343847895636,288.9369311786316,203508.85845732238,313.15175459016484,12.358723912591572,0.03815729711920513,178.4810500224165,3.535180664906576,2,1,1,0
49463,787,43,1281.6557441486427,1113.4589947405327,595623.5715788306,30.685200749812203,116.35611921318207,0.25798139170062995,3.437684191232494,23.00788441448257,1,42,14,1
33678,214,379,116.7393939582163,124.68202842405776,455790.715261641,420.1110023141057,11.942330813619273,0.013277167508294736,183.3596556351891,1.2120918349010956,3,3,0,0
80906,232,390,245.79618056458202,1196.727185988979,831354.00831162,708.5279025608486,12.287664628986889,0.04237601402919314,154.7730948390744,0.01989866452320521,2,1,0,0
51178,486,282,1120.74041526215,290.9394009908961,382189.72418196936,116.95809086647274,31.236483876129835,0.02011134932634445,96.44186398134508,0.6027956689040082,2,2,0,0
6425,268,404,324.025093321672,159.65223264402718,189375.07363792582,770.2673701709494,79.26891252410674,0.25612072255299867,8.29583228815374,5.811197719825468,0,90,14,1
21437,750,411,368.2540242726313,495.39936294506356,221242.00261039028,135.0100830486187,10.399438784697075,0.020069126390790212,59.62591830648599,0.235550912780772,2,3,1,0
7355,741,43,931.7998726433267,920.3639924060831,158113.1246489984,221.77793283194518,40.55008877570761,0.03783899413882023,109.31706296121628,3.947276849750244,2,3,0,0
91432,997,86,503.9861665907636,1054.783479564803,919042.6396416927,635.7350559584385,87.65683478173679,0.43222843098343533,9.7879908330328,6.520493848678997,0,79,2,1
30562,680,150,1090.0248743698858,1409.7767571319644,519695.66369116737,815.4570202565194,13.039474790365622,0.025893613135147625,182.5970266362955,3.036445820047564,2,2,1,0
10547,689,247,935.6471499955741,515.1971469554155,950217.0446363142,508.02577605767107,17.53183744119635,0.032321730643030316,170.42796931602066,2.46763553116274,2,3,1,0
34002,998,174,477.16191409885886,204.05125808582255,565512.2357517501,818.0026762409683,41.915158185124206,0.01971043506874014,110.47382174082216,3.987231816119568,1,1,1,0
52203,679,251,522.788704658747,754.2208083037292,394686.46368224523,35.68399499147513,48.83545405218926,0.012299433594716398,68.1104826002293,3.247994213405393,4,3,0,0
20205,844,177,1173.3246050475184,580.9789556176655,86852.82675141886,191.0621150656027,19.878531705271797,0.03903642942867003,114.82389071829812,0.04022967378272846,4,4,0,0
41476,174,176,1370.9347275746436,901.712359149402,930599.3180983566,991.3726492786958,14.125655541129044,0.0487008600430929,150.53874054531815,3.3197629309567582,2,2,0,0
67632,315,48,701.1067918465327,935.2079906258126,758479.2162112471,413.32886803340915,90.64196155213337,0.4733668099115308,17.20318070480624,2.1010870576846594,3,25,9,1
49660,375,21,1352.6874754132355,1482.3669156418982,818805.2708115862,622.7793418919844,111.06169719007707,0.2567542031831752,15.627826748871682,4.266752907293121,2,32,8,1
44343,499,404,1468.396743788298,207.9423658941836,409116.658121809,711.3256592533118,93.9084676462863,0.13444401994305966,2.3096521060816153,0.5236577930377534,2,84,17,1
1892,152,141,773.557214858182,1496.1776811021955,226348.33576852127,704.5258005764554,95.47312243308596,0.39726689997980524,17.560317847693742,27.42147143903465,0,20,2,1
24360,721,281,987.0641222337889,181.1433772022295,223584.88459760114,529.2279174839348,104.46657552819278,0.41606490100761373,6.95233184747558,22.517741310129118,1,32,9,1
52952,770,89,213.83642750073443,52.73593666846498,616125.6684652264,647.2745663606427,8.890542908030461,0.041169678460390505,121.06847423413093,4.2644749676942375,1,3,1,0
35595,119,289,1059.0387385576064,837.4004223398683,798297.311682287,397.03179622776383,21.139738869944743,0.008989821091858325,183.08403554920446,2.1523765897227727,2,0,1,0
91406,575,132,1277.6115508802768,579.757716527199,87078.57964831976,290.7659177069288,25.031443522481684,0.033576644077899766,50.096330096012636,3.1079921331969995,4,2,0,0
31698,592,193,925.4809064883291,1107.305085394868,158806.86571252655,51.745818315785804,77.4066757323456,0.2497390676619598,14.018453004563215,16.269165208241056,0,96,17,1
19562,951,266,698.5496914850061,906.9054795014529,92910.45762278294,209.04650777808763,56.69854229991654,0.23499303340913982,15.484040980175736,24.580528719188603,2,56,3,1
19627,440,478,1051.351961366194,339.2681885867169,884885.1568316072,466.4831945341839,35.09881575392356,0.022725160188904317,118.69822986401677,4.102264666290144,0,3,1,0
45947,3,114,1371.9133559628865,759.7603278811687,826160.9892468243,286.26974313756057,41.431362944106574,0.015589538725495795,65.0577315901438,2.5661547099317996,0,1,0,0
56443,908,100,217.17492278830645,482.19154256462707,46833.06171462724,679.826351771364,22.89312640608008,0.0279102558988768,88.82230474647093,4.898866892377179,0,2,1,0
29483,48,314,333.7102326857964,329.2909094438152,477327.2272179183,397.06122151350854,86.83218493059684,0.13684568852019569,4.826696763717052,21.245416383184402,2,40,15,1
59825,501,59,1366.438895329268,163.62393849408807,178388.20812084092,530.0270675563571,31.46817457064947,0.03395077996376535,75.990478622756,4.925257628759921,2,4,1,0
47592,441,345,1007.0028181986295,848.8817361063942,944769.0535822815,892.9225617705655,43.274856694261004,0.02314472451121158,102.49153931583456,4.679107507694035,4,4,0,0
91172,386,474,270.46251433739917,1013.0313084740965,627135.2453278068,370.50649134839097,54.642467605007795,0.12641290707921016,14.830567745725837,20.88969235251064,0,22,5,1
27741,23,73,910.3470712128803,412.5156177840952,562751.721760495,52.799633150461716,16.392269394559804,0.01058979532973094,136.94093344693806,0.039781649774315864,0,1,1,0
85584,249,252,535.8940602855009,1158.9249655067729,448745.7552024923,865.066426447631,49.170400943471044,0.024617900413694428,107.48671775469217,1.834151985751276,2,3,0,0
72493,71,378,1106.3125946710527,721.9330353263992,100189.84173366462,452.09863270750134,23.61881255944158,0.04649104039282248,145.1999210893552,4.9461594418155475,3,2,1,0
40815,147,386,271.44506895575324,673.3670832864916,673069.9691625687,425.07270694448204,11.673230251076156,0.04525221042327248,190.33525542649562,2.3124365822403474,2,0,0,0
89438,222,325,145.51677486597583,410.8547591231859,973378.4084980768,305.3897467080377,41.41603059024856,0.047501491448666916,176.85672256142846,1.9294892983381462,4,3,0,0
76035,150,213,283.393412624983,477.30479872785054,320348.2783497497,141.76937810660465,22.7654089715338,0.008301822197713965,80.92538335130234,0.6631679651278927,1,2,1,0
65029,452,118,183.89807170521803,203.35845159037862,143903.87599375742,369.1744298594671,102.21530845347226,0.45955037711519653,18.766082440624988,21.55991532092426,3,36,5,1
70339,768,390,1094.0153965886718,1398.7324390051963,570144.6048068505,412.6075682962164,15.475227286481195,0.04098605532652913,130.3251941825065,4.876017107608248,1,4,1,0
86709,485,282,687.140597255406,705.4481548964558,656392.5247814545,279.8405294396641,136.43165009273332,0.287780613166123,19.33141782783173,8.128501944402698,4,56,11,1
19309,289,272,366.2707917927944,897.6779469691617,805304.0756009641,538.0005954884444,129.77977859667092,0.45964930085769906,19.863723015258486,16.159621819787844,4,16,11,1
25913,920,450,1360.3434987738146,410.4374199557596,864916.9441728743,864.9260623846241,30.83949314086256,0.015075449631798889,102.56891752695265,4.511100795455397,4,0,1,0
76152,406,138,111.04544450984679,612.2804371032855,619120.3960153084,582.1043091199746,2.0819300462835013,0.0012698341259417879,80.99947735121899,1.8898915522349573,3,0,0,0
22459,898,241,693.5185693608158,80.05097134766218,462751.41610554035,761.7231401898083,63.795642997138934,0.21970333732730418,6.866070483819427,3.1413237316284244,4,75,16,1
48609,511,131,296.2513650362297,872.2074349938431,622483.9201662737,308.367702079117,36.2872620872849,0.013769703493588487,72.14412541843498,4.227286993055631,4,0,1,0
50760,510,422,1084.312576376897,1015.4845678608575,585856.419319979,872.9662400165512,141.24717911984396,0.4531015620838569,11.22875549827133,25.374662760635598,2,63,8,1
33390,165,371,1083.9902156717399,324.2344465187365,625182.2357250211,465.91575952547055,149.74372555194134,0.14958611246594608,1.2074954163613463,3.0335204374601346,1,31,18,1
59818,388,366,889.5343091186061,936.2080139127302,284238.3395634528,462.1142741584173,146.0137987244317,0.3571892770858849,9.932029806668378,0.5325850536572918,2,60,15,1
21893,924,459,1039.315557063097,888.8855083446505,743740.1088447126,634.7738667048641,115.04494740402905,0.26616453139614205,1.3775087974384705,13.942254926821256,3,61,7,1
70118,614,163,306.7164366158424,953.3057822809619,152645.79372743302,940.3051594060804,100.2450421549104,0.363858546686849,3.9156610183225546,2.1827628925763403,2,82,6,1
70805,172,316,462.27350128520624,718.7514275195431,616916.7360952952,15.121314758103772,82.20162093167622,0.1736746510843891,19.008967860138846,7.577987914008558,3,8,11,1
91017,984,62,1033.1284576003636,710.0184253123341,214621.04435124042,644.2632017472639,144.7812628711403,0.18349943839043528,19.205395152104416,12.71860238738759,1,64,2,1
17231,368,111,919.9575966484234,789.1071466977729,753181.4558869168,291.39365054960825,10.920747743244686,0.023091122187061844,199.46491682526676,1.165796818463607,1,0,0,0
10892,270,242,830.8842230656271,411.1725401089586,747350.4406248516,248.56811905304917,72.6934927683953,0.28218984716964113,2.2237138669898777,28.925622004198004,0,78,6,1
48172,328,88,748.3546968466653,1369.0712280145463,561340.1741275777,633.7630791201599,63.33270128098899,0.17248247918495313,7.675886060958651,13.406690932279666,0,85,16,1
97476,982,396,190.87305690964337,538.6577881225702,881440.1761204338,907.9675149722308,7.58031290725913,0.030748893462683193,54.52490691201521,4.295915785144693,2,4,0,0
34609,350,469,593.7943725787009,1488.6859559091445,884868.2962971732,943.5670114016168,69.42051909698597,0.3857301995785013,2.9820733902597527,28.034657696455838,3,19,0,1
73773,590,368,687.23982791368,683.0610205485359,991038.9670437034,812.5919271247811,114.64640706944256,0.1967217341190796,11.588110389382617,16.909396905045664,1,53,17,1
74026,17,130,1167.5035691689923,304.98683792610507,701331.3776810113,391.15890401117434,131.45180431442608,0.3905732465676526,17.40991229130698,8.964922891615167,3,12,15,1
35260,913,261,107.51945288608836,899.0606510574555,311695.60769179603,371.7645529578348,110.12249343551915,0.3584987298534702,4.826758495024407,20.48817757282751,0,52,4,1
50759,464,294,424.51531356290286,929.6620730315137,846428.3977679863,938.2489220416815,76.73595685028154,0.14520276437767993,15.510638881096865,2.056431990377716,0,74,11,1
35783,372,301,705.0872835968104,114.09334399748379,735918.1000338184,702.8618324173827,30.862804529861332,0.01281679085218741,109.9049566290187,0.7485552911745019,2,4,1,0
49233,121,315,1067.8907730383744,1233.9245864688196,91675.1347147304,960.0192613382601,26.646941446454896,0.028149146051670744,133.35827470650844,0.31080536067732534,2,3,1,0
16289,195,47,433.68176084165873,1223.6979304082708,942149.139602127,683.1503499563186,20.16140886909371,0.03721173794596894,121.93468636921368,3.370810830068456,4,2,1,0
22707,33,306,652.6117041654602,1139.3281034645806,851519.538768814,69.31176618935653,18.69511332159392,0.037615881331110566,128.57684082528513,4.438521084402367,0,2,1,0
74174,882,259,275.1057311933006,647.2969474467111,681844.3268955159,251.53092205417647,4.195477624351361,0.04974373725198436,187.12595933638536,2.5936194223169413,2,3,1,0
996,12,42,829.9451785836585,1381.7023852638242,195642.09751311125,105.85219040947509,106.30388332084442,0.12069623390395856,14.724616194073077,26.361192945829035,3,66,17,1
11463,613,434,498.29971927533273,509.77064211872744,275229.16842978913,403.59056200405064,125.77695037599774,0.41036540588537773,12.74322043045914,10.48656098015925,4,86,2,1
6809,470,250,1151.0579450828411,1221.9030027636147,358270.93650825,609.4682402778994,37.69645231097369,0.045065477600227645,102.29238053992076,0.7365182219601812,4,3,1,0
98139,633,133,889.9939645858886,433.16971617552616,388166.69780113135,494.728135423207,33.751354745598206,0.04410402992670544,105.8033640158362,2.3916157343892657,2,1,0,0
57928,473,437,692.1672294372622,1223.9829323756303,642973.086479883,713.0554720359728,23.874412262470376,0.005824403654383603,76.53951462202333,3.3886959973691,0,3,1,0
7277,291,301,366.2544209881985,88.85353060160816,180253.09216899332,118.44022499267126,56.98573155821354,0.37327060573602633,2.4193611486942377,8.99777803806786,1,41,9,1
83915,250,134,815.6953641630503,751.8794138973989,91252.77273514902,174.03482793625477,59.45271576937991,0.22965387435597756,18.64033641654652,18.604644180707908,2,43,2,1
39100,203,56,1020.6229070936602,1388.191183180914,256342.42572572385,561.5581575172105,45.833959521289046,0.014416598433118682,89.47836034945624,0.5753103916537583,1,1,0,0
45626,770,359,600.0433240829432,1127.676101283279,498393.45879201737,585.659852096899,11.729634747991954,0.03710794528607044,177.84073160467182,2.502594596430586,4,4,1,0
22591,881,317,1282.005633877097,1204.8820795989548,858189.3182777939,413.8557117386156,30.55844584124968,0.03758329416177251,118.7047613722568,4.9636031685410185,3,1,0,0
88394,770,385,1453.7487604105165,415.11255298857293,522042.97291146667,178.7437589930552,1.8290613637679556,0.031169611511532636,84.39874655897457,3.8022877965730832,2,1,0,0
89958,828,35,327.76888452765064,604.9597202213827,154747.3761720928,500.0495043758045,27.655058271203146,0.020944859166608345,71.89229712331947,2.011182142018564,2,0,0,0
68391,573,140,230.9786603708129,1292.6076243698944,364648.3293680776,913.8581275941402,74.03763041947246,0.3621114495930998,4.722243516796579,26.099871733748273,4,20,14,1
28801,705,422,901.7510612527432,54.793328536045635,248710.45566111387,103.26844967782858,3.886937596180649,0.020962711174146876,78.40271527589508,3.5086119883215567,3,4,0,0
52629,319,480,263.21734960637264,1153.9931920690506,893287.2593104122,485.02867095373085,25.68499602840842,0.025087707354680494,109.10471475761443,2.0794459918794646,4,0,0,0
23272,627,227,421.85086363692557,270.854331205164,906521.8829745128,785.8063757811914,32.25033060093112,0.029424516126687714,65.36014337864829,0.7583728237991055,4,4,0,0
93216,739,189,268.62179026838396,713.8572888336965,613606.3063978042,739.2148122306797,43.119149583746186,0.010999507775910983,157.31579171862518,1.3257965797800575,4,0,0,0
20214,921,440,439.24815656577636,585.0935646682756,846174.1349463845,643.4854043106301,27.868923248583783,0.001892998617162106,142.60146030922596,2.5889089043090987,4,3,0,0
55410,493,167,754.4517437554257,380.32523799285383,161329.6174946359,800.7309659318083,16.544762782709434,0.035907863685066044,87.86984626671938,0.5081791872669594,2,4,1,0
8986,680,15,475.0555857722772,749.6618105899861,617119.0345816533,612.1801308356316,4.108814971049242,0.033605286781925474,137.12192222115908,4.403626970231748,0,4,1,0
81329,179,118,345.2866232859556,970.9580432366322,324365.9242863259,975.8175506304577,67.50527227391444,0.13945864944112657,2.9639656423137093,4.107080554634042,4,78,14,1
29210,851,5,709.528257410214,892.6645053620863,860091.1518123004,337.0347562800887,132.22398748490662,0.22239148668824185,6.028716467169557,7.0580781992041475,2,19,13,1
45027,131,391,492.4610208065435,1217.6004776121865,544316.960187175,532.3244830111385,29.853301988987713,0.0469653715005123,56.33139053077205,3.5478093579336702,4,0,1,0
55906,820,495,1027.6086995451287,415.5861862384779,43568.46510402604,283.64611100239415,40.12662313156889,0.01801725847857912,112.54914540230656,2.357163994756346,3,1,1,0
34735,232,186,176.05649772267975,1317.1830386510312,961170.9877726662,669.6602483975641,91.53294931749925,0.4865638823368039,13.073296508085706,9.66934268946493,3,35,16,1
86462,577,5,1361.11040445781,714.5525533708588,52103.178870885524,712.8657894975759,127.77248426895729,0.31607554871393817,18.46662829669182,1.6190044735002833,0,75,11,1
29983,253,490,395.0709810699927,1246.9655011377884,817157.1025351476,208.7638156137852,134.3964521359773,0.4022173256684983,12.669352042761385,3.468626966114474,3,38,6,1
25619,822,199,940.6450929363626,1221.399646464835,758204.4255487956,606.6122063286082,69.24468868135577,0.33100533975272783,18.580517501430062,24.130116234395885,0,55,1,1
12334,30,437,1445.073390374526,1211.86124271552,321158.5977529098,573.6747193506509,100.11376288248235,0.33474090355762676,14.014877737566497,27.657222333352973,3,35,14,1
90068,570,395,108.68666354283857,75.66758327153322,198915.01486105655,264.31098319644184,41.011100545733754,0.016555707569380868,103.10237233512775,1.8074495304109117,1,2,0,0
25270,496,473,396.8294122038101,96.33095336199308,13463.873963404605,406.11313297137275,141.4930690063416,0.2118197574607712,12.740794174753784,15.147434787258332,0,30,2,1
97843,272,312,462.60755769945746,1250.7448177074236,995750.8345441452,841.7345236713921,44.9107320493232,0.027670002046070633,110.90000048633996,3.997053325116301,2,2,1,0
43470,195,179,1143.379051415717,1379.9269852346954,922424.7766340546,358.4748261576742,30.706789368099145,0.022237302014970456,106.44237425449319,4.880119104963714,3,2,1,0
14499,619,87,1462.6111227460635,1257.4668265550774,685955.4103586415,33.24180570542181,142.8717779622237,0.32018681969766516,7.72281098228267,1.4631110883834169,3,83,14,1
7726,301,110,1104.372233743008,1364.3137936510311,643032.6636687107,855.0173029490306,104.79923410110001,0.3897100742414146,14.768278150480004,27.31475637798476,4,99,13,1
32481,129,388,241.2040009108936,1130.160781023273,796007.2533350596,10.468168800815858,105.37627392241603,0.44071542660884055,18.558597111840623,0.6673370281566711,2,50,13,1
24137,178,405,308.06903817181296,976.0024731798036,259535.27474444092,474.2396110008241,107.89849304569492,0.10542536557845295,4.422339444773062,7.333377711442821,1,34,12,1
73419,292,218,411.0859728926869,779.5760588363084,439308.80315553385,653.5550579392242,24.794827758349395,0.02789257028296145,151.29375709339342,1.996992276901239,3,4,1,0
46387,583,73,1358.3279934562288,584.2069868453962,624030.6130994315,465.43688982141975,111.12426882880564,0.15315302801774666,12.54383282560308,8.501824277243491,4,42,6,1
56629,284,286,418.53551859665356,1488.079088014069,947627.5108814177,487.37683819888787,133.77750450386554,0.17502334823347426,5.25315477887436,18.193695557405412,4,37,1,1
60828,780,261,210.85211144953092,1200.0267686842103,276316.74797571247,722.9806750177029,123.23341912627865,0.15733470517132309,18.233931465409817,27.16902335433117,0,89,16,1
84979,830,31,95.45982321355328,1023.9418623981217,373688.8120236264,259.50346973247593,140.10482451817228,0.19089040382846126,3.011794522282737,5.94543201969311,1,34,19,1
76383,47,172,699.2780140407227,204.73582335113903,590312.0350406095,997.6549804745415,37.774625735037546,0.045929733384595335,65.77608403552816,0.9170973482112416,3,3,0,0
44705,921,191,435.13529275522984,331.76198370251296,508046.2211857439,581.8372278931398,132.0987876962135,0.20244017200779277,17.315295566413198,20.104660088106794,3,54,4,1
41614,579,69,243.55581088826355,796.1776487160615,305812.815668608,216.09168378488584,68.94913057924491,0.18555023467320245,14.294008024908036,13.38161905318004,1,53,19,1
39064,755,319,672.4483279789644,547.5573960830944,674074.738193512,502.0979533255067,4.572163085676797,0.03307266308594196,122.28640978598692,0.8823777861020787,2,1,0,0
58359,554,40,1216.5181344185119,1393.8564081964696,400832.59766677715,877.1129867484341,87.92054144886316,0.30887165706936737,9.163067938314896,25.981187680984483,3,23,18,1
34921,571,394,410.2832343566785,384.47021324989146,158265.97148527403,884.2403402909453,19.92269556615869,0.013559123929701607,195.63153959817078,4.649498550133852,4,3,1,0
86254,488,204,68.21259572172559,1386.8448085834345,290483.5417827237,287.6984383484283,31.83534596953333,0.0161009492230153,158.55202728809886,3.971196539001189,4,0,0,0
16107,141,196,1374.0780864571404,288.72696085578974,856959.5689217738,326.8304750313552,39.69680386849793,0.049488306661189724,89.22899381132271,3.0405378996716848,3,0,1,0
69901,954,277,1150.789545368066,700.4953757362588,188956.32348159817,613.1821842672186,48.91352739279871,0.012365291885536851,184.05488411041088,0.44009561576458023,0,0,0,0
20348,48,234,924.7607746189382,1333.9987509012801,695084.8407095064,547.7699791241103,30.422130018932748,0.013577313273782123,80.15731508998535,1.875097548415439,3,4,1,0
72925,467,417,557.4499068773702,1113.386782960319,472825.2793530269,853.1910677938997,16.364871128656112,0.04984968800614437,162.0978583581258,2.0220530284493803,0,0,1,0
42586,383,321,172.53865407765187,1071.7532660346724,484920.97734713025,586.29912527806,35.05496499757658,0.00022751733079386384,165.9364341692928,4.478776627604713,3,0,0,0
57582,104,181,73.90337847721321,460.6399073890616,863945.1442047368,227.41124293488565,88.48386816979067,0.2337886321966535,15.609273272005108,11.248586370143496,2,30,19,1
29281,99,154,527.6047698656905,586.1751450891227,459381.1504533875,189.79925396090118,58.20559317470614,0.36369899143568685,18.568487225831394,6.807455134757538,3,77,2,1
93584,589,139,1362.158470634121,971.7038308262614,122208.46288237767,81.72077769578453,144.4651864943242,0.16908965957363015,5.661546327996411,20.260110931038497,0,93,10,1
28975,526,302,337.8024526725481,380.47972654509647,866098.1249226271,240.48156080667067,53.17362992313603,0.3766291052704094,18.365920065696336,10.109843520757575,1,91,14,1
36936,808,426,176.7285379201088,1372.6678839483757,410271.3158602711,642.9404913324523,147.60042183929116,0.1771144997718333,11.201332572128685,6.830993526936481,1,40,16,1
27199,176,105,113.35049479442937,970.1842387537944,321842.67455280136,352.94759844542386,6.147433392103111,0.02231775967316206,97.12671319563395,3.5946751356901463,2,2,0,0
21147,828,475,1087.784067548284,239.01038623999577,634022.1100301568,202.73521601516748,3.39812779647089,0.033903857689108426,111.54358579401317,2.7210866722244385,4,3,1,0
50495,770,168,33.29821263878669,1423.914981914422,957588.9268382248,538.6607553229009,5.538781551091313,0.022707823426928078,164.0294379442379,1.6226815771862673,4,0,1,0
25956,293,113,360.1593178900082,481.9785905960722,527551.0677283559,215.7707381334776,18.40687380544221,0.029138315999141125,164.8835128415039,2.848243371042111,4,3,1,0
28655,166,82,1153.205313622646,685.1273398114462,983980.0905629463,49.730869158119056,43.83794780869033,0.0014626462378210803,109.94521320734447,3.547644865770418,2,3,0,0
44832,439,235,236.67944767342902,86.36476804629227,467995.0451579847,875.4994975993336,29.26127665360491,0.04553920481982059,121.98459512322394,2.1361638206810776,3,3,1,0
21164,367,196,974.117422847461,1463.1394535921113,521584.24783311307,998.238156111269,12.805402082287715,0.048768637135342414,124.3300722209391,3.486808136767431,1,0,1,0
17858,305,234,513.1157277632124,1271.449546831403,549565.573668247,718.3724402957929,16.810497872181777,0.0017593296389021907,57.01249253628493,0.474137132576431,1,4,1,0
26332,906,211,296.6671394840496,260.5823910020928,205810.83160994947,694.2476485267276,20.161979750776094,0.00444196154519102,152.95110743689057,4.363782628835455,0,0,0,0
40156,600,184,1494.7904922545372,1049.981491044708,392131.5089677953,116.85658498993777,81.39852399333907,0.23177111099217537,3.9235224823474635,25.69075757072969,2,13,6,1
51056,50,115,1419.7284103473028,617.743441170014,957272.3053559238,772.3546094620182,79.99064578992204,0.48513550945584816,6.882363136418861,13.53164811878858,0,44,2,1
11900,603,358,1338.738612541718,62.88726903502253,895073.3886988171,8.013431859662814,29.174069480184315,0.004515327490213233,62.28332238775378,4.673430120696887,3,0,1,0
36392,586,85,1433.1069311481567,1429.397232671181,723040.8815455004,786.7247177138509,148.53100235619428,0.34821508432134973,6.43122805342408,16.75333042963296,4,43,2,1
51101,954,496,1386.6452741301414,1267.9002049597536,437024.4834713188,212.4324129585065,27.19942256253656,0.03514446150534154,188.53116796820407,0.41420374330619014,4,4,1,0
21535,563,80,54.70071694038049,1086.0996891774257,850491.6132305876,32.95603937555796,84.60636612259603,0.27231527338975803,8.22387791401703,10.094897559352493,0,16,5,1
41109,87,291,714.4703895686796,951.2691865090229,5098.984980511027,455.7357028298989,100.8898469048855,0.3460231282233518,1.6076711524927083,11.4981366908887,2,76,18,1
35819,197,415,1159.2169673897818,78.20327767871348,987652.1472193216,8.480620889948193,132.324250679777,0.17319736922288032,18.37414977461205,9.904115937085907,3,92,11,1
12342,959,29,478.3001948058889,692.3803298508892,879529.0268144258,659.4912993395686,2.1750914139798425,0.022563217245023706,141.01505296247996,0.9116577860470226,4,2,0,0
83495,682,345,439.0137576533477,443.954396170254,730567.6015140599,830.9539285657437,45.86804219210506,0.004834481330574614,96.04586766225597,1.7545479497576895,0,4,1,0
90289,201,146,1420.6796595743056,888.1396661244679,45209.50813330532,273.91141844049355,56.40273306655532,0.4343853778205926,11.809921849617904,5.420379484739719,0,51,19,1
21488,924,419,402.6569251535782,607.2568840772968,702683.8644230727,879.9209100921121,38.618831817820656,0.03804846382453325,65.05921669713244,0.9285237520517647,0,3,1,0
26055,293,30,184.05251196679643,1341.1668148061924,946744.3423517765,577.4030099904352,7.464406773882175,0.016177072660626325,157.42531345771084,4.360213767024213,4,2,0,0
27315,557,367,1381.649037259733,408.5331480787428,816063.1880676126,469.1642595728127,117.2564039274821,0.25809471354759883,2.3147193817596827,16.374592130003638,3,67,11,1
67664,351,420,397.5122104782002,966.5585506007669,895666.1007151058,408.15806044578414,105.58692730152464,0.13701484497233316,4.6834778404761765,4.98320093318197,0,37,6,1
5462,280,317,787.1288209856583,1103.7470475616938,839054.7685899589,274.5613324491816,86.16651374205864,0.2506642858458992,11.75689309488858,22.801454573878896,0,97,19,1
66866,782,351,666.3695679111737,1410.886204092378,237853.13561297674,744.4652427929769,26.483033535940685,0.03808602590793117,146.80257565646156,0.6567125173329408,3,4,0,0
58784,435,488,286.9824568989376,1248.2772735287508,924387.389690634,810.6037911650891,133.97653768348715,0.13258338680415527,7.477327976669198,9.663372506837687,2,6,14,1
31460,895,368,50.55087114306946,44.5412293869765,27677.723554662498,905.2875204668794,2.6751508793060688,0.03981504509467332,163.90308991011827,4.423607272324684,4,2,1,0
87531,253,158,688.5755059271846,1386.9486081896573,492709.95175433374,712.5376243617634,78.9622473038854,0.3804295809395698,12.202761331547467,12.636338995379775,0,99,15,1
35474,16,452,883.8269191367094,1176.287532586985,560694.7039057941,221.08997879022763,38.92615301817714,0.023322837411828536,133.02703742579484,0.04173321374951966,4,3,0,0
74424,143,97,1471.4611732865703,500.9269220875418,938968.1438902613,213.7460655964866,123.89260008626654,0.2890003596614415,13.013391786671903,29.229197381532547,0,33,3,1
61867,296,450,1124.780603737043,1410.4685850264702,195458.54394508834,259.9800191181187,23.161128706728796,0.016688820947732132,116.8049065883941,0.5486629028827028,0,2,1,0
99570,287,117,945.8586931381468,135.7307299829921,539838.4301887915,281.99208947251,42.52149203006116,0.0097288263013387,159.88067848291473,4.570409939921217,2,3,1,0
13696,798,359,53.53170242724051,1425.7685208768557,359337.8882183566,457.38240602710925,64.9908805188854,0.3630384051312453,11.93290621676033,26.71271634465807,0,49,5,1
55468,767,456,216.58238043872382,711.6557335545187,676574.0348496123,590.4115395309009,48.17063564429656,0.0200640811878493,127.50439499519594,0.9994115973505296,3,0,1,0
64119,478,162,703.6682206540731,1089.299725239442,248548.00254515826,100.94595871228542,29.366826117534714,0.04483514906998806,123.39706483189049,4.26095304603575,0,1,0,0
88120,290,139,1054.718719317349,135.01696269847662,95107.56540644108,819.9196432329496,89.96880893831533,0.3796798741181471,6.475689260116941,20.584546419302836,1,32,16,1
32646,962,112,242.3015074170091,649.6765006154797,546073.6383408456,55.26932133488943,43.65682200942041,0.025585498960194922,179.23781337455077,4.070523488904374,0,0,1,0
68494,6,336,756.4432866370964,104.81096438835631,530348.9568036239,936.7626202682596,38.84526149147565,0.020260879354857986,196.83808341108943,1.5838450622658906,4,3,0,0
23231,556,306,745.5327367263608,34.96637819734398,960929.7633358202,609.6820730251006,32.35232629307312,0.02333106836548038,161.36852453094554,4.593166298998065,0,4,1,0
79107,683,30,136.5074233955827,654.3586269017991,160890.65999024868,869.5666155270161,106.59717154167927,0.35004557159146643,18.72945990944233,1.397965477265054,1,14,5,1
59333,663,183,1270.2102008935517,876.2860764382032,909625.5826936084,748.2848174625404,32.76978535230701,0.013301472457158221,68.08424374732189,1.9444748202837892,0,2,1,0
29387,732,211,1408.5444196750173,751.3691668655143,255814.45438703522,551.4051643034139,11.140837512413615,0.019991550614172512,195.6974249740729,2.6510227695689363,4,1,1,0
26807,797,437,298.9943416072027,875.5820810817689,893404.8058174705,559.1120913824041,44.78776798545738,0.02095573189534416,119.02981618959498,1.9422469058060587,2,3,1,0
29019,641,363,703.3822248090798,1315.7431287437998,872433.5193273964,782.903684383311,118.26197037975443,0.13627909154714538,11.803225674935756,27.48791456125432,1,15,6,1
59150,712,125,72.70568399311699,1061.1441893349117,820690.2156558053,175.30864267452944,81.28017616037532,0.3107947167751107,4.178981886732916,19.09508658946877,4,80,15,1
32517,131,71,1270.0134118092774,700.3259704103752,954917.8807083636,339.17897361406233,141.75312882038435,0.15547043186958953,8.517470092429637,20.658440999138232,4,77,10,1
59899,329,43,994.2946488715345,914.7716950587404,225240.06499943518,770.482090588411,43.684990778097436,0.021932565041755434,105.47195240071278,4.017992210217443,2,4,0,0
29704,660,414,159.06524658914043,614.1044415995844,494735.48483644036,482.03811944367766,122.69686000845623,0.3801569914775248,18.815931166638702,1.1964361107797985,4,59,8,1
5236,835,159,171.36792352751175,683.6876372456392,421717.8245583072,646.7640416312369,18.983427752796914,0.005102548646912059,181.33762323472206,2.795971165620299,2,0,0,0
79283,199,278,103.35749640572443,661.9593565931448,923487.51060239,778.941056084398,12.781967040176182,0.011351165326634854,145.39949603881388,3.1257454202283292,2,3,1,0
27030,544,226,413.9740654629254,496.99968683976806,224903.6763084056,910.5488817072427,149.02519489186545,0.48881100800963195,2.753391654811468,23.421761305411408,3,91,7,1
4387,724,306,184.37186508595846,582.534930478225,289176.64247775933,363.26356741016315,33.69073976796866,0.005394681513091387,89.2939220886288,4.409153419912525,3,4,0,0
77424,797,413,1366.6153431265825,365.4746170640717,409289.8083994429,7.00535044777625,90.17704017111033,0.37243439485882945,9.83670205411116,29.645748872379283,2,58,10,1
84080,698,164,445.0399692222895,299.12865462954926,116196.00830988717,616.6833275616855,147.3685066155575,0.13561317369761017,12.027564575734228,24.02505028276459,4,48,2,1
90635,778,398,135.69779546007578,1419.5283839500096,202188.25544382448,480.22109232408485,146.44782775528682,0.33837222416061336,6.8461783848393605,5.059021329876049,3,7,18,1
5662,445,126,154.34004095102716,981.298010127343,53083.35622233855,497.79586927196044,30.53429125363934,0.03272599173100459,85.09371279356077,3.567945597987684,2,4,0,0
40861,171,372,1410.5555739965296,1229.3143698493197,572078.2025368854,223.66588212752865,147.99866926735797,0.4552374595829438,2.6628527697998408,26.775187364195006,0,89,0,1
83451,96,6,1338.3490581903436,773.1008190916916,229200.62498162853,713.022585357003,29.667694983962775,0.03357523667717787,73.71831457662688,2.5424786120377436,2,2,0,0
13466,763,457,1156.3660824079295,206.8415448448054,828012.7096544846,244.8828009632028,65.99046733882943,0.44630162630653325,7.221526289840219,21.277876090389004,0,19,19,1
82388,989,391,102.14544767442754,671.1360213298987,167541.2980112076,647.3749183096459,81.45082554713656,0.34660886294660626,5.578480489095788,1.1660913091976834,4,27,18,1
27553,355,121,966.2519883179067,107.8785324666713,198400.54032884896,260.0563575522858,27.879401941381914,0.018161454011559785,66.0873317956508,0.10365842347534737,4,0,0,0
16738,346,45,894.2413028418962,104.88100115387412,458495.5143269365,563.6444128269134,45.2409080862598,0.005196285780757731,69.88076008346624,0.3554117798894807,0,0,1,0
66727,608,431,1424.0577647487082,936.0303689050106,923173.6848724296,231.36427239483857,137.43357690596014,0.3634725047506132,12.374379318216132,25.304436069124904,2,15,13,1
11172,555,277,1178.2443923092462,598.8652002374591,991421.9933957536,894.45485476342,66.64547341386816,0.45576365263265606,3.8267674100290745,14.2126309197858,2,72,19,1
98724,953,57,403.001892126575,1108.435875683811,892683.1371889507,610.408408321441,142.6848668067668,0.48758051565126215,4.012989132633818,6.968991353068973,1,90,8,1
37439,279,363,617.3673018862224,1120.8901582539372,34990.704663022756,351.75972244391056,53.708355270586914,0.18498615892347786,15.605786480308414,15.548966511906878,2,19,18,1
349,304,392,234.3566638840777,335.7020993529543,285078.67505677853,178.91603567333863,37.54741841644781,0.04356185136475565,93.5728334054835,1.8358051793437657,4,0,1,0
16933,847,91,646.6182869344343,733.6375035536221,234520.31061282355,768.33212536239,8.604568510271923,0.009797693971826744,103.57082272951436,1.6541994445645365,0,0,1,0
79762,103,139,653.9858650833538,847.1277383165873,772138.3745173919,624.3285258101797,1.5801965373898224,0.014427070837546657,192.75889248187704,2.5482790881176576,2,4,1,0
61939,386,300,72.27127687981947,1488.0615376244912,324986.9630538672,670.4667592156859,20.964935551017273,0.025933075117803617,169.86233937385327,1.9853330461916125,4,1,1,0
39297,757,438,1325.0108417541971,56.65879019749585,578556.9235414191,139.96284020402328,20.268724816943156,0.003151062462757698,125.48269414833555,0.8709474047712762,1,1,0,0
48558,850,133,1491.9352499700256,386.2444110876821,530914.3284896436,557.9927668036316,55.234802022322306,0.14802271564317615,9.29362646748163,20.975153808699385,3,37,2,1
33489,917,21,232.51142513240526,925.1165952476712,832931.6686485222,229.33733259985493,120.38096020492237,0.13665739064277482,7.823897319602237,26.069982564256353,4,54,7,1
48881,480,186,1274.0840143501025,1221.5077074050614,84673.20751197112,757.8167714166782,54.30122922619627,0.4220115293122809,2.6735482467294185,7.7610723575611855,0,92,18,1
4166,699,306,822.2025448948582,1216.5803064106638,253412.38430706563,227.72034260708745,47.56830624273424,0.04403667816551124,52.29803513467525,3.194296710081913,1,0,1,0
15236,999,243,741.9253788669878,29.373421519251824,738984.7177562136,643.5617140666991,89.73630115780357,0.23521770504906525,11.738566975875584,15.799173104707187,0,37,14,1
57437,673,368,1322.901859748644,741.419674950049,973016.5230339157,299.690544467268,89.82646532657822,0.12499549967513479,2.7646650695395683,29.085585145063128,3,97,1,1
89662,81,85,310.34186745977024,944.3347793853703,189559.31868100233,275.8030101556559,2.061725288526235,0.03312812499610143,139.61035221396588,1.347521695813253,1,4,1,0
79550,301,87,383.4956075189654,760.9164140202649,658855.1150392591,164.885867220363,116.95219580533396,0.1813775900862732,19.794194545634987,12.559289717114513,4,61,3,1
90713,582,291,1043.339981235293,684.3029374866336,382894.6838783556,169.97038568785234,16.669104237041594,0.03864436532467207,97.12209386907728,4.047389028325349,2,4,0,0
19126,416,469,543.2334434615857,839.3522749572702,337685.8750229833,784.8215192978879,127.35062938657371,0.2958245459270246,10.287564598018783,0.5348080657540331,1,22,19,1
94084,778,89,152.20200626342856,407.11532031672,27819.61481593834,738.6309380159395,106.96046599463571,0.4296076787863624,2.2332802829896075,26.34919230334915,2,93,4,1
31242,833,349,402.4468163291964,157.5086937137813,669831.464869209,556.711612284801,9.509024272472189,0.03322475580372255,119.30168459156901,4.635273603802359,1,4,0,0
2420,930,327,854.7016436008734,1449.134409163113,396825.5113377235,600.8818601316193,32.71758497899435,0.0003120703587931595,156.85010367309934,1.034511182326976,4,2,1,0
79423,585,359,689.5997843431995,38.5070654589085,139359.66590445826,174.54883753673147,9.158091850312402,0.0022601870082443578,180.75454986118322,2.889319720177559,2,3,0,0
19298,149,172,23.608363749991945,522.3538686303992,785120.6008421566,852.3845600396694,73.68593859212362,0.18724522517271472,6.650683967620085,9.590609750711906,2,24,3,1
29476,345,325,1335.848331432394,193.63639807871857,551896.4935825195,899.6946106145386,6.858688644250959,0.02159232724726694,58.543539668915614,3.674463572011776,2,3,0,0
54896,783,182,1259.1402295589044,1490.9579461719445,89596.39449078287,91.13824390502721,114.05674504357201,0.14895031812624848,19.73886043494729,24.726318804499115,0,73,17,1
36500,892,84,710.3205236543355,1083.708937240987,383421.89893292746,666.3303738707873,12.729518279701788,0.03717066845011609,198.0125027090519,0.9952635632073392,2,0,1,0
65207,910,130,1394.6588327435154,1172.5622856068737,423273.8219986159,34.401962337545086,25.276951927182942,0.04742102726217064,131.9604757293501,2.321970129940066,3,3,1,0
63543,941,455,966.3008487961628,1159.3429543379352,791852.2198511491,612.2977596352107,38.19650228258698,0.021927087951437246,134.69090968138795,1.5047399892952074,3,1,0,0
73484,401,59,1000.8678021814162,1399.7180195998822,83806.61917211149,556.0839679935176,76.99505145645082,0.43441780773432914,13.759643793070843,16.229163784588557,3,75,16,1
86099,519,451,854.5648788693375,21.750064619368633,532080.7129415999,181.08264044828013,132.6974434274466,0.20891479970717175,8.374996971910429,1.5603618141986129,3,50,14,1
82559,306,230,244.95818379260422,55.70565873458471,198029.87988558572,221.22041432326813,132.70048483410778,0.32696456566139426,7.5883649814890255,19.34207885014469,1,29,12,1
38098,417,389,831.7810063665266,1399.5571211293661,709650.7647892253,478.3558824458758,74.95159655387286,0.3324286489893601,9.076250716793126,13.575756341843705,2,33,6,1
25801,778,142,666.2587277311975,866.0029304048865,913110.7435592226,518.020432753563,97.31805192430022,0.33619485688546,13.625632924224474,3.9847333167579655,0,21,14,1
43221,826,21,1353.1096320948961,855.6800969594383,826661.3814733591,306.7383941821039,107.46196345840906,0.14382422500810854,6.272633049816104,20.26585874001502,2,69,4,1
51948,492,47,1419.2321393170064,231.13787154722726,236370.7502558451,241.80268125897157,115.90560620208203,0.2960130120170573,11.008653950553988,0.65125042206385,0,73,8,1
68668,977,438,526.0687555185059,975.2633376329227,788349.0605782545,567.9980552925143,107.54522757532806,0.23843190421156166,19.599495124592977,21.994738240538982,3,54,16,1
67811,451,362,61.87748618034958,269.706099605212,463830.15579142387,220.98204095514635,5.018158848838148,0.04360278944438224,64.17886404591908,0.5816312019348291,4,1,0,0
21777,204,44,1054.8665396957426,138.39115604948535,240467.0499832396,587.9657932911539,46.847945063464394,0.037064660136435085,88.84569771732663,3.58679555337294,2,1,0,0
23258,69,335,442.7362633352517,901.59165281806,120743.5658126427,783.3598740519727,114.1087688039674,0.49738721514474016,7.2408654196840825,13.30562302658115,1,42,7,1
34982,264,329,964.3083050469645,975.4058701102472,831116.7736312646,285.5275208556324,7.463168378537866,0.03864666045319351,72.34381137524201,4.90030799099466,3,4,1,0
77458,179,264,1375.7686714689278,1067.404086118671,440265.1920180665,265.79712612952585,28.24382182611433,0.016826325399173694,91.33039100513795,0.5355191434917073,3,2,0,0
40836,57,55,58.393662279674295,318.96737858391776,49793.057500145806,306.8106219140083,43.160270810417,0.011439355639889993,163.45245539427117,4.994814126622116,3,1,1,0
9974,7,401,362.6551941940622,130.3424861239086,261782.1244436533,181.49420919623753,71.39139865444108,0.45871984964578105,11.69155628248469,16.01670621143319,1,27,10,1
39233,790,410,1420.2749123615235,1377.1374163805694,552678.1424294431,670.0314930502872,21.168749221095005,0.030810261911394334,137.4319209375406,3.2434976086300615,3,4,1,0
24398,334,110,547.2087756941683,1057.3234405626863,711657.0320481426,312.2449016008431,12.97440982622659,0.023468550662950116,97.81673024127898,4.336863219419798,2,0,0,0
19631,295,64,1309.2335560396332,910.7881398942136,19166.61837881804,286.1406990926421,50.856252833991135,0.31073843139468643,6.31457721437486,23.036442463009163,1,63,12,1
96168,965,225,810.9350131149422,779.2688574497823,777626.5601283304,123.30697837460116,21.175553736074157,0.03210140355394727,194.32577020587362,2.8267289693552886,3,4,1,0
34294,420,416,1084.9904928529402,522.3706219805717,328474.8948326142,197.6884731149332,59.16903486330316,0.3768186326801256,5.719209829208273,2.35466666038024,0,21,14,1
69031,132,370,1138.0339577519171,1028.6925361096623,237013.93573860446,745.4652675350322,7.509376431694429,0.0377325752858557,132.25194230433186,2.245363207529744,4,0,0,0
80125,181,249,1365.3865206612502,771.8814135804939,143023.2129554237,212.99631867540836,117.3216538431884,0.2134558284838891,19.928862307562397,17.340540101337744,0,69,13,1
19283,589,60,139.04334193011272,1135.3516421924833,309175.2978424422,473.9625379604305,3.1599951056957294,0.03485443021351233,70.79992795506176,3.0219812104293458,2,2,0,0
29674,44,473,1221.0888357197996,802.9580804958952,855516.9944072664,452.7408973130968,45.95491617881312,0.0399115583746726,166.4408677594767,4.387337673430886,3,1,0,0
7572,998,108,173.96022751352822,493.23534284863257,332574.14293379965,673.1565470468641,104.32860984479504,0.23607867213271747,19.14155207568066,3.5950949075436363,3,62,14,1
21545,984,16,1245.1905635203002,329.691259563781,747737.1557459781,999.2773792835403,8.847277977469098,0.027192875650852308,190.28806217568712,3.3445324416386835,3,3,1,0
48756,446,168,134.33615371987258,1483.828251158948,658954.4858518383,482.69087196391496,41.765802265706036,0.019498780884293944,60.54030029511726,4.15843008022543,3,4,1,0
21217,377,92,467.3173589603788,1073.1155454899738,717061.4442499689,617.4147423872811,31.23995410563556,0.0142631139174349,191.80962448501134,3.4743569765389126,0,0,1,0
43544,418,376,684.9642785837209,551.5769378906235,670114.0172131306,270.54940133603696,15.723444355686969,0.030364941991820917,158.4772857310823,1.0564529290772084,2,3,1,0
68136,765,477,1389.5770853660256,1392.4032529376518,952123.2462256415,839.8993146768385,138.1751304722025,0.4169866424124862,7.152806448280037,22.850080032825865,1,30,18,1
96387,403,297,1144.1450317280392,468.69098191671975,540798.7096551727,482.7658068797625,102.60340549552134,0.10423032504486436,7.337438790925325,0.6473048937040808,0,85,16,1
61739,474,389,741.6053366638424,976.9357706606971,79397.83072697998,375.9481405132966,48.882631806135166,0.03298787739439684,142.4355098175179,2.6100217654249747,2,1,1,0
18595,916,250,741.52161981801,863.7416248914998,334133.23461278965,969.719668155415,60.17172291351807,0.4621388445358663,12.839217254220467,7.684900554942318,1,50,0,1
85722,605,185,1146.5608759442505,1087.7612627890562,712072.8561271614,17.389966383756285,39.95757815451869,0.04463623776621392,113.92867648479378,4.226252033120512,1,1,1,0
59816,109,306,1365.1779657481031,1470.067605342439,890227.2183910001,251.36745438428565,113.76226131629903,0.12161085989891102,19.813256347517434,25.904602441677692,2,51,12,1
77193,548,399,670.7627553805647,136.61354703229097,259652.4527580107,325.8026383431276,9.613033095468156,0.021688629642016812,171.95359585970215,1.24944284988457,3,3,0,0
91889,332,449,768.8039056304111,226.74927821331363,2444.133718901242,872.0111293852351,132.0837558731859,0.2597523277002358,4.056068035828233,17.73530133094933,1,5,5,1
45735,460,495,1220.7471084267065,763.9341206721706,830233.5302021778,415.45204575248107,37.76525179078381,0.04634181519878791,199.94896694019857,2.332378487833515,1,2,1,0
73998,365,446,974.5138286475712,1157.4735255961205,977951.8677734345,757.3304643460583,29.724981043527563,0.00807866809423778,165.06264508457332,0.06197591503271205,0,3,1,0
29110,861,436,950.2519374410306,24.755873146562465,133292.00229954178,927.615033458242,18.792002983699064,0.0021089823154285202,172.89563487354363,4.763980651919853,4,4,0,0
84187,712,140,176.78860799763848,862.7705539778356,175359.878419966,468.7278191150006,113.68600259398295,0.41776824393210454,14.507422207820943,1.2054627683550854,1,87,11,1
77137,48,364,473.4015223336351,929.7075242997835,814744.745148848,658.3919853196297,32.85378620687312,0.045917369132128155,116.22331095009542,2.415939935007223,2,4,0,0
49882,227,334,785.6518041633823,395.28022530799336,429444.3518976484,283.95304636815376,142.8835503678639,0.3804314350798941,3.273680916313516,29.09193878497361,4,79,14,1
9933,409,365,997.6956982773628,1086.675412874243,21355.293877062486,987.3744005689243,43.43670094128264,0.0163063206798007,113.71881305541795,4.824246744011067,1,1,1,0
987,621,35,951.7318420451634,1376.3112853007997,395863.2204396247,263.6301644480203,25.87914653321631,0.006466220063237472,158.35035753133445,2.843902404690904,1,0,0,0
33490,743,65,242.2753862955364,354.8304293717108,463227.33218899596,968.7233722404872,6.974200684845379,0.0024010240192045788,61.43005576229707,0.4131810924862034,2,2,1,0
69892,563,12,1300.8744317112732,779.9723159218901,825427.6637762408,116.62659322771634,4.849356571504686,0.016959847704655053,181.98102401719603,1.1764700861144906,3,2,1,0
33086,367,369,801.2105490999828,797.1397347887251,76642.6202386377,858.7710785588736,3.8519700286204324,0.0197007476952646,166.8492114493669,3.635479323943804,1,4,0,0
70211,166,98,1007.3732665684443,631.0716607105204,431585.2875007525,250.6907629726528,11.424374497869286,0.03952607198829226,87.03630732217165,4.35597673774181,1,3,0,0
1718,34,24,494.2100477515712,1036.8365904444083,645591.879263637,827.0002752956364,14.848775841344883,0.04602159238508861,141.99238071465905,0.07307707096306404,2,1,0,0
20313,102,109,199.43176152563592,577.5033402074554,400381.4919902835,292.8091775649349,36.027367624078636,0.044027833779145126,130.67849307163402,1.872605632034725,4,4,1,0
33110,840,459,195.34267143094644,124.04231197219858,179499.67499837052,87.51682100282552,9.160602190165477,0.007863709456321455,126.01564405454619,4.020169034284563,1,2,0,0
10735,729,385,1092.168966885899,1310.5165696340187,518829.0485706697,207.7750258155578,47.95807416523299,0.0383432211436044,154.5888860093684,3.493348558825296,4,2,1,0
56446,384,292,833.7545323156455,174.66129944779644,871374.5130594153,110.08328872634642,115.85451716223541,0.2399865670688484,9.46830210652164,27.71468804313711,3,75,7,1
27699,663,215,620.2871428271748,1181.4019845248617,517043.4221238059,688.4025507369145,37.65210385616938,0.047165235878718736,58.134247761535605,1.0887132272685873,0,0,1,0
53252,839,176,973.1966797595488,1157.6766425397739,592905.7521651977,500.01048589959345,25.960103793585397,0.029968828988272994,178.90072248087014,0.38526523264436785,0,3,0,0
84870,14,57,543.4517151246349,600.6585833509519,419062.6848349101,553.2797558497272,132.8489548052496,0.43210032591696645,11.05642408490999,17.292994776850513,3,21,5,1
62030,178,453,1353.2719575965618,1489.175521851688,650308.3495819072,646.2378442985058,123.99714178498591,0.12836051598155165,19.36593661249628,13.21326243367552,2,21,16,1
84857,669,357,1417.5782648251252,553.4995141997182,803582.4314071672,758.2078660215759,147.81364325295388,0.10354670686845752,7.022201499382515,22.48049425062527,2,67,0,1
14895,104,162,1214.4360319739735,1232.1859010753901,20293.869496245723,568.7946157044037,79.18809140792197,0.48115608463950466,19.988124400510394,6.209249467871863,4,33,1,1
90341,793,164,1312.536777378688,100.43376179615869,149218.69392708578,395.26794052121966,2.1193842207256193,0.03753614444653136,114.35626625730652,3.173553040301551,1,3,0,0
59624,973,328,498.2163610970245,746.8237753183254,274506.48160301923,423.1052600428135,15.590463259778215,0.028381302370371137,158.9095576935046,1.3579907233443678,0,2,1,0
40261,589,159,1301.294312859849,1125.3441051837594,241342.12122711123,506.2373575411804,81.64678868803452,0.33088468902179935,1.8738822522934284,22.96640279447674,4,59,14,1
88409,660,150,844.6211980373117,356.450958745704,732685.1647226581,968.8925083083179,11.2209146807961,4.882712692231284e-05,192.4540607740828,2.0400276188126796,1,3,1,0
77080,519,339,569.2170328225262,446.677139830485,838090.6446183258,835.870115358299,117.11355981429354,0.45167474401779695,18.791950987727176,16.597380374244864,4,64,4,1
27408,272,345,1058.481175244224,949.9271162743305,486391.82579225797,533.4942832284484,27.761621186957715,0.03412459965450407,164.24323443798633,3.61473834736693,2,1,1,0
98378,203,495,130.71238422635594,737.2271439813701,943357.4055539443,447.27759394268867,31.33185926968482,0.00200273242581126,99.42815613896896,4.377309805296487,4,1,1,0
40158,193,302,159.39979070895473,286.5162599315235,740926.6693226482,17.03381702291046,31.732623686314156,0.0075633085797098265,129.44948831893473,0.35352932246641655,2,3,1,0
87864,561,391,149.49012960829728,1085.0968300900938,567761.1473467869,100.98526986978315,105.52094999745718,0.3341226012771528,17.965040109487322,29.245685889383672,1,56,14,1
91728,681,220,1054.628779911564,1167.8332994279467,608704.2027503424,857.2357863621097,29.56128433856758,0.04682990700488218,153.1461957105534,2.9931436709467256,1,4,0,0
32469,66,121,1098.3583545613747,609.5328053528742,598107.8048833493,756.1143735208113,145.35022218326924,0.44433131530492664,17.550746922943596,13.039195239572356,4,46,18,1
26073,548,396,443.19616717818303,1151.3911445063873,842810.3690242439,861.4438001995542,9.97887343531261,0.021374398571543263,165.5687649408262,1.6193845211763902,3,3,1,0
34932,853,176,966.5233083623651,1429.7666755503633,952537.0899010772,540.6572832214255,33.02389698860607,0.02739431748588535,188.59509361603543,1.3417432509152005,4,3,1,0
51902,90,432,1084.142895786912,579.3249694053351,558698.8214008716,987.2924609971054,133.42931529549634,0.37817986662699565,3.503125178710838,23.04013729673559,2,17,13,1
24866,345,490,446.8373046829421,676.2571497404289,145153.81513538014,67.73877829847532,49.24595306117408,0.0007596565953383206,73.659262482078,2.9857324903150655,1,0,0,0
15432,295,161,1239.9129062525267,609.6264714685157,63512.427265500155,296.7954452194845,139.35935372342618,0.2636001935106036,16.184574826187937,10.006042358131314,3,34,19,1
24693,400,451,264.8985244854754,1431.4963315511623,649117.7974920748,243.70784322691895,64.8208511294372,0.126844444643795,7.43819929279285,7.439510691406955,4,62,10,1
98133,882,53,335.28494824574227,969.7006600220159,873462.1953462666,884.6837384038146,40.06741985475329,0.021121002346522824,112.32046457215452,2.2245797087670356,2,4,0,0
92593,678,361,981.4724859372218,1044.0294879165635,705131.4265762484,717.234017271615,17.807269197165333,0.025666802553843765,159.73109530874788,1.549735970892066,1,1,0,0
36555,959,86,387.14675978609637,389.2613449455525,140788.69971718255,618.122063924428,23.227060838898225,0.003380798133574231,169.38272855981924,0.0876964327181462,3,1,0,0
57192,593,401,180.9939663814191,1471.9513302305606,21571.813700972954,170.0839737107302,48.745759604270525,0.04031404820447466,72.88133765611715,2.555591214076353,0,1,0,0
14566,565,438,20.427397090484337,661.4728011798588,604110.3284457611,547.6514200118801,7.674484493099307,0.04853851308665812,186.60284372796303,4.11262833404082,4,0,0,0
42100,454,292,856.0493116466521,1359.8123230895415,883640.472410729,275.37546966114695,39.3084393655271,0.04212340976753349,169.7903752858199,2.3990980306441827,2,3,0,0
70836,35,373,173.74190660157888,1298.4175636980726,259409.77212042885,593.5044959425746,111.03262516333935,0.3109392461237799,1.2915846683329213,18.261554991445973,4,59,17,1
47094,267,181,994.5373103189704,146.76596112803463,595890.0081919129,292.7141736762595,62.99344517563933,0.27600105206330233,1.573510835834877,26.20964544459005,1,88,0,1
49436,217,298,1017.7722093158528,861.9436273650973,16145.522634672247,188.36694612529246,21.740830445519023,0.012416004044399421,144.89614561674244,2.5213476039113325,2,3,1,0
28583,740,209,581.9882514554627,1455.421328361251,668582.6235221408,618.4159836932582,45.298247757885235,0.03399619391639974,71.96480231193,4.192020005099132,1,0,1,0
5525,641,440,285.05054018767544,137.588722971082,365298.1182410115,953.5013213044646,16.143431696559354,0.03972655273418663,168.8184873007314,2.2350795481615022,2,4,0,0
86004,712,98,741.3820180219022,1269.7152889363367,837050.6970565282,990.5252830964732,47.74254288862375,0.0011376756170713709,57.81924565125039,4.746861448424223,3,0,0,0
90696,61,103,910.4068576502127,921.5843367047888,154636.1850153196,165.24597241144434,68.25070396644023,0.44130531007022145,2.0084068435296523,9.39312753782129,1,54,18,1
42837,363,199,267.6489731941791,908.671742057236,941597.5880461397,113.34214065856602,6.6019448916647185,0.0033652215003858958,175.38138611951302,1.9329867531531941,1,0,1,0
99129,947,307,710.85477333056,349.0192331284748,903501.5136923523,212.09601763674343,46.41963408008858,0.04018097156860009,168.4199880391389,3.2319268870177593,0,4,0,0
21304,180,102,1148.5359360291864,434.0843479189985,358008.651855472,530.0134082574535,89.82397221031404,0.32227154609198283,16.238756816604095,28.797028062672673,2,45,7,1
62927,825,5,1019.2909909990884,722.6248108635039,523787.3715929058,218.72364487767373,45.217968821354155,0.03348560976494195,72.84370689971584,4.971524235913241,4,4,1,0
40434,297,199,1174.3822744088197,274.7495113074686,303559.1235452939,7.8633878938091115,135.17516303615196,0.44502088425636777,15.452928588705452,4.232787745478845,1,7,16,1
76169,18,225,1487.6454728788974,1191.7510511117325,998578.9137016155,653.9065894306615,24.07867017518698,0.01036673988905369,107.71829658720787,4.274125698741134,2,4,1,0
84867,588,405,591.4878274650641,1451.9887439876497,927951.365710403,468.00576794951286,19.425938797270373,0.029591851755015688,189.99844995415566,3.4885525345768222,0,0,0,0
47484,505,287,793.5491347680179,536.8212285104945,329897.54971028806,805.3275855465911,42.998687618787805,0.027532543402197802,90.54408032142726,1.7767188655016808,4,3,1,0
54184,723,169,481.50048336206584,346.02147691848967,777419.2314011814,769.6868599464639,8.941324145768345,0.00848278014490808,186.17996736140262,4.703261058561235,1,1,0,0
16527,116,85,511.9490775382939,1426.8572634119062,74409.89205810944,606.2166023051794,24.020411442275993,0.04154310471377803,65.003557574825,1.2593146570791303,1,2,1,0
651,704,486,1023.5829237036377,1332.689256788637,399249.6048893001,404.55691242273,1.2893294057275666,0.020375681914261392,65.86229349469235,1.0285733735081004,3,2,1,0
92996,798,253,368.82999904326823,1491.8727780247718,830336.628629996,235.1388357596828,106.92513528002138,0.25936210638482204,9.330775115407162,7.613944366847764,4,96,16,1
24863,587,481,933.8136476576144,854.5404443950406,686394.2168326603,215.32086397162277,82.84783551977881,0.3240220206381624,19.23733973768371,17.68296432610418,0,11,17,1
83169,139,276,1289.0366631182662,825.2488001675841,980096.5196322601,270.8004174713673,26.04206619687645,0.03156354168161562,165.93874805241626,2.8525172070415628,4,0,1,0
57405,630,126,1153.5051347209608,649.5205207104062,929373.9180971811,81.85171197216994,37.55428526381951,0.045535689165328956,183.6060148681094,0.44407751443489296,1,3,1,0
90650,136,314,796.0430462936821,88.14922931115657,421946.709384838,120.2419002060089,57.944762665544424,0.1390966489655542,17.760987433933003,5.149811478691041,4,32,0,1
195,24,449,1259.41889592915,556.9636062918752,861534.9682892398,280.11343148728645,32.12243621349922,0.03986837223597932,99.61761576526115,1.293383219924602,1,3,1,0
15070,963,166,113.92350726469249,631.6809428319144,604643.0599832368,682.1298747346433,139.63457538860632,0.126956572793716,4.418857662075512,27.01884657207408,1,90,16,1
48412,173,471,372.06310904148773,816.5147642212199,666459.2545062633,870.0391319160823,45.84420245377339,0.0078533747573242,151.00965769904906,3.200043190590935,0,2,0,0
32562,189,243,386.7846747260583,864.6887451936926,560048.1153560365,293.8536625072428,143.59610945466972,0.2612802584097088,7.826059581023177,2.9590410603085364,2,67,10,1
73062,231,449,220.1303336741584,80.83750679847854,724288.4416363082,450.3884045938497,5.980484068310051,0.023796773859144707,98.34270696929545,2.6517423572191845,1,3,1,0
38954,384,179,699.0304484232274,354.20401204046436,476755.88945411524,106.82650985814075,38.49792876973033,0.007357612932467084,197.55914800506523,4.646191187158365,1,4,1,0
13439,260,429,388.87819944237947,427.74674784882404,845854.8331256177,655.1844776701411,50.83414899442331,0.29703620507495826,12.373300417101353,17.327680080987374,4,97,12,1
69246,169,253,1313.4009003695073,1161.3269505540247,875912.1330459052,298.37494672139303,11.218133250072643,0.00749042160732536,149.15928233242192,1.371356663291576,2,2,1,0
60942,433,84,1000.887741229372,348.481607990876,497901.44680848176,826.4309002893629,20.29634836311276,0.024054444214876708,178.69027146430614,0.6118007990877861,4,0,1,0
69653,29,470,742.887406923094,209.30745092210293,62687.9670168498,180.81328162215647,40.5520931119974,0.015193095857277673,114.78238534284489,2.2010215298192004,4,0,1,0
84214,551,473,1042.9372289436674,69.95441609193756,13162.903611095911,656.3321142596321,24.213514232182614,0.022681046800662165,142.19004617476173,2.9270100865894526,3,2,0,0
25104,72,211,1486.114050494311,1274.1509759878697,275501.7843675682,502.6585030475076,45.26515814793373,0.018819383260062397,153.22100043826208,3.8075104782409817,4,2,0,0
54104,532,4,591.9908389814187,264.0413450426649,322720.2209654341,28.26271163917182,87.88793497514735,0.4975440994431023,4.917009619468441,8.242579933333133,3,79,11,1
74829,413,334,193.04341621154984,1078.8999140682354,92296.59452941154,195.3680145116341,51.970529084267724,0.26694288041947917,18.656959386705235,22.683730513423022,2,80,18,1
58445,909,214,805.0402383278695,923.11360137184,119508.40934915154,796.0194310696949,145.5974517151181,0.19646703635907015,18.33404781761015,4.298019289416914,1,86,11,1
54495,319,76,437.1118968050624,503.60888567172526,589214.8961006944,179.129286979571,132.28006860657882,0.2528702491736392,15.571965233313282,28.809924707755293,1,96,7,1
25927,47,442,1413.2915396983344,1158.2951419838987,860553.311135686,850.8408073259694,49.58037936066245,0.026992559080963374,183.94994315302716,0.8102598860504534,4,1,0,0
3956,43,229,791.8808137911186,394.2781876126386,928251.9975578351,135.25858227170343,134.0234429160683,0.453957768766061,10.684250287812544,10.10065613732777,1,80,14,1
77219,643,313,172.6892098211154,1041.3582086666465,519178.62844523916,19.796909910454595,27.4009097399084,0.02956882176159281,104.40480543966603,3.249034089200663,4,3,0,0
60025,277,200,1001.3039527797474,822.0008226557736,328368.6040830587,570.4118567614844,72.20250070293457,0.30212973606329685,15.783785651633384,5.657169731825336,0,84,1,1
34577,451,258,324.6108238149576,946.750844813243,937926.2029277798,817.2636223559483,129.356773869383,0.1139931801321187,17.0034513079291,15.864669721520148,4,13,8,1
6008,664,329,620.5246140945222,763.9087815915343,635824.3412193884,474.33168442591654,1.4179071378636507,0.008517142135371454,156.4586928868435,0.9766669455727467,2,2,0,0
8167,182,68,973.984377644338,1332.9693455649788,774468.8199702565,531.0338048789492,34.34595930143923,0.025484089736429627,64.04654783526834,3.9674119259806035,1,0,1,0
70947,959,17,1402.8348662923997,44.35421187232415,277875.35078965937,159.96082522560465,25.186605546963083,0.030890228909549317,81.60008144646974,2.3268644834535883,4,4,1,0
27301,535,464,660.7317840397094,192.96277557616304,130746.45469810371,675.070474565123,15.432112051276244,0.04251636194964972,66.66717094275256,0.6267526481795366,1,0,0,0
53017,929,17,677.6867277866774,306.47011911196074,185528.16857753255,778.9330808473285,20.445929857375766,0.045959061298623066,115.96469033758929,4.070633279260183,3,2,1,0
98324,3,420,1351.1037644448809,215.86166076243182,502343.1653062834,240.84080507606245,36.07797907227665,0.02299262058141245,65.1169200845491,2.93116035836929,2,4,0,0
2028,922,64,226.33682449022552,1065.3210133251368,326785.3890818059,821.434460366699,32.0212284894252,0.015025952761509998,185.51420183337729,1.9757421988182307,4,1,1,0
54965,826,375,947.4328765792523,854.1205457706349,105498.71222730624,938.2019885198205,57.920528365415116,0.3900195380158331,11.524503688784934,4.892453574009703,1,35,9,1
3302,92,291,925.8367973834954,484.0606281478603,388900.6524385095,441.97288101631284,20.366054694697436,0.026754137654037335,90.22046342527202,3.8148620095238317,4,0,0,0
7889,37,190,908.7041814595045,283.13470969641287,537662.512225838,436.27012566866966,135.0421997731838,0.14805415858854368,2.647673170700267,14.027534993444863,4,77,11,1
32185,446,387,140.27902440772078,1000.2191431808279,652624.476958661,920.9184192371769,21.537874935489967,0.017835669787311714,178.86024864356813,1.767248453644981,4,2,1,0
67520,593,226,549.4051598946446,708.3764106617245,14831.825236409857,951.6366728534922,58.828395026576246,0.16411957566157798,8.445151230088971,1.051509315087263,0,36,3,1
14646,971,47,317.7023489693333,1350.1657507142397,437557.95295346616,702.5373900921213,18.94212051959842,0.01890988814159926,126.41545875795651,1.520505010094968,1,4,0,0
25660,28,144,834.8429477327124,1194.233194861223,155808.7730593493,172.5777115442766,102.39290030106375,0.2369534553018224,9.224067955517153,19.924751066114535,2,86,8,1
6836,362,464,1170.3639189745177,975.8934609027825,541755.4516216952,521.3664771089801,88.00551418516486,0.11890971090683902,1.3373186695254962,22.504551245410838,3,89,12,1
51322,103,275,842.4120194933016,454.26872547831204,696728.4992460228,507.323135932842,91.03308765320472,0.18190618936812075,6.946563599848996,6.466074281099984,4,10,13,1
79120,569,148,659.5525312813836,776.5239980685033,266641.19704587443,750.9235746066316,115.72342728539965,0.20576268283324764,18.779994855458007,1.098107372632632,1,44,16,1
48353,71,353,1126.4249340646675,500.35711758496865,378996.98557663214,970.7045565458592,146.7903205602531,0.1665688048170912,16.508015261129927,27.70969688338463,3,41,0,1
63083,532,307,1116.2551358875055,649.0392380522461,297198.8511844881,252.93405698555048,122.6456896871055,0.18480679725528565,15.64127099188304,8.697008357777436,1,21,18,1
67560,260,89,325.0073676287696,1455.5851508382252,898576.4869315303,44.43655506033498,32.28963854112389,0.028291703807873388,121.96067819156856,4.713749311019845,1,4,1,0
70782,698,475,212.612498973693,1083.5373436814436,112482.99753257442,613.547991229956,13.074883117505214,0.021684564461139207,116.19352987361287,1.594568440599315,1,1,1,0
72510,495,175,806.5579226905871,152.44420250141465,602627.6511085301,894.3747306413537,18.497295722249397,0.043429390739904476,105.99224051436929,3.5903494880439952,4,1,0,0
44023,274,412,1347.2009729674883,1359.3471124984567,178800.61746612223,290.85235199428473,26.49887666289574,0.04381461986819098,169.96409980840653,4.043151855817347,0,4,0,0
72561,5,114,838.5584446843035,586.8339677863462,963173.5320280339,376.48917693777827,28.373188374473692,0.007887570420140372,150.68224596364075,3.9034917277457066,1,4,0,0
69086,818,424,986.6059633967752,397.5036860004502,189019.2019119506,423.0991078611755,8.99206976177722,0.036683846078686494,62.2694803587303,1.6748175441771411,1,0,1,0
25623,123,446,1215.9908454568715,1376.331178283835,350692.783397583,209.43879047198814,5.865657778889508,0.0012249557967253467,51.769618876923005,4.807660277856548,2,1,0,0
46560,16,239,1164.9253500397822,211.52796860981792,190915.55044251913,824.9879386587713,14.673424002594352,0.03796871670539418,103.97420183914559,2.4483937327157665,3,1,0,0
15187,698,222,1044.3364389208352,884.3602301395204,568655.1819820255,892.2437853777924,57.65800116782751,0.20613016387221564,18.266644626153276,3.3304357979324055,0,67,18,1
43960,358,200,411.46392519065915,197.21795659509561,78187.85753840455,560.662693582574,10.219248108727097,0.032459210551635656,191.10225764001058,2.892107686633134,4,0,0,0
15478,53,230,59.8243911075336,1111.6079043068585,316368.4738060012,383.9996297494481,13.24324659860337,0.036967330386663555,157.8873653496458,4.195022369752557,3,3,1,0
1053,95,146,936.6364348940161,90.24084222563428,707839.0418873724,160.42006206731182,2.880544237418442,0.00918173041641982,179.2519925984258,4.458976889163879,0,0,1,0
53868,669,347,419.6739867610169,761.4506380853989,525386.297831863,8.280512553492395,73.32120459140768,0.2659713322151803,9.81901441703909,17.02024683603132,4,47,17,1
19561,331,478,780.9118413737416,1106.0272881147323,533763.9872832552,950.0026374521988,131.45991687022445,0.32908319734010055,9.932495817397516,7.558705007011005,1,90,19,1
92489,600,50,467.6171642195276,1033.7655407354414,203135.9841783906,243.4810247872537,2.7508178721641867,0.005044108618355182,69.24767624068718,2.460774212933286,3,2,1,0
50455,458,333,319.95958767307684,1082.4758447569907,826900.9251158444,751.9135025798938,21.764935481449466,0.0389946425783152,169.47193494995258,1.1779596056190016,2,3,0,0
77408,814,496,670.1881770694529,631.5020918681595,796426.5694831045,543.8319107557007,87.05620353383014,0.2665935734744408,5.6286492245079405,17.817159867909005,1,49,9,1
2699,493,191,179.17897464080954,1131.616098472281,566807.4073171883,675.7370987840623,13.9849229854247,0.0029101630809620638,104.71984985972684,3.421310604722084,4,4,1,0
30768,965,496,884.3441885913069,1401.0309457080175,629191.9019389809,903.9094586305417,17.87379832094086,0.0020722973851664606,53.42960555462374,0.5548422860997798,1,3,1,0
68995,355,259,796.5611970234015,586.2338192356748,450582.1850872379,406.08183499367664,13.84424805822829,0.014684424983271094,99.33086184031315,1.9221461526921646,3,2,1,0
19239,511,379,585.1545829016699,63.81446853865817,805615.963884504,425.88471637369884,12.097173995492051,0.011603386922197473,152.55557732403352,4.888765915450281,0,1,0,0
79625,85,469,1434.1827053464972,1060.0358391345248,389699.8906885561,227.3636785475695,140.54589944855462,0.28306451200087507,14.387930956448267,21.746880141189965,1,50,1,1
28501,783,59,543.1694528152736,446.9829914392625,670540.0231109706,334.1763521721083,28.51364718259281,0.0053183357796348476,103.83480645894241,0.04557974106266682,3,0,0,0
33909,788,157,20.430410804371952,1150.3258509553968,639611.775061082,874.4260840318453,73.7343692798134,0.1286636509487259,14.221650613533875,10.980813518327215,1,47,4,1
79210,103,387,1435.6137763182392,242.82123464704972,961744.8153508257,605.3313607807128,28.360157201709026,0.023458513455313412,57.57807637203856,0.43501294314833794,2,1,0,0
11110,228,296,598.875786981079,1457.40311358731,708475.5850323213,886.011406806634,21.42783359210815,0.018590473805230524,133.65262663245997,2.640910905165492,4,2,0,0
53190,133,308,166.36435512195789,573.1275168202005,650843.2450929105,53.95647461815611,36.9908679499212,0.04406031856402353,165.3567433547191,3.810210840950665,4,4,0,0
36425,126,312,99.26599802715356,953.3552086403456,330433.20753880247,843.6446809391982,32.41321189017427,0.04651342725729918,75.5356838001214,1.0082036967082502,1,3,1,0
20139,169,243,1182.5480979781794,1294.1899082118468,543450.1389720449,134.76994285193544,23.967218614127038,0.04192206427031734,92.39239004830034,4.15523065522591,1,4,1,0
89611,139,319,368.36635050279153,772.2117323653406,140159.87889014094,787.0149485287617,104.91549094980122,0.39483700892718343,3.859085879935318,17.92275164499875,4,13,7,1
15762,531,95,359.34312445485847,1246.3161923773712,290487.3087943455,279.7445398466511,117.67477040304664,0.19035347184612458,13.25602624429852,29.86564945667274,3,52,13,1
58754,223,278,881.235796282081,776.1666046834538,721979.3460189096,395.82668400469953,34.962795876101524,0.0147937990529609,90.53678780198267,2.1401588103841,1,2,1,0
40509,534,304,1328.9111883401788,234.54911044796515,321204.34917165816,272.7118912112232,37.68466087877804,0.043362220127429164,149.53123522071508,0.99892333531863,2,4,0,0
64278,559,370,1417.1508091171136,651.9563760048484,708366.2304235095,36.85565993584237,11.647582404488652,0.03303011671876284,55.900401957169336,4.307666035171286,0,4,0,0
51519,846,445,1393.4379017608398,570.469446797612,837788.7675458046,994.8105389709455,23.01238768066942,0.012842184821293602,145.3443845381223,4.703115962028503,0,3,1,0
17858,153,21,1135.724504337449,104.32245916954233,224449.24924836852,527.8420417394075,1.4105743896866676,0.004469753869902504,79.35309956191321,0.9617955012113921,1,4,1,0
90112,102,493,1006.8419486249716,116.01418245998869,585867.5748080912,349.7616836446854,21.78099023593443,0.010756044850722457,113.40702031376678,3.013903978508678,4,0,0,0
88755,875,275,130.77826674368907,500.79424574725255,447653.4514470643,488.5934164933305,39.67766883772674,0.04639329599411395,77.12682980447333,3.3602539715191435,2,0,0,0
31687,460,465,1361.1841537559426,505.09052402537276,393076.2017580118,48.76309595635011,103.2260060134137,0.23046079751689397,1.393467989642982,6.585064328726521,3,95,11,1
96761,934,326,241.9874311965561,392.3092232920787,149805.64123832452,189.9649446969865,15.00141818859449,0.047081488814055154,159.3305888243859,0.026073997037297514,0,3,1,0
14182,584,255,163.8098533065101,640.1852361101552,15866.079398695541,276.0031251656522,110.34966451991917,0.12323018704956895,9.380361638050312,14.032718766229106,3,88,13,1
7692,232,74,1212.5257571183004,1157.5033915017827,670747.2919665269,595.3505514011739,84.40455623958199,0.34324018772424125,16.80432485257341,20.952331751362983,0,58,6,1
67027,495,173,968.2783361798977,99.8513860112881,659490.0497254599,387.08215637022096,80.46466225835567,0.40309965354007626,18.259005577534076,24.02670949407819,1,96,15,1
95629,657,495,114.7086578041823,587.2904026820058,131765.07673668518,258.2968010135401,29.194781613020922,0.025023510123514794,101.14418990049147,2.946955224606702,3,3,1,0
65141,301,14,1499.119920704028,825.6894902905894,758225.9056153463,119.57905044327592,54.78658138027133,0.28054398207983344,5.866968335444367,23.95807371440647,3,84,19,1
72256,430,160,430.5208549803201,1296.1784643761268,566128.1814048394,335.6930928412479,42.07815831189181,0.011295256498881502,180.65633521736933,3.349146658170396,1,2,1,0
18574,825,336,30.646393847269003,582.814463255599,389597.5122098954,783.8290010416314,33.76700335644546,0.028822682326935935,135.4566765211414,3.463559142748088,0,1,1,0
41521,82,454,134.15742305492722,1419.8240569700054,197261.4057025019,697.1285870903016,127.86924306054395,0.3187723556424841,9.921350065837759,13.520855097995316,2,5,9,1
11749,971,229,1010.0179864822827,744.4816034003909,133984.30795514907,165.95444724014942,36.767471817937505,0.03863129447988228,82.57125908807376,4.022133311941397,1,2,1,0
97714,85,229,803.0861738231179,1416.3865569411314,547422.9674395004,964.9945167355461,146.8785668422106,0.13048259871390938,18.605557880072894,10.629505040552212,3,86,5,1
45570,145,429,1291.3714296507194,588.7662060340433,94765.49504929286,331.88849324911945,18.234298755872512,0.045227001069283165,51.83089171700215,1.9912273188081375,3,1,1,0
28261,327,169,481.9794075104703,708.7642681229345,827618.6778446679,133.88662224218592,113.69785473347235,0.37435548802441687,5.0675797006029635,24.27410851327672,0,52,11,1
56707,539,455,598.5817042838322,1219.9521752811766,976029.949152442,58.7995241442956,28.41946510454017,0.0010718349482623235,170.82120136350434,0.2320039356281195,3,0,0,0
74998,294,244,697.1934953540833,725.3433312422317,27314.29559964058,953.0170391656948,86.1088084193533,0.4860240944227169,18.22349765835492,16.642522815129002,0,85,6,1
97235,143,78,39.58208357602392,171.7504267663224,474001.10580791964,151.7949435189395,130.39997302990457,0.324278430189623,16.192591221115165,22.833403149515416,1,62,6,1
80785,463,440,71.535890611604,139.2045430575856,437414.58338396385,2.7322508804721526,108.62729447648373,0.1255838493468301,3.8941488224203002,13.769292546747907,0,44,7,1
97197,589,372,774.1443223611036,1000.7517584652949,557979.0599314832,614.4098088393276,60.74576642682911,0.2707071018226773,2.097369219789302,1.2587312472093601,3,10,14,1
93126,709,32,498.263848015614,824.7171388075225,305158.08524311974,513.9720287503014,32.50920410479924,0.04815832122138682,168.083553174451,3.759842239462048,3,1,0,0
76558,940,483,1458.1358228129502,1040.3163757989314,673910.7399544361,267.56154436174097,124.63494899491192,0.21280871853412087,15.213375679979556,5.26471059414696,0,55,10,1
8509,6,170,1199.484742956593,799.4537026436062,42466.86315399218,593.2560292269239,1.3547909968217435,0.019884524515704306,183.63469278256557,1.9650101789895158,0,2,1,0
14578,66,30,509.8756546718334,1253.8487273951816,87891.9110250659,215.425948866335,39.18831617906385,0.00020137243058076517,194.11829784218406,1.3034683794650403,4,1,1,0
26386,317,312,689.5489896517088,1474.6139208393515,477862.0850142179,710.3942907069828,94.18661296041624,0.21636786895351806,14.199328999064114,26.294686715300276,0,95,14,1
7570,699,265,26.334144393484436,920.4551343803126,341601.6817035636,282.395001042328,31.825823567784074,0.025474004517229462,164.95518273721524,4.826490052385776,4,3,0,0
93613,583,406,1035.674436517278,36.43680101611163,359356.8649634113,501.6243762291529,35.554252932325355,0.03541403807950098,178.7447196262426,1.7759669134324736,2,4,1,0
26640,757,491,647.590342035884,1455.7192178640287,308625.2924586582,475.9416011271383,8.421156506030872,0.044191672665788495,54.45769570895111,1.9763228153011902,0,1,0,0
49116,392,246,1038.5572999461174,1084.5014536765814,247829.51752875838,431.15212358890926,29.346976324560682,0.006397279545861861,88.70833199399709,2.709338783793194,4,1,0,0
67946,111,320,989.8794954840154,638.0402171318389,821961.2910568563,623.3080616044894,31.72909520714059,0.016749262063756442,162.06862737091495,1.2807386789355446,2,0,0,0
48111,881,182,221.88718520944076,57.02243711825677,240942.3875746925,839.5981938680609,42.44952040308981,0.031426867678298144,114.16211679242531,3.115936559301333,3,1,1,0
59104,203,426,242.43788007862335,152.04659739565153,978844.3662992856,516.7533059889906,142.58050563000347,0.399190685997882,19.432320814160505,26.052390770881416,2,77,7,1
14259,39,426,108.50004845999361,255.16446531657806,230753.8088893153,42.34909388967896,43.483537261842365,0.026631896048208162,66.95725315114885,2.7025940188569155,0,4,0,0
41923,709,244,1165.2944087351336,621.5028757797758,882778.6517735408,512.6529369598704,1.5678058603496463,0.02277864263463149,50.500932019893405,3.100330094824311,3,0,1,0
93158,573,204,1059.5020304423556,906.2219979144747,713551.411191865,233.8975984933517,21.44682784056077,0.015279637933887853,111.17914042693224,3.2270750139920166,1,0,1,0
29903,22,396,1330.4582072048297,1370.3731113058288,350325.67277428135,703.6649352043494,114.77725942717896,0.4538425883615409,7.760484216113877,29.885184314960473,0,5,3,1
26449,506,73,1369.1124362695946,98.66032056672353,247645.1456442284,773.6167928198762,6.304090848976998,0.03531644626948068,166.3029401437862,4.16751324120721,4,3,0,0
55759,795,467,1254.8008321941109,434.61920914064075,772203.936372904,222.10179821781873,127.16294990603515,0.27603762161325684,17.82283823181074,13.615719969011835,4,73,13,1
74115,663,339,1415.7742959022296,654.5373642774006,55539.54303164963,591.6693671370923,99.819884353174,0.3936555433388428,18.097769429952635,23.342886701115784,3,10,2,1
73340,924,464,708.9291302272668,1221.131573865396,295639.57251087547,690.3325814992733,74.66954051171115,0.21526623630902694,19.21164393403648,19.463429538347622,4,7,5,1
37875,900,10,491.68716435666374,472.14583003907046,654805.8262028722,339.96700329466717,17.312356754497056,0.021738481703260357,111.38551639923912,1.0082144507593553,1,0,0,0
13453,545,296,1387.543810056019,719.0540345485757,966080.5713696303,333.7107158380034,92.37792808895726,0.16936046333705307,8.727997220644157,23.859122783207457,0,78,8,1
41523,515,127,1120.5034199646304,371.4244555254268,450781.84654981975,962.8641474128632,67.10418494189013,0.12371419675927303,13.054791900615857,19.9397150267663,3,75,14,1
98415,537,105,245.05514399740667,846.5859632229174,560653.0858097333,737.4658796303542,26.751931725287697,0.010619531032647884,122.5874572423047,2.9595048435578013,1,3,1,0
18585,685,196,323.3151360628916,1212.7548740334375,742294.6259212509,633.0052488659323,35.511862361911724,0.023979393289827247,161.60611844091255,2.143324476580723,3,0,1,0
26489,135,366,1300.4036575360024,1083.062661197155,952440.6646748378,435.3648689149189,53.72841108501289,0.3700748817243069,2.221044220407547,6.26634017517952,4,63,12,1
45045,986,456,666.5371626689648,599.5345167508887,876962.8360268563,713.6326159313348,39.56423245729985,0.02641785004372519,75.75907386915486,2.1528684438766903,0,1,0,0
19586,579,83,995.2066496866482,1119.5219399116563,926764.6023312756,991.5840390040794,9.144509252857972,0.017404096854555462,80.05683998179981,3.3331755817052695,2,2,1,0
82419,5,244,718.4389715161698,924.3847383595651,891518.7615891021,474.86154682580093,15.31452565461522,0.023871564222327862,180.02370656558094,1.7341342578931551,0,1,0,0
51593,305,139,538.3193695065157,137.01644850522533,144543.43948797486,710.2623917579762,1.005283341904598,0.03410794452877276,164.70720132733953,4.820312976757758,4,3,0,0
10029,886,265,443.2053012372385,257.6352208465638,421822.7848547133,858.9174019668783,48.65082928401889,0.033766621997130083,55.667770981030856,0.17626007965510893,1,0,0,0
22564,885,418,1277.4345064820932,644.8134496316535,161563.35234539746,672.2303850368247,40.242686133821614,0.01996229874891769,196.76761805145898,3.3663220213800917,2,2,1,0
91404,362,265,472.733105358262,602.5883610555535,213610.27002193403,715.1220366960845,68.6440772529022,0.3737496780610663,14.764855568845563,4.739188550719924,3,86,11,1
46233,438,1,808.0299159230246,1454.9562614931867,724141.927565581,681.4816497546386,32.059181157471585,0.021375700676508336,54.069560978284535,2.253390624591944,0,3,0,0
86176,331,245,1384.8349329700732,723.8363853667112,51553.29608231152,317.0356045848971,48.55015673167416,0.011849741397865605,183.4570902211813,4.5867635344976065,2,0,1,0
36188,846,195,394.54192204714116,910.6307184701805,278955.4751038544,134.36520289801012,44.43996950944003,0.0017386311815363932,71.0051736620714,2.11734439960009,2,1,0,0
18286,59,441,892.470144650118,812.8074669779751,950472.0633693098,476.8069590048288,8.961016059520134,0.0464758803337364,85.81913857397272,3.30538923574526,2,1,1,0
85539,907,242,689.748428396449,226.83472399913546,730625.9271978693,252.0131439152797,2.2368281363083176,0.04398540637085686,106.43188001783528,2.5471684164272075,0,3,0,0
89324,506,401,516.1826478256833,44.25408025618147,593530.9345035779,438.0991878499115,2.854815119258743,0.01729407241800972,85.03136418268096,3.8311152429483135,4,2,0,0
75237,514,106,180.39574377160588,292.89021270652717,443658.21952750447,961.7411211565833,7.767714545142152,0.04656607733667406,187.81596048455066,0.7883081306074285,4,0,1,0
42064,809,81,598.8759522759933,1098.4868026633553,800500.9350729529,847.6082386278031,81.6006140440329,0.498824743519649,5.003027080484129,21.466985030874582,3,71,4,1
58055,557,70,1307.4616977550306,203.29370538516403,378333.6855365106,846.6257365907123,130.23446632517175,0.15911513872937216,6.7042644781245855,19.374843512788487,2,39,10,1
16374,166,492,112.81761625008096,91.79906331297595,351054.39455547783,574.8096246199708,6.641160965814435,0.023697740042241774,161.37808001760135,2.339389050145209,4,1,1,0
82240,586,261,889.9676492280099,1456.2270441642481,457920.58110584365,955.8797245025495,25.010750384528485,0.03308279898597188,108.83409161670312,1.4023673924904256,2,1,0,0
71884,284,177,1226.4297656576864,636.7415145432683,922264.8745453944,556.9850250372423,142.06249262807967,0.19530921554814082,6.843580692599103,20.34476704546793,4,95,17,1
36077,714,264,367.41909835744224,1163.090636238094,816309.1696780653,455.36301759672443,66.33090114139539,0.46766665357423365,12.647055223909387,23.33993333061406,4,99,4,1
41787,863,145,794.4714120961587,1164.50853713695,417370.83535246574,319.29700168789975,41.73260667167287,0.02439138806375839,192.9837297507787,0.520813284999439,0,1,1,0
61771,966,486,556.0845072246956,377.86186468697383,841797.0233938348,818.6465788950708,131.97034548513489,0.4759704363480759,5.857673269826742,3.825219792716281,3,46,13,1
72602,49,221,740.8674883061418,1446.0843810429776,812106.0330225694,708.2531035367247,30.399647350457965,0.014206966985853726,57.80715955318119,0.6477481712142136,2,1,0,0
83812,15,298,548.7503098974755,1323.6481228934838,942807.8199385669,940.4447036632345,84.71278070953434,0.32896049601436805,8.492732263259066,12.340555996362184,0,10,10,1
92428,644,165,1048.2644489259944,883.4563051104784,450595.2902392463,286.6228451890668,36.398218742750785,0.026194684391792664,95.69909286590662,1.783687158927263,1,0,0,0
74210,284,28,818.5661538697744,342.7025735636409,423181.29111142753,63.84264194147718,119.6956668110879,0.12108492035902074,10.315691120619203,24.304340655445134,1,35,0,1
64643,883,304,87.44739541590073,734.752696395433,962609.4232055661,139.66061052712456,101.90059951468893,0.2836176124951777,2.435364688597022,13.602387668646212,2,83,19,1
10967,470,275,1361.97447226295,108.34238187727006,425250.1535401687,104.27803180513402,45.247157778531474,0.018103966808007476,144.00242253085668,1.0057920655195502,0,3,1,0
49395,212,65,1411.280514849776,88.63160764430293,965075.9230000618,48.00718997000389,3.9497132103137287,0.026533595672410495,79.96892680827432,3.2359164761484043,1,4,0,0
23641,540,206,1075.562648885265,744.996317032005,558870.2910955909,733.850047747794,5.084532186967699,0.017185078549195598,69.3154453979176,1.8472854528156424,0,2,0,0
29268,167,196,1000.6138254822014,1355.305929197542,744122.2558299571,595.343531193852,7.786406047148356,0.0259707389660025,192.15172882239742,2.049329293830662,1,1,0,0
84449,983,65,559.0913289051261,332.9356031510133,170793.44906722955,252.45387894313512,111.73201097839197,0.3664897894456006,17.54995335985585,13.030823101682364,0,45,12,1
21787,737,385,568.5482794965171,281.43946958007774,669487.5986111284,283.0945893934398,52.569247852480785,0.1919993847200411,11.515401681981412,17.78431232540124,3,62,1,1
37039,36,162,39.32288568100962,532.2835056666222,704171.1630996662,60.67757342190192,33.2771734485035,0.03951350678872301,128.85946330683896,2.930092416606839,4,4,1,0
11809,232,117,237.7388227400994,387.5750425735389,392626.1733767098,435.09040247256723,26.66528825030452,0.026472014069245958,94.44961610559703,0.25097910150078395,3,3,0,0
6815,594,313,544.7352641869843,1301.0615701829463,691538.6811935445,692.3970585876446,39.35664882783475,0.023672093409012454,172.13507889813985,2.7654986639804298,1,3,0,0
43263,777,237,22.379449754263163,627.8980467280834,681510.7632002436,761.4784084676747,135.67449637509043,0.16348255134757472,1.9640745796918107,10.27222182398127,4,15,18,1
24685,398,109,1433.9965140541349,1489.1799578378566,42415.63691448138,125.18370856382883,20.804767463343985,0.049785638433841276,137.71400196540753,3.0489046469720065,3,0,1,0
75476,715,495,203.48937366525837,752.0108247192761,973655.3547100258,624.3749204863883,77.48929089185546,0.23910577217594478,12.146566528272773,4.8909626127814345,3,22,14,1
95793,900,76,1302.4087381377606,929.3524032291737,742218.3265428548,942.4614858965185,11.845906139895089,0.017750537978345898,109.72169960092155,3.186054021252369,4,1,1,0
32775,607,362,906.3645861598493,402.92794894171874,780102.6846780727,295.0270589621587,140.8686507533465,0.37176316431716805,2.405970869826792,13.999724964795316,2,44,6,1
16744,720,125,1001.0422088980959,1273.1036942007108,585386.825163756,379.5500924927838,137.04261506805977,0.27731874779967713,6.076364704688089,3.006577085752694,2,87,9,1
26005,991,27,629.5300093935435,54.143222336427684,747140.2881216077,616.7254503015727,12.048790872415976,0.02397373394910098,96.51879235545283,3.8500537899189147,1,4,0,0
39374,696,156,1271.7733352646558,1049.9587555155754,496457.0308954192,486.66437017513795,25.788927468829165,0.018346315195431367,90.84906215058328,2.30712287995656,3,1,1,0
21424,955,409,183.3823643410634,599.0461828684083,158370.78756866325,611.6203638117427,76.02436675473567,0.43553305587897784,10.015560031816886,15.750097737495024,0,24,1,1
1709,119,325,514.1634206066367,687.4877893697446,513882.3505103062,479.32185020775626,123.1751742641773,0.26081662317009596,19.006458212803857,23.15842128163097,3,27,18,1
55978,241,449,1348.8665261641993,1210.3961783616166,712855.8410017588,402.911106495898,50.09916449671753,0.25516554518610685,8.608971118975616,0.5324898738373307,2,7,10,1
31675,907,427,233.39882862942295,1026.4154815538027,839310.1639603174,499.7804657952599,38.459026505880026,0.0351295163779234,94.0671975403926,3.8389376235231767,3,0,0,0
76963,475,376,321.80713240342334,707.1681106545276,467042.6018126769,251.43997905002843,49.933505269467155,0.013026510997382402,157.09345846360947,1.6768191337450389,1,2,1,0
90166,516,76,774.2479320537998,1375.63413855168,961198.6091694735,417.2081311651176,91.52469153570938,0.20026293391654734,3.0598367048485087,14.364165235241206,1,81,1,1
36075,774,97,1174.7732087476263,755.1517901944609,680014.2971167935,192.50243996020296,26.730274542799805,0.007408324800739547,170.1201126678478,1.3023191959340492,2,0,0,0
39232,670,71,842.2170686040502,128.86296152729963,916398.4671173394,337.29686437439113,44.05809015509243,0.023218418931910113,51.78800241759698,1.3163604229327968,0,3,0,0
5338,770,383,74.88033193333547,582.1942248324154,597914.8558064845,835.4197493212775,40.50455982512577,0.021355210271749987,143.94456632276598,4.48832945714721,1,0,0,0
70531,398,162,217.53540383912943,368.1985445936215,577888.3887138473,516.9470210089057,97.43647366460553,0.2163113743951901,9.190446305053447,6.477736297295478,3,72,18,1
29748,227,454,853.7290096356808,1152.9639917013283,713040.1126166426,227.34104594343597,145.3609645947667,0.3862472184497756,2.028275633374766,1.5519926950211078,0,22,6,1
85456,191,457,291.51342548536655,1178.3835957152073,197206.8761673466,347.2590929661988,136.16852118879328,0.11540226512035377,10.587046404594023,13.506226437739688,1,82,7,1
75116,78,206,1199.367952449694,1448.9943095458204,158735.99091245673,880.2267509566046,42.39736069168358,0.02463134909516462,158.8392585234324,1.2636787138669296,1,4,1,0
45415,75,246,1294.6333607039192,931.4702463337237,93687.77872956466,755.7609776729864,27.148829274542084,0.004017195808962315,142.32976940597229,4.920479871206266,1,3,0,0
7640,705,248,370.91251353884815,184.3928566653964,954707.4878650012,269.7011697304273,45.29096535638231,0.019080327669042652,166.43651235464665,1.7545133600124534,3,4,1,0
90539,957,278,1206.389710034134,883.8477322586956,602728.6145234078,105.63872079691036,87.10610833422025,0.22744755755821308,6.287824728723445,18.33622760778412,4,12,15,1
81982,692,69,1293.9781134293316,318.2846311136426,897570.4467344638,285.3931505723998,69.86813435377121,0.14062298115716276,1.7303281510185098,23.90767370550282,4,49,3,1
26831,670,20,742.9987338405174,1171.6929851123693,42387.66654596893,316.45306909496287,8.603857351839327,0.02060153027830255,81.75552028656756,1.8032389235354718,3,2,0,0
73724,574,201,465.9062470025927,955.0120318410892,495001.9239870526,19.343381525061293,92.77880298992112,0.14674396089536015,14.17206576753182,2.1948504939967552,0,9,7,1
81882,836,380,193.57052282910848,1286.5644102814892,967432.9674169027,56.36391465599734,13.392214395062584,0.022736104821710592,196.0489019842261,1.3154987294853,2,0,0,0
68015,979,70,882.8852901980339,822.2327875234363,985263.8750296717,447.6644878141385,21.414635086079997,0.013401171543825103,112.63617994404835,2.296470363118024,0,1,0,0
87388,430,328,952.3191044953905,821.8439335602012,536113.1772557318,697.005801412066,48.28549939603922,0.006345837448409098,58.88427574015036,0.3849721460008776,4,0,0,0
71427,128,201,934.0553186138676,176.57308029669161,246041.3617648544,476.10375471100076,78.09577986348893,0.13786904285224766,10.77646706405123,19.977498756268627,0,81,14,1
9305,311,121,481.4161776919085,1083.6692303918778,884184.7486336047,773.1849069815906,44.81837367147361,0.028772069927565997,178.87359885699382,0.35104034793323136,1,2,0,0
72864,811,99,1363.8690315662056,1459.0068438717014,677166.2108722813,555.9809380227283,17.65701246628164,0.03218378474699157,186.78556410257067,4.609124322114506,4,2,1,0
77881,841,418,254.8105305199976,876.900233963701,404538.5379377028,262.71705411137026,9.511118874581713,0.046943973727715804,174.95949110433816,0.8203068108997447,1,0,0,0
20653,450,309,616.3043505232052,1237.205387700447,449480.61760422133,916.0204339833091,42.992620575680114,0.03639824817663056,191.9462040157276,1.2907355157543932,2,0,1,0
81793,966,335,1225.3542713046236,1329.0408846650794,556489.5509655979,499.10766157225646,79.32865009761238,0.22489039905108263,6.747373026639132,10.782114625483208,1,36,4,1
52325,591,331,1136.4980930217675,1100.3705860002203,325650.9596298022,236.8377806361154,132.265014335839,0.2042994082447371,19.04933247880826,28.950696270488397,4,9,16,1
59969,577,451,88.81188806640637,978.9377129680622,427238.62412926723,893.9015120294862,81.65976387646549,0.42368944819401555,11.091155330943828,26.876696482943636,0,97,3,1
31400,419,261,261.87294353803213,626.510312801244,465692.7244184781,914.197314916082,82.65648815357079,0.11015945000276686,11.988119238389551,8.116091894297888,2,19,2,1
53910,879,347,1032.8765350328574,1246.2790992127723,431640.46212046273,956.9030185167558,8.868851951478122,0.023556734542776087,71.00461908712964,2.9765426167701636,1,1,1,0
81406,365,107,835.54184626679,297.7465268590266,69529.4273543397,590.774273765942,39.754946139690446,0.016734343734555606,165.40442542575778,4.076397120674894,3,4,0,0
16359,360,292,1346.0902650078774,386.0975068135803,596681.9706862259,624.3413980657128,87.04959772254398,0.2873101726720466,5.72013704927639,11.01474509423791,4,67,1,1
98979,115,214,386.20237573457695,752.0539992224535,585946.4426081638,171.2240552500249,26.128822205082976,0.04426092204001808,182.4369061511785,3.314733406297574,4,2,1,0
58731,875,51,528.0219701483518,1415.054556897674,433830.9280269391,97.64276496077392,18.710634036028697,0.04786127624228395,145.9668106498758,0.8038976839377504,3,3,0,0
20771,534,466,215.69738916654694,65.0762418281629,756102.9104855703,593.9581597493016,21.40951896926906,0.017679495129985946,85.03564934508648,1.1985205343897314,3,4,1,0
72252,800,412,353.5537854380229,601.5308806584461,241779.84119623323,188.79593257427751,5.14565323030109,0.01836300137642002,160.2265177003035,0.2859477593703058,1,2,1,0
22550,34,177,675.127558513127,23.243540391141696,655446.8368043507,103.25842710268111,66.37812377905271,0.22826857170301068,2.979979137022508,16.79158895433474,2,92,5,1
74332,770,216,701.942614476878,1066.1216500710607,745924.6075683632,694.6735679753561,4.8170764698192094,0.02240738422953675,116.14956705997233,1.2565405736106616,0,0,1,0
70692,406,112,872.7928624750755,737.7015668200928,779574.7413375201,422.95810469578,9.174625950354994,0.002995009282289041,81.94350945105012,3.745252794071008,0,1,1,0
27736,569,261,102.87853182790165,265.5560281132814,929951.7081593521,663.2492779048988,13.118301877933284,0.036461223062964086,167.29130123672056,0.0008811183108137222,2,3,0,0
90067,221,160,1216.8443891814359,82.46210193989688,293762.8060133515,501.91624677249297,81.62242861748389,0.43579017795705177,19.7898639490363,10.189977027735548,2,17,1,1
59095,931,287,927.8832190102496,29.669464775757042,839392.435370624,508.23628880687,35.079715646727344,0.009811430397417949,122.70728819262857,4.543337836245749,4,3,1,0
4789,78,305,642.5962077384437,233.4206258497544,821226.2540201801,254.89966713982142,26.337078410689973,0.006806432120507678,104.52121756766724,3.768594082039434,1,1,1,0
92421,349,234,1261.1525025331957,1438.6840615271988,968318.4498079087,907.8147727248893,96.26444975552832,0.1514174914162031,15.841833002282373,6.11338312103252,1,15,11,1
90875,866,379,958.9336809572202,568.1687719764615,786052.7325157571,44.66510934130989,13.773118515678137,0.007620596698118149,77.10911838567502,2.7015914265260528,3,3,0,0
16072,585,116,52.0551401445625,940.856826460327,100648.21406077794,210.4485726465093,30.37912403863739,0.014824817980306737,51.588975416599204,1.4145291910318825,3,0,0,0
96839,894,129,538.7929417455069,1049.9076049987036,491017.83488160453,500.28764433064185,36.39132324862227,0.04632964332323124,84.51138876782372,4.806657629207046,0,4,0,0
21732,352,324,170.39194906933653,689.6045750172743,518448.9153158525,154.52612576161357,87.91358321387239,0.1875580610105613,16.183708159046738,21.76220721330858,1,20,8,1
55643,344,53,745.6332382828164,835.3559424726476,864467.0949353508,197.96719293454794,42.83071435776473,0.032400642007018414,148.67719109437417,2.251329133421673,2,4,1,0
89890,430,209,397.67855921084197,1099.1649537684366,950348.6305992334,482.0333108346246,17.051311298282503,0.01836863014979643,67.58892731980711,3.5646943594050646,1,4,0,0
415,166,359,1405.6415017867425,823.7546989325049,618192.0537449238,435.7655475328882,21.11322079627672,0.036526778102916165,191.56012873159767,1.5891615094879423,3,3,0,0
39272,148,355,100.54953752444571,1230.6236844546347,101110.14585088452,724.1156165363461,118.45149446400107,0.3607047961425296,9.49288622975442,17.31405938424405,0,41,0,1
12608,622,341,771.5644521961234,179.30315208487087,375972.20815562125,240.18949017756643,139.8583874415927,0.29591620012432196,1.9617399991465267,5.947378140453466,2,5,6,1
58352,891,276,491.71775839859384,262.48968838942505,263439.8105848717,176.37917096076947,41.07632187498211,0.019268863561032114,105.80734736731121,2.744570398613858,1,3,1,0
35160,304,108,164.28080899691918,1124.8938088649052,617581.6829233178,766.6011795661273,27.646784888348744,0.045595643705250495,152.02871229958754,1.554519945449944,4,3,1,0
98629,460,341,1384.8279497233937,892.6271966853515,903699.9499201291,706.4927378138178,16.583410847812594,0.047854495300095695,131.5308788430026,3.5391420876997697,2,2,0,0
60032,102,301,1438.6822190626845,139.18708861065198,119490.16169445493,421.59906822822205,31.590560124556177,0.002391573573035261,134.32084717434415,0.07182232173900349,1,0,0,0
57404,988,150,1215.2066724589,660.3678238440808,739376.1197111118,40.983995736674785,29.218747426642192,0.04518119274820939,152.75372473863047,2.421397496639287,4,1,1,0
66367,187,125,1461.7227749729614,1425.2437658472504,74628.03765558379,827.1780719443259,19.087295131952274,0.04678323354691414,180.11647535095628,4.797359651951853,3,3,0,0
70666,249,496,301.20951871557673,219.56479104400447,555943.0852556409,613.383471125506,33.04876392795596,0.020244837630619707,81.38782716339841,4.748902379930909,1,1,0,0
98219,271,374,1426.5903130575005,1037.44552194775,14429.366544815646,877.520122134046,21.26220260361328,0.04847998730618182,199.52373774460224,3.631816972936802,0,3,1,0
10911,988,255,86.98222568775672,300.5071411328436,850385.9416343262,431.60887564123345,140.8903831848698,0.13212364732506707,15.062917279692028,11.274785749079848,1,30,13,1
29720,79,353,1216.8287320344466,843.6205401997711,87611.13124826034,482.65287692151054,45.19322902491682,0.04204967668691252,109.32168327828175,1.2791004652717708,4,0,0,0
75775,293,249,499.5482270701076,1431.8760166244608,182960.8414647515,278.62316155744026,100.34635193780443,0.37045495965307085,1.3467691567062787,22.11632610355774,4,77,0,1
81071,844,136,505.33735444097607,1297.712876410965,726775.2089475665,862.2614530025501,131.3497749412499,0.28960587669938687,2.9280178953807994,5.483685521172841,4,84,17,1
33754,935,33,1470.305275385058,783.4246916047017,891504.3300796343,319.2505709599506,144.87230478904002,0.1674253368733909,8.914646820198596,11.593279508357616,4,36,8,1
98354,660,103,448.89318697263843,1412.9453889931688,498673.1037314802,340.2067614296282,95.30739912881444,0.4753867735164906,12.173981085317251,21.65826550230594,3,52,12,1
37127,212,485,491.51319376753474,934.3893848252308,130835.84523092087,282.62959439468176,143.57157462679896,0.4336873164331103,3.124523265182381,0.6568910610601658,2,85,9,1
98960,588,245,1394.6948369983982,1130.372993517748,292254.815871969,434.48937151398366,103.04810167555914,0.3668876138286713,19.396101025184834,6.1629824853040125,2,43,4,1
64267,5,492,27.332859591534504,1470.9719281071937,246421.74343730864,458.5827485700057,53.29913596040663,0.2930442264419223,9.353285985445906,15.13331388869522,2,80,16,1
19584,823,235,1400.9471731842684,1241.0935900235256,903.681614566185,708.0952138588651,5.194536299416536,0.031073945420617186,60.529222896153684,4.0531827715014295,1,0,1,0
88273,862,118,118.71740633079459,554.1584440903081,216543.76124838652,61.17709385317612,46.77596793525499,0.01901522508892349,77.55438584088583,4.220018401748192,4,0,1,0
61497,428,491,1237.782577507656,816.3920576860143,681982.6634957482,5.418410187286242,30.621044022565055,0.04183892811413901,185.0965113412978,1.250165574771784,2,2,0,0
19423,572,10,284.1691732484182,350.14551170604403,998776.8904846808,857.5104197801913,46.99602389630052,0.04948374338140549,57.34830517227334,3.426069276021269,0,1,1,0
5447,716,261,175.98436864978808,594.7128101049893,745991.4815375499,492.55461538386305,91.93424408005427,0.2311508531789102,10.993103650120014,21.453557735359336,4,58,5,1
74434,34,391,1333.8953370146594,1440.056372685289,530187.492934455,504.564152517058,40.53557216111436,0.008362539681195408,74.56623674135733,1.5777875066504858,1,3,1,0
26812,661,118,52.16227141110713,1366.1303790596544,563925.4741396215,7.528338796815067,81.45790995164668,0.39803167950893437,5.632326613750041,29.09816366181505,0,9,17,1
74176,629,395,1154.9585763813054,310.14588622477805,503241.80827249517,912.2369758912117,45.09442437566492,0.02159982211664778,148.26618679258928,4.480680684035237,0,1,1,0
35798,455,401,1132.5273006187736,665.942619622084,356174.240578778,791.838688605761,80.37627396939233,0.4191623546947516,18.63744587104233,19.26731091171688,4,75,3,1
48447,402,125,607.8860593313323,376.021809220057,271487.8552598185,247.15279999156007,131.4033672448366,0.4086192652775912,8.629321991755894,19.16501046354857,2,70,3,1
44255,942,33,1063.7925689704,1317.2509281548482,800282.5800221941,646.7290238834818,3.4973150424420685,0.019427337672317427,183.42194796658583,2.5492611845923663,3,1,1,0
2935,301,442,243.4994703232605,898.5805499378376,999753.0254036861,810.159128661438,79.95877680715742,0.3118457755080921,7.019810640825898,2.3113529810999918,4,10,4,1
16260,156,248,830.1763707158747,237.5121458901537,917930.3406172713,147.99174995411616,37.82464235243242,0.02863864846686383,199.62748124555827,2.759341713224128,0,0,0,0
28116,20,179,75.53398724322108,773.2066776535002,389199.28446138086,809.6903279768356,69.01082297285626,0.23942802402914248,2.109867143184083,14.995546852894133,2,85,17,1
40440,243,297,44.7398323265623,843.9155637415333,969903.9461892579,433.1605010179551,22.824225096994347,0.0016120584342834588,90.9230605519216,3.770028211902841,0,0,1,0
75568,259,88,671.8870165055254,253.1203933653291,869819.7559939648,941.1159697089555,79.4382615941582,0.46134886083349913,9.299535253615732,10.567483065241756,4,82,18,1
24043,124,286,424.24600969752834,403.36606359944955,732792.8201623203,283.55127957128263,42.7129781751718,0.03375413566451397,114.92835231272336,1.4108924196173285,3,1,0,0
14221,828,200,781.6514334057757,1386.0251131636735,669314.1325761252,74.1773344987751,85.83021272371863,0.10370794197122435,5.188412767346303,3.9176518935222946,2,37,11,1
33081,66,432,1495.3792832289823,1434.1291025152047,22885.435695751352,330.8537473743025,68.17637042533104,0.11306048105861094,11.896987708642715,8.265504292450387,1,18,1,1
97703,885,44,568.3983216302292,1204.8349146004202,825752.6694186671,95.83880040317744,17.06621856902321,0.04429320787521504,168.3260539075447,3.371870925036324,1,2,0,0
46650,882,475,38.65900758285424,677.1513872758878,954567.003386961,862.7071631309057,10.544630147999479,0.03989902377260307,57.76896445596089,0.21427368953319426,4,0,1,0
98438,50,305,1096.2992691609786,1076.4413977523056,564734.9350897016,471.27037925674244,140.01721064322555,0.2889653507257293,8.305237616514157,14.772896291491968,2,18,11,1
72735,349,86,805.9294076628545,888.4827051940888,259402.96277919938,962.6499450870194,96.2944995981347,0.36791793015536833,10.793310669982002,17.8575011908239,4,88,19,1
44238,705,207,565.8253768600124,776.9250261798163,413523.575125205,879.8501119148714,2.6832645447012196,0.012756664097639443,99.2098571026267,0.42876691382573884,3,1,0,0
72580,100,91,252.2686729678023,1357.5980480197575,379207.11515274126,853.9664410778954,31.07331794534782,0.049303569205065685,93.59392093555763,2.7683947415575445,1,3,1,0
59559,420,483,288.88130820417405,1140.6576908736904,902069.316153182,687.008787798661,22.649580507640763,0.038325251060917914,153.41444923447926,3.3564751418968215,3,2,0,0
40326,260,289,774.8380535992738,1346.593740418332,215808.03561331492,217.9156171623785,103.93236217391681,0.2972878864361129,2.4475013981788236,25.87307128563499,1,99,8,1
45085,648,496,54.70961701130401,1068.8275140384635,682282.3397664253,409.92335181714253,18.99168938425253,0.03177736119724189,180.8313915094575,3.6217813634478038,1,0,0,0
10287,377,481,478.500710451124,998.8714064186391,873551.6249107977,159.42560005262442,76.81696887524308,0.30769150958171126,6.800555616732669,7.541638445903717,3,15,8,1
83945,898,428,1045.6635323047965,86.87172654379765,789418.3894508375,3.0875335622063504,23.758946781600045,0.03948897018755288,113.03746750985971,2.1606913207034326,3,1,0,0
74001,234,53,659.1051822088198,1381.656883517714,424726.8095343908,33.98151299711721,14.6818392507292,0.0057575599055769535,112.30365382019754,4.004006213530728,0,0,1,0
61097,814,37,983.201163184098,552.1678514601709,927087.9996413263,137.3735001491765,56.00118250528841,0.2465448677079913,16.479632613775724,24.520344297691825,1,22,9,1
89646,967,327,1312.126081045184,134.95232674470253,267950.4057735457,638.4700388590488,45.568691771319585,0.029839965762858883,138.13756408828453,2.1220008427463273,2,0,0,0
46223,723,323,1361.5710000713577,1485.662156810702,791017.8183431724,553.0578721073744,117.67040485044963,0.12422485901543157,2.81400947023566,12.010869243018933,3,60,8,1
32549,380,321,133.76593811395946,365.1261422911026,699993.1972065526,852.062775425117,58.430366231394686,0.15427597792268832,15.483432388502248,18.35707157815404,1,99,10,1
92047,473,488,244.95174573686828,669.8373390470151,238754.90711505126,795.8796759609293,32.803417964735715,0.006210526609995094,147.1194672974545,0.5591418672975779,2,2,1,0
15578,973,157,1150.5341178131189,1142.9196108884828,395142.3852045968,280.39135613789483,15.872386356755644,0.016504737714103768,58.457242292347914,4.705610349252336,3,4,0,0
33089,150,37,866.3555520930473,277.52365896827604,557654.6136981004,143.56358790104161,82.54006425105044,0.4214613389443356,6.66446801073625,7.101536800665363,3,91,15,1
93621,425,107,62.90266706935064,1170.179575359891,565852.3241306895,984.8579940333819,3.5782448711193693,0.03180499503053336,172.64165132906874,4.677542252038231,2,4,1,0
2282,252,441,102.11828306543477,991.1138481519287,860659.640407166,546.1126217153247,89.07198725689969,0.20037854388878118,5.898804631138493,6.239840171970701,1,70,9,1
97819,361,439,201.29448356037474,700.1640973866448,309115.94270920666,726.6502842422728,44.38295189634689,0.03502065670594038,128.70113056679304,2.3800666301940154,1,0,1,0
51601,250,191,1274.1061544071083,1059.925607343718,825146.6970741014,131.20178634674966,3.977990949280132,0.006462470672911319,176.1423089619936,1.5353911293282323,4,0,0,0
59623,882,325,464.80126609561773,340.3663685451121,592716.4264668052,92.36691067645181,87.47997083235157,0.17015222704323735,7.016163543509387,9.365005747895355,4,20,8,1
20122,553,43,751.468574366899,892.146941003238,244422.64002579302,854.3432600995609,36.84123206665255,0.019557796311252706,64.7708471599471,0.11130660940667947,3,2,0,0
26342,33,271,1232.4977225716539,1236.4638898273822,517643.56499309314,716.1372677010112,23.688598414427922,0.001374124185153386,186.12681421820534,1.1832935208898598,4,2,1,0
22021,808,279,1372.920746862326,127.66417408193439,147407.5594830287,557.092750174303,100.35990652300521,0.3601133388641271,19.35454217171279,21.831770746728093,2,54,5,1
62106,569,197,375.59369247849963,1291.0949087788213,587364.9454027866,661.8001009510368,23.116399330699444,0.04855401828451843,101.72874712554314,2.632727087160902,2,2,0,0
81574,851,479,1271.4736589190713,362.81706267034605,967506.0595021774,727.3676479743477,116.1588058047766,0.4440093971222573,7.695521051534457,27.760278291064864,4,44,12,1
70694,114,266,61.15604969804356,425.0354927427451,994240.1344349125,775.4247722075646,108.58310683130006,0.35546834166103913,3.7313834689618606,27.919235283631064,3,6,12,1
9181,983,149,940.129760070719,186.8829547936467,236303.59415753075,75.38055827318539,10.235379696237095,0.03519277660319578,57.827287865398105,2.3269001785021617,4,2,1,0
70841,375,98,209.1545873816358,1002.9794967706432,147540.03761171026,839.7633128181791,10.913624023872405,0.04705780094471237,56.754416665351236,0.03247491355261589,0,4,1,0
74850,884,228,1081.003913296196,898.3614805527914,772530.7089166158,420.49294261434846,7.346280360401147,0.0317448240384434,107.35925898904094,1.1755020908626395,2,2,0,0
23655,366,439,1202.607340354576,948.9954013997965,607700.6033353223,924.3408964759604,41.016558377115075,0.020242946263717972,193.85876245299485,4.664236782439638,1,3,0,0
82272,92,82,1276.1137377835228,290.0017868219057,722196.1166034108,440.1046873059709,96.86862367328101,0.18021651965541882,3.944936754731094,23.357082152837368,0,55,2,1
44661,777,286,1493.2914839970526,1359.1529688024839,342137.3886170444,162.2885648572271,43.89252778055976,0.030463866855055186,187.38399700442574,2.8099689696438475,1,3,1,0
69237,304,328,434.21238457859147,373.4136404556885,245706.6072378409,297.00161481564146,35.386241014839484,0.03032882723768862,76.96598001310578,4.733371865360091,0,2,0,0
21775,242,120,1122.8659011003801,791.4749656897962,965696.679562742,260.0838879694779,141.1002996424778,0.46052129295132516,8.972918772219279,14.115068222062712,0,46,10,1
59667,448,178,1467.764229998981,1403.9793872353255,364238.16812038777,282.4762661851225,63.45428135232872,0.26946974837568993,8.286027081166136,28.004798096339798,2,6,15,1
9775,286,493,707.4257029643791,595.3383551062878,638662.9408687188,652.2068031558047,38.362129250388776,0.011306033377543552,130.64566768613028,0.31560988613442476,3,1,1,0
70358,870,406,1345.992017680659,1259.6904738382143,198695.7731217311,554.3843339309324,31.950780985836797,0.044069458410278234,183.92589672419936,4.119461000005839,2,1,1,0
32764,989,204,1319.4905100967947,1136.4678197946087,78701.44859077434,951.5528795259328,91.29703125020109,0.4727054756628527,10.942779832905003,27.60640892984344,3,77,6,1
71675,840,181,168.12182231016752,648.2810547742681,1449.7848938556242,635.8977501245131,25.24723037039533,0.03818454913869298,90.58953495422901,2.768284012862873,0,2,0,0
85347,568,308,1312.5100231966148,633.1193580004451,374850.2168225216,967.3875523189429,68.36270195146062,0.3368559615039082,4.248797507479369,9.572999816156889,2,48,11,1
73206,397,391,892.3283895192699,959.1517402978301,179802.2227339931,2.7607663444449737,46.87790377031322,0.04424111270713196,164.9909676168991,1.9779337134823027,2,0,1,0
91127,632,54,958.1400274605429,252.41497461017212,954767.7134879326,265.441539099407,100.17544675911363,0.37967481473096754,1.8526098496636942,12.542387901678723,3,98,11,1
29153,320,210,829.7923457520923,1474.6712507927884,244531.20412618684,694.1617659475451,46.743369357714755,0.005543981294519357,92.9066108582049,2.3787369685442323,3,1,0,0
52162,975,12,132.61344981343856,909.6446523731729,259710.27619606012,36.856387420254165,8.527213822873037,0.022259950281533505,169.66075233845316,0.020936697399944748,1,2,0,0
25025,736,29,100.0768616645479,1164.885422471308,688888.4988288749,868.1442237787118,63.12313748351826,0.11689909133287531,12.291066870578371,9.674138931212825,1,77,19,1
5285,717,463,995.8056514558675,137.76949351876644,668985.0699968883,562.829609720994,15.379001820430146,0.012920743338130543,100.12321328999727,0.8612439249446047,3,4,0,0
65051,440,178,59.645369239774844,943.0582003250937,685744.7369758025,471.7903731779384,141.34863544806075,0.20122435213498885,12.143829148681615,8.631738550883275,0,14,11,1
26028,940,291,1140.9335780439578,333.5803984626861,342119.2684282398,630.0583216328545,69.87746637991283,0.23439932959997678,9.618513258946864,25.668926576511073,1,86,8,1
24179,316,26,1041.3558631972912,1474.463012849141,603958.5670478735,459.73733814697835,18.310665007500205,0.039921417297255,179.33863396651057,4.23806708312235,2,2,0,0
15671,935,358,282.0668583010688,725.8341561717434,994467.0206227739,685.2880737566544,60.39302132963107,0.3848427231180842,11.496164871257783,13.910145074965232,2,33,4,1
59562,781,455,940.7826511223436,314.9553567932323,307563.17645985214,961.1785299756963,47.922384714697436,0.03533418549975139,88.4362574105474,4.6555885339134315,4,4,0,0
98244,98,8,976.146628266023,428.87378573123226,779514.9022186383,881.1836971723079,26.491513902077166,0.026884930586134316,165.8197643185907,0.6761904803033036,0,4,1,0
62904,141,308,1365.9150865283,636.2561571830728,500079.9547375509,993.9876665799663,26.10918635767485,0.030376400289598905,86.32829901845298,1.9294093218383546,1,4,1,0
14884,891,407,24.079813358527545,1342.9065735532565,833047.3474315032,635.052384111694,96.28685137082219,0.44601798381932867,11.413534882706744,9.848972604769303,0,43,11,1
30535,755,267,513.9419765661208,406.1699389152336,679111.6388614506,738.3648991805602,37.16998050947566,0.04873467409666391,117.62790045540042,2.356399377179226,4,1,1,0
80928,270,340,35.54351862655347,1158.16054577822,318552.53660346067,718.8461134683159,18.420363588460972,0.019376815094456476,172.493338020898,1.0685704177618298,4,2,1,0
54247,696,357,898.2576799180855,1193.2238298114405,357412.4549323179,650.9720649257041,144.8270569035074,0.23106341142519185,12.660284133017894,21.312336160933455,3,64,7,1
40957,397,200,875.3914133953404,1101.466414501809,982776.673879143,440.5142151562156,127.31104396346305,0.33350747011327175,1.4788888174258168,23.99840976731725,3,15,8,1
74189,508,25,529.4310388372853,41.90364775586193,299872.448149661,283.4645612337999,134.9670478036327,0.48457590066228884,13.885011016427486,6.466620190516731,2,26,7,1
94617,971,443,266.53847705726514,1473.7760369619514,70833.19367603489,99.76497717949985,5.351591764473874,0.02047994043495298,187.27356390739683,4.426595023945002,0,4,0,0
77186,727,497,545.0986821188211,917.5001636229915,953284.1686555758,649.0048123491073,47.042738698735135,0.017710911631648275,119.76293998596114,0.8771405048464076,4,4,1,0
86722,907,121,1413.6843169303613,123.69852380653462,739751.8170873716,687.8812825339126,68.0244727979418,0.37330872175187324,1.225846927093033,3.8639833451058028,2,63,8,1
78297,618,79,881.6107320062717,614.5089726969289,279500.6891197895,15.373196484064875,102.80002119273212,0.2981544079724772,12.931083876908172,25.86935061561393,2,98,6,1
1767,437,3,960.0896912059611,160.7365286321435,275565.2240121639,610.033369960522,70.51659661185434,0.28429677570836576,13.606515603713465,20.57070468365267,3,25,13,1
38839,6,145,921.3550096353254,851.0601393808253,45133.36808799697,923.4125675305792,47.25654046122546,0.02692711223050949,113.37528516992346,3.4727832194950965,4,0,0,0
50912,324,464,1248.0077876049832,604.3185935712423,868465.5371646693,887.8221850199949,26.442774540336185,0.017669963871121352,132.4422287372759,4.296406524044091,1,2,1,0
50824,114,434,427.0236815444326,471.8724425432008,550649.6404484417,976.4713894787501,38.779591629008095,0.0014960631074441679,150.202125593641,0.30518257997756815,4,2,1,0
86721,485,257,1088.642932099785,434.6989275191202,235482.03234893136,75.26516548439797,5.9517509003916755,0.0330715132008862,182.936288383376,1.247008599669062,2,0,1,0
62107,359,63,1294.6463525384283,315.7693108435761,236727.52408850705,558.0886153730161,111.9371025238899,0.3846537314693462,13.046181305334926,5.732511248193137,4,90,7,1
51468,797,47,338.0438015386481,989.720347401921,740219.8757062217,954.6969950174685,16.846777222120345,0.022781668546835117,127.16082667335067,4.858118178031252,3,3,1,0
4247,548,220,1437.3853388552052,318.68701366505,547988.2290175447,503.5842271449268,4.870267302307921,0.01423988744200867,138.3130367253483,3.416894352312494,3,3,0,0
60872,797,464,428.49519799409916,235.45680003471955,176407.06252319604,292.18342431481057,46.425394476629485,0.020125305431598683,189.5804873312214,4.4342149707201965,2,2,1,0
47159,363,426,95.48439258020804,186.69507924441066,921519.662345133,179.53303436455244,20.40815696093521,0.00026205448476961937,68.88628501031423,3.7719149313202887,0,1,1,0
56676,300,351,613.5857604168846,1470.6022993452214,459708.6348030478,105.63828577371056,122.79007083039849,0.24356657483574287,9.84531221784253,12.968470468708366,0,92,10,1
27944,987,49,264.45759216029626,1374.5444422159612,642928.8586630543,146.37203330845918,143.64516236466403,0.30510989818334827,12.064162782899349,11.18814192454797,3,8,15,1
62516,408,450,1479.7217756566738,738.4215797861308,169945.2499947311,493.69511643359795,38.1677280383618,0.0442702281031446,120.24944307353749,0.027346736631285173,4,4,0,0
26574,434,31,690.5706965832627,599.7413833174897,616746.858653781,162.03377499677802,29.052739552504427,0.041416640291855066,190.5217178565774,0.08791881748586972,4,2,1,0
33782,290,323,614.4079985722174,978.7437146945131,999934.7080346121,4.40377489719754,78.96444577006162,0.4102405586273463,9.584542160556355,25.244062063835408,2,60,18,1
90693,478,226,1310.3020299284365,323.8614599193884,272407.26891532156,543.2438239910672,122.97749391141552,0.3974499370457941,16.661388372346476,0.776442461557273,0,83,7,1
87158,518,371,25.38865365610463,1406.315863614644,695207.9731584302,363.6061769203879,122.3992728014654,0.1817387912326757,6.170041219615092,2.9012325509120194,1,89,15,1
38598,967,120,400.8721786751768,570.6177377352323,74950.12858316247,459.977547172323,115.95147541703832,0.2033262092816187,4.6652173646078285,9.489722349149947,1,72,15,1
2404,648,268,1101.7087877337558,1275.3524305601668,67058.6931424274,37.49769582764059,59.80706441335148,0.13738110063560027,1.1232239644288098,28.517080235306537,1,30,7,1
15321,357,403,825.4702142212069,650.5840583646694,420428.5963790815,188.05117573622618,41.23512659644926,0.02016475559809487,67.58178449942459,2.4543615374739334,1,4,0,0
31120,206,240,195.08019732363584,946.5898199031894,223469.58206152823,899.9352920935426,9.485342660739562,0.024415590349828938,72.50100949863128,3.3342919768720627,1,3,0,0
5904,663,266,1405.6987740723066,1016.9611700242182,501812.0269148824,785.609002553273,8.115697388637132,0.036329000260001916,155.7040014727267,1.098104522501187,0,2,1,0
95196,549,290,1491.1454521995454,433.93316712766375,391146.34349774546,457.8611989349718,71.72260911118155,0.1220082180212348,9.047118891471719,21.328395813928566,4,61,9,1
49739,987,497,152.58981854730422,120.96387289759349,631923.0587415303,848.6963962539994,49.02100185673329,0.008309579777605531,129.62442522393306,4.038431793184939,2,0,1,0
40525,164,143,410.5877005422419,27.410319930400057,605325.6308529056,191.62271815405404,15.498676587300277,0.04787100673718654,187.8423451448126,4.215244765309206,4,1,0,0
48888,985,338,1005.7425711332746,797.0013791449704,110215.41912555673,271.1999629359992,61.06902873074907,0.13494334644324205,2.702738499786533,10.832969871454306,4,47,4,1
92706,230,181,711.7363732958578,1413.8695143581403,889966.6584667823,701.7302789864731,41.191357146209754,0.02343928624791368,128.9057084555787,4.668712305441719,4,0,0,0
35387,666,55,1105.9622767938379,502.38355988431016,575866.7321132672,59.238600140062076,85.79162568777038,0.1815963148768842,9.071288881628643,4.87031188542508,1,14,7,1
81057,98,296,929.7123480831824,375.8166674808991,801999.3303308684,689.6504062462742,12.864421861638284,0.020797616397798754,156.56084099548008,3.7792752876379456,4,2,1,0
3556,831,375,865.4272157335764,164.51048628494306,287716.3288718648,889.5340969866742,27.50280078612296,0.024854666782970904,90.51874572749963,4.5417789609064645,1,0,1,0
72287,362,35,1172.3225424721375,1483.7488826706474,206489.86847574415,333.9302741279524,9.865611643208037,0.008516765040236135,108.38527804016283,4.933507418419387,1,3,0,0
73802,500,306,344.47771018257333,1430.448784843126,239752.3226071588,661.0808257040416,142.32877555592805,0.13431627773594934,3.526426729046041,2.239656624922411,2,93,9,1
33729,497,317,24.175616613265035,267.455263177767,702013.3171661142,230.60973368024742,41.1485839020442,0.007543616189866004,55.21867521898455,4.715372884731996,2,4,1,0
58436,652,150,1241.829653785169,1329.88950416959,717177.0936106592,974.8621617153814,66.13162867605807,0.35756185793302264,4.543496940810597,26.86120742438237,3,88,15,1
81657,880,102,1338.906259945592,780.5828699209487,525345.6963870107,659.1302958127787,25.172503151858905,0.04943736536846805,197.37973924173662,4.531666471806471,3,0,0,0
37337,108,389,1281.3633428671576,352.875872943959,17512.321186341105,735.9952112898512,24.130105748357646,0.022867583173409575,81.66715926726758,3.149742371921162,2,1,0,0
7343,296,468,229.96524644666928,578.5092372440469,905466.245293193,231.08284191185027,32.98398219340548,0.04812457021110196,79.27180878520392,3.1965545517210927,4,4,0,0
92866,896,400,436.6109399736974,1262.7949552946923,718355.4267345219,268.3000800029635,120.85057789330253,0.43690685796814877,5.88168160888109,29.543739370593705,1,17,19,1
7919,518,122,1226.7942123253263,899.245636293441,91842.50775180338,657.3040865463937,36.09988961313273,0.035523738261836815,152.0931951276803,1.1053400239108386,2,2,1,0
61275,91,145,394.5564300205076,1234.769623467553,153312.06312713138,384.5690730299024,48.735628807270444,0.015162155194507726,67.77403306334428,4.933213703406947,2,0,0,0
62269,361,6,124.90028176375955,1144.4270584651315,349752.59807284654,996.8298959009159,44.16289705860237,0.0015923849280743475,131.4418308740705,3.821829721561379,2,3,0,0
8033,864,228,994.4942912040277,1094.235941966576,843353.9927797464,295.79905515312083,41.438347140513955,0.0005726218790024052,76.5683069539995,3.848858975776782,0,1,1,0
10549,616,6,457.4200471327545,33.80874436910574,948225.9894592017,126.35582936118256,101.30236237977026,0.17752281913790757,10.231956731383297,25.966874247079282,0,63,19,1
86567,969,326,656.14094266351,737.0153045349828,598931.9769674812,994.8259199958025,117.55594807586466,0.47949348895727895,4.25866240354909,2.4045066621763995,0,98,5,1
79246,684,442,1064.2488224748267,55.320564490489645,690108.645443367,195.8401994205456,28.3419733714434,0.021690285309237525,190.22383102799594,3.642710379654837,1,3,1,0
51738,86,1,184.44697716972655,1170.3887956993228,856635.100689582,676.1719984498662,44.050862907791036,0.0027087449606179315,112.71006631705903,2.970331549915545,2,0,0,0
89924,926,71,1004.5064341876657,1419.2511621292415,311659.9354478482,895.7943774068323,119.67266242588049,0.4340680735093505,10.064557529807225,15.172802734261447,1,47,14,1
8212,297,312,1048.5252636912398,54.93353541047656,641571.1208983575,219.1119056220205,86.28487626758567,0.2360843151782296,1.734923259713879,12.193637007655571,1,86,0,1
74189,169,259,368.1792786671644,1035.912637135722,584039.6463500005,387.4849224375208,131.08769861534057,0.3216438129865936,2.972156300479143,27.222654675284048,1,15,19,1
95127,462,125,646.1700432881486,217.7778017515907,357932.3939379574,612.9661538371221,16.94134472537385,0.005621481817520752,89.98899591580414,4.538505360502803,1,0,0,0
27617,161,456,173.50413199616506,81.33157972543496,88936.5485029554,762.9059670868057,14.500565591892238,0.03700460869822259,58.48522372688803,0.9343283475737701,4,3,1,0
99011,516,229,1205.188654580541,392.86802118923714,89817.64652229035,534.1269383471217,7.709972769186738,0.03604476145905083,101.88731923056179,3.579060413247734,1,4,0,0
97405,173,8,1177.0656282783489,1034.3910347502992,523058.82422530645,196.78576925311452,35.93860773878931,0.012796008428028933,76.2355283742256,3.783891564291637,1,3,1,0
4273,484,59,1040.5670234109086,894.9673676170405,874027.1365902092,790.4216674704891,74.52178009343534,0.19494257650139657,16.73936263378735,23.39943535403471,0,30,13,1
87866,85,45,675.0481291017211,411.3499019771834,335562.6154333237,163.4887734166975,20.575401506812224,0.04213507563533323,113.64984120582261,0.20291884324519505,0,2,0,0
5134,877,147,1477.1942529168184,759.4666620668512,822386.9465439614,822.3672263414209,111.81918754777784,0.4394568102751871,19.225639261807675,1.0330787810934101,1,8,8,1
59174,184,295,701.2616358217891,1284.2191819890409,390069.6192594476,559.8645835912862,10.312684275928923,0.03825426955637087,53.368516456137236,2.3707001932746326,2,4,1,0
1619,980,181,538.1769995220776,879.5178822253752,434662.11454155116,249.29510942136938,101.3936373148639,0.3732156652988433,1.1140446986872243,3.342511624454705,4,37,9,1
3555,424,78,246.47035904855048,1241.7100366827362,594564.4969235919,561.7551158440691,123.89996712800702,0.27787587145256065,19.272283461718143,19.964984935465854,0,69,13,1
9941,659,436,660.1985376351439,452.23182614161516,977197.4095716762,438.2547977008435,126.14239918518105,0.14120476116630754,7.755560137142741,14.682486651008555,2,17,2,1
43651,866,476,1139.3499184312436,1159.1234882395468,630031.0430867933,898.7778894061747,62.35359731105549,0.49860135748926493,11.782458329935652,8.74951290738822,4,35,6,1
82760,967,462,470.8488006161189,353.7969145198992,988207.1807874568,297.44385863788426,43.44373352907894,0.0072559746727698556,155.17085992520438,1.6652601320389049,0,2,0,0
62840,725,231,266.25661080741446,22.13259942029165,783036.5074618229,256.7307684281668,47.658735370460526,0.012025511354764274,166.63858827257593,4.25600188604292,4,1,1,0
86588,622,289,1392.2092793560068,744.6865608207512,260383.3309863688,351.9736173522699,57.42492924790318,0.2208115842152846,5.685166102443498,0.923712715293662,1,26,13,1
13080,71,273,159.18603571681442,213.9609855103151,979734.0998228382,812.2288103437922,87.89662895942337,0.4546884934966825,16.0764513758414,7.100950653919602,4,42,7,1
33730,755,338,395.1417083950452,440.2554926243697,744957.3086895889,296.1561928199564,22.86398796045176,0.023611006325378932,106.23973485936347,2.187761416456513,0,3,0,0
298,607,15,1040.7376143504343,201.44466767633352,10631.554529778035,112.19497916461087,25.218882461054324,0.034059417291297855,94.83689068566213,4.045976517559718,4,0,0,0
48738,735,443,793.8531894976397,1018.5779881326288,206356.11437519133,678.327005010807,24.626727915319837,0.019237688570072572,121.58940068980489,1.073717294877519,1,4,0,0
93909,285,389,609.3885532298832,746.7981833413982,449075.8518526495,618.6166929273245,24.931885128699975,0.01913536416733316,58.45220670466193,2.0949660615330905,0,2,0,0
7841,362,198,997.1370809249253,1158.269594555599,862756.7087722294,78.75831571015286,115.47649418514484,0.2809683287787511,17.83669327045367,7.595614082476351,3,51,5,1
65584,245,295,68.66324334985086,1483.3404261446008,504499.2177611279,713.2982987676347,32.89756994160013,0.025735494453853883,149.83018977929518,2.943165470080711,1,0,0,0
83478,708,313,1088.9473077902371,1469.5233950787817,555610.4890885194,935.8183106542406,112.55135246547479,0.18161816244273435,14.275441524800954,20.059717325323668,2,83,6,1
54760,612,263,1240.4643753798823,1341.5697755590713,572067.923603864,989.8010798207881,44.50498018319895,0.028086153451726176,68.5696120043062,4.023078094413769,2,0,0,0
62203,433,417,940.4554965786563,930.0885141793879,734850.253977944,562.50136278608,143.90368721386395,0.45380170173880763,17.092015050842917,27.76665752899512,2,60,17,1
74911,204,303,165.8621875288456,1231.972391892519,436093.36939319357,897.5894828067763,103.01700618897506,0.34769644502710034,18.671425228032792,20.652570917867248,4,50,9,1
44778,321,41,332.5444835089233,1249.5248502443433,398120.4543730387,821.7997691791963,49.20665889291714,0.021074210070977806,141.47374136046358,1.6493945131243615,4,2,1,0
18480,212,457,164.70323301572557,1015.4159452085887,329619.0203491872,291.40452255314466,29.891959057658617,0.02348059325431745,127.55934117170288,0.38694311026111095,4,4,0,0
84376,441,331,1197.4770782412786,1120.2921459347936,193695.56616219308,643.7871679328113,71.36957127887945,0.30407538557691327,13.393794613360814,6.382847347970405,1,51,4,1
62862,153,135,474.596815498543,245.4720815163103,329471.8107793817,324.0814288525761,57.00769033772644,0.39227095626325426,10.978342143404173,28.3643588799466,0,82,1,1
77928,623,334,1493.4633844721898,843.0847004298656,735720.1095196303,438.516906838657,140.5863038947203,0.2476878107727778,5.759584085505935,6.809917170317809,3,68,12,1
36553,472,58,1402.7096128879791,657.7958027310605,82790.54542686467,843.7820871827537,31.194286445380154,0.04913869926533782,154.26590329490853,4.92330607738297,4,2,0,0
3981,269,407,411.81837981125165,417.2150481567918,814046.8121188263,218.47640624609645,113.44734095387155,0.4899647652383342,5.630009532977933,24.32916960918195,1,75,13,1
74125,681,160,158.97283754328478,338.46318827774786,347988.66809205804,902.5918502363087,44.929285365515135,0.026049573781793508,144.1029814475909,4.989898581647938,4,4,0,0
85082,536,259,772.6039634414069,1315.924529078308,493967.8982227991,354.63489289543946,1.0229693294907705,0.0389707456008902,93.97725446937088,0.9476776133050779,0,4,1,0
19438,888,76,233.27464739920444,259.13100604984345,574506.3615067541,805.659048190385,72.49368999268488,0.4570600615142878,16.83101022649855,9.64846867825042,2,74,9,1
98321,462,432,1101.554961033085,1230.389509774928,891223.2393243158,447.92434407977834,142.4663747676273,0.3196136625237107,19.212719143456034,18.08251510028873,3,77,8,1
82123,201,337,24.106510202450963,1149.9650357245657,110981.55641253041,388.7484543019132,71.20405222536078,0.40622510579008,5.335954412216361,19.215709927160002,2,33,9,1
36692,437,43,115.3240642390434,1108.7914263048042,238673.5982520255,793.1267258613994,50.32396776562227,0.17446451714504407,7.116960437177226,12.250434243391618,1,66,18,1
50437,182,372,218.274892163411,562.6849010672304,604273.1231362213,695.8881808285611,100.97941638168025,0.4166044355574273,3.6307985166300916,15.282815838007517,2,32,12,1
65587,146,435,539.0423904296181,872.159292326619,249398.16062827085,768.4436224734362,12.03854539258004,0.029243780416334325,150.53887318995652,2.5316245518597884,0,1,1,0
10988,674,449,48.525238575807144,1215.9778783602628,427654.16096050467,150.2088461807674,115.62662435518605,0.33240911609266066,6.306741247956696,15.378975383640752,0,89,5,1
37728,716,433,1402.0264769225507,1102.2971764147137,877386.9339855522,651.4631744853262,20.173991348959706,0.03987674755479487,185.80853575971193,4.50492649466261,4,0,1,0
78595,374,330,965.7089083812639,839.8926201694629,868033.7192346057,575.4361282946425,13.947047641585112,0.030967834682060675,77.64612852198105,4.908525277106021,1,4,0,0
59649,464,112,627.9479301132518,69.0371075636716,680001.212347541,835.0335900211804,143.5634266533918,0.1851024629056026,6.034310200256873,19.783203218711016,2,35,9,1
66565,745,86,614.9283492079823,183.26285074891987,634511.3730180301,660.3897054353318,73.14055126708999,0.3844611646317363,11.979017742524142,23.477267287643578,0,27,18,1
95541,614,175,1088.4387073724151,682.5952407254917,801767.4647595058,812.2945568445783,30.419063638341147,0.014479432551643906,141.65330742834269,4.570712539083347,1,4,1,0
30551,217,179,1160.046637415925,152.20646003616932,677017.6094064357,624.7115929954132,1.153106767997703,0.03855860719990442,170.0389338428598,4.032760796425391,2,2,0,0
29978,346,280,722.7582071504964,740.0462885779133,325332.9608140232,200.0096585825888,18.123379817666304,0.04350162049671164,83.88831847026961,0.7341862365901597,1,3,1,0
34166,442,492,595.8444781427435,702.2319436479282,195468.40788482627,48.6926285149664,38.55563699006271,0.006776072557417173,65.56986442768542,3.491434231674166,4,3,1,0
19769,262,301,459.05995774230763,782.6026567854675,837699.3650537988,456.3036939288498,88.30118884904854,0.23402079523194055,13.14194761923632,8.86637818408098,1,7,2,1
757,147,194,608.3567520307066,743.2740214573884,966056.5808147048,473.8440415287695,3.3848747135848902,0.0012372236794587711,73.19258848275874,3.1373148566246254,0,1,1,0
96874,777,332,1036.344900525719,731.5111789751187,947633.881203093,508.5243162355489,70.18405356735995,0.2861765430821567,13.820875590779112,0.5011280084733765,0,70,9,1
66297,37,64,551.4429515198841,1042.0034346375471,733201.6197187472,440.93409364972814,41.577338462708326,0.022254605931370998,80.60506895735972,0.45513125464787474,1,2,0,0
19981,175,296,697.6384758205825,1151.0624753524955,35524.39331596433,763.6681098465069,48.75297303659104,0.016066254295637607,131.62370711719223,2.3837667268062264,1,4,1,0
97060,287,123,957.460638658753,693.9800980521079,841032.7727151852,148.42266778050436,42.169220223477225,0.03661228829602084,100.34829135901444,2.2490552387267186,2,1,0,0
70347,189,429,987.3673240273977,663.7862634066283,160607.31213408423,27.87449172674364,22.535648974199805,0.037560737829542355,182.34384936685908,1.8576451807924306,0,2,0,0
57709,948,219,87.21038869695387,1019.9355048821775,140419.86911681865,255.9044534661913,106.03786988935342,0.11219189002377844,17.518558071479628,28.419343072104983,0,75,4,1
3549,397,433,776.0830884458337,369.08549588322506,627475.1575135894,609.5849947688681,67.50623989235638,0.1816860777791882,8.480804348701614,9.984506372916252,1,76,17,1
63566,898,208,599.682239179517,1004.8813051545492,953696.5355356284,541.9760686593432,7.207015700326384,0.0040957970501356135,139.74002307725044,4.670745141640626,4,4,0,0
96017,277,307,88.44532940627485,169.4645783537765,426843.1198307228,898.5329884107617,72.7192566682107,0.17172735289741398,9.82796709058753,24.007634636666033,1,54,6,1
8053,691,374,1450.6615037714037,1077.4396498715212,893516.826772928,305.66026955013075,29.524403428223227,0.02452150634832714,66.5736004244544,0.9218380329307402,4,2,0,0
8126,61,298,664.8730927236599,991.6654246082486,554309.6314923912,835.4367719108413,5.509451994984336,0.02112066608700501,86.2150914112761,2.245852199472332,3,1,1,0
10122,899,83,1193.46837425822,947.8029174778668,633622.4311165153,760.0110243591545,119.29919124622074,0.1019390457747349,14.934327300788574,28.856860214269577,2,47,15,1
5254,930,450,185.19395057371534,1339.1236986096687,396524.1990824584,800.175065273338,7.905438476607179,0.03721528847072466,164.6184142078604,4.118560248241323,2,1,0,0
65373,614,105,1422.8037390705172,298.8977308737906,553596.3477073987,902.1406082155801,16.835836228695683,0.04876072555332553,88.95520356068667,4.253476025440865,4,1,0,0
59337,378,258,994.2730906463551,1319.4934000819844,964002.9953299629,831.8203723012014,92.43757473841475,0.10044786179707539,10.452924595534318,10.583741332441738,3,46,7,1
17542,114,237,506.1785268945087,684.5284664408499,851139.9925300716,836.6158036831464,18.36393821934656,0.007055305174034199,79.579483571575,0.10065012368369985,0,0,1,0
95194,79,63,994.017206635944,514.4668455452997,363100.74461840745,725.6103657680629,19.489358383210874,0.0410837664144216,58.230632833780874,2.5128556864833036,4,1,1,0
7307,294,150,1319.0606230863718,1417.9822447616907,559748.7983103317,788.3932003888046,49.79183032016521,0.03626921305854838,98.13119940839866,3.627644931639103,3,2,1,0
56836,73,98,54.70502399132091,1067.2902122235914,742516.1215411866,776.3670240882245,10.215005561620385,0.027055836277182443,89.7027289885404,1.3490074328903856,2,0,0,0
21139,519,236,1033.9820042846782,733.5298366655397,579248.0003878563,603.8649146388212,27.096227003304755,0.01664929451188429,107.7499736150198,1.7895697776512454,0,2,0,0
30344,722,421,1069.2322575101164,912.5647759776948,6910.882095178077,565.6639120525441,20.891598674759265,0.009139318018257214,160.571374473758,3.81738736953084,0,4,0,0
4676,447,323,851.7063521775041,556.2195775074725,696353.0287117534,198.72067103986478,78.86856791887101,0.32277388644006955,2.7616422779216174,0.950328978027042,3,11,14,1
43337,571,328,1305.5774761373277,304.58373870735517,52289.687889819375,54.644123221772695,69.8309156417451,0.46939337888240484,13.053668349430176,13.702747674526227,1,55,6,1
44783,974,344,634.6764601178563,1469.5640613491994,774907.4235544632,586.9815029030178,41.728991779934475,0.036305189625199824,179.45249747522863,1.3761191954604972,0,4,1,0
35690,656,463,1147.6848262423755,1183.9668677867814,256852.62358376896,560.4411947786421,50.321445420145906,0.4639910113401178,18.71878606787757,11.650411045897666,4,95,11,1
86042,943,46,1048.6271053615976,668.4825653842554,16684.254100142713,411.91440481371745,101.90639927893568,0.15523834764416078,13.341106911866763,29.25942938626442,4,13,10,1
11090,109,461,582.998401735118,797.4253849314241,438113.801765317,458.8640181345165,34.42731921352074,0.013340377998931202,144.87476926988177,3.7227992745455256,4,3,0,0
21219,513,64,1256.3466543771956,262.1343290947922,814095.1616507481,758.282698434739,15.991591121390412,0.03324790146234716,127.85317794168837,2.6663168491354017,3,2,1,0
5379,735,286,1038.025258633405,996.1318709309874,974827.1378647562,225.9736112067795,134.94022291817055,0.23210454719421958,19.275564639420583,11.146814699966223,3,73,13,1
44104,4,108,60.57214147411887,265.91547911992893,959093.0603130426,765.6538529398988,8.504563381189687,0.030315461117966125,156.63897798909244,2.862217441655903,3,0,0,0
86652,697,430,1433.2290526080235,524.3448382399035,992744.9977824354,859.1377642525858,22.456952455474582,0.015398655707782954,153.01269317017463,4.1960023777489175,4,0,0,0
57735,688,14,439.39133902584575,515.3020014151004,939026.8749469904,636.5724304630604,1.8251786490433712,0.0015164460214352527,124.43078304177277,4.297182229075923,2,1,0,0
23844,635,326,508.05479119647,1404.3946049058363,710794.3541098603,239.10078280094478,34.37501073915304,0.006739780527988465,63.631123502653374,0.5271844716696716,0,3,1,0
5877,265,75,729.676215636589,1384.8641667939462,191239.6219011901,569.9254446268066,21.519690600247557,0.004258139158656704,164.86052403499048,2.975270035091204,4,1,0,0
48587,445,465,774.5701766530563,144.50126519914693,749218.2916195401,785.0263467462146,30.139458615130327,0.009731016620256105,72.3248138771972,3.8502914235745864,1,1,0,0
78769,932,110,1147.9629122646652,1261.2385254639019,188554.0088498776,97.41053376036584,28.215462554135943,0.04652714049387208,120.4651634223244,2.228089123120263,1,1,1,0
68083,782,70,145.0744775138266,493.81140772154095,234476.27754446297,795.1223016859615,48.60486110187922,0.04300806749097596,112.98124143160892,3.3160427042611436,3,0,0,0
47204,53,484,753.1885007037025,176.67242453927824,758179.6192754406,513.1251047843034,15.241253069165836,0.018600628782458252,114.90340458122871,0.7731667582808249,2,3,1,0
37358,512,80,611.812550720977,841.5076937859943,849095.3977827218,455.3133023310395,47.136554256533984,0.023734921404351128,85.88115265331578,2.1867913042313973,0,4,1,0
18130,757,423,244.32944846355753,743.2842317574156,356584.5751376953,521.632155929252,59.415704585830824,0.17603026629262072,4.899483516912934,0.987343787221255,0,83,17,1
37049,578,125,546.3130756109678,929.9834791313299,283552.3639474959,105.93621555101579,65.59649835449264,0.37473469954352734,14.720173352076728,12.565127998646599,0,41,18,1
35951,393,403,275.8016018685775,727.4818156157205,917505.7018305153,298.4706669393763,4.107224897458738,0.027456555998432487,142.26033613680573,4.360877925975458,4,1,0,0
99911,345,446,965.0195327394146,990.5136444303082,930973.9062161152,615.5576606576287,76.17142351775199,0.12115167814862984,15.778284585708109,9.536995930499428,1,19,3,1
71122,895,83,669.961174210904,925.9116851089854,948143.9182996708,348.6316470596118,37.007302490927366,0.0366719833455129,180.64141912139965,1.0660330859643459,4,0,0,0
33777,215,12,1137.3741505579526,586.9563088415878,816938.0207082927,933.9883448245964,26.02868194269334,0.030630852020782137,181.10650757715237,2.7404245111961596,1,3,0,0
16196,125,219,1452.153020570386,433.5957031608835,938746.1725855276,827.2052831041274,28.648618140838106,0.035866740498871855,143.2435598358635,0.6797790351883221,2,4,0,0
95706,500,435,671.5085196997507,376.4107564263128,957007.7576746821,502.27220279648316,28.63881065946717,0.007659699257395642,149.57040739193937,1.9173343990628249,4,1,0,0
4453,209,266,107.96150285605857,887.2024240047996,646850.2890213684,86.63371230709295,2.633143880106477,0.04501664973568082,114.86797661703629,1.5553507796875943,2,4,1,0
71897,381,244,955.7166543553757,82.43378184639514,571071.7175407768,963.5835278585926,39.83367962945186,0.0173949590285861,148.70728284085092,4.601268265382891,0,2,1,0
7638,607,179,1170.390863985934,1367.563005691535,852000.0558739279,127.28093315480359,49.218165213880134,0.02882631854049199,192.50148160626648,4.662350800984906,4,0,1,0
30080,97,161,1192.5968888697314,1074.2752746453325,591041.1290765756,674.4023741174715,147.8463218884172,0.4088676544898693,7.108875057080015,7.675043812555684,4,67,5,1
70711,989,261,91.07663015541702,714.8976722169892,153940.69625712978,200.43110422716245,113.86628069719617,0.39344195554920713,10.216014594866445,18.83686161385892,1,77,3,1
7131,869,393,909.3973329376288,1412.5821775834747,714498.2252262242,868.966972772304,75.53586521179383,0.28492584332281246,3.3350033545659374,1.4550533367542569,3,56,18,1
233,444,176,1214.6387492891492,1327.4933711612919,986781.6263902305,584.0970609079181,23.104652794442252,0.02725524609911624,157.59478017122643,2.8772401196463404,1,0,0,0
67043,470,56,783.9552493013854,1214.555074820687,210054.43495389385,177.47137213409184,42.81638132878695,0.03111596163537317,51.83909484242658,1.0477666259241458,1,1,0,0
38394,224,447,44.24408673566346,683.1341387190964,770660.1685218641,238.37609735685845,139.16584773878856,0.2584862923901108,6.15634984144803,18.822248149281645,0,75,2,1
56983,91,16,607.1053471455782,733.957465155455,623497.3684985061,521.7389932889973,99.96884158647609,0.44535854464125657,6.3067873045706255,21.256422330012843,3,48,6,1
86406,40,205,174.9148332377754,69.85483469950731,147783.8142260731,749.5595386310453,23.386619408266178,0.011149737554824075,115.10122135520868,2.6666401644331827,0,0,0,0
57476,513,129,677.5177403666745,792.1908366607181,964525.8370995233,28.958073245224714,54.434411881654576,0.16620096569149928,11.531493255332828,17.91884059527588,3,24,18,1
63615,489,205,1087.518441493157,596.7339912508473,643068.6154630651,718.4321132463581,8.86234960389039,0.035014649292168715,174.94933298510807,3.3346154375956347,2,4,0,0
52934,17,408,1177.1616107770749,1406.0449800455158,908965.8257929275,373.91718843827186,29.50856799436933,0.009061893432976203,123.67157754830895,2.0429323895365687,1,2,1,0
63323,358,418,807.0814365831367,530.972296788831,948421.2186189765,206.36236124241702,4.188355593112154,0.010968944913507556,198.04034502540435,3.2264636586252498,3,4,1,0
93383,544,295,92.41391507835506,679.9539808366367,611881.494255925,663.9504936470544,8.901672604361554,0.020801969910708387,81.80685519914552,1.565812737376051,4,3,1,0
70046,248,469,394.50245501778284,1173.8805500105143,837172.925760811,55.0493149628653,18.221909079331702,0.005861313953480674,121.66642328713145,3.1984707568074566,3,3,0,0
17732,223,386,254.47872038973193,1384.2903788771407,548830.2715972166,375.64840233320035,46.33179682167636,0.049410498344027706,139.57117581128588,3.812962784361591,0,4,1,0
16013,64,318,1434.491525638751,302.6413518722322,543552.6227065561,895.1937842708992,18.80112929729786,0.02336014753028634,51.03286903566461,4.322173622648101,1,2,1,0
56906,441,285,1351.362093587216,1099.229549714831,184676.1705210662,722.1988699028409,76.01679173108144,0.1100156358126625,12.148936262903245,15.081935815377141,0,77,19,1
3254,833,441,1313.1816510667743,198.71213057959127,75510.41004669752,221.21674188755955,22.51210227489224,0.016074659152402387,193.31209569841096,2.8079707064856536,4,1,1,0
81020,916,216,1185.8308159393266,323.19180523984613,318873.76055018365,88.18458011190502,21.27602701043359,0.0005029444664668037,115.68106475384688,2.744841583553877,1,3,1,0
88827,733,145,147.04911667251622,29.75189373998561,350704.7947126742,532.9232293374554,148.800055775097,0.4436682284523522,13.792188650787567,12.997992998435851,4,78,18,1
70552,593,474,993.8957625521764,939.1881393444351,129307.41516284524,619.8939309707354,20.735265629089778,0.03543860566366907,111.6166180370951,2.7720939369391076,4,0,1,0
69756,747,355,557.1937084954121,137.92582569331597,225030.89516196004,235.67120323960089,11.305701762385077,0.025105262738053125,180.00600906904359,2.4406727557016774,3,2,0,0
32664,817,117,1040.1504448575495,27.23397444416989,470831.661575248,396.867281982164,47.67712962789843,0.02371007085885464,172.30760134496967,1.4156409343243865,2,0,0,0
78096,450,381,681.3074420645736,1493.6718760951449,812037.653138548,695.8008255474394,9.491027320658063,0.00355744855990518,89.99609491200582,0.5902355924027614,4,3,0,0
32067,676,392,415.53273379813646,1427.9300323033704,798229.9616063522,612.5838761307516,41.89809841113916,0.009952718241600834,140.5080867440941,2.2198709001057098,4,0,1,0
36764,410,490,1290.120968106596,93.28032148032537,703870.1637790322,991.9104144460762,107.80268368811663,0.22058446430401896,18.514582751387966,21.219825108323672,0,96,6,1
17637,824,87,636.1060304937113,863.4510364542496,913726.6828287768,859.9525096833617,130.07946136348355,0.12063398334445692,4.871348103809549,3.4010993559258007,1,77,18,1
48353,231,293,312.81708357599734,1360.074073341804,218153.29673737808,90.4891148731861,12.67097512265732,0.032173193645738334,89.92815562006321,3.9118196863390367,2,1,0,0
27735,949,158,106.03473915013072,1264.8632235171433,111228.7277604179,879.455457072711,114.82326151507772,0.28590840641202453,8.008652755982606,17.040747610051,1,92,1,1
43451,402,387,310.62715261327065,700.5301217993632,267057.1209208283,563.5830921261789,110.81586512383689,0.4838562760247942,5.817693458246328,18.46689512234847,3,78,5,1
37854,359,107,643.7942274280624,1368.2011404601901,855249.698753105,954.2911047478982,68.75858220339296,0.10893066786423532,18.53577946278661,23.502223612224306,2,57,16,1
35523,437,200,221.79860632451238,304.85880932822994,294755.8470416704,715.3688001815531,48.132054598259316,0.015960228598186018,128.33593229993448,0.1233225000310606,4,1,0,0
11458,336,400,1463.949181796967,424.57805504239974,320168.2250281198,982.1008747374475,68.60900505919624,0.37814001871742786,15.142410483161422,6.928768000399602,4,31,14,1
33015,477,276,238.57264752921617,342.6658186579592,71624.97543789523,369.0677826718366,8.338581825621937,0.0373165798151951,124.64394509981851,3.5836646224435595,2,4,1,0
90652,328,407,340.9039117361991,604.3941967361292,569127.9762035853,47.5605481662521,5.322935133530145,0.04314889996760576,57.597741723388864,3.371505685228235,4,4,0,0
80482,460,278,928.4592070186536,850.9004785768822,830820.3635335003,888.5868422070348,23.94089740888356,0.026218497721038733,167.24252749954076,2.658549839293984,2,2,1,0
61012,516,253,102.6633258848523,563.6310088131834,799303.0737618762,385.33760098457236,147.07258634206602,0.14489846651375063,1.8024714110620916,19.43647025684317,1,8,6,1
17328,267,316,423.9479902904623,1462.0215034471944,669734.5088844708,690.220792456881,38.29616807871458,0.028546372633272518,70.63338314466293,3.8905723476610237,3,4,0,0
99047,513,184,766.6287899012184,1080.778807217593,127673.43344687397,764.0919258329868,58.31307714582966,0.34334791596254455,8.477166073271487,9.796149537060046,2,22,8,1
4883,720,280,566.2873349429811,1437.9226872203565,7639.119878360707,13.216661222842182,44.94106457991582,0.0029365081103033875,112.19892384650173,3.814684876232486,0,3,1,0
89945,995,165,85.38162569092755,112.80147298202606,770912.4423960425,890.7145416817777,46.53009602461687,0.03382468688886165,150.031131710666,2.3221282855873144,3,1,0,0
32214,412,466,583.957393497867,163.0275268512037,284782.08709260554,683.7007910388772,11.857591129910183,0.012507922952673462,127.33598555647492,0.922843701513909,2,2,1,0
89460,626,430,384.67500936342185,882.3707511476308,69183.97313340758,424.1247622052333,37.11454049991981,0.025211469780242763,190.9203790640824,3.164616525470451,2,0,0,0
46274,822,97,40.72712769820133,895.6613391336691,22200.557119736004,104.614624377543,36.95866567597688,0.026784261923924836,111.67734956077288,4.054346340390275,0,0,0,0
11241,143,366,179.70877744569376,989.5131778499627,526349.592412028,715.1220762325869,32.752148573963865,0.04187281690259042,50.507915781039145,2.1115570714118026,3,2,1,0
78815,775,476,1444.315033485223,604.2362699100049,47275.5788016103,613.7785207590703,101.72924729949324,0.179882028864372,14.369350570718602,5.111413123141393,0,76,6,1
53087,439,50,1080.4701010005833,257.93581423093417,904161.3179975698,710.5244729320573,34.468045024030914,0.02859756957703193,190.61296218801138,3.6109091211407947,4,0,0,0
92898,938,184,681.7988741650072,721.1482503790481,884439.3192949526,276.82522587402116,112.6152243760987,0.4124833922585007,11.613847439470497,16.012463778245227,0,34,19,1
19385,497,485,1010.6735760630163,604.6792562597051,692779.9079134401,80.52886266972048,124.22101154375987,0.3012086584009047,2.420611724033354,1.5624101279813836,2,38,17,1
26900,311,149,963.4810645770917,1441.7946723811756,457295.45653307607,479.44470054581814,9.916938027535691,0.03451558388660713,99.3707848786859,3.2747787704350855,2,2,1,0
47154,427,157,261.05219764960634,179.33439647705939,848894.2745641829,486.30318658897704,134.97438215627255,0.36987945604576733,5.253443765707928,21.429233936499713,2,13,6,1
96539,217,102,836.1373046543059,337.3538227327641,620736.6131611506,556.2533158616383,125.28373621377223,0.2625520273968687,6.274312736327219,16.63920019180375,1,67,9,1
59253,652,375,1274.3088683269207,384.7682781076641,406120.00571186724,803.6355663990273,145.06802873806228,0.41944961816108683,18.079814169555288,12.408562824052728,2,91,0,1
84926,899,164,1191.3118643365417,495.072705043875,34449.62050617057,882.2321758614287,17.452798806973988,0.04339068427036849,157.69121021859823,0.4794283517377973,4,3,1,0
58696,201,336,1420.299016590545,1404.80342530428,443589.9252017415,650.8191425944378,37.072135715282165,0.03348709976978591,158.8526046405196,3.240346836054603,1,2,0,0
39936,773,139,268.02240353316625,859.1300345381844,316616.1432111964,168.60506716814047,123.86535165311282,0.22353817174154877,4.687931337914633,22.159301691884515,0,96,15,1
32940,623,63,721.2868524482482,970.5599845723974,215257.0019752129,354.9921112692775,32.12762057069629,0.04977076789385358,72.39399083583646,2.501508351548623,4,0,0,0
40984,776,145,993.9585519987794,301.323132826826,122926.99990731895,505.9123707821847,2.476377411041833,0.03331200396415581,126.20086531707419,3.5296039433491315,1,2,0,0
53990,864,122,545.6765397648212,1169.0522944611419,861027.1574254713,736.4157228249088,102.70102763151152,0.2597509042774485,19.22409163741151,9.006146609499066,3,31,4,1
76649,468,140,995.6896928363032,1314.3356652416674,234880.5132214471,375.0284264006451,22.44620462041046,0.034693631718045,73.32991378025437,2.487684005502678,1,2,0,0
98054,884,383,129.59981070824676,1066.6390553602205,102774.82617557944,8.753030696954887,9.264195075056708,0.03363863720383032,51.150170572519535,3.5578592627393304,4,0,1,0
7327,14,335,1210.5597634327887,64.38551909938563,961478.8445023494,472.7635181949315,73.34811133789107,0.3958894019018755,5.017983764514733,27.914573472441845,3,77,12,1
89431,902,374,1401.4039676075922,1074.921145407887,687449.2797446814,702.88802324428,3.3419760742493096,0.00827756885959809,96.01973763834201,1.5137638781320706,3,2,1,0
94951,562,394,1176.4867120039755,324.5590715015062,132157.6616744119,942.7487392000279,135.785190296494,0.261728325591935,7.1242593412720865,21.15240302024822,0,95,4,1
82117,697,100,543.7070847445608,1441.2961652000452,359989.7819716191,993.3607483632292,149.18766447682503,0.37633046421337624,17.505838444475316,24.894067807702637,0,70,14,1
66117,842,110,1091.2490358106256,1342.6016087793362,612521.5309035801,809.566981100313,23.44886578832058,0.04473819834973681,50.607658484918325,0.4639544531953027,1,4,0,0
11033,672,93,526.4551557978671,61.40551394127676,375877.4109629867,84.16839129670862,75.56702883588171,0.3301602095312064,8.84522024600797,5.588316539256797,2,86,7,1
61824,326,180,240.63092484477167,245.52097730110526,856006.5421843088,674.7635393128096,14.914598297839662,0.0025195569741555957,96.13377112525336,0.14116325447021183,3,1,0,0
12676,850,317,1297.1075818377276,946.9863295948181,588451.273349508,135.75193078465247,29.549673648522838,0.045392406312406035,174.41858497168926,2.337892837608919,0,3,1,0
53564,971,318,1093.8453769536777,1029.8699691679003,297042.2056220282,793.876261669152,84.94576493223461,0.19650909827282856,7.961023141838637,16.72027465303273,0,36,13,1
58565,863,78,810.5665654850309,984.4249176021411,890500.1663838094,508.0936753885654,28.403238608379386,0.04902946622548409,170.82581057811248,0.6130585700327557,2,2,0,0
78264,820,479,687.2671612286181,1398.9065687942766,712517.4752243437,753.8007893339026,54.37254590530771,0.2512943697680935,7.624231139462988,24.483436519236204,2,78,0,1
16370,523,407,591.9384661371113,1354.3584994022171,451605.2756620141,154.06856343059061,49.170103747299464,0.016900861509675843,68.40206676614858,0.4440485870713906,0,4,0,0
79595,367,420,915.1719802146379,505.7131923734405,522129.0678746857,525.5041200907935,31.402173560282375,0.005122799205719175,173.4536288626341,1.0716268730235279,2,3,1,0
31405,916,31,296.8915279815607,214.16037166678367,722210.929259453,699.485580897628,30.518640493207855,0.01976527154262818,158.81449010132508,1.5315467246608456,4,3,0,0
99382,254,35,253.4693329332869,1334.7115584582525,956032.1612152861,259.11562815860157,115.93999964752257,0.294820378507944,12.749807047863289,24.762644231186986,4,20,11,1
66388,94,180,651.7567431670052,779.6126832544757,562883.7268185222,598.2973329698509,11.941856502573442,0.0020043640796525096,78.88264727191327,0.9807839160619386,0,2,1,0
11662,146,368,627.1669416067128,1169.3758191018833,149068.03548639626,997.774679807869,37.85566199927258,0.016384288013598553,99.06439380563947,3.418955922905051,4,3,1,0
36760,754,107,358.94312599013875,364.8915195382229,846635.4253073836,957.8294415875115,18.680646743027477,0.04763710445693698,102.62900401077749,2.694464273344826,0,1,1,0
96364,808,418,1171.0483225861735,1181.0643921726537,354221.9558917812,777.4421784865507,35.5537968206257,0.018816323421633724,91.88687398358132,2.6950222412712006,2,4,0,0
22810,35,137,400.7422642760628,61.107217257534344,905357.6233610194,734.1558191873123,13.180468106546918,0.014212768354372775,149.81688567850543,3.9383792185687136,1,3,1,0
89533,951,419,1120.265401197231,1263.8122544486837,310145.83245061786,537.4140856140666,106.69042942576365,0.23571617587822402,4.992530709296098,6.399407255432748,3,28,17,1
33877,791,14,547.5287330996632,459.12315463998306,893766.0100456987,214.76948828181267,20.434285620670458,0.01896202798215126,184.5346380955143,1.622087480611869,3,1,0,0
91084,101,306,485.87515073746846,894.1344735392809,606394.6224407817,361.47667294198,70.3731173729545,0.27724843784470954,15.850069098331023,2.7754131409389937,0,7,8,1
23759,903,482,1394.1285791873784,752.59223330744,749814.8551234156,408.2845316744511,149.3267580466241,0.18287242708915705,5.837799434619338,2.3463421396629487,3,40,4,1
40708,510,476,948.5403441984741,472.8889245632268,781907.481488696,55.482216531816114,1.733307249159619,0.014800283262467757,99.76452804226076,2.6548107809218506,1,2,0,0
40567,90,329,1149.9630405494722,1437.3199018165458,726739.7881302994,555.7013730910433,83.82568295838776,0.12344175648623237,12.497948174520483,4.676680470359632,0,87,17,1
2896,954,328,788.8986489257547,577.6842057208812,433043.7614883081,13.093964095237258,41.431266391026455,0.04709245850324688,122.7897287702269,1.6235141448162964,4,3,0,0
20453,293,277,387.1271259509304,365.54228591309464,556793.6375516582,378.6134357937129,33.82583285138415,0.012991209235371688,127.28629008222966,3.677461724740854,1,2,0,0
73838,309,26,1044.2226305571228,531.6707056081686,546140.7883021049,664.5094982016203,48.75631640505702,0.03860098635219478,64.27187694852276,4.989208488602944,0,1,0,0
63981,656,11,515.4096333349471,1380.0499589856163,657064.6266754528,43.9116742187866,145.98026961887072,0.14625034540355808,18.88181005078993,8.43893988900378,1,22,15,1
14389,306,299,593.8051417513468,801.5135938369725,650387.9281766291,743.6814497238182,9.973382914475042,0.01303803943360491,97.55748341806083,4.718853331630034,2,3,1,0
77216,639,315,1074.7945919572683,419.96617220982483,552812.0949280115,436.9545116428825,10.660202810363318,0.040258988287080535,98.52679358026701,1.0167883452769773,3,0,0,0
36962,24,121,173.47328215951893,1382.9868573354636,663537.5676295458,49.622738173541975,10.65242324236842,0.04233204368517521,174.85081398613323,1.2831652528864124,2,2,1,0
30885,651,182,34.77204253938382,1108.3181318857044,787464.8498663965,546.7608355527673,68.79003921208577,0.29678706220050827,5.653936818365169,27.531925862443263,3,92,7,1
47963,527,376,1194.7718659765005,83.61691094956376,585871.5573704088,733.5247333368444,54.23640251292081,0.4211698540726182,8.67975162363091,19.02907071542237,1,5,11,1
43007,264,142,172.66347958222102,62.51696212927576,780178.5584894279,671.1384823573509,51.3817896429082,0.3110583049037795,11.159597128073914,21.322755491630296,2,90,7,1
50007,997,75,1444.448730382931,768.6631550994555,362834.9483363677,945.6697078863201,16.280918880570955,0.045089652257644754,116.77707519805199,4.610428002398985,4,1,1,0
73768,238,32,1331.6458695811311,403.5602781952462,130374.0260904438,249.931379481996,94.38681704604977,0.32336719222014937,8.995638649617096,2.2436686024880124,4,69,10,1
80263,46,362,157.02250298444758,576.9164430398196,842181.479708104,773.7788315030031,136.74715871858018,0.2223132709660257,2.377381399399315,7.15398780696365,2,30,2,1
93178,222,338,483.51336341880244,912.4365775623687,578278.1477351115,268.32678773111627,38.25031163905628,0.017843458157963888,61.07868897539493,3.6721706151624236,3,0,0,0
14111,430,132,638.2681266482045,709.4470506122223,778733.418495424,481.92545340844265,39.34325015084412,0.043207124696344364,87.67306189511424,4.2233915205977315,4,3,0,0
92054,575,402,291.66298956013406,760.684834857624,117665.9062845021,99.78766716689688,3.7821133106095557,0.04352918966238112,187.7195693257653,4.382521780589262,4,1,1,0
85063,554,499,144.74986328001296,1476.9815163847038,339866.9638004277,992.2339609577631,44.96125628847853,0.02424668138096483,148.28147877655113,3.394249748501221,1,0,1,0
28651,368,4,668.0975828933907,1034.7095654925915,55188.90819163472,930.131511212492,13.763093482916402,0.02294378466748133,104.50433810449186,2.878950808389305,0,1,1,0
46777,221,491,1060.4204936638926,857.4764066694793,147404.42955388964,559.7967285054086,58.40267153294825,0.1237532259602972,7.220466220520399,2.6724608679595434,1,10,19,1
30129,550,346,829.4081552257259,504.8152625496714,210817.5279131081,582.3808020620165,146.56449805811917,0.14532606419836008,17.542308352293176,6.546503316210396,3,53,11,1
73930,422,463,317.21460083200014,1143.0719118762115,888260.3211267489,495.5891491094212,41.347240407047224,0.0018968249374019643,184.82639497635847,1.3243319097897626,3,4,0,0
16612,155,70,377.6034315825419,252.4133231705496,770041.1260587645,149.4523625636677,31.264674062386817,0.032993514319125214,66.93591225638701,2.0334123835551896,3,1,1,0
81495,706,155,845.6815618189241,988.6241506119889,562827.1246349011,850.5422723190302,80.19803375090994,0.4436268567155027,15.055758973699241,23.34931621682988,0,37,2,1
22534,417,330,266.64831256676314,830.7917499714389,239727.1932162311,769.3170413277697,5.875082449005443,0.0353070115943789,83.0978866991363,4.112251273611859,3,0,1,0
19196,180,186,29.143586369123184,1040.2342370453916,531335.9575060612,140.0314296340887,28.21496010473087,0.03982788098372872,181.97612955354418,0.0741957372430474,2,1,1,0
27783,763,123,887.4817294981058,956.9475887124377,668151.0476380165,911.5868416386055,42.41498004620012,0.027878871196492586,193.61009117887352,0.07797103910614778,4,4,1,0
37677,256,28,640.1919576874681,150.95661221258848,762337.0785331216,297.4862814028489,23.390567442535925,0.02297444507252444,150.17602917041336,0.9210468814305234,4,3,1,0
54826,892,62,751.6214388108135,771.2304982636194,64491.24215857841,87.23981433370157,115.09029934114804,0.28782491067454774,4.6407442598266595,28.317597287208418,1,11,18,1
50107,890,467,1230.8649934120017,247.3069121288498,868473.679534043,645.347394399372,26.764201873372595,0.02460330720344185,187.07001421077652,3.7322701750591047,4,4,1,0
90214,248,11,1300.980858432017,1000.8987983312607,487445.04609353526,796.2399707825786,35.29070945292884,0.03459011977312375,195.2868999755003,1.3414799047308024,2,1,1,0
33406,940,167,179.84717677934995,835.6839463519981,274319.053717632,982.5331932069053,10.375251964821432,0.03447325308654528,108.42183973099723,0.6798389913506864,0,1,0,0
85572,340,229,1420.9316107300315,474.83848032573434,765629.6876200677,299.223057101605,35.47906606658158,0.028827551661864927,72.12916819447297,0.9728173359898612,3,1,0,0
46998,603,371,1077.4413736433416,931.5967791465449,345594.7241273446,912.8936214860219,62.07831899949503,0.3206662704883836,3.937839489436358,25.962067492016644,1,36,8,1
49467,7,264,517.1773624136749,311.53952469611664,240100.58746092528,809.7848456821916,41.00766438619461,0.04650187070175249,137.51107278329448,4.540324525834836,0,4,1,0
47226,474,333,441.59320544158214,1433.547116087481,597036.9549826107,526.645169986207,46.38353595357002,0.026750466002302083,75.48862137580034,2.4516472202881268,0,1,1,0
36366,193,335,323.8868763016963,133.13384899031138,800692.5256702452,180.98540794951703,10.39635763303275,0.04022471054813782,79.56068539623776,1.4464076642857289,4,0,0,0
63315,170,418,279.6411377963256,1217.8531142128338,65065.04494253682,688.5022738683095,30.603412932352214,0.010871256184213758,62.05767079239338,3.606427649690124,4,4,0,0
1091,468,264,1237.5622488764277,662.2303910332856,881853.6866023944,955.3202971024905,55.933724271186534,0.397819862400668,2.780765450386874,25.854705639110428,4,8,14,1
57774,376,291,370.5462753499225,433.1828481174935,123491.1296644612,652.4367059287036,40.13799594730405,0.027960385282468123,52.72013539881043,1.533828146379581,3,3,1,0
20789,518,8,1136.2796717071549,133.1819341566909,995790.6825279694,842.3237052972735,48.705771711301644,0.038918638572459335,50.616465291345406,0.6293868666536007,3,3,0,0
91316,882,459,593.6637653730587,86.69301675566021,85569.21444971712,824.7215278696385,71.31678518565114,0.4968906372984633,11.646902721503906,25.93111793850079,3,77,7,1
22165,507,407,1046.0081604945992,577.39678113039,640890.9005394055,691.6537030884801,116.17946399382706,0.4943467209676611,11.446077622835979,12.434670248472623,2,42,18,1
58074,314,24,943.152118455368,931.6149964294799,611713.7562935996,613.1597511917923,37.236652316616784,0.042953841226100235,149.2420451500467,2.7976995977432018,0,2,0,0
86753,683,495,1472.1791940050462,56.324419042978235,794648.8002862616,920.8402921453717,22.322197453402012,0.033664702752743116,163.48092207755784,4.083459028649532,3,0,0,0
7926,822,37,394.41297989083034,699.6099334463858,931603.7778461846,610.1519171765793,7.035892688325244,0.009088409378340883,95.58065064281661,1.5504631157088244,2,0,0,0
98459,239,199,1199.0786217052244,74.60330836733219,409594.05722651706,343.41389695959543,24.32470533963655,0.02719280522997199,139.22120798934577,4.625403863096541,1,3,1,0
18650,508,401,1106.1156895742276,818.9599786244728,705707.3495946844,794.1752024130988,39.80437275450972,0.02055257577920841,139.29198651551982,1.828785901762961,3,0,0,0
87120,931,252,1143.6128313887498,1173.2124049993238,70673.58389898372,807.7840777164017,10.589743082469802,0.033582016831592704,178.76750863073082,4.066828695268854,3,3,1,0
8038,594,51,349.28916625228607,1430.2721679758224,454225.1827699395,358.05283915162295,89.74751844600021,0.19346261853996038,16.435625201576748,8.519677872311114,3,94,7,1
56439,505,28,213.85044033458124,95.47367648422602,963582.8773637684,145.55952573154593,119.19920637021673,0.3259617362068403,13.405973823570983,19.18280961794756,2,83,6,1
46698,190,149,237.2935774673681,858.8110299713422,533108.4970703684,977.1913096194338,31.544154745183096,0.02944980814692187,95.9114030866883,4.563102945921521,3,1,0,0
28949,646,245,884.7841736144237,425.1912448096465,66253.87873679277,89.47227800828315,74.16210621569462,0.49140055760829415,8.354471161363975,21.033602347330774,4,84,12,1
89471,957,480,1219.033070650655,186.46849373774631,919228.8176582295,798.1981244685513,145.69118369207393,0.14109091502312548,4.378819188194747,6.068937744894998,0,12,7,1
38724,551,385,1050.252430160189,1253.990032878922,328600.4102544676,442.30012143398034,79.3724476839844,0.4679310020041889,1.1286828004928788,0.5131790979086059,2,39,2,1
71726,837,114,434.0885527527477,520.1781931163307,395524.73062883265,102.06100731102045,20.875954331452704,0.011472719312118435,89.06915338497313,3.7938963410954,3,1,0,0
57145,467,464,943.3906302321561,1026.9928465308026,824209.936695294,196.556259439594,146.10620373964304,0.11482639813585208,12.852951813420681,26.66101562418939,0,22,3,1
65199,320,254,1265.5672519917339,765.2215835030792,493505.383764771,254.1806798793924,113.70410345138144,0.11228267220146743,13.720602648808708,25.03666585768889,1,63,2,1
29748,296,335,153.08160534186302,981.2146473901955,955653.3683078316,506.59824866557653,4.636698614909891,0.02445600317648839,111.03263129457633,4.471296757772781,4,0,0,0
77022,663,397,1167.5919328276727,633.9992911615127,946550.2011707877,900.3947075488736,67.3506261529783,0.3640321282027351,18.42739808278639,4.929757787855093,3,98,10,1
67215,891,357,1428.4006411818732,993.8965523027047,979108.2544514693,849.3617765215251,9.578886112046336,0.012533049860815965,197.26311829869803,2.110144560291365,4,3,1,0
25349,651,47,1499.4870076337045,438.0407424325555,619074.485695985,906.13695655839,39.28288992942007,0.03389088846456433,158.7844793135423,4.622478798829403,3,3,1,0
34260,114,463,1022.5028597772273,580.6379555424943,400777.0994406514,695.5521299757353,14.26259587997261,0.005593792372048889,85.30100967577096,4.988041537840156,1,2,0,0
78812,997,115,100.72229187679866,1441.3693546551604,746929.084753274,6.8660907066418035,5.077113908408291,0.0182159144077975,90.60835427176355,3.9544552189685818,2,2,0,0
36757,664,324,346.81898117812756,1156.3150493106723,882829.6064707318,296.76143752245355,69.60859654128436,0.2447086059769475,14.443523089509172,21.737266311466108,2,28,8,1
17915,442,357,1080.1088964431463,729.7025264178291,786564.7863466912,647.5799770834657,5.433456762174876,0.04085789391709559,76.54060427121381,3.026655878363449,0,4,0,0
31556,772,89,1411.7974106621198,395.5273847768702,678040.5910164107,648.8304879175374,7.118152124328274,0.001881828173921929,120.21347409091211,2.580624691260679,3,4,1,0
44468,369,273,1345.8866635753964,925.5800643042177,269054.7001325109,561.4479252514532,28.01908741772674,0.024393481471091872,56.031532591613534,3.517969468491228,4,3,0,0
53252,453,67,1214.186853787098,84.45843643411618,18437.33640344034,977.2453583272872,28.815018455425925,0.0033683153473226205,117.75969734377252,2.1110873862136548,4,2,1,0
31678,265,290,637.6608804611425,1281.25069207669,616751.448543272,133.8207257363257,95.78564630819893,0.44550433046303173,14.753642149583722,3.7759163151539816,4,98,8,1
63347,700,482,1155.8713452819957,850.1048530777907,772308.5869978634,936.1847803992403,43.380417401989774,0.048158748662507946,109.55319330148804,3.407076463396111,3,0,0,0
35974,555,116,315.0201170000717,713.6269954020146,89264.60870595936,820.7455287288326,114.77345203684195,0.16072237440618894,5.106694974104464,14.970184054653886,3,15,2,1
51616,258,467,763.1179066711377,927.6797177274941,140041.14949882816,266.8216306545087,46.888226321298546,0.005540406174073387,186.72852748525716,3.946233076148375,1,1,1,0
45090,388,293,709.2850117638976,1239.1453757032925,742897.3438358428,295.44575659377097,14.348166112723401,0.047166465447926235,147.08074504490227,3.9160150614529976,4,0,1,0
66961,560,395,1279.7081699921512,1412.835609565423,41723.876829492394,593.4836126832356,147.7641295489217,0.4819202888688602,7.7596412407544255,14.724005125936545,3,8,11,1
46390,492,321,618.2652506164249,1245.925822605233,874295.1606255851,140.45678131887948,102.3650380337557,0.13232820800147949,3.556828600504924,15.058140410359615,2,21,10,1
98037,413,289,987.2052642908827,400.19654736847133,350785.5459292154,13.722565212317065,77.6921284897262,0.473419670108323,11.411553846857466,13.481862124976145,4,91,13,1
78050,338,423,1317.9069684362232,1155.2123071542178,954807.8217577053,618.6022537599841,14.14739911184697,0.012125938120199714,119.43074148320102,4.553450604299504,1,3,0,0
99375,596,74,1338.4699666339734,293.6223404043441,202236.29867641875,504.1706101449933,82.83135219672312,0.17083427124654765,1.637061428248477,25.475440495008236,0,44,12,1
29633,759,299,682.9709068291895,826.2351685117005,31871.407286665875,709.1739381666393,107.8421381422939,0.43220451273436244,19.60029717975636,13.982550608152424,1,31,11,1
46055,653,147,331.0170748986076,151.84893928188373,160415.6481950105,655.7880327069712,27.25753433485662,0.005032086294963789,71.4894697960051,4.978315724388552,0,1,0,0
52397,956,390,118.39619828057167,599.113172581362,747786.040080226,914.2340198430544,117.49077038676809,0.12405279447128717,18.92188149891,9.345852262831972,4,58,5,1
56623,574,438,231.363864899207,672.948857430801,835274.0974699501,812.5945963469779,41.185157870091885,0.016439927655232157,160.44686914407256,3.9310764777976486,3,1,0,0
4947,593,150,564.9496532519448,1049.5755431355776,771156.8726770063,110.8419542165285,130.153781435577,0.22257786915420744,7.441633738146505,4.184693539492721,1,52,16,1
39291,845,422,156.05793771392533,519.3800533577419,674447.8941595621,895.7719957979158,136.7540835244829,0.21454194218777098,5.368767250750647,26.005918723564285,4,21,14,1
68240,773,28,1480.5264863782097,325.17984354336625,284383.9987253379,46.63240321041987,39.123793338084575,0.03501605294553386,184.28711177525005,4.744002849060492,4,3,1,0
73054,867,344,1371.3419546089747,1192.164292449741,958053.7922924592,260.4685344705539,47.66796858075322,0.03368052964825247,94.65050742041393,4.169081812613168,4,2,0,0
94518,103,443,952.6645891703556,1068.8704700238206,645340.386182896,912.9859622544932,136.53159537882226,0.4482977461763301,4.098823603378801,12.811284561127879,3,48,4,1
16078,300,20,1313.6027630787437,77.56503576683971,948526.5431751248,134.11619602082894,2.7437741998731218,0.0410661982224586,90.84659525894922,4.5672779829611345,1,1,1,0
30132,282,187,38.91106354620887,534.9494742788588,802765.4011964907,983.9295469378889,49.57450865005922,0.034784617695002094,170.43978046055744,2.708304650367989,3,4,0,0
17720,19,374,595.9053890983049,860.040259925741,817650.5049864517,152.2067532055817,17.86068619402382,0.0012717808185436774,120.2246993414719,1.103056756724382,2,1,0,0
92023,873,203,1476.7567018715417,429.3778412188863,68938.93610960539,389.9865521597234,11.70946601719919,0.026570020318259675,133.11776070819718,1.2264365039948162,1,1,0,0
21585,642,205,1170.317623371981,576.3597511726408,557417.2593653275,403.6503534645909,64.11435512972825,0.44901479178575987,19.556137824997254,11.645322734314378,2,75,11,1
58742,321,419,645.0153720678618,1063.443566874947,713905.2958498342,629.9725985141079,26.246221010321822,0.036003359504211505,141.01123737404694,0.23626834093344817,0,0,1,0
61911,91,291,1402.7653928243585,871.0671422219677,666758.024054884,298.9744135733126,121.65290272370109,0.18346761045018622,14.359062683032464,22.931622393057044,4,7,18,1
16955,808,17,121.7263507382607,417.5439638607712,3677.614077605772,899.590144380656,33.84967550882698,0.011355156881479006,155.10334268888667,2.200667749797009,3,0,1,0
26807,382,178,352.43505577803955,50.59007022339907,867693.093713428,825.5359116463363,149.37830800225794,0.25251616465863413,11.26473988974502,20.384677189610628,0,93,6,1
89225,54,179,503.7910995862018,1405.723613917598,97635.77312908835,746.8392200039746,42.662662040986795,0.035143044795910405,60.22785095395176,4.488829563501743,0,2,0,0
7053,105,398,153.12478251725926,1346.5630532174823,838231.1262653224,821.2432624446003,145.48982562771928,0.44250208126845136,11.902943622664445,24.80946198963553,1,59,9,1
56091,387,210,1377.8229195982437,585.1028740780713,565465.8957613591,226.63410675568863,22.16766661619711,0.028491055734600215,152.19966590342636,0.03962684641504677,2,4,0,0
17831,744,223,318.82348921655864,549.7958743467904,993208.3112977963,382.4492020375165,42.88801430837827,0.021609627336637113,181.09941694130373,2.815078426855313,0,2,1,0
34984,517,440,488.8620857867269,191.23773592259496,125362.97494860001,137.38991153952236,105.63394400134666,0.3786762024517857,14.513289262936174,19.44575543493009,4,83,17,1
79097,649,492,667.6255154660865,623.0863707677797,616976.7602405074,511.17748121660736,44.83928234122753,0.029542684335184255,53.88836155483969,2.852041134040876,0,4,1,0
85085,356,57,1395.1347371268153,782.5536476283067,224697.7324483377,791.2848782851812,137.58631465610688,0.1571483554427584,2.3194720654318806,2.7638159425768474,0,81,12,1
13977,152,109,814.2113862362007,107.00494703813928,624155.6748164598,210.40226098655035,50.675442146093616,0.3797276320177537,13.124420671167178,13.242813543612392,1,34,15,1
75524,67,79,1364.9878653747007,1155.769097861854,583423.0418637018,950.1848112636707,44.21597676101819,0.006029412402324553,117.8242697387452,2.8810092506546936,0,1,1,0
23989,423,283,958.4986403031057,630.9713890829049,914343.938043822,331.6771070493488,38.58383429024143,0.008862428702484377,172.55795312003409,0.7182024388020963,4,3,1,0
34868,879,165,560.453045335906,1355.7685232517013,36052.091435960654,79.31051909457467,30.08143076461816,0.0019205896981509486,130.73837064205986,2.5406091191531592,4,1,1,0
88827,995,375,1046.2101791909704,641.1840311132087,354598.2344335505,318.49056496548934,10.20122748909353,0.041328808555540726,65.65594554074299,3.6006601869635846,4,1,1,0
18715,71,274,1490.6485643055828,812.4217656870244,714688.0499697084,180.69532898407127,2.044907293259152,0.02318662710289883,62.02265678828858,3.340806139750831,2,3,0,0
71515,362,468,690.5602267272077,1351.4248414132308,236792.52432506208,672.269560289835,75.40420010203172,0.45953057929368135,1.4473309809142387,27.701648784296633,4,94,2,1
30299,54,302,610.980918583217,1359.6880190198544,895238.865902584,536.7173978576698,5.119445717221965,0.04245546163158041,99.72891566487333,4.964430974368936,2,3,0,0
48183,642,341,659.4820868143989,849.6134538757517,508613.46404614166,175.14948844962785,39.37792356106992,0.02857592060031754,153.47639546976575,2.104632774871658,1,3,1,0
86315,687,337,66.74782979461773,571.9221400633762,136948.44998762175,977.4330103015308,32.330588031559685,0.043652729271551276,92.36239607551758,3.722083641959968,1,0,0,0
75382,892,455,1414.033061425344,1176.5109871110521,138259.37428320883,460.9687795459388,8.134691987627761,0.01700423087827443,72.2134737876105,3.570697759142579,2,1,1,0
38079,824,372,1295.319501732791,70.67194001508683,265388.0345042325,200.1364319385874,47.08915821539956,0.0394212033566753,151.3079276516921,3.495634978167159,1,3,0,0
62462,170,202,1056.4819401538973,772.4884635317464,338214.09507219755,426.09069318944654,18.822650171575372,0.004674850023810973,179.46900897541303,1.9014733940079336,0,3,1,0
67657,489,481,1045.0853294699434,497.49895766047143,41886.788406463216,719.5019774498194,47.525772990624525,0.014996225517560148,65.95056313737875,1.1265141514035566,2,4,1,0
97479,443,206,680.7514455892101,1229.3116058179314,257773.94289910968,636.2951444130541,11.093836335242218,0.032549757694886695,92.37499730567936,1.9592530273738717,0,1,1,0
21469,118,454,1358.066291464793,1106.9946144863675,313282.03938237467,500.4631848332982,109.11728367500419,0.3829076437321969,5.653906630000359,10.526549046156376,2,30,6,1
93595,643,2,900.5084093870698,784.1677564764866,349790.21136960434,933.7159014842391,1.1007757854037554,0.014334154971518742,134.446661908512,4.838774178990109,1,4,0,0
87617,988,214,1250.0124435651637,1352.6591828857013,934349.9518591108,730.6404800648813,83.09617597855302,0.3672362020996687,2.5140798098467925,2.772470509962035,3,94,3,1
85093,286,129,72.01221962719131,909.2129264721902,429669.01576892444,779.737206614867,8.515572419539454,0.007928029570003797,156.57685424601232,4.259899709602411,1,3,1,0
52647,327,426,1133.2550999363423,209.7266425252283,525033.166841421,536.8130927085388,121.45874546013242,0.12026629849414486,9.655945147251272,27.503011896670646,0,78,16,1
43209,826,355,616.089695610309,1196.4227108588875,151749.42226951823,733.3429781981017,116.0573991432621,0.3198587892749287,13.603072703447225,19.97830599647217,1,51,19,1
7005,448,425,219.6474936545785,1317.3196379986532,301015.36438267375,461.2225019337931,5.273936657535467,0.02884859481992612,146.82287285056788,3.6894720758815613,2,1,0,0
80397,404,73,726.0324644864811,593.079995920194,200669.42427260266,208.48259043417283,76.18743696636938,0.39733962171094905,14.441309363732914,18.887130978469795,1,88,0,1
55176,309,258,155.73450779941032,409.2358029602842,337216.2777778963,526.3020932543867,38.8330933011947,0.04544644610520537,77.24221383872646,3.9081644646856244,3,2,1,0
29992,549,359,306.1531064815446,545.1935655238902,637951.6939008981,123.42910988565367,10.228451912694322,0.01783259692832679,139.51294573920796,1.1844191346125288,4,3,1,0
527,802,53,164.43372020575416,1024.8810152704687,17627.179736470454,245.36024173556982,39.36875680292614,0.00469713404313693,117.71531040817798,1.888255236950881,0,3,0,0
69023,586,466,1098.1447310297117,1181.7104875644743,307734.68353565363,631.7185876552587,35.52692497263389,0.04602415679002267,160.05838144911502,4.644578221902228,0,2,0,0
76473,252,168,1457.0751683974927,763.5576115979376,819129.8095083765,729.9646657451649,4.134329573207644,0.02104363210491052,54.053757875488444,3.3026717431436836,3,3,1,0
60063,721,491,121.09916338662346,778.8288490788569,484368.6508369365,872.0886785127074,114.4723641232868,0.22422096684544723,8.4880663287221,26.19436828619315,2,46,14,1
77552,294,7,1342.0921149979602,607.8874371660945,648586.8375809079,189.53716136714968,25.09707098148102,0.04604731535376702,140.3161012617254,1.9375819078072487,2,4,1,0
42702,576,255,783.6391821241167,1191.1744066034216,205157.475850345,47.53266466312846,35.6275984010235,0.04105129482814431,144.793899602821,3.387626188167816,0,1,1,0
52067,278,6,493.4697371586741,863.8766036553201,485373.69951462833,506.392241959511,57.96900902542407,0.22512412031187026,2.7739813329318337,8.973932562946024,2,17,16,1
52590,609,216,882.4678521265494,802.9962529975443,116441.61619694154,355.89677060410156,33.83194818021515,0.0006103673258687937,176.54126477279118,0.2630730094864342,1,2,0,0
74798,168,157,766.3085605902304,1092.1731258619093,468587.044222469,443.9066424295147,32.920812936248936,0.021413610913746484,126.34119358735951,4.4045793226232,0,0,0,0
88391,363,413,1365.406412119224,1068.3979940847573,702769.4827104344,893.5339831880187,25.22812529362019,0.028896780388049534,63.18581073351079,2.6073885315004297,4,2,0,0
60870,923,459,438.1453489785224,130.61207437354102,445917.568251821,745.174610316422,117.72433394107175,0.13090146755811563,12.351985564349615,7.253275574948904,3,12,4,1
72997,387,151,1293.0920227229394,1286.4486960664492,180842.24591982286,797.0264563356195,49.193830443810754,0.04149504261219985,99.30911796250896,3.995375660916408,2,0,1,0
57103,878,469,709.3669847860203,1328.301314383055,820288.0147275684,943.0650957597682,121.31056331666011,0.11231526328629596,16.576907179917175,19.23764301017173,3,40,14,1
22384,613,144,858.1602822679822,407.0317900902182,182072.7967476697,528.478351010224,37.701111740331534,0.012417461011135184,97.56434120871188,2.4284006419931625,3,0,0,0
59813,121,260,1348.5869740089859,1348.8374665372717,682358.3414920637,900.5804335629921,120.16510989251593,0.14597704612001255,6.825932146854588,8.666146794299152,0,33,15,1
70454,628,69,1188.3594344880835,1051.9998638548445,154501.5886156082,745.8195533618969,40.257291957320554,0.03644870849252687,154.25869215797852,0.2875400079088586,2,2,0,0
27822,576,327,873.9280133768932,332.6231183292221,318785.7209727333,873.8717412534597,141.21761729152993,0.4234756449093755,14.85945896986322,24.276857770770874,4,41,13,1
66477,171,68,80.6085157137714,1008.0349638600866,34237.05917739145,928.1305357826712,32.13669632254101,0.03056770587536077,68.20569539795528,4.113480846881961,1,1,1,0
91286,842,173,183.44120114192458,244.72216553358984,114722.31418225337,529.3421136838087,109.80475326731553,0.4256488624756478,1.355700562033503,24.054686164855067,2,48,6,1
18521,603,109,934.9443979979076,1353.7491541891657,843582.6379365918,797.6696417300184,34.798859097947265,0.045335283298096225,162.44622830128577,4.703712572131572,1,2,0,0
14480,688,65,314.6342945959596,1214.5134567817634,443152.72039284976,85.69868192799083,148.14748444496857,0.12706553844507132,14.71948830688882,11.473312281635067,1,97,15,1
2806,480,321,551.5917202690596,487.23235440731895,533083.4964149246,205.4980852377032,38.56052855046184,0.042926797642500986,174.8479688658906,0.00803214738741509,3,0,1,0
16774,231,81,665.0744506855979,255.7681935200666,269785.1414837127,550.7450271951033,30.862887141607526,0.009894197816691985,188.73491304790417,3.111819278739989,0,4,0,0
15199,919,488,511.1167104181548,26.249996151170475,204464.08219847686,225.85180526876533,63.228449400734455,0.18624806326625665,10.287780475086613,9.667566872138561,3,30,8,1
20042,682,315,864.1085266277051,99.56623165110643,600122.5846522549,449.19108469767576,25.720843616620318,0.01715412751341665,78.76432761714226,0.7709428128953172,0,3,1,0
12472,447,252,200.75437216928137,840.4022056563747,585113.476141872,967.4047632141795,53.66473845580085,0.20737310669942133,4.888100510842573,29.255292135331317,0,86,14,1
77200,728,188,212.67598661106263,309.66749989044223,101481.67304221772,803.5557743112844,15.701136417443045,0.028438975328038463,88.69648841973553,1.194232534257481,3,1,1,0
27479,702,300,622.9493380760349,978.294512051157,225812.4521025905,607.4013907506297,47.65093075216886,0.005792755012179413,82.73874016702366,4.53284096709706,4,4,0,0
78419,195,387,382.01830954943097,774.2373718076879,259795.8132318661,997.4203357426434,1.7690808377024485,0.025388500031440997,101.09675696596008,2.1429288807472053,1,3,1,0
32247,970,383,1044.2933445476103,39.73625411201054,164104.30332669307,476.93897463915835,97.38910520251298,0.19156329185098608,8.906441572058174,7.7582055290267835,2,61,17,1
95492,130,263,461.25860589874947,876.4999634502987,202181.52349379528,378.0762770830811,7.148360935933131,0.03592140820912525,58.40309471540713,4.395888405183483,2,1,1,0
88675,299,135,732.7526264070673,310.0335426699773,453192.67863293126,176.91458102274993,48.32638464747044,0.04406254620563513,105.37759482169355,2.974627341173238,0,0,0,0
32955,354,171,1483.7136718360312,609.9525134912726,727646.2202562895,44.48654764181789,9.603528993140264,0.013941562601460594,119.02576778204838,3.1009575506400475,1,1,1,0
81595,369,352,1334.084577433246,1413.3269919610318,173448.43772378014,376.5486225975664,101.72518856373793,0.3648616064935811,1.4293112471897382,14.386048815885038,2,26,15,1
78616,928,272,472.857896161498,419.48495082000346,818710.33657753,802.7340254941606,58.88310748207289,0.3897424728452772,14.997046889794413,23.0337693473074,2,68,4,1
61083,893,227,155.97049344652112,768.8805379097821,663448.3283013875,93.54867232942576,34.303649006516466,0.04101571275986324,70.82246612994194,0.5084799529097944,0,2,0,0
45380,628,365,1290.8604176600093,839.6192367442583,373661.6327046732,554.6994916210386,140.04147732454584,0.12418139525977684,13.65611133204348,20.03142864591199,4,57,8,1
74760,37,188,1295.8700687031035,918.984261059537,334239.73289157386,543.0340409669009,60.795629951070296,0.4350079534638339,10.931684357297753,2.386501176038146,2,26,14,1
3775,7,278,148.15572819578915,1408.8034873929569,589592.498556074,901.974050619453,6.513852061348621,0.026098447727641156,175.64381666565612,1.1321233573361633,2,3,0,0
66528,947,463,583.1519548961785,396.93361125285753,809084.0097415753,389.4343717406145,142.10211943655463,0.4257349427255569,11.1287453286238,21.000377387214346,2,40,19,1
58193,36,366,318.75232763047126,1113.8489959077176,693961.8268127865,608.2776068892688,36.60230816577073,0.0485193366506681,167.441398149281,1.711494579314331,3,2,1,0
52923,602,484,600.8533727086289,1089.0466518784121,772490.2661498814,124.7790843291228,38.77174456560482,0.03045853550057789,52.3367912948391,0.9242864730585043,1,0,0,0
56097,678,340,1429.319024837008,493.11428911315966,239535.53117036168,660.9573089876502,100.08398932591905,0.2618187372882731,5.100881623314565,11.152377002318953,0,47,19,1
34864,510,398,576.1548481503642,96.94982612289057,721760.9485644198,658.9728779348687,44.78147034745867,0.0006172072715117439,101.06582709986787,3.0723266849586506,1,4,0,0
95520,245,343,1100.0562022348668,310.64198219466175,740591.2647422488,849.6200890149479,19.88346321131699,0.03215338320975603,130.7116661197423,3.922055627701005,4,0,1,0
63799,346,452,915.8646761441335,1367.9447560141718,673276.3600068662,933.0843603580356,51.183602232835,0.4318980684779503,4.814631159379921,23.708038008093677,3,61,7,1
32129,248,423,787.6920449748702,898.1271764454347,540396.9235504229,735.839584283312,80.06715613610804,0.3729609713981312,3.6365384598964727,23.08488135078584,1,88,13,1
77952,342,150,281.84127137080026,1151.9935099093643,108417.47013667435,90.1884973999265,2.4457716887141747,0.03791445322410202,162.6040354688007,4.3433026066166205,4,4,0,0
73394,441,455,276.5361399606564,1154.1502857873477,360869.01822272013,563.0270491381955,69.61501806103541,0.47632216436528185,14.52800356539432,21.338635822996327,1,23,1,1
96873,156,72,1241.115975295296,720.0051506247444,116225.3645225841,662.6188171293287,8.47139367433816,0.04705452691157766,64.61718034581082,2.6591781041155143,0,4,0,0
3180,505,293,891.9356976101324,935.1676263557612,235436.14765440876,290.81467958930114,49.82228521324795,0.0204472196978392,199.66529392246096,0.21306342292687186,0,1,0,0
60380,704,123,1160.408333569935,554.2886304058793,98645.97934579184,605.327246541077,26.857677959643105,0.015019582203862564,143.70216885991783,2.413750596029728,4,0,1,0
23637,827,44,1252.2986159008103,54.34264279012598,951057.1310311585,862.0826344215011,60.26757232422658,0.3579244099863875,11.13374465800652,3.0516779111977006,0,82,7,1
94496,790,469,829.9302558013891,696.4018715570069,819242.2852206054,999.8637510304931,31.848353890657556,0.03733542388367544,93.02362114995776,1.6160624528336638,0,4,0,0
27617,359,283,551.1235552249153,442.54519491344246,163114.8320500668,26.74767312134057,33.234085088866834,0.007176194697915034,60.1693932282123,3.6761124256334172,2,1,0,0
72302,626,31,406.74414810000707,1055.7016972489114,661624.1471749255,964.4315575105803,104.63452859143536,0.48826129699737175,10.028819865563609,10.730824570626238,1,60,19,1
74820,967,70,942.3181847530749,311.19718222586886,433141.1333454133,150.4959344913454,26.808893663532476,0.04303898322700386,161.21371921010643,3.6473076237810593,4,2,0,0
67936,72,192,675.4481143310454,759.5080650527821,986746.6588444759,777.288479736558,25.70305388913812,0.018900305589236024,62.131252035157964,3.694655367976705,2,0,1,0
32346,67,400,1444.1870143891854,296.8672010837401,928354.181062973,193.53654315622103,29.854579214756072,0.03723388386407066,110.40080227813274,2.154354292815139,4,0,0,0
44196,280,311,395.6067495413151,1071.0389360941774,881218.6848932275,214.78914555396457,135.34496588989236,0.15292345535059246,10.840654540807398,14.09605233203287,4,22,15,1
22051,209,46,1132.3312353466706,31.83627074561812,856272.4113810528,12.146099013530664,124.66746492440117,0.2515322531218176,15.44187821046657,28.10744487383961,1,50,19,1
81152,298,50,259.56352104511154,567.8582429928306,780215.8785476417,622.1888475676127,83.182115696784,0.45286373652862466,15.628207960887206,7.275219852118683,4,6,15,1
29117,619,222,322.2201816337245,178.4853209755285,433356.6086050046,245.17143030734383,9.86423381462895,0.0021906134490067286,123.03588147344675,2.939187145368385,4,0,0,0
66760,618,101,1485.0405625239819,1213.1003785279768,602194.8068509337,793.6302480153894,18.76778373970815,0.03597330442209887,144.00463205272305,1.530362375573836,3,2,0,0
51617,448,166,422.29228529673094,613.6414644328154,647584.5628532018,698.5659920864128,24.29774254372243,0.028325725462583343,147.47043528973973,0.6218184090322632,2,2,0,0
44135,23,56,178.57065809005394,1165.5880737281727,663859.9198960048,600.7586322823022,12.016538042363312,0.0066324629395384475,170.13783712524378,0.9260887611049046,3,1,1,0
45079,258,16,679.0861215280894,126.06188063742457,670510.2011733584,933.7854350496046,147.83227684132595,0.20966245617066753,16.088882687572543,24.229409768935245,4,36,15,1
68624,428,73,1496.427116592914,535.9396889724636,431372.7438223141,185.85280536376084,118.14259045057047,0.4005776218041962,2.504877137542956,5.82602319979397,4,47,12,1
40700,167,186,1049.087224235063,993.0587339354162,156277.08974998503,598.9172694288447,10.626021240722855,0.036621787264819704,109.67872801868673,0.06865043420102579,1,4,0,0
89616,516,332,411.85624863795306,496.50310123895287,872230.1288028387,561.9937968481252,1.325026496613395,0.01985044412811255,85.28437790487885,3.1528505910617133,2,3,1,0
92847,563,389,987.9553583138648,1261.7871372836441,824984.8384094721,457.2410521898497,102.07225647229743,0.48034999561977243,3.7853075349148244,22.312018380213274,4,7,15,1
56820,388,440,822.7850564745736,1430.7456503725339,241916.20570615848,948.5692222893701,128.4139764446336,0.2110305292296355,18.588937087317763,19.99604728814512,0,71,4,1
45515,821,22,600.537878809495,1060.740116882445,627973.6810697105,306.4427996813829,146.47943727126832,0.4589296035158472,10.272407543951363,10.65142966468013,0,63,2,1
6152,18,401,900.7817995974381,973.9628721816342,790823.5217714966,74.60589083893613,120.28124277298355,0.4727499150963633,17.103978008676123,28.369943798410752,3,50,14,1
87926,656,438,237.48968223594844,936.0688657956082,872966.9878773144,262.1693173257266,25.003967800484993,0.001268899934085588,77.68744455121436,0.9355083787843937,2,1,0,0
77972,255,323,1418.4633006141592,691.0053064056646,498117.7043245836,386.9685551286586,20.692145016507126,0.026637196589661516,143.28688141300995,1.0509603023250542,0,2,0,0
97950,262,232,325.48294909901773,592.7287358295071,377253.91279565374,350.97762301021714,53.72189441856637,0.46417239528946586,11.301786632238874,16.475616566346766,3,98,8,1
86493,910,227,74.23089886293101,542.276502372436,420399.14014297124,609.6783979585648,14.704161059999382,0.011696875799172685,96.29653834818679,1.4511063150041954,3,2,1,0
91987,986,440,21.637353588316678,933.9413179103718,872476.8603286734,199.58096731579465,113.51686429316584,0.2747261750693495,2.8739125208069476,7.5096434947944894,0,68,10,1
22379,893,292,1090.693810540364,650.9153845954385,262053.96171710978,6.818806213762774,121.84431230252076,0.2783573346289755,11.283070792851934,18.376074229226468,3,33,7,1
37408,535,153,1425.5770501687616,165.98280299497117,672827.9181299813,285.9725749895713,21.504570759908173,0.003155102778597785,92.16264159338633,1.78122570377099,4,2,1,0
27050,981,109,574.8041086355212,1162.4552215272345,104625.64419882376,756.2977508730384,16.19175544937027,0.00825832945404585,130.50844349866622,0.13646821338851922,2,2,0,0
46550,395,458,1446.7524596197175,686.4929327614919,836157.1022644116,258.06034548459644,9.381135045094359,0.03149991783849253,130.53391919386348,3.822766030489684,3,2,1,0
43436,186,60,904.3864906846343,1099.5288834121302,940415.4068922246,360.9332445488141,109.44056701206352,0.2087967643499302,4.967601325010905,12.530491210257969,1,27,8,1
78062,909,457,1357.0698150577766,1421.4059314003537,216589.0863014304,75.24880725770892,103.11421540350369,0.4181858083933545,7.653612630298608,9.561147410781814,1,52,18,1
84244,793,7,178.3966223866225,1287.0735366218198,188706.11908147307,418.91473858570595,3.678514183995371,0.004577036744049085,67.14570399733772,0.6634625082931866,4,3,1,0
8457,267,206,234.7897452245839,947.0349556321466,894322.0384300421,430.43838504736146,24.074173493590067,0.03927236065649394,61.494709691246925,2.6449236770579594,4,3,1,0
12961,748,179,685.8733048990568,480.17838818730894,617089.0351847283,523.0918622024856,8.422349050123621,0.023910630406375574,100.04026700107863,4.0321406445563515,3,2,1,0
12749,822,198,416.9678706660595,860.2658997117956,85993.14985784351,611.1914017520304,101.05713656642784,0.42944415302117067,14.685420261910032,3.9409131640928887,2,27,16,1
32274,664,292,1174.0653747781655,233.79944194098897,809682.011772227,857.5489015582513,35.59010316576105,0.02110284089792036,68.51272545960484,4.700939443366203,1,0,0,0
15075,709,425,310.97768047857227,684.9266380687407,896293.2500792335,266.3236188227965,7.634873647932824,0.021782290386187803,102.44644531978662,3.94585602920602,2,1,1,0
19968,525,420,1207.4813391542998,1264.3320201046038,136547.35193824244,759.7479622815721,44.97320268680485,0.03584798639436669,112.60430240234024,0.524180663560076,3,1,0,0
95268,870,190,1086.3587197231536,383.7547618307014,483435.8063223936,467.90515001569526,139.8908169556591,0.48120687783148963,8.08462315494192,10.68687586346908,1,87,2,1
52783,893,197,780.9678943641896,1404.4006360501726,648104.6268246929,795.7184594108647,97.26933670066174,0.3590263713891544,1.9404272447075215,16.25070397893999,4,91,18,1
51409,860,457,361.11382451300614,617.0026520625709,998685.9328746161,270.1992112220658,73.87999794575884,0.4560037592842643,4.265791744860444,10.710186730555089,1,63,15,1
22681,729,361,397.1991564855808,1281.120072358278,353166.88805289555,432.4959889546642,104.72123712464453,0.41294264486880694,15.017260097235171,21.11579566449131,3,50,18,1
11978,338,496,159.01325879208082,269.06450947925566,448463.22308938234,795.6117070921683,19.51026899018789,0.02896749091434816,83.71208192222903,4.182622267866747,2,0,0,0
81981,528,224,1440.6210221553908,244.59407788442346,221576.17872610444,553.2514532009783,56.41324714888026,0.39237336188793803,13.305591181044969,24.781268352456866,4,79,0,1
88995,23,449,687.7492886883699,910.9134553295241,173255.72045826964,846.9495121240075,106.02108027567729,0.11779997775156584,11.08949467691205,9.961699802426729,3,41,0,1
53102,33,231,555.6686892547262,1480.3505898749338,339973.6961525448,55.18182159187403,22.044290464074795,0.014041353188929235,119.25596670828283,0.2796161442686662,3,1,1,0
19847,222,465,977.9166497908774,767.6467914815154,307918.15892311395,638.0277145337095,25.872744367003772,0.01121212012406122,158.8476399785372,4.747268570117384,2,3,0,0
65203,831,338,1449.0558462798383,114.27286369876532,523975.8309775722,525.8997939421834,4.008632640889461,0.0037981711530160056,174.24022121930096,1.1992301815946271,2,4,1,0
61407,950,73,471.6327133366279,834.8809797488914,322176.6571111705,787.6346303931485,1.8936987731185162,0.030429399493138234,98.87129992067668,4.848432035330281,4,1,0,0
48605,701,474,558.0277745208109,617.138771845351,32022.91682656698,866.8985791180833,51.21332778393951,0.1714759227029128,4.482731901919018,12.015613032164948,3,58,19,1
3746,807,367,85.23481489877727,684.2013591147738,588792.5453942459,971.1923517367092,31.95975516012787,0.02366421448288521,103.91501085774317,4.208700439989749,4,2,1,0
94971,893,164,349.46422800796773,656.7077980432126,518639.8877602388,7.4410388005097925,13.497712888619143,0.01912288612313483,156.94666233699598,4.745239663784482,4,1,1,0
30193,77,129,1169.810256790146,51.769528431871784,479898.02380840783,379.0516158039178,16.338618131070803,0.030748384724843432,111.62926897356598,3.617987131344551,1,1,1,0
11685,284,169,843.8267004657666,797.7592894129574,237210.09505917452,340.3063171038609,75.65005173783743,0.3469739198338431,9.783300148771108,5.47501809529975,1,34,9,1
87362,759,4,1159.2426304027456,1155.5266023286797,309580.410625491,768.6150736913039,114.95024350471238,0.368567950668115,19.02907598523702,22.93279098400159,1,97,2,1
1687,249,441,1406.7530793317212,716.2724589044032,766399.7791190023,617.2449403673205,144.48588639478191,0.11951275234326207,1.8652016387124095,16.78734362732242,2,93,10,1
62879,924,157,566.5386705683318,866.4970466926168,589393.9963575975,162.94323723250128,51.06284897003929,0.16173071739957426,9.034223410436336,28.25210919980532,2,61,14,1
54452,840,356,983.5685116132825,1374.3994860430528,901619.5347310349,807.8663815507434,78.06915217278248,0.31385896186044093,9.634414459438686,27.327628891822226,1,41,7,1
91894,848,315,978.2268415914452,1304.319030938716,319812.90859795926,342.9897348371827,126.82044470135166,0.27242165237715854,7.325467244031145,12.5137690179426,2,97,8,1
38011,947,416,213.09814649297212,591.1099829021265,999535.5516085231,497.14673208006366,104.86378229099941,0.2870449247790748,4.995532654283746,8.38168166838685,1,76,8,1
39669,433,275,569.2479151658979,186.01307375164777,287055.4878189992,773.1616148213395,146.35071394520725,0.42329923786597456,3.534653556773028,9.223583180811016,0,53,10,1
20299,752,10,904.6555519139514,966.3045269051953,299420.754636068,28.666425649033624,15.849532502533041,0.035080196083279724,57.442598234939666,4.91999625371846,1,3,1,0
51297,906,375,494.9367512005588,1379.3763040299702,280329.12879968947,387.0720759047226,44.19944015933395,0.042990175221630574,132.1439794027472,3.8137074371193225,2,4,1,0
41138,283,300,608.7365754768666,1035.7545828959178,967337.1418782009,282.7418769705681,143.17667340535326,0.33212551316547956,8.520325964486752,22.812608023425256,1,43,11,1
6844,929,10,67.14994716155158,1019.6954516238411,743251.587877268,930.397272389127,27.039923145767172,0.02311696382508942,58.53177338124942,4.69743462193387,3,3,0,0
6981,129,55,1441.64068853485,764.23848288354,607671.0832465925,131.5933549330487,77.0038121805714,0.12775096569823208,7.4236199789423765,5.6305672176681725,3,76,1,1
56389,87,306,435.8106576681309,582.313931460343,944457.1480739106,338.10729916869866,45.048624237052444,0.007023575715489661,146.30331749284758,4.8342558797432575,0,2,0,0
44740,48,441,369.3997534118966,1011.0931349509053,477263.0298670646,318.6625250346529,30.1930691383176,0.00908316765888662,70.78007932574896,3.6353066996406196,3,0,0,0
48205,857,39,1172.5762772319224,1193.0703365306147,8469.777753233655,938.671880181642,13.977570250690725,0.03846728525793028,167.47865835786232,1.149474996884166,1,1,0,0
12930,426,252,1060.8896386519011,1276.782906999361,379134.8068395431,939.9653945151737,147.70929370289787,0.2183667799531925,19.32213625000638,27.830235904285445,3,7,4,1
97344,607,233,228.37011842659217,1163.572752193127,958279.866597385,272.1946241992035,10.746576355545876,0.004543755272400452,92.58083962195941,2.648615618742312,2,0,0,0
35907,834,489,336.846982872225,887.670397028338,882333.5059057868,264.4582262384195,16.07398055723013,0.020680457231569124,139.9859700974626,0.7736043340386406,1,0,0,0
12833,870,7,1233.189269224957,221.12374464059044,450949.5937447927,238.00673858730113,22.002367494694592,0.01743326260206729,170.9836931614649,2.5854139282538906,4,1,0,0
64763,722,60,54.485022805287,403.3758510577736,656072.3270790415,252.29553777480305,85.31020722036007,0.44619348232864253,15.841809087821543,9.866076415414643,3,42,15,1
90980,458,86,948.4453521797292,1171.761402470544,499678.864672658,483.2237161460095,87.31257803211574,0.23295386362765474,18.18975548388754,3.9711819192258777,3,17,8,1
96454,511,240,1421.840189990205,709.0974533280505,223087.8780571018,789.1240748571648,107.19057233538237,0.12601309590567414,17.89186263146743,11.401337147162899,4,30,18,1
43438,363,419,89.39454393410405,1416.6062444348506,999319.498396391,688.7181264457197,96.67312355723095,0.4300635236650616,3.611776474491468,25.617736992187464,2,89,3,1
82613,402,338,1420.8757582264582,1256.2450254604037,981046.3648925369,331.92744889267584,139.83382440756765,0.15502964755786608,6.964721614977623,5.699004050286405,2,87,12,1
2606,982,347,1186.3073001368134,194.80751135542323,277969.1333239864,423.5980327374588,83.2615372788778,0.42091285334058337,6.942894893019387,20.688780376205933,4,24,1,1
80397,679,117,308.1583279136581,1461.041583072531,886918.6871231407,489.6499320020437,27.624346772696775,0.03566303363533015,181.53075976811746,0.9466757465996983,1,0,0,0
10279,143,291,969.4148394806593,247.83457186800126,212179.23716772912,741.317078982314,125.93705034044756,0.3873891132203816,5.575272958385314,19.588694858386116,4,65,12,1
52106,353,418,127.97873018939342,1074.4892498795657,156675.2443139453,318.7593216061322,77.48024171766642,0.2113048532226119,8.199045237635078,16.64652095688795,1,61,13,1
82245,522,259,621.1417503444428,591.814067079971,211310.15172745625,447.73326423364983,32.39693163554965,0.014597820850345656,67.23145276428954,1.0401252543678252,4,0,0,0
92758,567,59,1275.2676952820448,121.24082042700617,650396.0977518802,109.30306571534476,83.20872958040027,0.38147976081780477,5.457552227541918,13.254888914990007,1,95,8,1
64460,361,168,1076.1674534563667,699.5385097239863,12886.706430748121,675.2624058963402,17.525965463585873,0.019133554756452533,73.95449615584835,4.449776186826025,2,3,1,0
94662,576,387,345.7719481267238,537.6089064781859,669967.9236216588,478.02506624341066,144.77809311279535,0.3154460334732734,7.959496500919333,20.554118589534074,1,21,16,1
93016,785,55,616.4035026874543,347.8481859277849,407760.0802530652,175.9715929089997,116.95798251047857,0.1789575285540401,19.714755976079324,21.22964425654336,2,28,8,1
89894,24,486,1476.739787469924,811.205605129771,321666.4369514204,431.1682046374034,55.79653440552652,0.3309116825469732,10.89627615542182,23.148571562270728,3,57,0,1
7866,799,303,1378.7178749490433,915.1979897860646,736245.7442113446,73.61532594739003,33.13417272659678,0.04984594381485329,183.9861942421676,3.1268827485103334,2,2,0,0
87851,719,100,825.9303860019875,995.9956502578683,414799.9237544658,835.8190085816701,24.890359641931553,0.02722762019372237,87.57614890985718,2.8393820964032406,4,2,0,0
79273,446,347,1169.8694048095258,1030.548158128673,637390.9473178888,840.7317631395451,14.210072617843144,0.034558561885957774,189.1398562540915,3.3837539958715563,2,1,1,0
82135,216,291,777.9168307884817,526.7657929365323,261864.76017825966,886.893288352856,1.4436774394226188,0.0032242368512400647,106.37840353581846,3.7840324043177715,3,1,0,0
27893,831,81,434.0455094506219,554.8128897294823,423286.5912212194,59.83351510057869,126.33948894147358,0.25079906884254033,7.667527303396788,3.9412720830285335,3,42,17,1
11088,37,486,102.76776458183988,1355.005593335197,65434.26057455092,553.5424682612223,46.377455298371466,0.04915261694499538,66.06455876405073,0.019724174362550917,0,4,1,0
64644,994,325,490.4912869174891,581.2003283055029,556041.7563944187,426.25332113980835,46.60340054076327,0.04484022206367286,146.05645541430044,3.9775926824942722,4,2,1,0
85378,790,223,1464.1232769410374,1368.372105719624,166703.6111210001,226.40154640760548,108.84426970956424,0.3335305701420279,8.919958695658377,3.4515874517434346,2,43,15,1
64399,674,349,964.0864732207367,516.9699328146614,362724.4389295264,930.7902385706714,14.451780297500669,0.04361631419769152,169.39761701772565,2.755747202134669,1,1,0,0
87036,751,385,1269.4363001525421,132.0371704514612,302879.24886955257,896.6105508663067,18.712908847570553,0.031155822407342437,86.57898778477916,0.7618551388932676,3,2,0,0
19385,982,489,109.18397437408505,1410.0295441625387,713982.640628404,267.4379327462792,32.879184305649105,0.0453449754080294,152.50123722420213,4.676812294125549,1,4,0,0
96746,717,311,193.50115536623076,1468.1042772879275,391227.83466038393,631.4584435138532,82.60167936865096,0.4764220366570948,14.73370639015192,14.783827739023756,4,92,0,1
1395,202,146,455.37735520529407,1457.2569159930451,35150.90128457787,433.3518127905576,18.230427998829047,0.03963883291004268,81.80453400693203,2.350599250390131,0,1,0,0
800,900,443,338.50537843304477,1271.8556504952107,997538.2040225577,677.2560235001046,84.61996084679721,0.32988345078810566,3.745883953095297,15.78698748706965,3,60,7,1
67374,811,235,304.9139920202414,1221.5947678534094,876849.5580133835,685.6058604532267,25.553001681550846,0.014219451482878637,160.05017943051826,4.723342888253272,0,4,0,0
95644,926,257,1131.2364463957006,271.2353168640879,670770.2201205618,361.5782024502899,10.428937621167837,0.047157298583922085,110.81681293667458,3.209716553361233,2,3,0,0
95074,796,334,628.5974944372567,791.0738877239597,674160.1029610545,963.1946693094783,48.15773601289971,0.04219614023499929,175.5592188826714,0.31601742899503016,2,1,0,0
44654,497,257,1193.8828257220903,1379.6631163212899,257495.65388829182,452.4752559820025,18.27668894900397,0.002654467937928018,97.59375730904159,0.8243186006102821,4,2,1,0
81092,603,97,817.4484328610156,235.15827648416305,734373.3075048849,555.5668697965721,143.91725301134173,0.26764886589036335,14.074449129204403,9.388523274949353,4,24,17,1
24857,461,120,102.10345644781057,38.855555454265115,711786.8631421527,162.8912143695926,98.92686533356363,0.3061610194628133,2.320067454239037,10.339541188165963,3,10,6,1
29128,461,273,1460.7778704905588,25.070176832441714,321281.314330075,378.3335495067989,79.78571018387682,0.2291720627283425,2.3330957005845954,6.752297539362637,0,77,14,1
41802,777,299,118.0712566573708,248.28666441106856,963152.6538406498,292.9957727518482,5.654083365386029,0.04708257609921158,58.77719905546712,4.902629063497704,1,1,1,0
89699,302,338,1472.8880858971324,992.4244306381647,933559.6445947092,208.0958082522668,14.163409831201635,0.03955053418231046,56.51022587978992,2.060548533877391,4,1,0,0
12861,378,191,290.9215818279957,871.7646938998273,505787.81165508076,623.379446403999,76.66716085192002,0.35644055763453986,4.238970044262009,20.93489673932103,3,45,18,1
48567,593,121,948.682241461431,39.75250031249573,663511.4542634059,244.9895181906921,43.74726892455749,0.0063076785123735435,158.9988185183414,2.5079714827249946,0,3,0,0
94152,898,190,794.4299628050727,1375.3356478785881,624324.5627658046,864.1041373628419,15.800699247190108,0.0273011288815372,109.15808050054835,2.6763007916123853,1,3,0,0
96157,929,470,132.7331808618368,1108.4096019179383,633162.7266479915,274.58684762803296,75.55073067067697,0.23122899836887348,6.749209023821051,17.358823670778662,3,59,14,1
28005,414,66,1355.1972501263222,1356.5067726862019,679279.3368177321,518.7882358899526,12.896061156672735,0.03375452234418555,131.99745974149172,1.6165130672528394,4,1,1,0
88111,100,272,602.652756135772,1496.537420692791,240575.89098292706,898.206209310627,2.4718954196395098,0.022446277320917037,188.198705341419,3.966594804560942,3,4,1,0
84724,708,196,120.03935924924174,937.1069486233359,895514.7639337298,125.81208760421087,83.17500582162738,0.4962645783773971,6.556968816249071,23.50792363969566,4,78,11,1
96907,416,153,935.2384832687526,167.6916998787412,250939.79802625277,354.13987173815445,98.78992028429528,0.3489195192712098,8.029969133791358,4.358000662487688,0,35,7,1
20194,928,251,1070.2796995844742,136.35399152659323,423550.24798187613,673.5767500613954,1.3597406705818424,0.030329196206678538,156.39762661983679,0.1938659091743722,3,4,0,0
96381,199,283,807.0038531426625,1095.189523937752,558697.4784127697,11.697140766888609,119.07185138301085,0.4488702145168936,4.506848716096462,4.939078020820158,4,35,16,1
60347,238,287,715.2890628211077,1159.6591202568354,841953.4943320843,72.99090303055682,98.75146036666925,0.26159409911822906,2.0550666600936416,27.11621244765718,0,72,13,1
81587,13,267,462.0853359259529,1153.3724157228253,39494.539098065565,266.73539456258413,12.435619244847569,0.03768256167205758,130.28617019115126,4.1160449806832515,2,4,0,0
63107,155,92,782.529107893659,1436.9713525859133,424671.58440432884,83.47482969527447,53.3110467041443,0.22724311001066877,4.382149093303518,10.503210538118608,2,54,8,1
71980,243,14,725.957015128607,1450.8673171066105,581321.5333115847,279.3028846163684,49.11477955352565,0.03187488580934028,168.6181583300344,2.347643750556798,3,0,0,0
26047,897,44,941.0705774407612,1062.117369772635,169128.5088751162,79.3703874308677,39.08454206816962,0.026944303637773732,99.83935615591722,4.581132692958959,3,1,0,0
11919,292,254,244.41906524200016,975.6804062525486,632124.7811894214,464.3418696134809,17.483660890782737,0.015141380866340226,67.38495331873688,1.7658752322479276,3,3,0,0
73236,22,232,729.4560665306905,534.0050655218122,559206.6353277112,824.7895447734977,48.720353124856146,0.0230586495936572,195.91851322929028,3.4751212906762934,3,3,0,0
43394,271,53,383.8426835959423,286.9201941945973,647275.4259838398,298.41288744346497,35.45537176378836,0.018817811739156254,102.55943205244338,1.0423156065370742,2,3,0,0
53823,676,479,797.6232619814341,1305.3637993148668,867884.8344819064,128.84177686562833,23.93413736212695,0.016714249746867357,110.22232868510062,3.610175180007868,2,1,0,0
24244,259,361,126.38749607780584,42.32228065702271,766084.4881221671,943.9708272482003,46.042041150374686,0.04531797311245091,170.97713130681552,1.3049860377526068,1,0,0,0
31663,133,120,390.3402744372389,654.2947355746959,617143.8656950216,630.9314866314799,11.856803779971608,0.03654877526785914,163.0815165597814,3.1887585142336112,0,2,0,0
45757,336,106,253.91683820979907,804.4886098055781,946618.8093190893,127.45025001542297,22.13277674029239,0.03177698303859863,188.8996489075927,2.546737571063119,4,4,1,0
40939,162,244,596.6999151821071,421.90945905518987,521410.6256347855,28.897972953450598,47.33927565102148,0.03780585513570929,51.17470864889676,1.5408387276335462,4,0,1,0
45115,900,264,401.6829742041964,139.7557921373163,120795.19493740177,778.0501690178854,112.01158462336255,0.1967136920270665,16.742513644364674,9.113880597100191,2,51,7,1
34715,789,355,343.4055337586699,1241.576660205675,67586.68481164942,746.8061598804895,91.94603498823915,0.4916464385854181,10.582923072926697,7.776565757300135,1,88,3,1
85403,612,401,1088.8899693553176,290.7895058293775,283472.6370790003,219.6771982335414,7.90470290701665,0.031736157231312866,196.88462381765893,4.148918123260065,4,2,0,0
12750,653,484,1405.446883949776,167.48478433976686,557436.0945403699,293.2106243305205,57.25252826742453,0.4032080479635155,18.660560885301464,23.341839186168134,3,11,1,1
50781,632,169,352.47998542514966,286.0872197289634,853720.2754150444,415.97123580293703,124.00512223616062,0.4067100927997328,13.990269339360516,29.3885767920898,4,99,7,1
34886,489,499,306.5220195677811,697.9244827156523,658495.7701962575,100.8094868216225,1.8387957370551447,0.03143956245362607,104.71397860634133,0.21986794529779974,2,1,1,0
2222,985,462,1026.3387555684642,217.46667781789228,866514.609726693,680.8500040716275,42.29100421162457,0.03876990439453184,179.29562619886167,1.4061245385151273,2,3,0,0
21908,40,245,260.89191265318163,761.9744307456654,744929.8836138609,836.4939106184083,40.394482233856024,0.018084950968029468,131.50592550327485,2.5121582893628833,4,0,0,0
19502,194,486,1113.6524152055308,388.82937098107175,889089.4165728019,172.6172880300376,138.56285677435278,0.42089922323976914,10.361684305116626,10.37575203055614,1,47,10,1
22838,941,168,602.4552096633907,658.6669425329206,367196.39872207615,954.9715012199923,111.76741036378448,0.13810615784875085,6.153574067758572,9.77035211519244,3,69,9,1
73854,243,233,937.0091573608285,1158.3020696665933,447508.9432051534,375.1014444880289,12.475902362973843,0.04035259838517277,174.83906337722442,1.952239874128927,1,4,0,0
54370,105,197,1188.2290277163286,560.6042521957575,179563.73311782538,846.2742627152699,52.280844096849435,0.44340088269333844,17.197963493424755,15.481165694347892,0,51,11,1
22748,215,196,292.5578447803803,620.1627735946548,75637.5451515634,857.2713820397794,107.50168638421198,0.21187617881010534,5.986741863546495,5.062973998327324,0,12,5,1
26621,378,95,1377.2117905915204,350.5377697614688,59737.95406891981,811.5638960646673,17.95341326709279,0.0024038259250088127,193.99551498804115,4.777662259092362,2,2,1,0
37561,294,438,210.3969942417212,920.5305895162236,384947.1879444003,437.0316173582544,14.353270586031606,0.007127123525804036,86.64414599391272,4.444753131782959,0,0,1,0
73966,154,210,597.7765484131243,1264.2826287016442,927541.1525950625,953.0854284562857,11.059250340725272,0.047306572987911154,114.77637083741133,3.433550375091256,3,4,1,0
18046,966,93,961.7609580326822,660.4024790323641,784515.7644631993,471.52920804086557,25.110122251157872,0.014144740799797911,89.73251558296283,0.573453549543605,3,3,1,0
51057,815,431,1029.9406543289597,700.6855655608013,978966.0493654242,91.63920976988028,37.51708244415713,0.02356812606436234,171.02825028419295,1.1721983667799725,0,0,1,0
9373,53,357,412.5622960044935,607.0845481555293,651335.6710026908,702.4101429334529,66.99027849177993,0.2663038611552196,8.79249659143578,5.453757144715508,1,8,6,1
28814,618,299,636.5929709798532,1384.0396604834195,811515.5500624421,75.6125039581486,47.04178286394056,0.014444864701455097,195.54775874652256,2.1620899893765175,3,2,0,0
21479,417,184,1343.2193353862708,1101.0726611938805,620410.4035076257,319.5816378535894,40.26961586544761,0.0035716036676856026,180.70306177870734,3.061222634546602,1,2,0,0
53033,954,106,945.8640691160352,1082.0417235795258,189255.5560993913,782.9350864028414,120.38696250083505,0.47798403122851196,15.63469136091842,22.577187624055885,2,43,19,1
91487,120,497,872.9114270607488,1453.3500147119971,496528.94587732066,378.94579382050836,149.75330929502127,0.2348953732556559,8.719727560641797,26.52103889402898,1,5,19,1
95721,388,161,1234.3320195711824,526.8572225547575,640879.6407099634,344.735780412725,4.787883092332338,0.03621124037458761,101.45650293520892,4.768709680269468,4,4,1,0
54628,686,266,1218.5842983547416,628.2894742901367,401512.5731671737,981.535974866823,64.80406127619857,0.36441612807648494,3.005615681646515,4.125298198548847,4,6,11,1
60444,344,338,1138.3537732481311,1369.1485494340454,57099.88087757808,191.56887260542246,29.787554784989627,0.026082701197497865,129.0002158304157,2.464948731243473,1,0,1,0
79400,299,273,743.8610812617004,1333.6905329253023,448429.1245529277,475.8741771901507,5.187700437985731,0.04643375045567838,164.1589961413146,0.39186439575736365,3,4,1,0
83278,891,346,1217.517239109862,1325.706437803175,532227.2377574804,746.272678952,50.00953911643117,0.44487662649202997,2.067606308750954,1.5662534598105042,4,10,9,1
73020,291,444,58.11968893195849,108.35146440031816,131226.06313950173,989.9072813381671,36.296478829250006,0.015531292072169502,131.0265251592538,4.480333922140148,1,3,1,0
65385,101,131,68.46396815775988,497.2277893952115,10354.26545870331,850.7976239283119,10.918961624337365,0.024620405287782057,79.36382079708105,0.9110407911781021,0,4,0,0
71698,866,133,973.5126036103981,1365.2342307507593,821304.8272805803,962.7988216616304,132.56014881458904,0.3793955963526614,12.517109408519712,4.824632001583711,2,64,11,1
3324,965,389,121.38990052386214,1327.218136487688,342754.3851951988,709.0381487858117,31.71850206295367,0.02851856174986367,125.3945927643637,4.773707036533524,2,1,0,0
42311,588,104,875.075073906775,1381.980703382417,271928.24352991406,510.1074800078112,8.976804675477597,0.025229334265959826,156.00643205724177,3.082459123939663,3,0,0,0
44720,714,467,88.19888371695079,1410.2332126781498,791683.4336231081,786.5071227844259,50.4322267035228,0.4607117303428204,19.25452328663109,8.4832304838962,4,38,19,1
88079,99,285,232.86213792739113,699.777561911227,786444.7472143547,80.29356788585133,129.92333764057,0.24907633348050615,19.28449424218466,15.216795883003327,3,9,9,1
24601,664,328,1052.2122531753073,521.5619921094458,606328.9505270142,586.0932552064743,2.618988707718158,0.04865250279582508,138.11082464199748,4.7152164484920105,1,0,0,0
92897,527,487,1331.3963688684212,1071.5813451374192,566017.3300249112,33.1547244639547,12.067206962065388,0.009855993013040076,140.4083198695456,2.651175386496618,3,4,0,0
50608,782,253,1264.0540391305872,1241.8686114602108,381109.13580936595,732.1942221203792,7.01825318113631,0.004089654340478932,108.26404568472225,3.1914855274535983,1,0,1,0
75187,131,231,1341.5300283112758,366.9943019644401,264626.14241272147,947.8886185222713,15.801615669226901,0.04059048935489311,138.44469879838744,1.1163742062988797,3,4,0,0
59000,417,225,319.4566084195141,195.39403216156714,394989.171692164,493.4988190200343,48.942283815765315,0.047876767514502594,98.48184925288423,1.6868410180146824,2,2,1,0
12591,400,355,753.4043025037156,1425.7111703738346,358847.09624910454,131.6090367072077,103.17318543080259,0.1864970833414509,15.698387197799528,21.92079295359968,3,24,6,1
1950,589,464,191.88662829834004,417.8018944517914,159992.17718415544,634.5169485728142,51.25281743933044,0.38111239070680614,9.086578629786121,12.14702567156364,2,57,17,1
95909,235,180,372.338567299382,195.47010355029406,439219.680650838,971.495908258464,17.935752959452717,0.023172107071538623,95.8282990422144,1.2500237205389864,4,3,1,0
1352,563,91,755.5165829779606,447.9169646165947,941512.072806309,230.82991031428392,13.161986994687425,0.03966428588957735,56.780754942609676,1.8713743003969445,4,1,0,0
9947,691,191,156.1945782051776,45.36832702046779,902739.6999404043,673.9371447990482,65.66766308330637,0.10893028042578741,3.4765981561428565,28.3449749721455,0,48,18,1
36518,649,275,1236.8769892254213,135.70772510659643,352515.2233608721,613.6633755868805,99.41238535513469,0.3564810704107485,17.322258083311745,0.9217640630361238,2,63,0,1
44331,379,84,1350.19091690909,1234.9346185008674,138680.01466727746,348.873324093285,10.682449429185771,0.001499682503322275,195.56075167103026,0.91927437507625,1,0,1,0
97336,114,203,922.6741302183771,444.6186413032402,509615.9955553939,929.1552690032356,28.717224721462816,0.03083263568283391,70.89885489193934,0.5590171509661457,1,2,1,0
73662,598,150,97.88365867144752,1398.2170701754073,44089.60950530969,619.10024397351,117.38745182404124,0.40558199252142113,19.398535901878983,25.687003492808326,2,93,4,1
34697,247,383,972.4059486401626,612.1815839829544,182212.908645624,362.5492500492859,48.707104196980524,0.04933741149683614,110.09566177549445,4.940641823730941,0,3,1,0
6681,105,408,663.4390401892275,338.7842538541785,548844.7500186625,579.3503927956656,49.86123805259654,0.029477618229072702,188.4548333886014,0.39671824868791505,2,3,1,0
44785,276,328,334.1078180340867,411.42258544188905,955074.6596331125,804.2952147517876,16.279596116392213,0.03195908506476716,199.19029167821753,2.642834124678488,3,2,1,0
52636,260,299,879.7485105215137,447.2764857079878,402493.8885758208,700.403240306561,38.80039439648265,0.005038466660356844,105.04377771264296,2.6289223105619577,2,0,0,0
15121,65,350,1479.4886060860379,900.8855450489892,995461.6860095296,798.4704683084913,116.36427827569679,0.29536153931167575,12.237353564272988,17.348734089457825,2,65,10,1
19001,84,247,953.3162437107078,1205.8121890252692,819870.3902265921,982.023463704456,75.89200857668418,0.29573477770905715,6.670323582232233,29.888988654395515,2,75,16,1
50544,136,231,1110.0953565365817,1105.0059181504425,148823.35418144276,597.4924086946197,56.10936057305355,0.41172665227472427,3.7821468303342956,13.002011674733248,3,47,14,1
16062,360,475,1096.4622389246808,789.7216916920271,847675.5852877549,119.35640414545514,49.45383949970048,0.004396048077725901,197.36902189261775,2.061602941490234,3,3,0,0
3136,954,6,862.5075646993978,240.62971190925705,474386.39507576195,154.7598945458102,8.615072220172637,0.03397609013261853,78.70001665332876,2.916127113592819,1,1,0,0
35481,893,274,1298.4256538083198,1359.2382913965398,602241.6137106039,746.97622778921,138.31209088664775,0.21374364958559122,4.937314674082506,14.599901764939965,0,8,2,1
14134,946,208,121.1739075182618,918.0005146630527,392614.36844802846,172.0498461443709,113.20931120524216,0.12854798375965132,14.038567705623386,22.852679004972945,3,47,6,1
9460,695,100,864.2439629288548,562.9803815950083,774542.1709295543,439.4003532798515,1.9129923713980417,0.03226387104694802,66.65697985526842,0.6023826120831127,0,2,0,0
14350,459,159,495.8116156547094,30.51808368054838,448793.14653355064,879.1012603736064,58.18352953803314,0.49744288023712546,5.194687063686941,10.39970326329316,1,79,1,1
700,342,398,711.2116248512428,542.1205550190857,164802.2443946063,746.232249487655,22.415292372714582,0.048228545502016544,191.29789573415218,2.1350707582449857,4,1,0,0
20075,840,426,417.90668557099264,1499.7320461685454,786554.8480938456,436.4449085656972,27.951716847812182,0.008424460370167409,186.7975279829223,3.9918626044141963,3,2,1,0
21974,924,154,754.1494701456476,882.5591514655218,535420.3822877202,74.14059863670167,79.02373878222004,0.3689222415989012,10.354517176459783,20.17389718718974,1,10,11,1
40210,425,438,687.9031989934817,320.5424108129,548076.9041053058,174.51004384457565,39.227002141472646,0.006669033668811397,97.4798551985102,1.5882909045876832,3,4,0,0
576,959,441,817.3603512678735,1212.5498671986506,417222.9703836966,710.7383404793017,34.891354232972596,0.035531648886052196,63.42427553616768,4.450669612027545,0,4,1,0
78465,76,150,1297.330922483899,1143.9886331076525,452284.20632093906,810.6918152828448,81.74152478560154,0.24988208838033402,2.2079664583011573,21.906556538142436,3,99,14,1
34383,458,73,266.23750308964475,377.9783673028036,620102.1553794526,383.98641802227485,81.23343130819615,0.26051373500278907,7.122994569260134,3.6004369661015705,0,24,0,1
33606,697,387,351.44635360227517,536.228898502246,733966.4853587263,609.421004495125,77.7089312570696,0.23295565588262257,5.6015421448087395,19.60527515718021,3,67,15,1
93510,958,439,678.9991024577863,1132.855006634862,480627.4808161426,880.2498480801752,41.33662472975058,0.02249666193664175,59.11353182953836,0.022856668969504224,2,0,1,0
25703,781,279,1038.0675782936025,274.9459961077737,786565.8280208843,543.842671655968,133.36394055488103,0.30853871306692104,14.113432406405499,18.645550130959563,2,26,3,1
44961,620,346,1429.7506639511264,357.0301261621173,351887.6670221819,116.84705450586372,77.79963555124442,0.15673105860857897,17.519621199256033,23.03666515153823,0,62,18,1
32330,341,490,678.3623212504147,1497.4888247763154,923116.4848350652,998.3992835886581,8.637465509384974,0.0229444872993966,168.91212626749035,1.0855537592576088,0,3,1,0
93742,961,401,857.7500848273638,1304.542138977512,759422.897222974,697.7262087836893,99.85725173199312,0.1407267132130969,5.440945376702934,14.68481435424649,0,33,17,1
48679,306,155,98.10896497400122,1021.2713989710401,51772.02277300212,342.7524841609677,40.60528137295799,0.016202262508469314,104.12917976347505,3.614531985965015,3,3,1,0
67386,12,66,465.8129908659938,869.9230819008899,218068.77837944825,556.3666403895946,135.64585823426097,0.2028737349924389,9.05871027223238,7.20497658001897,2,91,13,1
73043,509,476,77.62092938500783,1275.9711935071932,90539.6091965546,851.217547353783,47.25447723320171,0.041138537433426596,90.3985617594676,0.5011538480021921,1,1,0,0
52445,126,264,956.6331798080531,565.3306884408646,29469.865892612714,641.7389196709198,78.56290276373947,0.439071406419547,2.3557162310175936,11.388388794601108,1,10,18,1
20701,665,187,948.8397989948365,888.2355925913369,603904.9488554858,385.07339885047526,32.7299334786852,0.036994394267844115,125.23248809109778,0.4885062451813549,1,1,1,0
83362,557,21,107.48338806445553,258.39024871130584,626582.8324184327,199.36085299651046,31.9875842453557,0.031494444133798004,114.58864052306417,2.54122730199779,4,4,0,0
33695,23,166,812.5364210751985,1253.3892243388157,249728.6183629184,247.20738097295265,60.828961853667266,0.11530303631440618,12.127295281198046,0.8769595231829108,4,99,11,1
10742,446,473,1206.9148610705618,1255.30031665143,668188.8578126171,437.81199476132883,7.0192457015314424,0.02961673654789911,88.10125506434652,1.7410889234457745,0,0,0,0
91929,748,207,1480.3187307945304,973.773857255697,538458.2686785003,733.5802043242619,77.48120424049836,0.2596433991293483,7.142553691255777,10.843211411543754,3,52,1,1
85488,724,459,1284.122549344655,302.4422269485331,280402.343440881,870.1704174145871,44.82440952137057,0.017188823945501887,133.82552144006348,3.4332113381427396,3,1,1,0
44475,868,390,461.874619463902,640.3852202978068,580572.5016662405,720.848406682356,87.77355272636493,0.14897623528708084,6.935259445369193,13.544005206286085,1,71,9,1
9393,941,300,254.0331494563688,716.5778411175767,767904.9776446936,772.8067232180762,103.67028743538782,0.48767853328037924,10.895614766777191,17.979760395178634,1,96,8,1
69676,942,44,765.3216123454931,1332.4998786802566,201997.89681559993,761.7176295937344,127.85016647653588,0.328720413185593,3.337228948025827,8.40101474056683,0,46,13,1
71553,674,271,1302.662742990498,31.634981171005798,288388.7144284331,713.6165125230971,64.90517144268553,0.20883421189021112,13.425974298181076,11.31032450268079,0,6,11,1
42064,738,283,806.5110290371246,1100.8767563920092,454468.46744503145,611.1384244105916,46.702098897111355,0.014647800894998808,185.1782298440255,2.1143570457932053,4,0,1,0
44851,753,487,1213.2682859901688,409.84726986864314,368774.6582816568,861.9720097539538,127.15416890309326,0.1425528615446805,2.729293378512004,25.087681061160833,2,78,9,1
87919,330,457,715.8732324542044,1034.96509969928,513838.47673340363,132.04237621785634,11.21366137031688,0.028748863413182425,71.8613741741481,4.124756979352365,2,2,0,0
73664,130,199,1196.5212906140077,1422.495529817771,908485.6302852682,972.6929891979258,13.927422967770946,0.04610534525570146,131.10012707948687,2.9928034360105134,1,0,1,0
57670,252,38,520.7608261945295,1136.1309515609896,700510.2750761289,311.9035874904689,6.528736875303917,0.03078336851608507,151.28034329563928,3.2452069396584,0,0,0,0
89062,956,307,72.7107851700761,1093.254162731049,584787.2817238955,24.792572584518318,47.983607735997275,0.03695066479471483,91.63276947154785,0.6456527777841548,0,4,1,0
47963,494,190,897.2508515507196,229.6227686062694,980727.7658514489,935.3809602356417,12.880936980028078,0.009867001038902385,126.3695164044696,0.13732027429175453,3,0,1,0
5713,366,9,1071.8834413834206,572.989269846711,214643.81278943236,149.0563425088162,30.99416154965742,0.0023902620621856887,68.65413461275524,4.596543706323829,4,4,0,0
55108,865,461,31.888538632755953,858.6234074022608,933222.4187532669,72.90251107119481,78.43248902794002,0.332943270799253,11.619268147216316,16.053030599744993,2,12,11,1
9509,235,138,78.64446861103465,931.0033105519987,877165.1022517857,917.2035626090868,7.131809996827653,0.011012525377804856,177.95155038751773,0.6540577705092437,4,4,0,0
21745,69,257,127.51889666986011,395.9077275537203,71794.07905529534,575.7864759127666,2.5630825203438095,0.031243871961302384,93.7964918057508,1.701684595446054,0,3,0,0
88600,437,373,1163.4586418523197,181.75020444348095,627559.2593758422,30.67039013258991,44.58117704047973,0.027983114619997463,111.52645504064692,3.9774448453691953,2,2,1,0
91924,57,284,1337.1330604335924,1373.9368944000412,823556.5498332874,32.27637531793086,23.893783972598463,0.022103212449621414,56.08453666364103,1.7036119700967434,0,1,1,0
71837,751,63,734.4184816020169,220.73690471148333,355505.4717532012,914.446034853865,35.39625967822434,0.03173821565403039,60.21738330054018,1.2545612902194236,2,3,0,0
16501,22,237,601.4076777751138,1425.2502068775343,314560.5174451205,580.2513891836509,31.53178624202617,0.029732707908774456,174.74064158100856,1.0951389668799045,0,2,0,0
44293,532,415,308.68932421013784,1225.667947279402,552888.3523254525,757.4417641225998,2.7125702846414015,0.021611028426102692,181.109340950594,2.6541685036941947,0,0,1,0
24942,108,104,1037.2877049386339,874.0208687038254,490907.9009501154,90.03972975429707,50.21206289704055,0.3953875815066692,3.400800891455054,1.1122045308244628,4,60,15,1
99159,13,421,423.75952593927514,1315.1596201720758,204705.03502934796,63.94553856081322,72.34090850301558,0.45972845727649037,19.63000507419239,18.696917344218807,0,50,1,1
61588,211,481,270.8341306906941,373.4318039851758,619187.6140985034,276.91942931460045,33.7785200820197,0.049146756401297426,108.11529510865536,2.553096987239345,3,2,1,0
12911,231,413,543.8251460345004,662.1007624434701,779476.3384322729,429.6093202262813,127.72484576302917,0.2677097208713368,1.7389398225490278,7.8985197243026395,3,29,15,1
91244,563,112,277.8073304774687,1123.3985218657524,429165.6179776483,419.71960908384915,44.4264968122961,0.03851843273157566,125.55768003225563,3.623563335602885,2,0,1,0
56756,531,452,724.8142697641507,774.1518266636431,296475.5894380932,205.17391992882784,82.7700433810926,0.21832369166178475,18.391079284207965,6.820869273198704,2,58,1,1
90128,254,486,1458.2894593701906,1034.011292340083,937756.8499287273,802.6109764816489,83.90653736519113,0.16475990265078871,12.44533230395067,23.54082004122036,3,33,5,1
99110,160,440,640.9734888839168,360.813840466252,28945.469348073504,779.4445648450098,70.9920327499899,0.48511459148114844,15.532046677763896,2.3349741364659113,3,81,17,1
46142,623,339,1238.0213739764922,1101.7038972515675,204593.18153995354,745.5967161164414,6.607729288405736,0.048874707361570235,174.94935233466344,1.4295859037107945,4,0,0,0
49994,286,3,261.67424707713815,291.50007552227385,652953.0001348426,746.7003100887359,140.60475512193807,0.11495565772499541,15.354780865645404,14.971218438226323,1,8,8,1
91164,578,183,193.65791368625278,999.2677370502176,614128.7907538728,101.25946089725603,97.4846736103471,0.37872021320590943,9.319793683306411,13.49153488528526,0,86,3,1
47940,629,218,707.6224328667383,283.15488928098154,282725.4692711577,112.230852171152,85.63202124330084,0.4728122436461256,1.3590398614267238,11.209795383674713,2,15,15,1
70481,621,62,510.4410990587522,523.6861065573805,929273.9019567402,721.8050644934342,110.98291212248571,0.3516130228405887,6.958822214851158,5.735254486280448,0,17,14,1
69416,21,270,678.9113127012176,242.427137950848,858821.8187557501,487.80807640115046,141.5863728642788,0.4759239089840158,7.164525345721183,21.261161424528648,2,5,13,1
77088,549,279,140.94799407781585,550.9232275032596,116540.53535565239,714.7276214277059,133.41547074437915,0.48417366196697464,4.343404625546954,20.74718029748354,4,41,7,1
91944,714,24,1340.9926405492408,491.7678531762769,522615.83887171646,924.5233141016532,133.61337162769934,0.4631943485130682,10.684493171822274,17.29298548693056,0,54,6,1
7207,366,264,249.1112246538078,930.4896441118772,938461.8547177847,396.7316836904947,79.61304708442765,0.30847637221594165,13.044204534371392,10.967230084435078,2,60,13,1
69327,632,437,933.7131586895382,657.4603874582892,998552.4619652169,110.6361316551069,118.98416644479718,0.20340073410956278,8.955209304103226,5.204057180363485,4,17,12,1
83284,577,314,247.550307147485,1089.1673070556305,684402.7240779097,382.2430664895244,44.4840937389654,0.02789893466074052,132.90695699294574,0.4760553415945573,4,1,1,0
61282,183,7,566.6525262894154,77.33996887881426,361325.92127122765,243.63991998093027,10.467825229072107,0.004220605298320812,120.58672034995297,1.402072947498192,1,3,0,0
91304,727,224,842.4714102897902,697.165290332596,134829.01772426433,344.8541820707012,3.490380674592982,0.04039967899032421,81.57466970935315,4.644355575645297,2,0,0,0
4725,240,202,1141.5701136687892,1409.482073914255,494069.52934539784,721.082245278899,42.949978884539426,0.03304332197644086,61.36873069979692,1.3583778317843338,0,3,0,0
88033,36,443,157.01545313397386,1101.6190676050592,36960.98771170596,825.2785650390525,46.6935655886806,0.04446412127806307,192.9663614456978,2.8791387107598014,1,4,0,0
99087,797,16,226.555911596987,1346.302741809478,608460.5741144646,892.8007249156507,12.790634418681202,0.0005645684883416269,199.3412913646981,4.832776497966665,2,4,1,0
9739,136,446,789.5660505538365,690.2738801352181,597865.9365697828,639.9317027625864,145.30036492101533,0.26265727396887817,1.5068613094532144,13.643403362795933,4,88,1,1
48815,908,118,795.9659657081161,650.6792009688057,815171.7164055831,840.444915848667,20.978892179203676,0.009081080699544075,79.62114915123928,3.3568743929751808,2,2,0,0
62180,481,464,1323.4767332105453,1487.794719123124,42855.88307281245,987.1329163820461,36.87787604675273,0.02232356003140927,125.39441297933281,3.4412786421498476,2,3,1,0
76057,504,214,1434.7876678222206,369.45836865168434,148427.18593813851,677.3612449263708,130.1159275436698,0.389738226625006,19.06973394359144,7.657977446935183,3,51,11,1
65212,556,423,1378.1681433538963,192.46148360240906,555577.3625129001,458.50517050273214,102.38507341071295,0.46314682727634415,8.816512521540831,19.00547070474028,2,95,2,1
54876,183,146,101.9415635492652,1142.5486509969344,698904.325423526,467.94315057778715,148.77081172922473,0.28534636968603266,9.342127661369094,17.5605679612207,1,46,12,1
292,952,326,1116.7341531251295,697.5395189051525,630906.1363320581,328.2842951100344,16.325937762330835,0.031906007208133066,50.010654197757496,4.583444184496154,1,0,1,0
69245,841,405,1468.4610478737077,1267.5265653973852,849506.8857478987,528.2137589141041,94.6269456291117,0.21354043779941298,5.64494543012432,14.668206402270798,0,54,2,1
72734,339,34,834.3366983952521,488.31870579764666,386692.05382038397,103.87883869355139,72.21515971312257,0.15632131186325193,1.5902246271641998,19.142767599883484,1,17,17,1
15456,927,132,195.34772303032815,356.6121206572558,848200.7050865218,676.4250485171076,63.55126364262831,0.3490315180302018,15.895705245790854,16.963242400194098,1,63,2,1
72549,919,317,704.2301309124498,1190.3976647058398,268495.35672054015,249.6288258129523,31.865467349442387,0.011551442209813157,183.1656126018458,1.1716036111378392,1,4,0,0
65700,396,86,846.1638751929881,1259.9728196361884,240782.7716697771,389.5906395882499,142.82295341558574,0.3620107648285914,11.0912156415436,18.28391288296472,2,44,13,1
1645,477,400,259.9379444988714,1256.7853875409953,490912.17772172985,973.3172721659042,10.99926226175926,0.019089702873271844,165.25331730606038,1.590348996587927,2,1,0,0
81157,205,451,341.0015142409722,685.6646134855544,341441.20536699553,396.769484482656,15.668440095269677,0.04459693313330276,109.39914868487486,2.634106538039378,0,2,0,0
563,3,29,800.2817844791849,114.34607118083532,948666.6038490182,747.0464929598351,36.49317864632804,0.028921000675151628,133.573639332384,3.041762123001707,0,2,0,0
48709,346,288,1464.3091241846055,1448.7876806457496,820224.9972467241,117.09685476039715,14.560394020128344,0.018386240634386344,131.03393761034692,2.691330505134992,0,3,1,0
79936,832,213,826.5728263598696,364.839661096839,20749.6857874028,445.87123178654076,12.418315398108323,0.03168123296128427,137.83426748173486,0.6495687333701994,1,0,0,0
70399,376,46,1227.1039960002481,856.5097201483924,661612.2842054791,537.0984507457651,109.9233045358609,0.14018020425151603,4.684985012017027,18.275288296091176,4,8,9,1
56839,221,258,1339.737941606428,937.1130228286669,843364.503070333,682.2771193447945,93.95453431711451,0.21048807011977796,17.570274878118433,23.9705133292724,2,80,10,1
39707,451,254,982.7837538286412,1498.6152242638175,802285.808586702,558.0997134809406,36.57795830138068,0.001572217070550025,99.58508956099925,4.430247484031506,1,1,1,0
53220,405,313,1064.4788230322822,653.7783221187374,744369.9342360838,325.3059767040128,35.0112709494981,0.032038608032474165,125.73265730024815,1.2318916613596276,4,3,0,0
75538,379,275,461.31125536002037,1176.4314766714906,264578.8595745679,315.38950223237686,71.08150038649346,0.30125206011314853,8.679599712400048,3.707647104442997,2,69,10,1
68673,355,465,105.86599360017567,491.1858631554205,472895.0616088453,905.7735687206176,4.837144690627562,0.003182452621419618,113.40452974208864,2.434532861350054,2,1,1,0
83864,402,477,975.3573867303153,80.49293378183634,788110.2080809056,144.5169993382821,149.17964290249984,0.4879244382363256,4.810343578117337,16.074306750633205,2,98,8,1
25183,477,25,525.7184024786754,862.5975791523853,811874.0943906151,372.4232770660847,135.25342908542126,0.10083804416641465,3.5131129212995145,8.53210264275525,2,21,1,1
26813,976,77,747.8810642250058,540.3249991253274,836835.1309568064,572.6157846626047,2.9215911499839007,0.0018432313218551878,65.69034190268754,2.407703220988009,4,2,1,0
68491,118,188,1049.4174014738596,693.7988334767233,625059.9256207002,986.0828688143279,32.330093092725136,0.021811366713204307,136.1228645105292,0.2731357564291176,2,1,1,0
84332,59,494,1477.288379675623,339.5104471961143,906306.9680277787,331.91157783454355,59.08980099222738,0.12894765437474798,7.596778568927606,19.694264386163372,1,6,1,1
19310,964,280,1404.665113781453,1220.794066395409,104019.13157086572,295.17033819397045,26.649821763374533,0.01627720342742142,51.006387408907536,4.109622280089278,2,2,0,0
97077,726,329,1372.5557070529135,669.4256921831351,421748.6795585734,530.4030395966151,31.426422281932304,0.03335934706748308,99.67989015608782,2.7173833165630787,0,1,0,0
57315,438,147,1155.705745264391,173.10635840452187,217922.4210428863,219.4659608745544,49.62824239229127,0.03143083800534542,85.58353971062809,2.369027581523392,4,2,0,0
52640,601,112,778.4673918564389,1237.5241703527809,396468.14990728936,233.24614127887318,47.54925198980787,0.01101092965385956,90.40465707965953,0.33905893977307033,0,3,0,0
21589,351,111,1002.1489800661901,508.6603303565835,996693.4996562472,122.70761131435748,40.57662368949641,0.03420868531567225,191.0358198730907,4.876204787932517,3,2,1,0
48449,288,73,911.127931991126,885.8598261763301,83615.32414966612,809.5097868726426,141.8377812236596,0.3399385384260808,17.90735356269182,26.84846541233966,0,52,6,1
33721,795,385,344.89776232866177,908.4066043622182,920084.7544855564,923.3467992308606,74.44864589580422,0.32322432692401004,18.785852008345127,28.4225383657634,0,48,9,1
86385,424,476,1234.381101589992,1280.1462181284526,317401.6501120447,312.7395270540586,49.77136705234789,0.013196080245686715,184.4914793785572,2.3204112198732703,1,2,1,0
37139,784,226,345.397286454786,234.02999525725963,921831.5321236431,244.25937535770493,9.240660628993627,0.02347316063555943,163.04480655483582,3.90586148914543,2,2,1,0
54431,477,115,627.5619657116976,509.09897888524654,103075.43379245885,806.8751579722531,9.627109114368293,0.025569265285116813,166.9896139477025,2.9760191906273654,4,0,1,0
7584,707,392,741.6237906518186,1087.1251142993167,929821.2716038924,466.09510122170485,93.7266813371694,0.11830635071102771,11.416156596194792,12.33480690762205,3,12,10,1
59159,861,163,925.7864150845376,119.34146310026489,6285.406023006364,522.2336127541488,87.68439340927873,0.11302348396009343,13.458672251184176,7.128516248964466,2,15,7,1
22608,727,234,1273.7007063802855,774.1137893324168,693844.019523732,432.54571616741623,137.11902701167605,0.3599741073560817,9.70034767234894,29.81471332074678,3,39,9,1
14336,703,464,69.14816615921731,31.23340630385102,560443.5158885586,915.6272346848641,67.58555409721029,0.17182529185016926,3.366783949486422,16.60222653185148,0,46,12,1
36649,809,453,89.32988457024287,391.4277280092145,314761.83810620167,496.58802800837793,20.645644609988658,0.00011756955388619872,143.96208489428483,0.19087340684309118,1,2,0,0
59458,948,478,67.15117523679163,898.3403304693483,881127.8870040507,423.8471980893363,71.06171914112389,0.3949946929524619,15.654736484730016,0.9016534135412418,2,28,7,1
42082,204,207,96.14871203336592,362.80434254243437,252865.05031711084,752.5454866620489,46.37812678714793,0.013498827389099589,102.17691284452567,2.3567664754520097,1,4,0,0
17229,704,495,944.3493948205684,214.57911752023634,450554.05092409614,862.4062088273854,115.75638674901253,0.3366719409032246,11.018626224424837,13.066452316248725,2,47,7,1
56811,185,19,163.3117550432885,615.1938864198382,320507.87118880067,303.8155982954875,4.14612971529658,0.0017590317162225367,102.20147995924489,4.814948088864376,4,0,0,0
53123,956,83,994.0195327375072,830.0938066449885,467960.9609136225,603.7831618312398,33.75448001503023,0.03048137207102607,136.6227114334008,0.6731599009639894,3,0,1,0
71049,629,357,1176.0396032808871,545.3920190057466,687858.2553609867,283.8414766419541,4.980583699377188,0.049284398666821265,188.39632088532326,4.757317567146344,4,1,1,0
27062,464,199,665.7952231484257,654.0616184887288,991524.3004932723,786.9463125013626,100.27073343895336,0.4506443507240695,1.7834986555260848,6.0164265702883455,1,77,11,1
93356,388,262,1122.4618272681103,792.8273252791776,532854.740936748,671.3017660380455,21.605187289478614,0.022150623937765797,67.51107227069329,2.084243150605916,4,2,1,0
23885,253,160,982.806590611145,1282.2051863320514,722136.5755870886,140.60849199192612,31.186491488895044,0.014717377101073332,117.9854657323165,4.711884327166155,1,1,1,0
27856,684,51,766.3896284387984,1167.7101852847711,888047.6521368909,127.87881980709294,72.93095391950091,0.3173060166085458,14.565652058434464,29.10210774579632,4,54,11,1
22061,757,334,388.8552738787359,706.2928835195096,494080.3563499666,666.1668756283534,100.97559143808877,0.4728515751814405,11.388685466014751,20.29527359773855,4,17,15,1
31268,695,33,1188.3680293862776,652.8958401601672,445433.5065713386,252.24830351665602,22.541010308404335,0.018333407769699963,162.66288992950763,0.9625522734171826,2,4,0,0
55532,747,35,983.4741804778151,535.1825159043409,774531.3445543374,556.0356921574962,49.960511155765815,0.021444341042748623,123.41800491206058,0.48637897246041006,3,1,1,0
93755,432,391,429.59168064281175,1230.1689598163769,396355.4611841636,353.3557684518804,136.1934895537733,0.452644500749078,4.417997951810767,7.727025042600977,1,79,2,1
35364,690,165,829.5843089605378,205.55298762473805,847461.1820238242,852.4423060668701,2.843896349006422,0.0068903451667723,173.46752247738988,2.5634536932700898,2,0,0,0
85525,90,489,83.70891318999526,1359.0044053316549,456106.6549860898,146.60827731564407,103.23315032569897,0.49075011971818994,19.748802374186777,17.282403372291775,0,91,4,1
41714,152,304,49.49792761625865,827.6664049653381,324175.77409439336,796.9770213276239,35.41132481710316,0.030989376802091646,116.27417225237242,3.8511785749643175,2,0,0,0
13703,570,321,1337.7902825788103,1477.1607516190907,639043.4387281849,40.66812533692077,43.437535141459016,0.012148567732417527,199.0906186378456,2.5897378218596057,1,3,1,0
70948,495,56,715.1375580709899,889.9169089330862,879426.2296641171,396.7885639926904,29.379272173090982,0.007364396364330662,181.11533653163238,2.8496975455061158,3,3,0,0
30558,444,288,564.9930954365075,424.65439034419035,176643.62656177822,946.5131840676758,20.89960034747572,0.017623272378696316,176.2225206809233,3.9546018954368947,0,3,1,0
810,816,419,246.5516816929491,991.4190290986324,598339.1712373625,758.3985971033492,45.83713525064785,0.046451205925790356,154.75110403160807,3.402386280726586,0,2,0,0
93492,251,416,247.56768330682343,1357.1322299537742,638660.5242304112,97.69671876034484,42.33777772793455,0.018294012726197285,187.08139679129798,2.5037544423029794,3,3,1,0
10395,847,76,86.05174199522418,1219.5826617011244,264659.2483559483,528.7651612993219,41.82007840933688,0.03227604724686031,74.8124057262274,3.72223918101535,2,0,0,0
12630,207,336,1214.598557849939,1051.085164019701,912393.4371218885,800.9801416725944,146.33754136903275,0.4752594624076426,3.9377273559029096,9.574429469963562,3,10,4,1
76478,409,247,891.9634994948075,949.1925589191453,384763.45981891005,491.2596350389417,37.652859342549704,0.019509606584107893,83.09315029194171,3.3195347541438727,1,2,1,0
56959,252,41,1066.601665547868,348.7364348424079,853280.5354452853,597.4468671115371,19.65630655173855,0.024309028824604506,123.40658360571587,1.462953866648593,2,1,0,0
56184,183,117,73.52340874515414,242.09462738729576,832254.3332433127,346.9677597457857,116.82053082338317,0.4627238454391611,12.799856436571222,1.6627524526453654,0,63,10,1
40100,85,470,722.6197656480238,198.16607616390783,345787.80806220416,742.2231023587981,16.859518429479124,0.029035585042548318,158.4694165723012,4.4477353322918445,1,2,1,0
30492,310,350,1274.876052773986,244.66235369553846,99528.32717711145,296.56539189147003,1.289366094122666,0.007161754921490027,173.5278285989722,1.6784435040027028,3,1,0,0
86777,353,31,1297.52217838715,241.70901441246792,408408.5925664492,853.0176324350904,13.031287712198298,0.031617435411879447,84.9046958890406,4.595535645560156,0,0,1,0
43821,941,430,86.21955182572728,1107.3459588619828,414591.40413479833,759.1531574180732,63.15769416042406,0.18724035225177824,2.105465883626586,19.78730196158897,3,75,9,1
84427,471,179,1382.8687025400636,105.23755831639296,856891.8488517642,327.4620387635903,24.133970245086758,0.04045986971232025,158.6350073588577,4.1879843947995345,3,3,0,0
2681,624,434,1400.2196641397682,1406.7125989672754,824532.1693661077,866.406055280602,51.60908119092994,0.35646092981508715,15.203819808960812,21.022143263451735,2,50,10,1
46193,709,103,877.7609888505779,601.3478043418328,929419.3684839852,802.8317555948129,13.870796810782126,0.043803549703288855,108.8834500171725,2.909747244660781,2,0,0,0
91435,860,265,47.76026720074488,1214.6618081056456,287079.13291463075,439.2073559118388,32.61785662347297,0.027417338452882495,122.58223087257701,1.4629065272625068,4,0,0,0
53401,306,465,309.7008164084514,759.1955488440218,982931.0766644707,281.7725111253944,27.61717013977849,0.02955650465079303,123.15426028295019,2.2302639161052875,0,4,0,0
4794,90,386,573.2523851379513,820.6733263326443,546512.0823456128,316.7960680589796,5.779194252726048,0.03964032493565706,107.25556080029673,3.220420614312118,3,3,0,0
31975,989,59,695.4192909282604,968.874394266246,542780.276268631,751.8679211008382,30.762776236052016,0.016760774787391908,170.19567413253856,4.267717722865042,3,0,1,0
46664,115,96,690.2552674273786,1242.36705542892,287680.35794895096,179.19052179041864,20.891328228257215,0.016337975388009435,143.8902547456355,1.9776930772972907,0,1,0,0
32957,125,82,1129.3711272269945,310.23897912209435,426696.22128318297,576.0774224729702,48.2511472656019,0.01225657138081404,63.70691045865035,4.146630843025961,4,2,0,0
47797,821,494,1382.4689825808798,624.88072277004,6958.246687651325,733.7651196524375,60.0077015051443,0.18180322960317363,17.720392200557345,6.4027112166501,3,81,16,1
71389,471,201,1053.1074678250222,434.43445013529515,454732.2052224703,854.4624269533203,20.012903214785265,0.04081085835904343,121.54368670108364,3.836054868942551,4,3,0,0
77345,552,168,594.1466752381848,238.99477408520104,313474.6401646859,200.25977365166625,97.14464278887729,0.17950522539455793,13.52944224082469,23.56677981984458,2,10,1,1
11439,751,458,840.9411887764771,839.1993441218667,408446.1662047252,673.8709253314695,54.35665984870669,0.3548094907831256,19.579654960666893,11.166360548861213,4,36,5,1
53314,689,348,63.75597071114888,1064.6191669996276,419660.92349005595,621.5951210823732,27.15138951543215,0.04191077796339132,182.41630739564192,4.627673079544392,3,1,0,0
19871,4,94,1262.387620704523,65.58546458214681,495681.49051908695,597.0489463900718,47.28940793273716,0.020968034218930332,115.14292689603599,1.112635566336722,4,3,0,0
7781,76,475,234.84728420249286,1034.6596233118817,975166.8754709215,715.5256040201785,25.690559079212274,0.012024746186638563,177.50013008213273,4.32848689269017,3,4,0,0
67156,808,45,587.8092203507055,1453.8057967665936,632476.7103541725,751.9702750914341,100.37852728208564,0.3537925853311349,7.321820467335611,14.714783639224995,0,69,5,1
73251,212,400,629.1789255937773,1025.2215343380437,339880.07375982817,299.9386242021154,104.84135108415003,0.36590448612610027,15.444709578036228,6.630604051467556,0,9,13,1
78031,191,330,953.5544057496965,1135.3350380401932,890057.94167315,852.4563294102927,78.33938596501537,0.4822077796346107,7.6144710784306335,8.688382337812316,0,42,16,1
37223,909,81,1428.2853398183404,340.2567694957347,962557.3809048175,259.39363107761335,19.345826325145083,0.02180520339027982,160.5501480390667,2.0451129571120874,3,3,0,0
7862,462,355,1077.4357744013175,1266.8107167964467,470568.07598918275,142.85892573951918,16.00786617816578,0.027395490703989278,136.81018253935338,0.661481974493287,1,2,0,0
62281,231,348,1145.80142687219,1181.2712028060696,948210.3888959712,544.7160121013753,105.04375091381112,0.46292688257376924,7.612705299870807,15.631544209855786,3,15,9,1
67086,69,240,135.916891718066,524.8550688922405,762106.8644939682,973.401905901398,11.483882191406838,0.009192429023135457,107.81030439116157,2.5135397217564597,2,1,1,0
56801,354,413,418.2528423377503,692.2047512091282,195809.01329111314,80.46010169803138,12.394930098898316,0.037450750832366535,118.06604146722623,0.13053468470790863,1,1,0,0
21220,239,51,1320.3797794097186,703.6559572493633,400176.26073122595,802.6479114141737,78.94947513769421,0.23628211203800917,19.373004822542796,20.56109760961774,2,45,9,1
32744,997,218,261.19951750887225,894.7610172802268,99970.10927703793,212.598496610375,1.3707651673727141,0.023697154453088887,105.27623648398263,4.368317805830591,2,4,0,0
78276,443,306,403.11761633016664,106.7697455558854,547387.3749690215,19.66737335561185,58.11152787524022,0.4959124184239949,17.830786069167324,5.858313301679238,4,55,3,1
66307,648,187,698.3837218318822,573.4974255611899,805270.5594932938,592.1768732828232,128.760985816024,0.17701618764794383,1.7422037891543296,8.761112429477919,0,90,6,1
41434,632,429,346.3751924744455,466.03515037492417,37000.998426507904,843.8337169842188,117.95616111131973,0.1445984162486485,3.732649949107626,6.2036203824142415,2,33,18,1
19031,657,491,864.061777849611,873.6383895916913,679313.716626326,892.1770200114968,54.90747967231086,0.3559060413931049,7.932906258431403,17.269326367283753,2,77,6,1
89882,440,186,59.03087643860314,1285.5802930285693,808274.0873558497,347.3760950125751,12.371750007954013,0.028452299417428197,107.4002831737171,1.0497411714453824,4,3,1,0
39786,2,321,1268.1016382882108,854.7480578247214,186274.4546362429,113.64614193191889,118.99038811359189,0.156634872587063,3.879495389829504,21.404593896063535,0,53,17,1
63091,273,107,1434.2219435338263,133.19954287940135,379478.8214856758,652.7271738044044,126.1517317317808,0.27080361556227894,13.109395296283282,19.505766305897673,2,35,5,1
14495,859,15,1481.2905127740462,83.71916235347238,56872.699955432385,377.3234397762574,60.78510195852739,0.2524705145291214,9.951337252365175,9.05054812906189,1,39,4,1
35746,839,281,648.4865120799129,26.998089908543548,752792.8652020089,127.43696553422244,27.61790624998684,0.00802569002337304,113.21861512128797,0.46656559498120975,2,4,1,0
67284,651,134,987.6967648323509,619.3574188036345,680555.1353358914,433.67004355832864,24.304507340661726,0.036057602111370456,162.11017946943605,2.1174794723035735,3,0,0,0
80613,309,284,1225.1951606704447,1424.1656513204775,44744.73442584835,997.8962345624452,79.42626120356796,0.2613403541634285,17.643745697995158,17.305784892528443,2,17,0,1
38521,492,201,1077.3391360575254,873.1928122838402,475276.0539907227,924.5326204434759,110.93382341590267,0.16548438897136347,5.394888281094545,26.080208228452626,3,36,9,1
47958,404,136,393.8528929753147,1136.043154343743,405676.2967358747,698.3376016661034,46.63580658243378,0.014444080511007824,149.54283686972246,1.7202083716373895,2,2,1,0
9169,320,22,1041.9466931895536,542.7920789778857,277955.78896156367,40.26203834726021,97.88119323109899,0.4512116752157319,13.024390268873834,22.694458418165002,3,12,16,1
19274,121,434,1161.829718879318,341.235701422714,443778.8041085472,297.63296817190354,117.58458518782732,0.10115417805724092,6.995704524299738,16.588937667237886,4,43,16,1
9694,951,238,1175.4958819578148,240.11530392617757,49856.118275107336,600.8583286459174,38.609203214672725,0.011144576553582348,185.09252847171646,1.4983470838711206,3,4,0,0
81090,349,322,1329.3281027090727,1171.222806142338,874490.9661923194,370.8871034065379,61.59042429671003,0.24166234283433707,14.372157128582122,10.006238743280708,4,29,18,1
25534,312,349,893.5216572143677,1421.4088100029376,14387.956134452663,695.3674611435466,38.073959127761604,0.04457025314255847,169.28650309177124,0.6679446793518828,4,4,1,0
71293,682,362,1195.3430693923735,1197.2465466991184,539662.7379722961,758.496127001984,52.9481674175989,0.4324016470394819,3.5539938731404024,13.321762168777054,4,6,15,1
31419,645,97,941.0482827564988,428.25506958232955,332799.197599599,802.2196202124811,20.128469233821427,0.012397779581315223,167.07564159614924,4.687733842665559,0,2,0,0
1118,488,94,146.36328296347676,1372.3544442872185,59098.19970068561,11.176160371504272,130.23569426960273,0.2413247132568973,15.871825760942082,24.567137054352226,0,35,0,1
4261,386,268,943.849084364716,710.083439298529,559341.8587568635,151.91838514329322,53.63329333906647,0.30514786570050184,15.12933190477211,19.649098006758276,0,71,17,1
6561,924,396,1267.5045266867583,1491.111988790975,958266.9339984689,915.4929822948166,33.59947624363672,0.031796196699886946,132.85658765835672,4.090247232343243,3,2,1,0
90434,882,246,764.5328640715641,704.38919506238,25105.744251546654,487.1777361868986,109.351639608389,0.49529112041758105,15.116970206029793,9.626460899794102,3,96,3,1
919,663,148,711.6044089867137,972.9452890571926,949127.9295859496,957.8235652461599,17.060325254151035,0.0042080897228238216,198.74339390308435,2.4228017004873252,0,4,1,0
87743,207,165,1474.2601268774176,919.6777477280087,192581.2593502915,924.9653458873802,55.66698839781803,0.49015922133344014,19.293091338585953,7.2296617479160625,0,53,16,1
10836,724,284,334.18067853364823,925.1808135801236,491063.5651223257,886.5565229538081,21.08427919697214,2.093532613771654e-05,120.50301681139734,3.999249719189236,1,4,0,0
12408,542,236,81.83481861412174,653.8855930287447,758843.926227466,277.3912066307148,72.19936781654923,0.1943942405441248,19.3972101176748,20.53056481356954,4,64,12,1
91851,740,254,1014.6351111967463,132.78844008450358,605143.1099529363,478.27210576881,5.09620628795631,0.04256857988814352,176.76249321944505,1.2850319055871895,1,0,0,0
82386,805,434,73.91168434872199,124.59851093350035,750927.7542211963,461.27875472149657,20.968964369934223,0.041542110308500885,175.98156270780186,4.862037803732439,3,0,0,0
99179,349,489,1209.379925499365,32.49068159966371,344521.6122761287,229.74296109796308,101.28666528676445,0.13810852555750555,5.075361184393056,29.00076775158449,3,72,19,1
47205,76,436,777.8501402419482,449.3453861077842,81034.27129583764,864.1326050429086,58.75171185295572,0.3675852301843795,15.677532332670157,22.86870964286074,3,24,18,1
39382,802,368,637.4923617179759,1122.4613471815487,673597.3632478156,459.82926990173905,44.70391814490015,0.01013605825818132,108.68710268540083,1.5160801085145796,2,2,0,0
37257,226,199,1449.017562429055,594.830506999687,492329.57030535664,971.6759773177938,32.3862269116124,0.019206389615340033,177.50386862805718,1.2414793802445412,0,4,0,0
45683,137,22,778.7332357294504,882.5652693027969,263539.378160337,82.03643834169536,120.62733389872207,0.43404985113015027,12.186684219478114,13.717413787043565,0,13,8,1
40950,20,446,377.8459489572536,176.93513528089335,627308.6556948961,378.18386368711566,121.49813658292517,0.286696385320251,3.589393150906841,16.9289938676077,3,84,10,1
96921,737,317,169.62771341710376,174.31787797407299,189465.9729731806,314.5964616513289,65.21676887171952,0.27189171273269486,7.597020864619292,9.521688213958765,2,10,11,1
94998,742,143,129.7566890259613,946.282901382073,116688.35042147353,978.2249946950963,84.93554118894244,0.49496045005829137,8.84583539426098,11.611179396802859,3,45,15,1
13195,84,79,848.8499270405572,692.5295703799991,426972.52916933806,710.9726862761793,124.43258495986434,0.3083485915407127,6.66231058646701,26.088133216692647,0,31,0,1
57871,284,13,222.2337639058217,179.7741542287583,914779.3257386036,398.83606600825954,47.92897346488816,0.023027867024050144,148.13475637532616,2.3992270610025956,2,3,0,0
19354,456,138,1470.742680513801,180.95285212379596,701652.4006750499,985.6269626914504,69.12329777928645,0.2695045664096217,1.410486787501274,12.993760022069216,1,51,7,1
78114,327,247,249.0368519701815,735.1216306020295,122409.045518407,752.2216064037686,71.10286640535222,0.22914991005569607,10.273755213537878,7.247096335993234,0,30,9,1
39813,893,1,438.1803997041994,555.6222694140098,406754.0226329516,412.06027373407477,14.919871607567512,0.007704499213266336,52.69872584536564,3.863778122992687,4,4,0,0
2885,289,101,111.19158264372766,460.25265342087937,122846.16642645537,710.5926467862153,137.39634505990847,0.13674531332923145,2.5222617318023524,7.661464176699659,4,35,5,1
42234,829,280,823.9162162049198,1285.8367964117017,47345.855517487435,518.6442342583674,17.799163546094185,0.036140938161959624,129.1670340794115,1.153872147290686,3,3,1,0
56961,289,384,1011.6346979552428,896.4109088254427,27632.382190493667,752.8405831989626,85.52897991039103,0.3658643741552784,4.470029148314959,14.800289675427848,0,56,2,1
99209,820,411,651.4772854887786,1063.926914162683,477023.09611612966,897.9999027755392,4.4746074652231,0.026605592548043608,127.51311673421803,3.6704446984537,1,3,1,0
30596,552,208,859.2056423477433,859.1977680109904,103172.91904463689,185.749765368448,33.87111886762664,0.029452550168161423,166.3190039279811,3.1393930518417474,0,2,0,0
8553,579,291,1372.6682990597935,1498.551780022956,893537.0458550373,8.698784848143497,1.5249099933080412,0.00894561811705466,96.0437126167781,4.7685626217017925,2,4,0,0
48802,808,429,61.76235748291558,1355.0753618756282,101752.19914092634,977.5509276463907,33.44105572646661,0.020514242931901218,150.95731467049663,2.7314111386624425,2,4,1,0
6415,603,173,1223.2664659203674,792.1037994551972,106163.87326333942,367.892428912425,113.00247144729605,0.4836651712453809,8.295848418035124,1.2764929100988125,2,6,8,1
79070,22,499,809.9643574004795,273.6907852134527,623570.7827175548,344.36617225693567,111.70524349769107,0.1975162390478622,15.524421772257387,0.8473024075457425,0,15,7,1
6919,460,47,246.80399891208526,1185.1867051484585,540669.1754781482,283.8218063913504,4.102021678399595,0.013403611472502554,54.57804657577155,2.1929180899542637,1,2,1,0
54848,454,388,1164.2741393026295,449.6031054413161,12453.10135178972,243.66286182283383,59.83686077893336,0.3319443853170814,16.394422213134952,10.025496784374068,3,37,10,1
22857,271,208,1304.9280246314688,149.45049239754255,707004.087889352,56.8631813293847,25.555763315104493,0.029986867914767287,148.5052276302057,4.105724742409423,2,2,0,0
89211,251,435,1214.7270923068475,886.2338332935545,770863.559275874,824.2464494317159,1.208805909891458,0.04448329622607721,131.12981109734847,1.657463473013621,1,4,0,0
28449,979,16,1116.123165955353,108.32808438351816,422017.77463917504,788.7935434185611,19.08190326541964,0.001114512678185542,150.48939047784359,2.8682114526053724,2,0,0,0
56522,967,178,1355.0167767399037,633.5904677145639,835382.4579143286,54.62904056372982,10.502943379206238,0.044738255152626444,199.12248351412754,2.557917605409931,3,1,0,0
81723,229,390,1078.8055635426847,1172.77910743868,920785.0704539979,429.5024106672253,11.147940613658928,0.02859005800812634,151.22279983595368,3.478492351943338,4,4,1,0
51828,147,161,1474.456636840913,402.7166253618052,997337.3119760776,175.35885681632016,68.24180416982581,0.4604278703274953,13.220661882817394,5.423555777675722,1,31,14,1
589,279,381,29.3902869290465,229.8130906440121,443937.38783466496,180.57189935764146,94.83012051947937,0.32862812998487967,13.50730675730929,11.59185144246704,4,52,1,1
67693,436,262,65.28795290841825,1278.9870792695754,53632.03048031501,434.31454441932004,56.79586312205771,0.12977095051291881,8.898261682249856,4.007542533779377,4,96,19,1
89725,661,38,535.3939642080677,240.0688439776234,372208.3478145192,896.6036463772675,106.24975898552877,0.449070632435531,13.671461816200436,18.722799818061418,0,7,11,1
16517,34,30,1435.1621350324776,1401.127003276197,590737.7550218148,946.2437985856014,87.63026635360315,0.36084249692523473,5.663941206829653,16.785670414661958,1,72,13,1
14586,528,143,1419.4379897236045,557.9381284510854,546971.1254759968,214.07561203822038,47.75654005390606,0.013658268908847039,131.321362833393,3.2510663363991337,4,3,0,0
33122,865,208,1081.89826600182,748.9236849887288,413178.7097671014,950.1076366562645,33.90560023593651,0.033453812873707606,191.45534374099145,0.9619920572744778,1,3,1,0
23407,784,411,1064.35978732005,189.53463049047494,103155.12359540489,777.3352775825828,13.612869462570615,0.013281979118234422,90.51669480393558,4.157677394304623,4,0,1,0
57698,27,483,200.87220953474207,871.2528000002353,816472.1539527336,815.1276288747977,128.6917042577694,0.3075801770248001,11.25931824142744,18.663549778705267,1,26,5,1
74138,450,285,741.0664879344583,289.5511468006613,88314.48421741628,544.9492597144618,37.958393149520525,0.0421170529221478,189.00780322515845,2.0853592428237318,1,3,1,0
84509,664,452,233.67818930718423,149.96919568269718,520538.91800056776,643.2941452497005,20.721003626895737,0.008093869948843658,192.0380558740226,0.3807700745661535,4,4,0,0
87057,528,264,1136.2926134899221,434.66154107440497,548136.2526523959,998.7012461869385,128.98681555541805,0.13304060650930027,5.3810754818885425,7.646672802264513,1,21,4,1
97834,831,370,252.99816830277078,322.091709813326,53690.24511942645,602.816573919132,16.909952245361183,0.014521250561688842,188.11189605699752,1.8000430320636323,0,4,1,0
44584,278,55,217.96344970652024,811.7546314568478,137321.49108206137,699.9253838976615,23.158884610827926,0.04023404151065231,81.55226497685086,3.2924996882726845,2,3,1,0
91980,916,389,988.6281662948311,847.1257749050291,670059.1836730043,366.34791988540127,145.28314621688236,0.29324228519654605,10.547091925179041,27.636051122220223,2,98,11,1
93371,718,382,955.5019204963394,657.7213520981652,532676.0560867231,988.1743064335898,146.52450904441886,0.20965645198057012,13.52934319078875,21.563885083832762,1,69,7,1
54290,669,165,1338.005756011892,691.4277289947916,496704.7511341054,759.6111026747055,69.68289417416752,0.4824926421681115,3.2570603102803006,29.298935715646685,2,65,5,1
77710,451,279,797.8684916735265,935.7573858984714,974541.7718706853,55.49808925973869,9.99402722318227,0.000632180963920237,181.34685734378672,1.9111286119050712,1,2,0,0
71627,536,277,419.645784231762,556.4073959575713,812244.9880134382,244.13833198145167,5.809025497133888,0.01404623829287991,56.674001483486975,0.7623372333076367,3,4,0,0
1595,11,167,1239.9550132582829,495.4872831773126,630611.5776493186,735.4654992205028,33.33461174006351,0.04541094879479126,71.57477401823198,3.3597111361226366,4,0,0,0
73073,932,441,316.5182794620825,163.8740095625084,940360.8475338686,681.3606101651264,5.8250110637971195,0.01479115089205349,79.41918123611973,3.709134367092679,0,1,0,0
82463,506,88,56.55620973062766,1458.3438316690658,174256.9903849228,357.34952824284096,39.32607992462241,0.037429700826376415,186.0537476680665,0.9075385854503737,4,0,0,0
16781,345,454,1223.2276239825428,1207.350838601252,803514.4672798585,634.7351458335878,9.210540012266593,0.023225696357186784,99.36815763518828,1.6266108286754832,3,1,0,0
30011,332,484,715.5309346987539,1034.3556944032402,348010.7073903894,652.80546305653,48.00284382879123,0.036247142065287716,119.17091694133478,4.016136928946923,4,3,0,0
20911,434,303,1059.1590025854478,977.5776881407543,273949.32909071655,490.9537226298489,39.95260468860185,0.003053710652695829,178.77207253952565,3.9686857211968443,4,3,0,0
9850,567,370,1270.2594613572683,967.8723218336156,147855.41215760075,626.7287717111664,82.10572416782489,0.22571780635775687,13.460658768546242,4.394646259031113,4,31,4,1
80670,626,408,280.5556204193938,555.9039510848276,154654.27034661232,783.0473887280773,11.411003702822882,0.01025176506977698,137.9779763596331,2.5398542180383954,0,1,0,0
79362,331,395,463.2752283840736,1236.805034486275,962522.4034790113,899.3461909870375,39.85510117460178,0.041412787786863206,69.95985953364347,2.4342176981461305,1,4,1,0
64957,120,486,570.2724108549659,649.8995838070246,178987.2438362828,408.4100409510702,47.93123883727523,0.03163188934034538,62.53059934628061,3.877833067873231,4,4,1,0
24036,301,266,438.27250488957196,643.9456441687337,437076.4500772749,303.3221146969178,1.7762694018138223,0.020183759381488517,129.52411267925393,4.791940462861954,3,2,0,0
80698,455,81,1102.491539961852,1242.262220084136,223504.39290775819,612.1703094287025,21.901264000027933,0.013109739715269143,95.00457817325173,2.143573236866045,3,0,1,0
16173,506,356,690.0191445980714,1106.5273266181596,600738.0147511696,610.371207205709,31.68394071585124,0.01282960048046039,51.936904795268084,0.0754854271984412,4,4,1,0
66654,425,285,1135.1596660195062,1098.5046350567673,695478.1569805671,603.2751125207675,33.62893406057019,0.01275498961436848,119.72170192998293,2.063070807531834,0,4,0,0
11919,666,101,1035.5439453895212,330.1636371216039,361860.4504984582,551.0835132969928,7.064689958774855,0.04268938690530255,88.17507184302116,3.7715950014962596,0,1,0,0
55024,354,72,1497.750857469299,1499.4841227733423,864764.8082191624,940.0922135319856,13.47123630840351,0.0028767584799810177,170.52998650624426,0.4666431085902384,1,1,1,0
5416,780,360,24.06336339919951,796.634966279549,71141.53197307931,608.7911140311295,17.37948906619001,0.035458350912205526,85.83125748334987,2.6415415733163083,4,3,0,0
66107,451,110,1366.3869318708325,567.5460024544946,788124.2242046073,655.6450645856843,100.3514400669496,0.14781870111506068,9.491672892701946,26.868267733767087,4,41,5,1
12151,868,135,173.32007820902336,1397.0066220305391,859028.1384392491,529.825326226614,43.31331374970452,0.006943871596519647,119.08203227747897,4.6557769772186655,4,0,1,0
60221,414,149,1311.3306083002992,907.2818970853546,869893.753036188,830.4575189727176,107.86981022529545,0.28969330121226866,4.064496937835339,21.90484319079024,4,57,8,1
48277,930,1,440.6778634458422,296.01794386458073,483384.3653479263,532.7653977573221,80.24302010906027,0.16542888937404887,18.988428348478184,25.0331197084193,3,84,6,1
84078,137,11,528.6281510321178,719.6298670941072,113240.87129474453,924.8062213420102,7.109813926805416,0.01808269433384892,165.8204669730118,0.4006264730473663,1,3,1,0
95332,718,80,288.0702037763816,991.1080431273735,173007.19794830307,173.18061894487442,113.98718097760758,0.10506803779465024,1.1954267746125065,17.255697156556735,3,48,13,1
52359,939,216,361.3099409580359,1085.2638720633558,243632.0588990644,34.298457258145945,12.958327480636239,0.0453280994500238,177.48429385531028,0.8232146637165638,4,0,0,0
47531,761,232,1140.5732635718578,1247.2959023927383,242706.89893522294,464.1667492672902,123.6183944151727,0.48480642916005856,7.964146569784032,0.5344383623816754,1,91,9,1
66691,908,481,108.97515938107628,370.48666302556893,23351.32132702322,271.0426170856816,56.95411357561976,0.3222915434809469,19.959228080722497,26.686296441857376,0,50,17,1
4394,243,477,1000.8094857671094,1448.351290920913,746129.1179578867,378.2033716622061,25.85497469918557,0.046772257819272745,62.89058287541974,3.510378302716857,2,0,1,0
49420,806,421,1321.1266361116066,511.62177384692563,434762.3494266203,545.3297319714546,10.090409208771042,0.04902166731629913,184.40455015177565,4.404218964802212,0,1,0,0
42198,416,489,1146.733851241076,645.6576322696209,349764.71287945955,220.80855162592846,35.46323017759059,0.043056646296886235,63.769404947997394,1.065619106602057,0,4,0,0
63701,68,420,723.3624094579997,1040.719824605006,468415.1221139373,915.5859548911535,12.281228071718918,0.011703855878531046,53.873120946641414,2.3145172589897194,2,3,0,0
98050,375,293,148.46762752467154,1406.9621114002125,976357.2820799444,274.61417147779184,28.36487147811062,0.027196417833311705,135.7505878359861,4.8051799755882225,3,1,1,0
87177,641,299,425.83777160726845,291.5671032307923,637744.751957331,937.7261110173378,109.07924879602601,0.1396424125379921,8.35852537060576,7.433525291384801,1,12,15,1
57558,649,451,537.6388831044261,173.73318739002477,192338.54731989853,94.2775242705825,113.93067265653366,0.20002535871153848,14.597668782176772,21.031386201519982,2,75,10,1
62345,122,221,344.3733842298771,1291.8960528299976,899623.3085064216,699.420938410749,3.1655062828451226,0.0027334594257121592,120.55265310630304,3.5179700289170674,4,1,0,0
21833,438,177,1265.7239996064022,938.503832069058,90245.52672070464,141.90664167086194,28.598355566934377,0.04447074085087788,155.28881533711302,4.5829468731666765,1,1,1,0
15749,8,25,489.80650002576573,768.9140173808748,408413.0422685824,668.0688808855451,33.743137367698495,0.03154356905988292,64.06407370835821,3.183560508429184,2,1,0,0
72048,5,488,49.77941649269664,220.89709064016176,963472.636907143,916.7952571440384,34.37981225913785,0.022271745021501102,54.334883694779336,0.12116263440057728,2,2,0,0
74948,810,172,810.5201198016154,1458.6475417195072,327446.2398123881,2.7053483975627333,19.341568736380946,0.04298613098759306,119.09855009472513,1.895552344219057,3,0,0,0
98984,89,415,230.13075020924722,683.054881891526,75353.86402431999,211.68673601265758,48.357974828377266,0.01587728002573131,166.12133305185714,2.245606308031679,2,3,0,0
1931,954,109,961.098048563038,395.6181306905568,32235.54549773502,436.0527039844556,113.6207791518002,0.3487678858933382,8.276343329049391,15.082920671835076,4,21,18,1
36160,870,280,951.8901710075643,474.7865438838236,868093.9808728079,418.95379534162174,22.46025377814267,0.02041036997636186,122.38438779582638,2.071301079198469,2,2,1,0
62779,440,36,933.0202281434824,251.97216428017734,634979.3130210596,656.2882722443152,19.280118773728656,0.04919827416719996,148.96061413308485,2.586832842287319,0,0,1,0
31826,858,441,216.8769281228983,1200.7653723827984,330220.12052308914,999.1399748648145,2.71395409184246,0.021863888449121877,146.1164593720134,3.3877349554104335,2,2,0,0
54034,260,474,1041.622592614861,921.2622816626892,920420.6656928725,87.19562633554399,49.014420113452154,0.03900355235892916,162.99810303783352,3.3902409688777784,3,4,0,0
72251,902,144,912.870773073368,1036.1248759460752,299306.60822227516,28.331710134439195,145.80388140399464,0.4366437949649715,13.415189367364322,18.039594323768537,3,70,3,1
50626,152,263,802.8026991706141,1352.0023835358115,154418.64165187563,460.0002405431991,8.917162008950555,0.03660160305443603,107.55954036759195,4.761883912645695,2,2,0,0
92900,189,279,371.84317841346166,647.9521178050043,719631.5132600657,135.4949581030551,78.65000388025783,0.42200346054377713,12.338541150913727,10.523471735698237,1,46,16,1
99741,202,164,1155.895998272327,1132.0104299508437,210675.37577741386,671.7429574230465,114.41360440843633,0.41092257905479335,5.129462377642903,26.921426872945794,2,99,1,1
25166,95,104,1212.9715375084809,704.7828528386907,78921.68157572305,150.86557458178635,40.44987395906384,0.022395949869747935,190.80124806220897,3.4587643999950086,3,3,1,0
68817,577,387,1000.0262058113387,1304.300720997191,511706.2099318492,258.46460383354065,118.9028148216445,0.11905209390854195,3.933251586384074,19.875872802976623,0,57,13,1
75782,65,94,302.4241789754904,667.0040913773311,371446.0402878823,382.48567104982754,10.149629459035364,0.030683865263663693,136.13130590652366,4.365033366722703,1,2,0,0
37399,625,418,1441.9258108894967,330.51734793577214,159324.00548729234,926.3625730619509,144.5457999490646,0.2572459218505896,15.431345745237088,11.56338212929205,4,85,13,1
8327,71,288,43.20367948814174,1345.3331940378816,792433.3384337694,589.4670167003025,28.61179270915444,0.021371955928006794,61.377564857541934,2.444194069313106,0,4,0,0
95131,989,260,1139.5299689626813,887.9744858771518,859627.6882887486,783.4633318046147,145.47081220850083,0.14883269719439768,8.424935412276756,28.980173757338928,3,94,0,1
43975,99,182,146.66431735623772,795.8900609642271,169619.65628600266,196.56843194159603,17.137431311927507,0.00032357608936470217,91.2791841436156,1.98220485843001,1,3,0,0
41443,61,494,689.5067801502989,1018.643924912002,17479.158293342385,277.04517028757084,13.223477353031463,0.001802765362590575,139.35795959585943,1.4868626194660721,3,4,0,0
34486,186,293,889.0438236222932,1361.1327051225394,516085.611516026,114.99729525274083,80.77022420116037,0.13657764298312328,15.20822114401962,23.28258324477246,1,69,9,1
42976,363,352,931.6562273354359,1480.7179624325365,251861.82236064185,681.6390052783819,122.30018862674082,0.134542239117013,12.172339254475135,4.667295801660223,4,69,10,1
47820,743,306,1214.610465420715,1491.052971239012,398015.1206374577,985.4420414051527,101.4901900811274,0.15949353864840352,10.594992143451389,29.827623021489387,2,5,0,1
60527,676,304,561.8114475149872,930.6210103661474,882191.4425670105,523.9876504796912,11.86398713709314,0.033936924212288,98.53531381878445,4.968063470970704,0,2,1,0
45943,901,372,315.16029921835013,727.6331193933717,741809.7559901896,52.28556526495582,8.491171069589981,0.015451259168441273,176.2121130357111,2.961127382104356,3,0,0,0
45078,165,423,1453.4386761666033,1060.916663097868,493351.47901168506,301.8040737298366,70.03771491081658,0.23473923971174965,18.136112552422894,17.092349826745604,1,39,15,1
49045,964,306,943.119698132574,442.8854741739611,812870.9257909955,387.4333073261685,83.05310384455993,0.3400660704997306,7.198212179339672,3.1997092535521974,3,35,18,1
69752,765,29,890.8034612458615,483.20693632938526,463112.3363685671,540.0548590871738,119.77900018986169,0.27398681381869505,7.939846563235077,6.595380874723756,0,70,10,1
82354,639,375,962.4500479808876,1463.7737496973475,300734.3127143946,411.2421680711178,43.05013586495651,0.04600270742910024,155.35792647101317,1.2676041191215188,2,0,0,0
84140,415,408,484.1949571616762,1047.8541006308935,531290.4339896755,680.2987325700987,17.789203218395688,0.0032268688633757315,81.70080645010562,1.3652064180734713,4,1,0,0
51921,387,314,405.58999062997844,370.1173590719554,173340.0071143588,266.7671237460309,141.02098720572832,0.16498722509438324,15.281093848808274,19.879828532413207,0,20,10,1
84245,579,453,1335.105479502675,792.9228939696417,378895.28573625634,257.2890468102432,138.52036966556926,0.2861326628237731,9.043710707838743,24.24142172220521,3,82,2,1
19980,884,236,513.3381852464861,1027.2302075016294,404309.6941762644,36.98799007140734,25.45320286162891,0.009933670596364541,60.947223675933465,3.200580310166909,3,3,1,0
59826,774,89,544.4475633880724,1481.0925950956826,701956.1140902094,171.34241746105533,18.76678224597519,0.047952714530478814,189.944270938,1.3913431988427694,1,2,0,0
26873,59,185,1198.223915871632,1057.0239708533452,23258.383929281237,18.627933776611588,7.147460200624957,0.007984076302873256,136.79402496555133,1.6301840246947297,0,0,1,0
11276,302,372,1028.4460025279823,1362.850768991303,300907.15747640684,692.044133642869,33.960982428941634,0.012789819447420232,60.40581072243502,3.6221877103205036,0,3,1,0
15528,617,142,1268.7526165452641,850.3739977787825,158582.5247069564,212.6235910895372,93.78860315097312,0.3364469526704065,11.859935054550084,9.612101551830975,0,48,8,1
49185,594,218,1248.351426322751,706.7918019490738,663372.9902155981,982.984401789591,9.51954695658382,0.04341756839517733,160.45019022279962,2.2349241504626036,2,2,0,0
11002,80,353,1015.4410158132052,433.6246305530631,139995.76531898885,300.8144642931629,4.856798381388021,0.031324867846680544,53.305824359461965,0.8410770407342505,4,4,0,0
53623,324,358,637.763591940473,553.6112302063628,706045.0671905921,418.2824261134891,11.375304934526662,0.023519031290169853,167.92548330455855,3.487780111447921,0,4,0,0
39647,751,202,72.06142111195132,725.3412073243153,425644.8812980954,501.3121186300121,46.20817889606804,0.015254328010022557,152.56006884175093,0.3296038315021482,3,0,1,0
34359,51,263,1029.486515511514,1070.5609248193648,589783.9381458565,528.1967988723694,105.2942077328812,0.13594833718332566,12.675962805981872,2.8968693569145305,1,33,18,1
41922,926,86,1422.1151176639755,1148.0873211458863,557557.5616257492,54.46829697430626,43.50567334288432,0.021660065415777488,140.42672179043166,4.190646703990756,2,1,1,0
19760,460,163,377.83453173389205,729.6635378465596,189164.87543626438,806.9095383032388,40.52592115023623,5.2032282833680554e-05,114.86945397405944,2.3975237509366156,0,1,0,0
28980,870,109,621.1432550355186,1337.9633210547688,580510.1016365562,601.7898616945745,90.1633491203049,0.2759967133693244,15.708900114529532,1.9970757143508173,0,59,4,1
43104,155,454,1273.0270083090584,103.95510058558119,582544.1912253464,340.009169364067,23.508938124414513,0.0423030244796305,157.1374470499096,4.735016139167264,3,3,0,0
52745,612,379,219.3153857258511,943.9559478344538,927656.0392404175,100.48862327293345,49.405621259862905,0.028398465881203157,189.01334068088838,3.4113959989070746,4,3,0,0
20938,778,122,484.58810395102967,483.2358580118304,434010.43179186474,552.6604645339517,38.69393341408159,0.027708055760640893,81.94189135248308,2.1426768039136683,4,4,1,0
15729,20,344,1299.8372816505107,191.1250736072896,204430.52150004279,391.3395188785892,1.3003138945103612,0.028292668842516272,73.73330670802301,2.1534739555785194,3,3,0,0
81112,826,135,1262.3059996883312,456.05350401133023,88969.26453076511,597.7957052788676,65.24795957312874,0.25369888336405455,6.968685436534743,1.8627007878795472,2,38,17,1
39509,333,20,509.2832743432393,124.07742472978583,953042.2421457418,793.746388540246,52.02547070689339,0.43539575061227087,2.9561195779360676,11.67348831405227,2,80,4,1
58045,76,128,1146.7519260975744,225.08747837218723,619944.8941328448,28.20334646332599,14.122983661712595,0.01766334989156992,121.75378725047959,2.72520723059956,0,1,1,0
41312,448,484,790.722295868953,887.6909375178285,636435.5661530216,488.55908174192183,35.14987714240021,0.01568463390849392,78.18611937839489,4.127742841106302,0,4,1,0
92504,856,72,1001.7984640822187,1258.353091163258,952913.9448598853,683.1996032571667,86.8402483073423,0.2231914568382205,17.58831638436409,10.33209545781835,3,23,3,1
60632,73,260,239.42010362577827,856.1942291078217,103938.61315856538,491.66890526377495,38.59401898031072,0.0407206001920699,71.15107394264953,1.7018065499755357,2,4,1,0
73317,649,133,497.73729206607294,1397.4385594811952,374885.66186326905,645.0284724553136,27.208915845725112,0.03981215760496647,138.45691020959302,3.8176044851082547,0,4,1,0
1797,779,217,1053.1137054143367,31.651408910155837,195948.8438650473,974.3517669257787,49.500114058071524,0.012510313276582103,55.288894450634196,2.2299491472928734,3,2,0,0
33199,766,476,1314.69986255323,261.14269295836806,771512.7604235157,542.2910440562799,4.917196620156858,0.03728151264386779,183.42973476540655,1.667823203146025,2,1,0,0
69354,780,250,572.8103017361258,1323.189790827594,134912.76309875102,835.1566705225346,9.74572577154202,0.012867925948166986,55.31932770225479,1.4877158057478224,2,3,1,0
66857,231,454,63.895952755678536,864.4329344334465,266614.31489842857,885.8568287759017,8.459464658192053,0.0009458179717916071,143.8410184698306,3.8048489251392033,2,1,1,0
36790,255,137,247.77190496993308,1003.0365084126856,242163.53287237792,721.745859508376,20.96724386185726,0.009731536978729983,150.6807465210835,1.090449632065249,2,4,0,0
5517,474,98,638.9889672118537,756.0695655900265,279168.4804364232,898.8675719594214,12.810924408000268,0.03823056549003332,51.06463595040956,0.04691734495549105,3,3,0,0
98861,750,286,1453.4433618286776,190.63545402105726,385296.30196130543,763.3493533400386,114.38064171301328,0.4637682519199483,3.4353436732827376,11.548789864675602,3,36,8,1
51056,942,43,341.74398163514763,783.0809260001763,967287.676925644,852.2276597713808,3.1285456821280087,0.045727028255205165,180.499215805999,0.5354780682213717,3,2,0,0
45182,484,25,839.4406305010481,1246.0215405580639,360061.03163261054,159.40185329455363,24.97279698632255,0.026385289280235764,62.67559151092222,0.604821966917673,0,0,1,0
50431,801,405,710.1525784832588,1207.2325720052377,235686.53883822277,465.21019086312975,46.82446525476283,0.01582059740277117,61.4557200773763,2.8080084413801067,3,1,1,0
14842,53,65,248.68793436173902,164.20710383937316,841794.1055770097,124.05936859366378,48.4242624359161,0.020957696658900727,151.09298143693707,4.940572076190827,1,2,1,0
50227,462,378,553.4931867672282,1268.0065246353874,803619.1458991757,629.0571779988318,30.51979560617174,0.03181379694417693,77.59390434899247,0.030961725094993953,0,1,0,0
94449,836,94,705.2761418830412,1446.1539744953093,917426.2015288486,331.1740569530707,28.212652721570453,0.03383992021695006,55.88044669644084,0.602644303122632,1,4,0,0
90727,893,19,142.44758002277234,785.9555446158041,777124.1130017214,113.15298065082565,2.3065743356507076,0.045023311516036196,141.7823253133745,4.773482790706892,0,4,0,0
20872,208,157,806.0238885779379,108.74442873745093,763913.5402570721,979.8216747925438,36.07449367701395,0.0293910736098332,53.096561777274445,2.718449061769488,4,4,1,0
65779,129,140,1007.8163943516454,789.9111220976015,534254.7209113813,468.7321720799182,8.903650538426984,0.032872978479881514,55.58430793074108,3.4051466089012323,4,4,1,0
55355,2,326,1369.7814213686224,1427.783970734848,135948.52391499907,72.82100773063969,132.08977850721223,0.16405168302898593,18.015354596650113,3.5382128979977607,2,8,9,1
19983,346,499,1095.7286344131196,927.3553786772607,927612.3670138858,511.29080147369393,24.05409309626397,0.04045777941235432,166.89489043137883,0.7698342978822664,4,4,1,0
81423,321,200,701.1452995198042,507.3596695048023,17546.040597282452,643.3366655183399,128.32759175195542,0.3639926456304342,9.995848058583958,12.642079442894046,1,99,5,1
43691,258,193,1144.817700528926,751.2454954562493,877323.9162299194,509.4565073266011,138.41198420404024,0.44993085074292194,5.025427035999099,10.806215999234523,1,77,1,1
7665,401,361,636.3688922175232,485.2623836372432,403764.88311958074,211.4653172052757,2.1805651265390598,0.0010503610722623624,183.69142813771046,2.797144376555552,3,1,0,0
17480,289,98,191.7371761771417,64.276912620644,523210.9199217343,246.6489936023011,17.884266913775996,0.007752472585803721,62.76336779942163,2.6712716561511014,0,2,0,0
57584,578,18,241.71514722256674,1326.5997716145673,998979.9450856311,620.5068667474322,74.35180636313626,0.10657374822408126,18.443033259121965,9.931082558844002,0,63,5,1
2945,266,78,257.2149520973783,880.9810739292051,811419.6698764286,417.04745387140304,22.935239877700468,0.040804475830476465,98.68500031753177,3.9516693678845227,4,2,1,0
46157,49,345,1034.313831119638,93.88833344685959,252103.9983698644,706.4040772274575,2.048069899697393,0.021136349479674722,56.52776029992939,2.080504432728894,0,2,1,0
15588,184,21,730.9620655847092,722.9462261600946,729750.4923522694,424.4747595593225,51.835610326615885,0.3201801069036714,4.734764763880062,3.9404665769211262,3,40,1,1
35703,277,375,85.53545660692586,64.06284631508525,41310.58485484098,291.1381414601381,37.96136533297065,0.020762909754601624,137.00583087573756,4.828668830093416,0,2,1,0
4818,43,18,177.9086868357988,120.81671969530929,301187.0603908717,897.2057951620745,122.80075983589651,0.18511324625608433,13.136209581344733,27.692743542980534,2,44,7,1
96846,518,298,1481.97404980856,340.522111624294,122699.51738766197,383.2765378344167,120.40577042351252,0.12200227545649917,2.546903656060689,25.463359548884135,4,91,15,1
61067,403,405,75.43152248586665,294.48173141746804,721393.0019011099,982.3417073063545,110.83112633074504,0.24285372965937954,16.703372758418052,24.294214128481762,0,20,18,1
43647,946,92,1017.5472818852273,1116.772718546967,117908.04669821975,833.5163534221183,19.657140698642166,0.030930486706919696,175.57259889650175,2.6623272009920065,2,3,1,0
57681,775,323,491.5957041195645,983.2507324973246,152468.69753609382,471.9819086959608,3.1303638196586028,0.04788552783933348,168.8528091062367,0.57448975711474,0,0,0,0
4358,782,456,1112.8050149057417,673.0139317148255,114038.35654841077,947.5459878819,115.06925353836785,0.39034665037661365,12.558926315961209,2.3619496165949583,1,91,12,1
75574,235,290,1406.3121175884353,1381.2412155097625,480536.64496924105,194.83924139099733,21.407688260871804,0.0006333267614566152,84.88642184616319,0.655837284598868,0,1,0,0
98343,769,385,455.45429365365663,755.9653886995458,971509.3625127168,21.368412844333914,31.46339953466948,0.0018442028235690522,183.7217843596035,1.9073581877926382,2,3,1,0
3163,62,86,541.4034998791992,1212.026849000538,477480.3560235594,900.1101028772476,69.9074206712019,0.3543390851307915,3.2643038895192125,9.074933696967143,2,33,18,1
56679,779,160,636.8438631076485,552.6458232494138,724247.1489948842,825.5867535973078,48.046704921412356,0.03185316311861141,192.67350785438364,3.050601556714998,1,4,1,0
13227,425,38,1214.9310731528406,834.3583179867326,592681.1851740892,948.3197274485228,103.67336218792622,0.452980292611629,17.360998941031358,26.63255800454754,3,66,14,1
94357,46,396,1473.272662898954,218.5289081375472,562990.3390635736,294.3820988098746,45.56207147569632,0.034203076942205334,104.26179348077545,1.2813511528951809,3,2,0,0
11253,594,215,558.7103809041646,1194.7224595819537,340495.3898099175,713.935780130411,124.29757907309042,0.450965615010393,3.1685820411233285,21.351437274776455,0,13,17,1
92051,565,435,956.3070599103161,257.9555434680403,816697.2409530784,638.3986411787733,47.215523269233856,0.0017776151386243166,71.48326867608048,2.499044473055774,1,2,0,0
86943,46,315,50.50054610453188,419.52387536437186,963069.5821460132,849.5250778205391,3.302052275385962,0.04636325633226654,163.6326410692931,0.16181089239456437,1,1,1,0
31396,378,111,1350.6018433059678,1473.9972578106863,10787.450970639271,174.80603008461105,137.6125714549704,0.3564042547643691,12.022254228979328,3.15123125989051,1,45,7,1
83743,650,201,352.81602853157045,1293.978569977115,504501.5359511794,556.404985189251,25.801167702133643,0.0331431738205105,179.30936461950162,2.8116259768021634,1,0,0,0
83585,643,315,582.5944813573366,1205.3333679142515,270962.08762542857,290.614461811012,47.632606751776024,0.039882112892686346,132.31490193691474,4.010553423174514,1,0,0,0
4641,491,485,1206.0983844042196,1171.8446179474433,133289.6946560596,843.9425685399466,27.870572423892508,0.04667615950532367,65.75516968911674,0.01226428085305542,4,0,1,0
24038,707,121,221.85898915553764,285.1707842995399,834271.0841512893,924.8950353070652,73.54334399242465,0.11608859507014385,11.614554301485942,17.085128174175665,0,13,16,1
58853,71,221,1088.0018236701976,434.02002436258687,354887.42041390506,343.50591152632,96.95063209922898,0.15105688017915553,17.27172161959777,23.759445745159383,3,95,4,1
33716,367,46,999.3521339403851,1491.410759499758,163640.796771208,967.3719586318472,19.577515892242943,0.000500171968422114,97.85297276556749,0.5141916486299625,1,4,0,0
4276,16,332,1204.1989450521671,255.85458334063364,366400.3250454459,129.9205241857242,43.73109642171345,0.036338697677141193,152.29382097763371,3.054008485932573,2,0,0,0
28572,103,74,120.67107840442934,1064.8387018085707,578926.499137272,910.255204248733,32.78104684874159,0.03923271293298434,132.8678215477546,0.6234334204696085,2,4,1,0
73909,21,104,1452.3333564729844,69.26153772809697,912078.8479311446,776.3835884257726,77.17066759766224,0.4569816555027567,7.008165474065481,9.843187439051452,0,17,16,1
26877,738,10,875.5601227237385,488.34421361596077,18022.32589409418,814.3942326762412,139.77566138965352,0.21675974649667712,17.628376091657806,7.159560040148043,3,26,3,1
86829,167,415,1072.1440701055717,827.5745386829709,233356.89620482942,929.3684255069816,33.640347806765575,0.04443709579505338,127.48267234819208,1.7330131372380941,1,1,0,0
47312,961,491,476.7778712288789,88.052340730625,901595.399812697,932.7406613586647,92.42094232563679,0.4902253622845142,4.365484272771457,16.048527822564125,2,78,16,1
52762,365,249,1175.3142609245388,990.5245491298522,352102.2750656685,667.5448201541532,81.9903203410305,0.35935190359156766,10.939444009809785,10.951058915151465,2,27,16,1
41653,163,380,697.1454953167943,1313.7972697291907,788819.1872819526,206.15787215582694,85.87670197261619,0.10700315205359648,19.477648482940157,22.80895076117556,0,6,0,1
68639,82,349,982.3232396235982,1220.7677093381117,56468.98538374108,940.4009465550131,102.71191386708813,0.1443026517147577,7.687368444925644,1.5495572553962784,3,69,9,1
33795,622,434,275.81480470963606,110.12971727465784,625315.0277738608,189.07412523818078,8.017310675299289,0.02113093417673705,190.4177878556892,3.881199199794705,4,4,1,0
36261,851,315,198.03768257411633,102.0947372493154,477792.45092973753,47.339380887190906,42.60395498632771,0.04773401104256766,106.32821542080595,4.825546828381604,0,2,1,0
43271,559,262,1476.447813055739,1158.109792492343,212023.83871070863,465.5431338695384,2.8622929963032,0.04680235289946461,189.26952829793402,0.8898534325467594,4,0,0,0
56382,450,385,1377.3267127450497,797.5772728084185,597028.9367096355,161.73029087668579,9.390236400882994,0.0059102687250012,194.3231017767076,4.870780828570874,2,4,0,0
42274,948,315,571.5684753608786,724.1855712875865,315007.1430091499,778.6980837715945,130.09685358310801,0.19261615105436172,16.51545309934776,29.27855210432645,4,30,15,1
91031,633,120,61.390341408923646,363.6775494505957,996858.0729977388,895.0611743606862,8.671407445834841,0.014832967872201931,141.59161843767316,4.174603716983056,4,1,0,0
96657,997,97,607.4349469201028,1487.8829998178794,865389.6086508775,970.3515019337644,106.93049425184014,0.28839765309444,5.099620622790431,12.077058792552519,3,50,3,1
19181,208,76,652.314422517937,492.0841953722612,3209.3585596297676,53.61038403517851,21.27950987838485,0.014407020942348553,123.38079004503743,4.174707142161534,2,3,1,0
66166,718,449,449.69163501775427,664.6234202453112,77256.68276123748,658.2459558972355,12.984313766453656,0.03784184072418356,123.20270384002927,0.8145794027418846,3,3,1,0
47062,318,31,744.1096535392224,1260.919646200285,508422.0124407418,419.0925382689072,36.30439026635253,0.04356259961062216,192.86707012558938,2.8052784304282685,0,3,0,0
94065,757,4,1101.9334053852667,1121.846515367672,86032.48471961416,371.3439382622006,28.312686426859376,0.013516002448018273,52.98650794488641,2.570401294552243,1,2,1,0
99496,55,290,460.5369577659301,478.0728198170893,628495.5943930281,648.3953951980984,18.468436405500714,0.03044142127270041,197.10996394457533,3.2587397929812516,4,0,1,0
80086,240,131,1342.8853172083398,712.127120659744,846550.7725630258,977.1625562702026,15.443440046043609,0.008873607493264457,144.89095979652606,3.1635498829408695,1,3,0,0
90616,369,472,202.82510401900655,762.2615809547187,736380.1745677791,531.7740245947784,18.304620595676912,0.02679531582835583,91.40150462232276,0.7498681056778228,1,4,1,0
5029,281,374,743.2336197420616,775.700597589922,183876.31228644578,984.6116251038112,117.10827098534739,0.2501901280480576,6.576354900034989,12.310348214808522,1,8,9,1
37465,271,462,1481.6261061024966,364.41784623395915,313303.7670672293,330.62909698631483,76.86394933338349,0.14476320509220142,8.17812862906198,25.767057346601757,4,17,19,1
36595,252,228,324.11714125530017,1168.1841338570823,557290.0881969901,893.7219660559879,2.7782862881686903,0.028389880608349724,199.419478605258,2.099769881245519,1,4,0,0
83683,409,433,946.6964690184717,1136.2180756882387,170212.00127752632,559.1712601032104,67.26326575913211,0.3665020098721853,1.446466660616104,8.877441434735603,4,80,1,1
1240,757,131,1324.5008606752017,225.65960307114628,592321.726302529,678.1722661219604,23.94436408468204,0.028523286434189995,84.8806866830688,4.17642907193024,4,3,1,0
659,151,50,37.23521210305587,1003.2134141446894,749186.2074014355,358.50002000456607,19.196930675201262,0.02684761204969889,197.96221144267744,0.26463532365660625,2,2,1,0
42634,808,208,498.3660164516274,778.8602923918604,106726.45273118463,69.84452454858777,8.707076766095513,0.04795538140140551,163.57836969368395,3.3483519673562787,2,4,0,0
70140,547,337,904.8101656090214,987.4488385965132,626911.4435212191,393.17714116683817,10.505814578277917,0.038135274560890636,196.3209765325885,3.120560314952075,2,1,1,0
39835,423,477,507.2800387234357,1219.9840776858628,212042.39007742045,344.0171883745256,27.775991427827055,0.047168773057314636,54.691949303385755,3.400129120101284,4,0,1,0
42871,45,275,997.1287902188602,1424.6305736329816,973665.7312540024,499.1990028677866,55.038773051824684,0.483224016064868,9.778608959344693,4.486193589007302,4,24,6,1
55047,356,183,68.58666616562232,1471.384011336404,146503.03787840655,67.95678112902314,124.88109405674264,0.39849059127265973,4.620348375388551,25.66153945706788,1,37,15,1
92263,601,363,909.5295347529228,1120.7765707584551,241988.94275700388,734.2547706330538,45.42253493619004,0.011091741472935807,116.95336620943041,4.635192019520381,2,4,0,0
2130,555,345,1278.310612519581,369.29266024626725,159656.94503800367,80.44634123947513,11.921713119559188,0.006517877840735209,146.99119277379808,2.3320640757849413,1,2,1,0
1618,607,498,706.2597332740752,83.27637361618909,761423.8664298938,488.1545952769066,81.44098762607183,0.3664137573047713,4.063476357196502,15.541425267387533,2,60,5,1
24231,424,122,692.6343850922763,1298.1198311404894,788838.2623352055,293.1683685541986,123.44982099318229,0.2972977569766935,4.787661245344,22.672746711076638,1,23,0,1
4480,810,76,170.14356595043466,177.03701399739893,337643.25944739714,400.91342698701675,91.22186089554484,0.29087925538783993,5.064050608717553,1.1607609766101104,4,26,3,1
96188,918,44,516.7325327886579,757.6701040656604,486762.03142950835,88.78305333931998,40.814895361650635,0.040225021309083266,60.75202346756114,1.6073883204818984,2,2,1,0
43641,612,285,470.88590560742284,698.8389953805978,799920.7646487101,640.231939444231,6.356003980261633,0.0010082635679942388,73.49387023308226,1.4156607413594269,4,2,0,0
73595,625,399,601.429766957472,539.1879881453815,928389.8685237281,873.2989452071342,146.16186541777563,0.22380093317051847,5.933474110466964,10.718877900430257,1,60,8,1
73665,305,349,55.56966289446005,569.3098981502375,716664.6558163344,360.4249376318916,36.701239508548106,0.0008097781876222898,96.52737247158981,1.1263677917792259,4,1,1,0
25005,974,243,1422.0365844260077,1021.8006374000307,856899.6875150264,355.3249151655999,120.68112824480608,0.10199985096418032,17.164985991588196,21.23791313224793,3,29,15,1
54983,260,291,1409.0112770427077,716.856591662785,708648.1304207037,494.3982951559524,8.794197216947026,0.03688854821078843,102.12006677799846,3.8771755761937814,3,2,1,0
89406,672,17,168.13261844219005,1458.406747364126,168365.3370908724,440.2791926943545,53.2877262259768,0.4394620081770815,2.0863204854333675,6.870104888318105,1,47,17,1
72054,920,462,1464.5060619381927,634.3605746958672,716585.9197536454,363.8735564206982,48.56282412238641,0.030787464132163125,94.25361824442588,3.317775650240413,2,4,0,0
90404,558,440,1080.9819747815181,1134.7114121399145,58779.69612261313,746.9418225530001,10.030211876929382,0.03771471443633975,70.58687111739648,4.525154534296832,0,3,1,0
75133,97,293,768.7211548122589,746.4754372034139,309592.44737671205,428.2369080133053,31.96148012775299,0.03230856134340497,93.75166956056307,3.6745923883382097,1,4,1,0
79007,610,423,1434.3926539080865,623.2339714479759,628585.0774355235,951.7372872301153,29.538442828303204,0.0039048563678825035,79.60501511064079,2.7924757247695724,4,3,0,0
35004,709,201,422.75298100188166,130.7549895963615,560176.5842608236,243.43633225833307,52.9607464771224,0.3398896248183302,13.304849145454456,6.858828720767749,0,5,6,1
58026,912,222,1333.5525346855006,1298.8058805826868,889237.7711761578,53.32488287145591,48.317203737655234,0.018209286358300516,167.28958560348144,2.400016055581488,1,4,1,0
80380,636,317,264.4816730656204,102.04206545170757,243980.41788716163,439.41243484247696,39.48887367596813,0.03829762094904505,107.67381469713364,2.103367436128047,2,0,1,0
60947,220,493,528.8630988629363,281.54617991829065,70199.4029212569,607.8523282337784,120.33043955183437,0.3108591352941683,1.512188662474494,27.440623372466657,3,63,11,1
28110,501,14,522.1778070643461,683.5614970336621,308043.7130429743,829.0954903246791,113.33793850516665,0.31940041244587164,16.932839676024813,24.56439247164811,0,55,11,1
57747,48,356,52.631186533206396,897.0851986566983,190780.58771548685,870.5989664438707,94.63702625954744,0.3026918837863223,10.471044047788926,8.92143040008344,0,32,1,1
43917,11,345,339.279447286232,784.8100252981674,645618.4467522957,822.1872634568703,120.28146276761183,0.3358175235275209,13.132055189734082,21.10400381073152,2,12,10,1
4328,632,338,256.4455994809824,906.3412323953647,775895.0917000736,497.5807740449446,88.06136788702818,0.3834808016417638,11.563489695984934,5.924960395820895,0,56,4,1
6873,827,403,1368.823936565675,342.5423240752223,487208.9107188077,8.11967749531382,7.540171345535663,0.03552595601900579,150.03252421508336,0.578928259029724,4,1,0,0
83466,17,473,621.5513338371683,1313.979910950312,558731.8477626588,485.47861180726136,90.22186945551374,0.4051664576138224,5.5272732219389695,20.595347486449736,3,31,9,1
24525,706,154,387.14809436937435,904.1140492273313,918518.326802749,652.9138543131568,84.98746562208731,0.3021832502058308,4.579646471804111,28.911660599498997,0,94,4,1
98352,579,342,1214.7861933312063,142.21351894406115,95167.89634887318,704.955985372958,58.80996897672996,0.17059339223122671,5.981698972745572,12.752266196858125,2,59,3,1
65460,281,137,650.5865532657946,1207.150799490708,546169.1140923434,113.43081265481894,3.7927429752206905,0.038157126211374036,167.2552824074893,3.0602988958444155,1,2,1,0
16707,927,192,134.9080296408082,1457.2940202816153,903231.3178580466,261.7396218118085,109.37949998981077,0.40682242911935973,8.38853383224787,6.719089100100103,0,71,4,1
17580,875,341,1289.2221411827766,772.1551204855974,476472.41532445455,508.2885880839466,27.70262454578754,0.025229611074957276,172.95318122030577,3.042396874783125,3,4,0,0
30435,782,305,1241.2075240852012,670.9614827482008,402835.1892033456,723.4401157397511,39.80612546070634,0.031470894300883866,62.03874619051254,0.5959599229397811,3,1,0,0
24678,722,126,136.50132125613243,980.4434770419975,984105.6791336532,323.82869438248923,46.93489481301996,0.02703212844467602,175.7708086918018,0.07140622707890454,4,3,1,0
11231,733,228,47.844551424537286,326.2563439862605,870133.8843083364,348.38435527675466,117.08157602891129,0.12879142389608164,1.3386506978999981,11.291235733895544,0,54,14,1
91910,176,278,762.0364224881369,891.438669635221,999844.359833346,657.4891969088465,107.22896478465904,0.1539396680877245,8.054411768757724,20.714493801724785,4,44,0,1
54353,100,164,1159.6863960467285,910.7410110659802,65267.34172750244,230.43807689140786,94.26304264877692,0.48816921209021813,12.891469449436096,8.843034644812885,3,85,15,1
30379,706,63,402.3090868741598,588.1873264017268,392141.0024767579,935.7244157986485,74.83745871276585,0.21537247905913312,12.85286887391061,8.645433156394757,4,72,4,1
23245,68,175,1476.143694196922,400.9079051202007,409306.88970713073,759.935538009949,14.114292204871784,0.017801039516995094,161.84470229507482,3.364410943025558,0,3,0,0
25157,515,468,908.8604101294395,824.8441948408955,168158.492694738,384.0618047533525,6.204816081860104,0.047948496304757254,157.43110454543068,2.6767679274274987,3,2,0,0
42740,989,481,134.8301315852376,736.117096453395,942124.5923376796,699.806214726459,12.94537927287739,0.036044474082742466,63.461161668497596,2.2726265778469923,4,2,0,0
15536,984,133,312.67526556387634,944.2160126437972,331786.2892300444,959.5412067049779,36.73432534468727,0.015867839550585346,199.7822610179849,1.7315667953542813,1,1,1,0
19995,909,488,152.52790130594957,1070.2292214502042,883684.3666527545,45.14965333888626,6.450191296839676,0.017841065542250675,188.58333036351695,0.033229336335893755,0,2,0,0
89387,439,28,685.6901314263738,221.26192611398145,931503.142274186,67.08133060755816,29.83613668780999,0.02935375751699015,70.57915616364299,1.6057671062341279,2,1,1,0
24454,605,424,449.63574123723293,1098.8752909560642,574146.6800146062,941.8676330143011,47.221024319576074,0.00382845362606728,156.54703447547922,2.9392078673312314,1,4,1,0
97344,632,213,547.9349319459234,876.1818583595632,815231.2559926803,639.4872358412384,138.67286152981075,0.46293651703809724,15.77164605974926,1.3168927547570874,1,99,5,1
18275,939,184,851.6362222152454,1338.4938639104546,427283.6897549419,635.0678186183303,6.894478696023631,0.027419674945276987,161.8306554986326,2.001307006161608,2,3,0,0
333,986,50,1452.027508936608,1176.087321434294,601141.3736422954,121.58075850593663,99.63102832352317,0.10465051178265634,13.501877631129922,3.353539766443554,0,35,9,1
97142,325,197,946.0995447022664,654.4867847150196,541676.4239797754,962.8246594470681,55.4685507458739,0.28713181084409367,2.190101700124327,27.809216839347414,0,32,2,1
26792,635,248,178.29861210148192,204.1080632480606,130733.16197744671,253.95705025402955,48.08411269387544,0.02862608324039433,181.93225719085592,4.20392678586507,3,0,1,0
63965,564,274,44.275417106045495,847.6510269512323,581694.3183750691,754.4495602861308,4.813883493714304,0.010338132115490062,165.5736891318621,4.103113896729561,0,3,0,0
82409,719,438,1108.0071036127274,858.1579387509912,11147.984401748981,166.6165014180846,134.91478978451323,0.48090306845822484,17.039189777866888,25.91942692665558,2,17,12,1
67777,862,439,1077.8563603187313,1466.3357341143105,650522.509663098,289.8990459598177,31.85123439328489,0.023140997416117328,176.03883302205335,2.8704961245903338,1,4,1,0
86451,930,361,732.2336750517301,530.9095396770681,909895.0538326118,712.6602434716933,30.121197872626222,0.030609113941121015,77.02230534424888,2.7933899216831355,3,3,0,0
41460,149,268,1148.5599665521574,929.9808045804391,718812.3473307295,766.9980672412346,24.800244065327913,0.039900242495387345,81.85430704734338,1.3807004829165725,1,2,1,0
49287,148,487,275.1619797535045,333.908269399342,82111.83008042815,669.5831997085488,43.698969256679355,0.029875431774270923,62.477842909650036,2.2795046746473853,2,1,0,0
72958,845,394,884.5469952854925,396.8991824462096,393714.89820103644,695.671361653172,61.80267320113878,0.4360389993278494,6.41785210744662,10.139923835159834,0,93,7,1
91824,705,310,832.6519688144451,1369.7738011730773,231773.4256847077,791.2579039315872,113.01609353241717,0.1470051797472731,15.487622045990312,22.853568194252798,4,87,4,1
96470,664,105,125.16012728556663,107.03716331992571,286985.1934338931,539.5623755327013,13.690804460690915,0.024226376236038346,161.0457224920573,2.693384134917502,3,4,0,0
73392,320,132,322.2646552559651,532.1033306251832,598198.5382130961,92.4825602075064,41.26652373561839,0.020633648908424403,88.13663701848364,1.199450772752943,2,2,0,0
50806,319,209,949.264780775324,987.3003678183264,182445.39417604386,341.4118416886837,20.678873828425765,0.04357813375717024,181.76061641425332,1.5150094176819184,1,4,1,0
97133,625,216,371.58934901184466,1455.5220126441598,506685.0144274182,934.6475631664633,15.920264791385547,0.0010288245305660026,71.28778784447992,3.997989676069186,0,3,1,0
65605,66,356,656.0692315334527,333.383644359341,276413.4664520416,271.7493565533897,45.84400614547522,0.005153840221031292,198.30653943658982,4.285124757554159,4,0,0,0
29095,570,417,717.6711244111362,368.0669254742897,543952.5733246283,164.76031676194484,63.74316911750829,0.37990371993585714,18.044695412523943,11.713001138456708,2,95,4,1
28888,767,179,679.8978830772969,383.9334082505182,105109.74427310833,388.9024447789051,26.960370640654176,0.0446728450688684,171.56434071342423,3.4145762350265634,3,2,1,0
83781,332,278,1459.96838207092,1073.9954764601025,89414.88983538594,319.34582710734867,46.40324773942742,0.017607609564943068,107.64516991252982,0.5536011316594819,3,4,0,0
98432,350,329,1472.792270508362,1435.532025887879,607602.9004617324,553.0378506499738,42.16186363209079,0.04804721785744283,103.31631533659834,1.6313977002861035,3,1,0,0
46140,949,163,774.0377669260222,181.58506426263702,132261.083951196,521.323964786033,124.83487112938896,0.29208169606761547,2.722461980687211,25.329418759221753,0,27,1,1
68730,646,452,1406.0300132285765,903.6936538499563,919715.3673602575,205.90417879447412,7.071882192771317,0.0383544687488962,180.09366842312323,0.7145461815045662,4,4,1,0
63703,763,80,1353.5570076021997,774.4027520566804,391088.134794128,432.6000664676283,65.92789701470541,0.20809099923253194,15.327399530544621,20.912754063966464,1,46,15,1
16047,347,102,191.57691295576953,1317.8099600429423,574053.4337101139,917.3852728348512,26.40378992101088,0.045159459489539214,155.02595194597797,2.3303042867705503,0,1,0,0
55079,82,481,1182.210431780805,329.9041305351326,278734.6900864524,259.576993802696,54.14175081495826,0.1640714325065316,17.857511309744286,16.733961443848834,0,28,6,1
99121,620,201,999.9898237824433,116.5055126325767,711982.046115507,983.0490685786355,12.8677106018241,0.04017436656181708,53.657806222880915,2.900645709625479,0,3,0,0
21208,514,319,180.3671224025823,680.8616077053866,446714.65076293,531.4790112260197,48.362200686457015,0.002591319932436531,130.3861054782629,1.1684671441963201,0,0,1,0
21473,676,219,1151.6295419601306,864.0085278897684,681276.4784571272,695.8251673852316,16.179480439254725,0.03219867473681734,148.3502047096647,0.806699030944254,4,1,0,0
8788,822,99,454.3624006502557,51.4486230646861,427114.35106483893,598.4848547048197,31.268642879232132,0.048208348740195445,173.40724243248926,3.2396653201162318,2,1,1,0
39756,774,218,844.4152790351557,1225.865921194172,290393.18658035743,243.37847051407823,21.04851149160832,6.213398731242382e-05,88.87462246770573,4.442418378884624,2,3,1,0
69987,658,16,49.987766174212595,822.0775682158147,794964.6492581345,399.37294231156847,1.7671353610053138,0.04038881315595015,134.82254454310828,0.2514975526417229,1,3,0,0
4049,683,338,100.70055514701556,690.146447676138,454150.68257881847,53.54317265159688,124.71305921645198,0.13923531028021593,17.14143678320717,16.674947516742947,2,47,15,1
3005,896,340,580.3098152060294,941.8767250160607,708426.2988176933,328.3907837346356,20.91028402268802,0.0002645827179550253,142.45140105095436,1.4481071968290533,4,2,0,0
99370,55,306,206.27741306909772,147.47728765688075,290698.5754994682,515.18606797245,21.5589985509854,0.0017007202601948491,108.60915102387467,1.072121441631062,1,2,1,0
10741,103,489,611.8232589623334,762.105166049548,411644.9716145069,989.7938571827583,140.42041404671733,0.4868041352003353,15.630620347668762,7.881450327296877,1,89,6,1
22732,861,400,404.4052695362329,1050.8078917187843,58643.22369338002,908.9381294279161,124.45753185854164,0.3970870375706924,17.666427754430497,13.581621968937258,2,52,9,1
54558,636,466,1355.9162043315482,371.39161660813835,263765.0258007644,882.2172540797873,70.54816269827951,0.28653184687328637,18.666373085121513,5.676204599644756,2,78,3,1
83053,417,356,799.409671500892,205.67017525993077,527002.4918316853,965.6539848188528,37.328122305790245,0.037609533289252255,90.75583406847903,3.9618977347700497,1,3,0,0
47192,521,234,665.9295892708637,830.0193264733406,450906.8088757213,696.2616448816003,11.749622129787674,0.02992391993381669,199.75240656098427,2.7746986107613547,4,1,0,0
85543,110,105,36.62184031067837,894.0733479200676,489641.42493709136,305.4843770325737,90.57198964800281,0.11106151023740894,13.819620047345474,28.627945456462395,0,78,7,1
84387,714,310,62.92774144210299,888.8516863753937,784827.5581548748,968.1562371382299,20.227140282811455,0.02906531259737327,60.965763493997585,0.5026448839465902,4,1,0,0
35445,348,449,1455.703667687274,1409.6744861158998,758426.9079469704,552.4005133513216,111.33687892655391,0.30170551023079295,11.998167428648859,4.4829111852020365,0,93,15,1
82140,145,294,1487.5384442282964,153.80705865129926,272753.3507050778,305.69777158093495,31.826207380012946,0.031614484322310434,83.60647969511942,0.21680298545172727,0,4,0,0
67067,228,141,215.84302668069736,276.4508584712671,138341.13068901488,820.8454597404833,1.0948124451894141,0.012922227892209766,137.1899848819815,3.4289151249606897,3,1,0,0
76115,878,290,475.6534013439118,1321.170681796526,37283.85499446971,154.9806860160926,38.11164682098393,0.029486340320392698,65.20595334461825,4.4499365779866835,3,3,1,0
64321,427,130,629.3833140929543,1367.7910042323488,736912.6567358819,475.4989912183715,5.310580030179754,0.008207754903413017,177.69939663523115,1.9067188652345184,1,3,0,0
50773,990,311,1375.959844395557,461.03155390166387,285857.7816743547,663.4839597646005,26.024875932543225,0.008637499283609835,75.18738995140028,2.459835533490271,3,0,0,0
5980,413,164,216.21295991741758,1032.4628775475157,884740.1884922609,110.77420948016744,49.748836187446,0.01478513819173593,156.76100796440116,2.3283500788759346,3,4,0,0
66154,754,176,305.87817393017485,476.67106197954166,278425.22244217404,819.7826434050257,129.48233743425376,0.13216132792979757,10.986232686890009,25.52032979298377,0,57,4,1
32156,400,140,157.23029854422603,136.47535436348943,443151.4317346514,43.1964853543682,33.80752926520943,0.011487986325334704,165.27081419183088,3.6200640109854145,3,3,0,0
27696,744,188,399.9130333210686,77.03002950331742,801345.0485943168,225.09845758324892,23.926067706298333,0.006793455236286123,134.8806552033724,4.35518266576451,4,3,1,0
99489,957,412,1209.3160967313859,764.6387126611627,358807.6786517843,345.91332364611526,38.07791991162115,0.036625576285229576,113.38847530773657,2.916219686251571,1,2,0,0
99474,123,67,995.6975507692378,532.3183989035097,329242.03626241203,364.71458887679114,68.1190857166298,0.367149167500586,13.954839081724751,4.012305721226145,4,29,10,1
57614,380,188,836.608891922147,1329.2845389187084,551443.1450909786,135.98405524482092,18.063521657965527,0.02960171626031326,167.91095670943542,0.5925844777607969,2,0,0,0
17268,771,121,983.5377190793162,1036.1893642432124,861289.3173921984,742.5734431466408,94.03995646566652,0.483645785477981,7.472924756920627,16.257756888614466,1,39,6,1
82338,85,361,316.32080436211106,1147.1723593956451,12542.707892920393,390.35236756395494,63.91546194594119,0.28728839781934856,14.668227637909645,6.97218576619116,4,94,1,1
89108,643,438,263.60381536643445,725.9729317104824,65425.2533905844,49.51342968561917,44.05305859707658,0.03868320377400669,179.55140936406283,3.350256062161998,2,2,1,0
54875,911,117,827.0685574262725,1145.487629168529,766310.9331821257,166.35823950020838,35.19920918926072,0.035746640997513734,142.59811918301392,1.3153016213425035,2,1,0,0
52883,920,280,112.07170307640693,226.6790238378735,64690.31464403723,486.58117777773845,23.051447642154173,0.03178101986828466,51.47798990412167,4.511775639704582,3,2,0,0
62102,847,492,333.2866384172621,213.0938341315656,121114.63688407565,975.9420174664358,121.67217658313355,0.3791672091651225,9.340435030955307,19.007262157683,4,39,10,1
10183,567,295,257.9644438803642,498.2839969346401,381259.6820272563,783.3029936033678,58.630026160016946,0.4958048708507189,8.92397422912485,26.595212131933742,2,88,19,1
96477,289,51,462.0647541524333,1261.853989841578,942168.2663987844,193.80983156044428,40.687177576122664,0.035963205934274455,94.17806463833844,3.8042314934281496,2,4,1,0
84829,460,210,856.0394613068714,584.4635151886863,732562.1062655158,409.2675303746497,42.955639717930026,0.04840845682109524,84.67039155796945,0.9474184294962018,1,4,0,0
21019,451,428,1481.0600629291139,1147.705963208004,388193.14879368286,524.7098714655929,56.39531498040973,0.3972947203575735,9.931003112327927,11.620288237540352,0,56,15,1
60031,274,350,351.7669217156707,1287.9182085427196,242937.08100067198,759.3780567907266,20.02514213819988,0.043172482174667286,69.65862541211287,1.913578498297766,0,1,0,0
5952,724,451,877.7234264365541,730.953591706773,420436.3770525684,507.7735550932571,35.99221988952987,0.04237946777694043,158.1578198978593,3.3620833727815325,3,4,0,0
29326,887,66,1221.9758418574004,1056.3144225887065,318840.2588813856,505.159754336806,19.203809062965146,0.02870857138855153,84.49687437096765,3.3919625091261416,0,4,0,0
40854,774,111,180.01322730326933,1434.9487326370675,573829.2000054431,199.1914024908997,38.06054268087558,0.022585619032276974,124.12552298737215,3.1263458751947275,3,0,0,0
32852,447,479,819.420714688218,531.1838600525965,869031.8304964042,965.9411720203907,26.992660413939966,0.04372122642166912,107.94779419671053,1.7692959397876011,2,0,0,0
6846,667,324,974.6200830941385,498.4949920519698,955659.3823150244,513.569336299602,34.19158283008615,0.0152119871137472,99.80085167537669,3.4081179910415176,3,3,1,0
75618,127,468,272.7039684778359,270.5416190473711,970739.4802870229,837.07604537418,60.73023646614911,0.12175641208384524,6.891923860863159,13.538559317688557,1,33,18,1
42373,896,322,747.5018884689584,580.1462760046845,529191.5268500703,352.49601728092705,50.85797780273488,0.429034458487206,8.073967917909819,22.557298719587894,2,53,4,1
52862,164,320,794.1188641849426,1251.507486984224,500946.53845371923,813.3026346742358,39.16049171980361,0.03491917371606362,102.82491038022155,2.6600824549788182,4,4,1,0
75503,230,256,899.6553282465267,1464.9236879448797,286604.66308812523,704.394264981223,125.15429799698016,0.1710064886798638,4.53290353236886,5.620273985242286,2,26,12,1
30165,539,200,1012.7054654386084,801.9530991977672,969639.9461541246,510.94633855821223,62.65398890598913,0.49090125702594944,15.452324117588107,15.819379656301354,0,86,3,1
17778,818,228,959.791192953408,933.2644236742456,139596.5040639635,270.14841889674835,117.10286177501904,0.299427760537,14.432861266724558,11.906072461384063,1,86,1,1
44351,513,114,1366.7717218894456,659.6288980074794,91495.27025797813,512.3807548580593,44.79496306547787,0.009350327068105891,86.69109760982938,3.7053775775555096,3,0,0,0
32201,904,325,22.32577544414569,1293.4458851041545,780795.9418062269,473.24345719437076,110.97183797592322,0.13908474764350032,14.003294186654326,28.138013159875165,0,21,5,1
99285,901,279,915.7702151129246,464.0382149530657,504435.4452085528,836.2544339170837,48.51846500512478,0.04858184506467976,175.7507530014892,1.3459321884810427,2,0,0,0
77288,548,100,787.543964021496,895.0333174917981,912217.2618094711,546.8397342217866,136.79418582454304,0.13531849700975493,12.756832214568716,17.121664617105647,0,42,15,1
76448,610,319,1104.1641782046477,788.5748673607799,136130.2068666642,254.93179616156064,144.5905972056924,0.21439082922443872,11.573575933188065,28.664376339476533,1,23,9,1
13151,45,242,773.7850561536542,414.1823133677697,543256.2144544767,978.689577671668,128.27365886043725,0.4318673591412423,12.710695474927684,15.400862830581326,0,28,18,1
59214,970,166,733.2139477954345,1175.8565839884982,484960.202786188,526.8395798691009,47.54500364566455,0.013455266914514947,152.0121189257879,0.8143511719231866,0,2,1,0
78435,228,473,1096.7928266843178,1498.673964925711,749856.1822800008,326.03092082611624,91.18861326033385,0.3579255104472282,9.353452243232633,10.715710286086404,1,56,6,1
28900,468,214,120.90357392614925,257.6339059822883,675724.2641185375,56.88309110386581,45.36815558635766,0.020385070035277387,129.43548564221817,4.535836160450285,2,3,1,0
98348,567,456,920.4178615306097,104.07501617501755,254637.41700304148,865.7929611802231,125.08284332403633,0.1743815112983508,2.0024664161955634,14.18291409073031,1,15,19,1
83680,923,489,1310.6283169621274,131.20525778729223,454246.25964013045,484.6443572507798,18.310320006592434,0.04110587306371058,104.71097657840687,0.5727737601272559,2,2,0,0
25086,682,371,110.56908552280167,492.23259353666293,837981.9962382505,677.0784684516617,36.51813677654119,0.020924330778817925,191.88110235622926,1.0034716526645933,3,2,0,0
20397,616,185,766.4711149499399,567.2691079254479,403457.90815048193,890.6203469135122,45.14292048861573,0.01764835101833195,96.02040536760694,1.926498479021146,3,1,1,0
34019,343,90,436.43064254938275,1036.6246781279856,895651.8840907343,41.597517031976686,8.36089055991712,0.0056567683224868,83.3719808511429,3.5054391006096837,4,0,0,0
5762,259,221,1069.8699213726518,491.4388661790371,137955.13262713407,233.85269097752615,79.33760692897003,0.16073236675064193,10.609698518030745,9.208596181410199,0,83,6,1
35499,728,247,1311.4507105925543,550.7775824218655,418734.59775682265,487.9971738999934,20.831976051475,0.0067585964359153095,110.22653165419328,1.1131928864353098,1,2,1,0
58968,816,312,110.38516788099531,335.4522770566714,584132.0096993785,944.7101735442826,49.038649586210596,0.02419284745332867,94.95152284592542,3.6371285563712585,4,3,0,0
21140,104,411,1021.2680996655113,657.7138120314559,864935.6288709255,841.9710282102934,49.82005028749474,0.01261754490072875,114.99656003254135,2.688512681909855,2,3,1,0
61868,270,19,592.9664183147215,704.8460498730814,353212.7141042246,963.7582896400608,115.09240764496978,0.40778108531266943,18.88417123130384,0.9112101247355342,4,35,4,1
69846,383,339,33.52009543521316,1397.4797616646242,476155.64019701985,107.24521642344709,45.27639756068883,0.004932074168797013,88.79804120381166,0.6746909586351846,4,1,1,0
89200,270,312,1194.7676863021798,700.0177451830351,219101.11787463308,793.7000298595013,65.77265268946171,0.4978521963621262,11.114348143373737,12.471364392495712,3,56,17,1
84304,633,499,1003.4843168689965,1047.6098650175259,227181.8913304256,173.5432212235138,23.595541537388076,0.01807269837627441,82.96139800329965,0.24121055465375352,1,4,1,0
74383,646,201,474.9290603150586,478.3853408866332,646196.848909367,301.6651735283062,47.72738604455598,0.04894130068401075,114.49461771871668,0.8920068657464636,2,0,1,0
56858,692,31,512.1679445733612,160.8425064282432,87436.83514471422,862.1558759217078,2.3982290641900077,0.018387147676999154,97.39591251789274,4.030770187790559,1,0,0,0
98524,52,158,1077.128018898844,862.9580862382487,715107.9991151772,858.229235758156,9.35965603452751,0.04350240530666674,55.9153421596632,2.1458016040531342,1,2,0,0
67523,939,179,1437.7455993652175,307.0559500048027,790728.335892075,590.5453960459845,125.61117107828142,0.2780574742096143,10.696307090581413,25.860769556014336,2,44,19,1
24734,691,59,822.7804402882507,1391.1055350805507,274940.44282418455,481.96839494804584,94.51874584403365,0.4084449484957303,7.7878518449559735,21.436018604804275,2,63,4,1
88104,554,174,961.1268221127967,191.8295854712733,462651.8939603652,942.6118712255524,138.90409237737845,0.3572237140381441,19.465286677956573,26.41642563009754,2,9,18,1
67532,213,265,363.21139019095335,289.85788810055374,147626.78102021787,883.9682023834223,114.38131015438398,0.39668277111054884,1.2145576642029874,12.55063680271258,2,31,12,1
66474,174,1,209.9113659563662,628.1961336139979,357962.91220308054,261.63846877412817,77.55962270016613,0.26827428023960564,19.173186834122664,3.7665990514762595,4,92,6,1
53272,631,316,262.0064373261694,1123.553005722507,198756.50545700785,519.6794000433497,111.78218203141464,0.45726914495928805,15.43998422862573,16.97149479445776,1,37,8,1
58448,66,393,1102.623588375819,909.309237944199,122064.66354542578,990.8203281274621,139.4443136595259,0.17564407949853256,19.95045089170309,16.19063198970494,2,69,16,1
57220,510,284,904.9718168470716,999.4006164626335,429707.6347620096,915.2224021129052,31.41208427986255,0.03336989596487677,97.22768673896951,2.130550249683609,3,3,1,0
80605,218,274,1153.124593921819,708.2921889715478,736963.2700081706,926.0463137678287,111.02648166844548,0.17419458146106165,3.659189195043675,8.0175773248451,3,41,7,1
76605,802,389,1283.350949245739,910.1654530402408,247411.2461316421,824.9628846720524,47.533676633741784,0.008953428166367756,167.5548395106724,3.1855456325710123,2,1,0,0
2024,587,215,934.8388957098056,915.2048242401619,680030.9540454417,13.573251087776686,47.77778874703421,0.04166950166824528,118.04138921447596,0.5132285139738596,2,1,1,0
40813,614,496,968.1825016360204,897.9227182741341,200300.63745864131,599.7730639908222,45.966531091809685,0.033049693237961614,189.01347852220465,3.548920190452787,2,3,0,0
6040,4,420,211.25432913896697,1413.343030443119,48444.67990443473,908.5179077382858,84.66467562995629,0.44876259173287203,10.949107923576932,22.65664624501633,2,52,9,1
65593,312,130,925.9192239503496,1356.4244852657146,870332.0886771557,23.480415502734658,83.90003838239892,0.4249919487922176,8.836350477444668,28.167881605445906,2,36,14,1
70547,891,177,1013.5348811471164,1224.9297736291524,712172.0471691285,786.3862129787275,46.03138781727727,0.04115523194766027,128.43688401127372,4.510374296787543,2,3,1,0
3469,29,219,1192.4124368256503,1235.814635278774,385788.71215582395,40.499792481846434,43.07406688902819,0.02497065414546062,75.80378365851018,2.960342831194354,1,4,1,0
71751,716,403,301.3201568449112,1052.342497489557,316020.86574077,131.99267077549632,40.628088184269245,0.049937159844749515,59.89143481340465,0.9678722214234242,3,0,0,0
3276,820,112,134.6841201530287,196.22627911737993,507933.99774811784,411.76947726650974,138.65783177333856,0.3280726431306492,8.059184396614619,8.939521637501903,0,35,17,1
75130,461,257,1445.528628491888,1045.4145245672119,89372.86861590768,137.35970591590203,44.09149453771171,0.029654656018568655,56.11073381061978,3.6920778455858025,2,2,0,0
67151,355,145,507.4158467424621,802.970847289917,736605.3295808987,778.3543817206433,5.288968067047974,0.046060627113170174,52.05824037968047,1.1213338612595236,0,4,0,0
84078,967,102,938.0415403050515,896.7920245214328,568845.80241785,181.52992138278785,37.08499044198045,0.032165793776590325,91.35370138641633,1.7511429360694213,3,0,1,0
99415,313,157,1145.906545492433,451.26497490218117,90887.26126412782,690.9200133461579,76.87260221259484,0.34019872118732375,19.592082797214974,25.147101594169516,0,89,4,1
98084,241,315,334.1715284172789,227.83439154145543,529569.6868311277,304.7970403525313,7.971892734312577,0.04304056637078007,80.8417852220752,4.786094805146864,0,0,0,0
83321,431,347,1389.7792607921717,1278.3336346275944,744823.5430035183,959.8184592466442,2.9939950485167204,0.013894024630127583,100.16361849832046,3.268817134411901,2,0,1,0
83026,200,62,392.7407571515356,808.1127203117912,110025.46444380499,719.3821487888929,63.652704593018925,0.3157800387855985,10.77800376262027,14.365502185091087,3,80,17,1
48358,535,264,399.2784803675888,1101.6874556789999,850997.0091902923,161.04499075654954,14.799314863214027,0.04455077336566446,75.83880516206196,2.0745902691606326,0,0,1,0
20239,906,267,794.6327932730417,750.9387836730164,318048.7497959512,685.2948469906232,67.35868818141567,0.4565302192595606,16.0858230043288,26.54997969676053,3,41,5,1
76771,220,274,1339.1205976241051,635.2352918287245,658375.6308139584,240.5471706080612,31.934838011265885,0.044864023913005494,153.8087480689329,3.8274503824978656,2,4,0,0
3422,216,155,1447.8756989170092,1100.2512015491163,402395.34312752006,120.34775249407359,16.09237135788387,0.033714477076310596,110.00169549764618,0.2733872437557944,0,2,0,0
10476,158,461,505.8693692044895,399.7491939753279,178156.52948278902,86.66830725736966,48.91495834257079,0.011560981031368862,186.38383208248163,1.9248296360043637,4,4,1,0
47282,15,95,111.58762370426507,567.3663829793211,124667.81372613499,76.20967575907383,27.262806436733754,0.04906728260865287,142.4854198591886,0.1857419225508411,1,1,1,0
36388,785,436,508.9384899524256,1111.882346297481,852649.112752465,732.4656803760678,14.217447263088363,0.0428638595437435,139.61104275401345,4.425467582423943,2,1,1,0
3072,423,389,97.4580199982504,885.2462234437667,289055.4584423429,268.30973460422405,7.321417280422582,0.045176850671144894,167.59035717321717,2.655961477125965,0,2,0,0
18340,305,16,666.5934725058762,188.13832393886523,473073.1260089319,867.0052040113756,149.36683814053808,0.21249604874521794,8.362504475720161,6.728075520784396,3,79,7,1
33156,818,322,865.6928343866867,66.17693239543613,13095.074912511498,528.4337240804501,122.72510564778862,0.30722963714584484,3.932205391022016,22.37012161060712,3,77,11,1
24919,809,258,1418.4504489295264,176.51188191337476,408573.43753962155,525.0488597476565,33.98399615121092,0.040756249828364684,86.70286816109254,4.033318461145432,4,2,1,0
52555,842,411,665.7973550951639,1405.9254815753538,622135.4439075802,944.1236093026573,13.269662678473663,0.01164309302105413,73.69213622106155,4.561374000072647,3,2,1,0
21000,999,88,1418.8088325125834,1202.4852224807762,665824.5353585738,352.4849330230601,111.12949057468458,0.2564794272741578,14.660548381948837,23.899026597706044,0,95,1,1
40598,416,143,1229.980264935335,1262.8169990036486,745239.7956625174,525.1662151412436,48.537541358721704,0.03907235229693809,156.47236025515872,1.8063563046042264,0,0,1,0
36697,971,285,556.2744071958432,711.3072344339193,424431.4752454491,652.8918681940461,23.716595423031983,0.008699230139503923,89.71116258540488,3.454404390524803,0,0,0,0
21153,890,373,977.4725429493686,49.972893163438876,934380.9241806634,673.6152613403304,139.06711016905638,0.29759801570926914,17.584570398197883,8.397928813785274,1,63,16,1
30738,254,416,1495.5022672756331,792.5096138832986,296374.434985654,774.2070487400215,21.817519815294332,0.017804254630380812,145.16166240204205,3.4761889874405396,0,2,1,0
16274,487,373,548.0459846123279,189.63901692556763,445088.0027867042,422.6276680922049,39.733105552348164,0.03147513832323525,103.59801163108918,1.0155738562796852,0,1,1,0
20131,469,261,488.06330210534725,237.14327091012342,286396.1271631817,737.0124978538778,21.467785081665184,0.0007975916534700145,157.4816961191904,1.4593021291954504,0,1,0,0
33029,302,489,256.7139846780651,99.97134926285202,554503.7691737593,553.245059575392,21.45198015734607,0.029456980093153298,113.05722746071669,0.9765328172375976,3,3,0,0
37715,278,70,659.5059079602498,1422.8262434938342,762552.0902294102,210.1779891241237,28.558773102383988,0.026675556656782895,128.16580826896424,2.935867800287995,3,2,1,0
55239,49,348,568.5049436386132,998.4962076680445,727172.6545662308,359.9246385629435,103.045115836289,0.2158626524872831,6.75226567520992,25.679530374255652,0,70,0,1
87930,532,247,125.39397668366155,1496.1370038682485,183251.9704890708,87.38941004269635,60.16559275078993,0.33203432552628653,13.484509146276757,6.853765984878008,3,48,9,1
93203,145,372,445.39763793401795,1366.02267632175,26566.679593842156,365.00227335665113,10.173310926581012,0.03463043840878731,60.9940019613291,3.3147003432821682,1,2,1,0
11306,843,248,1343.0075457068515,768.8433260206501,813587.4536086152,753.7859026608335,103.51702359341664,0.38154160174860097,5.412263772014953,16.454336886980354,1,95,7,1
86184,54,225,1244.402964196592,553.6224043370977,14034.926009492994,832.6423104319231,89.78813942138773,0.1539633367064421,17.39329999705839,15.855173799236459,1,61,4,1
21035,508,343,991.9535758029879,1072.0525156146227,966847.5509040736,508.1636089188185,18.82829841968702,0.010753571776783056,133.27749860600522,4.513451043757305,2,4,1,0
80083,446,18,1418.8506380853387,355.96843057990503,740085.3271488528,22.329065287916443,55.07528641001633,0.10227124181033581,15.895728219498407,29.829474850551257,3,88,14,1
23440,58,123,420.10603921791625,556.5790552896518,549023.7404274147,554.4574250594443,26.425017825482836,0.02510616229286075,156.67876742864212,0.024074296920222338,3,1,1,0
917,349,394,881.3100225435555,1014.7727552055588,424789.8302026675,221.56862922977817,14.529863368852881,0.04767836236503482,110.99957707084079,3.965284530259302,3,1,1,0
71641,791,154,1293.1479908557665,672.5613288883491,466206.7813669308,619.578513042426,35.584267173951986,0.017923292808172297,85.05984937241942,4.628423996503377,2,1,1,0
20016,340,411,236.228933356939,628.3607343817931,798170.5543591843,68.62253084416636,31.072292456357104,0.002188306075792229,135.1802011745692,3.7525068931050916,1,0,0,0
63158,343,493,1414.050206141137,1284.5121711800368,276408.1954829735,243.31676614093206,145.2217222514626,0.3996699267700664,10.83054643117592,5.483055938124877,4,28,8,1
24711,955,392,774.3960701088614,758.4166109251455,809251.49299511,318.6160517539155,147.22693121320697,0.3815957583754708,15.747262178537822,26.62731957204738,0,39,0,1
9245,93,157,296.16542867528256,574.5968507315594,874487.6107377427,647.8376716703317,9.308133357963474,0.04886999883676573,139.4716162538351,3.485870495049859,3,2,0,0
17949,800,473,139.05116056160858,1197.5274350620248,569860.4447488035,762.007736331314,76.83925471328668,0.33381219175928006,14.692328178916663,27.721497077307532,4,19,16,1
59620,467,37,1088.5557584136243,1497.43353970338,863272.648407045,481.3414604706851,81.89428181832925,0.33709018976645155,4.534849135449885,22.45584520719418,1,45,9,1
36720,278,434,1172.8297366673708,98.64510483399678,613116.7188776482,411.15493133693064,2.10246107037483,0.04868719086077572,194.47668370206307,2.247148113254277,2,4,0,0
779,543,335,1356.994415404317,654.5162035153655,73887.75889317277,491.85113493777925,52.95182514796456,0.2906399551083463,14.264489404635766,7.729533511306227,2,53,19,1
54585,759,416,383.2158121394752,193.83585640565963,243217.81925623663,815.9309595779266,19.511652698670947,0.047286433873139265,62.490945631519665,3.7845627591473905,0,0,0,0
96621,281,447,917.8861899156187,659.4533062842418,303906.6572614441,297.3891452962515,135.8929144250023,0.479522908359886,5.082351404240319,12.240471241286338,2,46,18,1
4740,624,487,594.6973001754508,1108.0994959518848,367491.038456864,220.55320870459772,49.435768226827946,0.009228273622671574,133.18027056118535,0.744989083654598,4,4,1,0
35693,389,35,608.0049951602812,569.5051367277264,620653.871570212,483.1177837255793,22.359955662436686,0.00044193781557799185,56.680501730754344,4.169116004308974,3,4,1,0
31139,580,422,192.709279039018,523.5924958426858,252264.63937527628,706.4683880724966,114.98620295264033,0.23607354791149857,3.5170188694383775,26.368398252361107,3,73,0,1
67968,783,273,418.1217475041825,232.84906240258053,335834.0481454089,404.64825181758266,91.79702327002674,0.2655432245983416,4.423946647026886,10.027620237963285,4,75,16,1
36705,55,77,454.67680242917555,1098.4918920845432,945577.7673032609,754.9432312342294,53.15112098397762,0.23572811661475332,14.580188408855705,28.759441094660737,2,87,3,1
12319,198,283,53.52506784050897,50.68956127128283,317572.29688265914,608.667972244931,139.3039133604325,0.48309875087020016,8.128324921061054,25.158047506308844,3,91,10,1
84614,391,206,1445.7566749571354,201.80349236098095,158485.95781553764,324.65945001986086,84.14124854461734,0.4825533884900709,5.071855807268036,19.598608891031198,0,57,11,1
25713,663,74,1098.8922009495402,1383.993999672899,772416.0585231076,299.67024288483157,8.657026636783051,0.019800435886729313,61.87279594887202,1.2397027392616922,1,3,1,0
56425,626,189,857.9187643227298,1095.278812135694,530192.9531544385,952.040466778023,1.5361561747095656,0.023649564749916665,131.6065041827148,4.0481127989994405,2,3,0,0
38538,915,197,121.6539759992547,185.63371005856817,716855.3180972503,609.2381778201277,140.70602520245853,0.15862391805136516,11.417114460919224,7.92610001237424,0,95,7,1
58364,89,483,1171.4640499267273,429.02748066177935,662303.0473952644,439.99646429876896,21.588760913185233,0.04712291628678847,81.52076377842272,3.406320513635179,0,2,0,0
50639,420,39,1395.4563762146026,580.7618871878203,231484.3965208556,606.4528904305843,26.973426670459872,0.043852811787985724,58.533027995573974,2.993963949289244,0,1,1,0
19029,189,403,1356.8665798041977,1265.2921116097723,949834.391099126,894.8945588068858,36.019765008055955,0.018838109664398812,105.08877494558496,4.6554340305199045,0,2,0,0
5465,628,64,171.22896648247135,199.23448546523946,843923.007671358,662.2433186065762,37.9499306934416,0.04574443541060719,177.65896809158016,2.991439979109063,3,3,1,0
80883,640,326,699.2020902181142,192.1327835465238,905144.1579927682,123.56765287614553,140.69744307541464,0.14662456809589988,10.737061419765219,12.889842130666981,0,84,16,1
2480,650,139,507.90592009813446,547.7089044500957,138528.9911985134,22.966721225831414,36.471415626253325,0.011675949539928294,69.00306075360271,1.5327432271497736,1,2,1,0
81621,574,154,104.83082550147655,382.6219019004979,362990.14710206585,972.6815585228171,26.83898729833573,0.03954430982563629,99.39735984166606,1.9108554714696924,2,3,1,0
47230,516,167,551.4359958606615,718.0208725692846,358201.1055315369,246.8833129529465,62.60722695055232,0.4245806481387251,17.250583034183883,2.314695483147852,2,23,10,1
11453,86,225,867.0810336881126,832.0719538397842,12563.14343416803,651.1231818339604,23.368849855194725,0.019178896688978077,193.66116818583865,0.33838393439273307,4,4,1,0
92221,149,125,35.62143706057456,1449.0694194067767,884278.8803135916,190.89524028760334,40.12206978750839,0.027377015161928073,86.55806466967627,4.899395915494217,1,0,1,0
49897,526,236,788.0156029568055,1225.7373127488636,31462.89557896304,570.6213223153214,90.92846609815345,0.3365541181873274,19.127165303414653,22.972909768776606,1,81,6,1
33099,496,343,38.981640509295175,76.89701725223655,746889.7890973544,698.1216524533179,14.97104408335802,0.013521023567051338,144.3511546085352,4.472498678371532,0,0,1,0
17081,498,349,1048.449972430464,1485.945888315454,428760.11442710465,438.7335940945223,40.03092546781318,0.037846123811459464,125.98021579833207,0.17520480527208726,3,2,1,0
22397,926,165,982.1484642476499,347.9893610506602,623438.6662934304,465.72400001499443,50.743420136844165,0.14862872550586045,11.64741849369013,21.259228081046007,0,7,7,1
69439,354,444,313.37621702312043,1251.1881919757802,434161.81314082985,426.2680260483063,116.17122199390685,0.36573770835756503,13.66874128865388,28.417452872092156,4,10,8,1
47365,699,239,728.6002916404291,1219.1903255772706,396741.4954258201,806.2976698011463,18.0008288566143,0.003487132524308634,167.93433847524233,0.27475103137312107,2,2,0,0
74666,152,291,446.7310274865334,665.1818764069394,806179.2192216131,863.9391358825478,43.71366710810864,0.04041273065587524,170.41653740702435,3.520905596726633,3,0,1,0
57220,204,342,298.18550470616674,833.2977302489747,781975.465423796,349.5229504580382,41.281371304125486,0.035110278838292534,53.69980316326195,0.08908771366786528,0,0,0,0
92790,355,332,1488.6159671437322,811.0032223430456,27462.870834797843,789.1029293057662,71.00621402519555,0.36755731190335783,1.2021975517072594,26.989141442878385,4,42,19,1
7983,568,360,61.05795804356279,436.7103116174173,120253.28040511013,953.60573961798,27.722874345217672,0.04630296699894846,189.31083327960351,4.704708163705513,0,4,1,0
57529,672,94,198.08143146919306,1495.1056597021948,972072.254115004,131.37975309436248,149.41151177820075,0.24238752995407653,10.701051526486898,7.770684280693471,2,44,4,1
66039,548,244,1446.2360336537965,147.6850969104865,505453.50921885617,54.89596530890527,127.68247740376437,0.31500094531216694,8.906599778967104,2.4318392684397248,1,67,17,1
3070,344,424,1109.1106325951885,1008.2909591079562,292995.7902726844,589.8140451789767,10.412512216446107,0.014598524018362853,164.76378969420307,1.1150924809756808,4,3,0,0
56792,777,436,238.59185499666728,141.12744505993354,992619.2399181133,912.8383797078446,121.23004718203208,0.212855988981049,17.69882883046345,25.65638287665331,3,86,18,1
57243,502,278,123.2460786250853,508.64116221447995,372821.0099417101,629.1099977805454,21.65793109095622,0.044015193082132635,199.13388031274584,0.09153763663366621,1,0,0,0
47299,92,272,46.481000625218314,22.5935329914584,875048.8287068482,9.527084469320148,36.40188839609626,0.0440539237138241,150.3966563981676,2.6971825509590532,2,2,0,0
66001,979,334,406.53867276674026,1243.8375337904668,561946.1282191876,122.6196631151096,4.994173753718251,0.029490801764262504,68.37644324365223,1.6449086618469189,2,1,1,0
61440,421,154,486.026002063179,1354.0432911989474,275915.6321998729,310.67670105116457,64.34381330630018,0.4316346228281498,19.131484941420762,17.4819857987105,4,88,18,1
91586,147,67,404.7364317725979,650.8730434081415,778750.0799427462,302.19023497527877,121.84716941574416,0.2975972722217731,11.92782481155281,23.69807822690003,3,13,3,1
59050,592,223,1328.1746974584032,184.51099421776252,892163.581325421,792.6145739868612,78.14676052178046,0.4193453313126565,8.870405366495978,29.52297264012024,2,39,5,1
62851,526,308,35.24092521192338,511.46596174727,175057.56803624978,292.00343702388074,28.36158828709242,0.04864602506376345,114.99002940190903,3.243297498270957,4,0,0,0
71607,708,308,1155.4083696597688,1395.1664251534996,33241.71747798134,525.4588111935061,136.45382763539527,0.23447699503730923,8.392845120207834,12.291581340327616,4,51,11,1
84017,283,152,1335.2100267891565,630.6689579353749,62835.80853332793,665.3687258545233,46.52876078204419,0.008609853558764207,63.58949646162389,3.431971217056478,3,1,0,0
37306,397,34,888.8905785199163,366.17387852482085,307165.9764665753,16.36719264972939,118.33347862883944,0.27277823662622686,6.985502681902557,12.561585750891691,2,30,16,1
38091,350,416,110.2556400536175,1243.21180261026,693844.952492932,390.53010057541036,58.39095340977643,0.32183030155676495,19.824769438979658,23.068494504625168,2,26,0,1
35870,88,494,392.67832825500255,75.0784733966702,131386.8459344336,972.4233835479602,7.813857750337471,0.006018136195931324,136.89236560589296,4.341121625193285,3,0,0,0
72544,238,339,1082.6539294314618,356.9586724382333,436422.31840476074,159.2105238220962,62.8505878686918,0.22911257183721065,2.626468739447113,4.86162858439975,3,59,7,1
47760,335,141,302.660770368906,819.6054079143635,33120.645765574634,447.59635630302006,10.042563403094666,0.0024761013692175815,83.58898580850877,3.0415868176277834,3,1,0,0
63452,308,323,250.4842495329899,403.59707538030625,589256.7010491805,127.44827828974364,40.39516899970191,0.017844160495461964,61.56581297943591,2.1324362346903154,4,1,0,0
77352,136,182,1309.3032872605643,30.720977948871884,425693.13283684227,367.1879001554254,139.27000702218413,0.3024856834719024,10.958006854731552,11.108413464121893,4,65,13,1
69381,878,492,304.81141872366885,854.332459919445,393862.85895693593,83.65503795214191,145.446019689864,0.31709366205360445,19.646682780850856,18.788790639124464,2,33,13,1
78005,491,231,771.2699426994647,1482.4351234086037,645766.8186442021,264.5043354052813,3.505466237180145,0.01430335200795786,172.8973234083686,1.941136086443962,4,1,0,0
46338,922,240,1103.2881726537962,1453.3304516145497,161828.75657084121,97.2069351925947,27.758683986872796,0.033227290338779795,173.7650451755584,2.233735521203294,4,4,0,0
26710,582,390,75.6111380856421,1339.7757533485574,85337.32128283271,670.9866632790378,141.73295813917994,0.34584112383255683,8.990165868623812,23.040724977725237,1,81,1,1
13080,87,296,373.2912237037491,1461.6942560602797,585444.9532276957,802.8556257178053,7.225441428508569,0.010900143238752165,195.70818059934578,1.7704335603529753,4,2,0,0
65715,283,234,1107.2216998056392,59.873872608893,787393.0201814505,251.495809644466,125.8036642957922,0.23665214785979286,17.210268274326523,8.312916979705271,4,78,7,1
84165,824,455,952.6599834391596,474.68995591688264,577802.6283868004,152.06404387351512,30.77790624819717,0.007544326221499947,198.0557558338628,3.3884450197427607,3,1,0,0
23797,814,362,659.9025482772679,1463.9975333019959,407231.7338391569,988.4316213689046,14.276051452833507,0.03801162384454452,106.19597596315532,4.171822557604735,2,1,0,0
44002,93,165,1090.5918869402433,370.8618019740856,861419.6925696573,380.2944798505761,98.8721499714469,0.28561050667992693,9.241117222948896,1.2225953897394355,2,93,10,1
85731,391,136,470.18035458775546,346.7464306193374,571484.2163679911,120.84299012622651,44.015619986961084,0.0026275405454442404,121.07242942695417,1.17128000533443,2,4,0,0
6083,417,111,460.7029955293317,342.47135329837386,17115.26071823947,340.09011402329764,9.371005969375986,0.009548173489299889,112.52882632904817,2.1006713783115396,2,1,1,0
12077,633,117,423.4898936029851,571.1033441238355,617769.4875934662,74.13564637217111,36.33973765685717,0.03467090115016677,116.68868971213494,3.440182033906028,0,0,0,0
51908,467,347,1319.2805699281648,1003.8591452767714,833950.2183070468,457.0324479897545,10.97666960427999,0.01938723829052562,103.14132400637908,1.1156558438340103,3,0,1,0
84833,476,103,402.5137230686692,853.4730797079432,458708.4385353897,980.2197378451955,42.75950820873439,0.04766145586931256,165.14778490654942,3.7439018575852008,1,2,0,0
78679,972,334,1486.3592610630526,750.3071182081572,119908.7880356221,899.3345466432561,53.55425688855928,0.38030934718119813,18.777637089937024,3.364253890356198,3,62,19,1
46301,164,316,972.103885277813,343.3501943098137,985510.1355984989,128.73334433205093,128.7742141306782,0.287451565933994,15.90550621048947,9.58061949980774,4,69,12,1
49351,812,160,675.3828575906418,1461.9118647057721,398206.1711175417,213.12644631638923,140.0175807814628,0.264154791143978,8.748389830485936,3.125959169523686,0,94,0,1
18226,45,159,1031.3574982685195,156.20204273859366,284736.4764783999,949.301446428728,21.510256063614438,0.01292346649947649,65.25925694295873,4.52776739490494,4,0,0,0
51603,788,199,166.20799631813054,946.5397825537428,586623.0976461981,988.0588385233913,110.27865029179245,0.268168001537021,11.920049139214054,6.961333126609378,3,46,18,1
63159,282,72,251.49285726941548,736.9745181517238,193165.0862090869,630.0967543858271,145.38790714109052,0.45702163261926276,16.75729441407357,27.955002193042855,2,17,15,1
93698,609,169,593.7445663002626,756.0900503387185,166875.79048241006,986.4294412683697,27.627398824480533,0.0017998629282625356,111.6013949647606,0.8273450453424913,3,1,0,0
49799,667,316,600.7397771728458,405.4267237031934,817054.2143609207,363.1447767363713,43.285039662771375,0.04378479470083643,51.40448141146376,0.9369821081755453,1,3,0,0
7053,119,152,753.1389571981082,626.9985304025007,606009.0366119343,340.3198217711071,10.24180077622514,0.02571251613897038,188.69144962841165,3.196666666771871,2,4,1,0
35962,842,191,501.8499757617584,330.16461501793333,196827.1334113212,781.6836346948074,4.6147531256423875,0.027959244812845747,177.23619049651245,0.5588472311909615,4,0,1,0
8480,844,376,1310.8380088206145,1005.7448994229688,572372.4854390557,816.5425329182738,111.45592583643267,0.36182840184178655,19.457075231419317,6.857240003096266,4,52,12,1
72809,323,105,1440.7905199282977,48.56524647265239,195972.31523816253,505.8202170120567,129.7576722057825,0.23237955428793075,5.87520850664853,1.6979701621993066,3,63,6,1
97135,239,313,1286.693381081709,554.0446943381047,415748.12009701406,464.76488539839346,44.61948224770266,0.01816565745715884,140.63463879143114,4.584400351382057,2,3,1,0
33103,506,246,1320.2855155413492,1222.5260533610879,106198.62775729162,58.366791249561935,126.08616155426698,0.33853335574750454,4.560081186625736,22.08488178813926,1,42,17,1
40227,835,202,208.73186113091037,232.03800406127334,80222.25312641679,422.1555275906202,94.68467687962848,0.322538917659162,9.591531825816732,22.059765698343103,0,96,11,1
49579,488,259,459.6959303794071,180.12815411591586,59899.52395694756,164.15561641161722,98.88370204502002,0.11739696693882912,15.76008670765467,9.03037074605316,2,51,4,1
60735,822,421,557.8920962027852,713.8274241878466,841541.8563604609,714.1066489890014,115.413897589354,0.3649591189070892,4.252400081174652,0.7516625302568691,1,95,3,1
48669,832,121,1200.634232417885,128.10230685167653,914200.0063294264,575.1558747603133,28.025023418200977,0.033201157266652064,144.9589155621096,1.1446519907901698,1,3,1,0
34962,63,285,223.70633085360095,1054.370990017513,609368.2307406007,333.44764605092263,54.38809801610685,0.12199937024736732,11.724555422402215,16.530786092129798,3,76,2,1
27233,128,362,1101.7771243526186,591.5017363339425,248276.58728208297,127.55451298968406,13.57748650410847,0.0194707873103968,160.52379444864198,2.8323796388397016,0,3,0,0
24266,267,154,169.32244976094853,569.637995912944,432769.0974836717,856.7072196466515,99.6880977911427,0.11471012599343418,2.126009583533067,23.21084649736094,1,28,13,1
87901,343,428,659.5177697611219,694.8813312646168,844500.382549166,917.7273281289956,126.63252670016067,0.3894807047162997,12.323455495206897,21.767625983200276,0,40,16,1
54820,573,45,186.64584282184026,26.770533561646104,278656.2422590068,892.3819182339757,18.23885193229947,0.0058031025326705735,197.32698757765766,4.351206831654911,0,2,0,0
51353,796,456,1458.3599660963778,420.5148207890412,246699.43655867744,68.78180835935848,14.643955096792185,0.022484049046846977,102.2857404101842,1.6620582780750786,2,2,0,0
63600,620,245,572.3358420051725,585.4612050282734,481483.21490865934,390.4234525678198,27.591584928507434,0.04162863382549006,120.68920117756558,3.501026284818713,1,0,0,0
18073,663,300,652.137066677665,448.6349305326752,47274.3271327,93.43122090307844,72.58393802355927,0.49120596226186763,4.5000110370729,25.9214269525047,3,88,12,1
1483,428,163,34.4517362330628,1491.2279918908393,900017.9402438476,940.1175002665263,112.92551426663566,0.12007432273398577,4.9395433684607575,10.515934987163694,1,87,8,1
2468,254,473,1353.331759710287,1144.3446809228676,698355.5897312767,770.9077261635031,78.98038567867103,0.258749780608524,15.730816153720163,13.922943095192915,3,41,1,1
26510,502,406,754.8119155956498,677.1172919067009,22706.80411960943,609.0168730660138,86.47371684703296,0.16447454289700308,4.5804850881173795,19.865864483136054,3,33,8,1
79381,410,213,40.64390080651038,1116.489656720407,294447.53544529976,216.33612741745384,45.55563211269019,0.01073535742071593,106.8908276487933,2.3781013867069856,0,2,1,0
76966,704,453,1122.0159461318885,161.75225511594005,618010.6541617315,489.4131348855929,47.088859821242686,0.007385458528982225,53.17221645690713,0.5525560500479776,4,2,1,0
52254,190,241,1268.3487450506025,1453.4427523273241,120420.90421143541,366.87591660804486,24.509054030931967,0.01118459969876156,155.2986055087677,4.331576364827815,3,1,1,0
13179,147,82,1301.5967202633367,720.0528208339206,305848.12079915387,112.96376966745714,43.96503347441598,0.048644527006625304,64.47302848719546,4.149099998423692,2,1,1,0
58827,349,498,581.8849095080983,513.5040890565477,519932.1501313791,960.0268973979532,3.348844805013663,0.015547576714991285,197.39555372691,1.7842176080633698,2,4,1,0
96859,32,352,77.01461779235044,1213.5752128946583,894051.1352485773,382.65505808815806,46.258740418925115,0.03161871266925217,147.53141793785596,3.402215996340778,2,0,0,0
66337,228,497,686.3189333943001,1171.2433224378915,509108.23408683966,298.0255565730483,49.206751413582744,0.04762447079718777,89.15685732072228,2.8578740174353197,4,2,1,0
18173,48,360,592.9243182819321,916.8340299444537,106075.1844296106,646.7278554848443,12.410212986471452,0.01612608485077299,67.16434202525096,3.8718399588055803,0,0,0,0
23859,634,350,728.1743555509325,1049.2659976305,881081.7938529643,149.40897207904368,44.354703513018165,0.045180893535902704,144.90601502348062,4.159389596058994,2,3,1,0
1826,466,227,1000.7846295756107,1472.1253791214388,979850.1970826719,308.65292829731715,40.41623592049233,0.022421360422284816,77.97319237935213,4.702903095513263,3,3,1,0
69726,945,318,320.2648127692441,904.8003125906263,46022.57793955744,697.9697768269721,27.530972871763026,0.01386560380901656,109.04755250009043,3.1169060369905424,3,3,0,0
45706,116,247,875.4476662279344,1380.847122186254,508392.58017438627,853.0904294342587,84.58983645622772,0.19968036697681915,5.914114636156155,25.89183007771872,0,36,1,1
11961,923,202,1010.34240720626,71.31562921687927,790981.39716692,636.0182005344001,131.88292351273788,0.38969021371617385,3.61976397477027,16.507855091260268,4,39,12,1
66293,579,397,361.2365700977698,257.4550835093014,599163.396963344,245.380876805551,3.468658454892388,0.0021985687441533007,53.611458384857094,2.8316278500876226,1,0,1,0
45763,897,143,396.5802291576264,374.68186194483525,9425.438741665776,17.848049025289058,44.27604254062311,0.007075080033592418,59.4242766952745,4.116094037033121,2,4,1,0
12257,838,332,915.6121634024373,872.9208554992027,436425.53802868794,444.30286769308555,121.12981884188432,0.31851032317093575,1.3224374266633023,19.886160147353955,3,84,18,1
79827,287,443,824.6848647548136,1290.5691724073831,264757.05550513574,75.22253278630562,140.099432826389,0.1615766078789098,19.26130829997688,12.483579862826423,3,9,16,1
16320,38,60,1418.6218551729519,462.2660999666561,847810.4530875138,506.6399119336248,49.94377987610209,0.007168401981687212,198.80723898306454,4.406167660910025,0,0,0,0
64818,111,285,942.894715921452,317.1810219125561,888181.3135168086,336.31855821517803,126.49782029122485,0.4287497163857056,7.265707581336492,14.081089876016954,0,33,17,1
71254,728,461,1197.2324081997388,163.8262039340515,777155.8492265259,605.8762762629184,131.00150379322258,0.14349061058297732,19.43227879605054,20.857248355369673,3,14,7,1
19062,511,129,717.114328565897,186.33368006187587,301737.5947172782,613.5795309533464,63.68084269877836,0.2964610960155192,9.599425597322561,25.903514551191467,2,66,17,1
42486,870,84,1197.2989296530704,1260.1995917155552,325149.0924767094,318.2068886982855,20.83886829311558,0.012145576258809672,137.5003627398844,2.6953536698573655,2,2,0,0
44574,544,279,1379.1455671123383,592.6947416639194,158426.10323409518,353.6135642480758,27.937765912829445,0.04624117534824116,66.04756057278234,0.6821258246823275,4,0,0,0
70443,875,409,425.95295382414673,659.7269914273154,145997.44935395775,855.1984566440525,49.34595736654147,0.04353656255793005,133.7623352436317,2.0286540052354796,3,1,1,0
66167,90,395,1164.0181617069566,799.1579973386996,113446.2396817601,953.052561220525,141.29825996413587,0.22291492757739242,17.283487221159056,9.3234216977192,3,31,17,1
99593,836,69,915.522543773588,997.5872018420007,749412.2521094742,669.0819972584386,94.1629383435431,0.1678530783536734,4.85346485701623,17.507408470101293,2,36,7,1
96293,681,127,288.94944449444864,365.98309477234517,961057.1017607906,54.8842120671704,10.46166338332158,0.02600024671590666,145.1805000085821,2.564829127271209,0,4,1,0
33938,762,480,1055.5809030262053,289.54214777207346,153668.4129552542,400.4375556332069,4.3493568761708055,0.006115484673776051,69.95462343131422,0.17996694423455917,0,1,0,0
73909,202,423,1279.967470060461,335.9209253807554,982996.5108528379,642.2610767699499,91.57367735345763,0.20247013839279854,12.279919399563628,3.605723982173358,2,19,18,1
50518,438,121,1177.5563819200645,1336.9312662973698,223353.65447152324,725.8632774222881,18.158204430361504,0.016850056751890108,121.3504424802994,1.698584375155302,3,2,0,0
13500,784,175,522.1390926664163,812.9115386723322,774305.6522096982,196.74920677567349,3.3595276939854024,0.010395899515936842,106.32192727851057,2.273001687226754,4,2,1,0
11818,991,270,820.3494272344712,1134.7136488038752,907966.1875535594,318.2284595103824,118.08061037840068,0.2967008792152328,6.635753732084479,4.268855749557539,0,81,4,1
96341,289,309,1144.29393230756,1264.846370843116,64513.84742897609,136.96427281449806,4.716762687766819,0.0020634522828241798,182.27701069087465,4.776833026132088,3,4,0,0
78147,769,433,1016.3021789308001,965.9880583127637,51163.411563577945,143.0788407596198,141.74449378201666,0.38778243168769544,11.869692880542889,10.902818041687642,1,15,5,1
19029,198,117,783.66350977588,1278.0843270784433,762693.6366538816,171.675030735693,67.11162397033287,0.26477279062213477,16.82931397193508,22.769661352498968,0,25,10,1
54869,372,45,30.52285119049776,863.9472363765145,834036.9662756028,933.367822702234,132.93649117261492,0.19888068527886144,10.343853436747803,18.591114209160008,4,77,4,1
67138,633,161,362.11846415620846,486.80688891113994,469873.07287780737,567.0533344315965,25.241662706570644,0.004250447580186706,90.150268497886,0.868735302326587,1,4,0,0
56583,503,89,929.3919740206544,949.6659094604012,656967.9422679478,541.5531138698019,35.15932739168911,0.012856390083115439,148.36518209423275,1.0498607597635194,3,3,0,0
85564,535,409,1416.3912286315062,157.16862042620014,208810.11640235918,749.4625597372175,42.1386581860797,0.043473889566599824,78.60911414419765,2.1861914332077808,2,4,0,0
80767,541,258,615.6342772357981,249.71076638505713,502547.659194681,124.54680995046267,48.0028921800989,0.024608799421449043,92.44715620662912,2.0809842022335583,3,0,1,0
19002,545,413,273.63167421124325,1373.4660507034707,90715.26864741743,866.3017254731365,31.033276870019254,0.034265372680012444,73.18995488593993,0.5030639520643232,1,4,1,0
70011,465,229,524.9161324668596,888.1321723319427,797939.446513224,508.5045738299345,7.405970606476662,0.031807837988600866,172.15249259752264,2.50785307952545,2,0,0,0
57835,682,278,1301.8483440888806,185.0977232519287,266623.78831474273,688.7431707038203,91.90981033889548,0.38132385694884585,2.2997098671224228,23.56849479924287,0,65,13,1
78490,327,33,1364.8027012400548,1027.1043587804393,84964.94466640166,972.6973580731368,139.99259065292236,0.38536859432896,13.205056714718069,11.986842850391136,4,30,6,1
68378,936,17,524.9676271267977,157.05855510484793,540038.8305852012,794.0616686153729,31.824213099191393,0.01399386665846677,51.03052072799608,3.9533178362510983,3,2,1,0
30420,426,289,743.005965681024,1020.8351189690526,929261.0521936436,315.5862188934581,101.65384285033485,0.4939799702366834,11.990535857287416,24.485142644609095,2,96,7,1
97543,195,165,260.16557449162735,224.28296934020727,514808.4932763932,556.1488119485314,89.76931070934069,0.4834212754301028,10.269036919563055,6.472009249062518,3,35,7,1
87960,299,407,761.6404226617655,304.4563243129256,840627.7580511774,374.3643216337973,28.694235330216724,0.03620556357649533,174.76508808256818,1.1615406075848682,1,0,1,0
55455,319,289,844.7726833015573,1085.613996142201,389254.29269359034,31.278458218918995,20.66990025754409,0.02178517298970153,103.87788392069157,1.538693294987568,4,2,1,0
95415,614,362,956.3134542353483,817.8524464982194,53934.6888351303,591.3647465615112,31.817477766429842,0.006312470321055131,99.35698308040702,0.6274462296798988,3,0,1,0
42273,706,226,247.92367041217287,1097.708615040062,47309.45491062515,642.784271482941,45.90024957502082,0.04814584830965249,80.87623071982442,3.9766710657754656,0,2,0,0
30332,978,197,1300.9629073351985,941.4453231860082,906477.304657536,637.6100020254316,37.04105741072886,0.040959001975474696,78.1872233126948,3.090323815049908,3,3,0,0
90000,164,486,124.70939521828728,1212.738944042593,485985.8771539388,467.8483606189147,29.284651666832595,0.02408994574971926,113.41807443685786,4.998360212077922,2,3,1,0
89952,399,360,1324.6010696696246,394.13500323555854,178728.82800666554,165.31874259948563,51.52016973696472,0.1831788621725858,12.099044924966059,3.1045566230215322,4,63,5,1
70471,51,272,342.45708819917576,988.0084496655763,49074.5274627004,894.0061548319231,129.7741028089219,0.4755063687345432,13.024853490394245,14.648949617107677,2,75,12,1
71929,696,389,1061.8058133728266,567.7484302559961,877171.7169175061,734.6760077778177,26.899582958487233,0.03023041553181792,162.04542630933926,0.7015629658003203,0,3,0,0
60597,506,4,195.27683502330416,1043.3303678513407,981148.2532141596,25.976127231800834,134.06928661289768,0.1438451817613233,16.080215610241538,10.688276268163873,0,89,10,1
86071,741,338,804.7400658662995,68.7361381363425,496350.6695580761,503.03385414785134,3.960057992544136,0.025876437469941106,166.25725216212828,1.6004557739638436,1,3,0,0
16459,931,273,252.78775428019344,1299.1347430123724,726910.3809778211,655.4008535605858,39.549532569691,0.035977523686897696,199.45479322658286,1.4730088558049048,4,4,0,0
29534,994,335,1452.7525632560144,1152.1223781353647,940741.299264461,934.2648693689374,19.298173064854556,0.04334235830131239,193.6825436328901,4.4417236117552035,4,2,0,0
16110,448,28,1185.4627453208955,799.7782287611657,941855.308075361,855.4159042787869,128.87540308238374,0.16162305500830484,11.343473680827922,11.666604771417958,1,25,6,1
36730,648,493,593.7903631082172,988.322873678275,300563.7588875642,620.9619489741349,6.005171073768412,0.02794868688348148,98.83473644205786,1.1160756932001792,0,2,0,0
49957,730,312,248.8500823015293,242.74390350111952,612909.0686127421,818.5710577307983,33.268698402349855,0.0010194196392207867,100.42812580656346,4.999746647920955,4,2,1,0
85309,741,168,190.89255504303222,1035.6708399431395,196077.82933904862,160.99231644829226,143.49757703361348,0.28935886872482186,19.804643702398995,6.0858260345814585,3,64,1,1
37563,355,284,125.14331151502438,243.16650837590063,187585.96592296008,100.79697198503737,92.36761982212764,0.292531133274268,19.973942208657423,10.153311756664378,4,19,16,1
90183,197,236,165.0156555466708,1385.8741094627142,561270.518040517,621.4613878571454,16.7516896606587,0.037665866954404416,91.50620999871826,1.033698422678469,3,0,0,0
2492,823,484,1469.0259778926677,588.6740201828011,935495.6433868282,644.5706054156296,46.12628407539901,0.047338630658571766,68.50169923847554,0.05314195702022961,3,1,0,0
70042,35,66,1130.6990761318314,576.8810880468739,501198.6142302505,147.59047921337327,41.37078262393265,0.036671197872098396,59.841000625609766,2.905441657380454,3,3,0,0
40881,706,221,1360.531907204808,1216.318387058758,902364.6809082787,811.5232606462131,27.672897650868077,0.00504738930783446,73.04357999886163,2.625654228006998,0,0,0,0
60285,406,494,833.1797126079939,1374.7415501301587,983793.3216661825,85.13481863779654,48.81886717823959,0.04915118123369864,54.389638717863825,2.7932286517277722,2,4,0,0
16092,710,223,826.0695351489239,305.1483001442793,998069.7019124537,872.7738167879953,34.59320309554529,0.030659292184673715,61.04343407773416,4.724260073139843,4,3,1,0
5772,710,131,1471.2511857676443,103.00086362671603,24312.006072400833,677.8736488579204,132.52782938517197,0.35516382176871686,7.402014475644008,26.68809217328865,3,73,11,1
43495,22,246,153.7964750034275,1287.3349024626198,226597.23248176163,920.7869129416688,50.10082802310738,0.3346705413283141,2.0405770841535755,10.275383227742433,1,67,6,1
92407,767,158,1340.4448022224276,822.9665012768913,521013.528953269,344.59442906823597,68.43953153368986,0.4134999677494775,10.518441551985077,15.407962998683098,4,10,17,1
6337,915,395,733.0055827971647,523.7377183506688,326279.167045545,431.8265606754715,4.953370139018036,0.02757495726613183,169.5741362850782,4.142608785486766,4,4,0,0
19477,165,473,384.6430915516955,954.1259608776147,85062.11329383105,704.7316111105964,6.411316644471235,0.01810385482714985,139.28116941428186,3.1469185300277056,4,2,1,0
7350,255,381,864.1696070711381,821.86361972764,887411.5736902367,320.47163614310324,35.01088983749564,0.032399888787939916,70.8396890127284,2.6105466254587744,0,4,0,0
15122,280,66,31.24361289801424,86.25537774445507,89759.21856260108,335.92615377020115,27.083796280146977,0.016375251779363217,107.46494959952096,0.89583597368736,2,3,1,0
93612,66,425,855.0185750321501,456.02293803585036,680723.2089485783,280.2865759339985,11.987485263363887,0.008808232799698324,54.88137361887862,1.6192658906727575,4,1,1,0
52257,114,220,531.6196713745753,114.08864411733998,11942.403333630886,594.8326074527329,26.23589800350029,0.022443204103181638,159.99743283350438,3.8151130605509227,1,2,0,0
59222,354,58,366.2616301920305,1060.398720748874,991128.5467929087,493.87516447634664,78.18864980183376,0.4002261817048607,17.008415851622264,21.17818910786092,1,18,19,1
95945,449,279,771.4491732134037,605.8145844517486,132546.75447977267,86.09696852790412,31.074215699809436,0.0007142150533749503,161.9305096695544,3.625940699887562,1,2,1,0
52442,358,417,690.5095560483995,292.0557014485894,190329.36329307762,718.525894708652,76.74452840048939,0.17123881487605247,5.617372494589685,6.670040746112696,3,43,18,1
63464,303,371,985.0903351098814,543.9949905034554,411670.16856644355,557.9509504667635,10.743623411245332,0.002090651172490543,199.49242881752537,2.635779963729497,1,2,1,0
41192,546,440,1433.8889137856281,189.8729302448611,644953.1365058225,597.9086998723935,107.14281510857704,0.312883668052934,4.785775118192337,7.875493567728677,1,21,10,1
73993,272,40,1327.4131318277234,1260.636702308203,265627.36210202903,77.60388940004525,63.40279166524064,0.3197436531291621,3.094607755588776,16.71516034685476,4,31,6,1
36706,107,478,650.0276467236221,1229.796316340753,23974.433321014632,80.21350804433779,31.586759684144198,0.0157461451299738,113.35008536667462,2.924421564718836,4,3,0,0
99063,211,324,231.59345394030538,1309.8615796858935,317772.36283497344,525.4261409339277,19.84270411111922,0.0286222117434127,102.84087173961314,4.028631227043357,3,2,1,0
29971,113,497,154.0249223060807,1120.4868387340753,918312.8771435111,588.7923384206987,53.777583232092866,0.16774395041391393,11.921919732676534,14.005003317196348,0,28,16,1
48579,461,55,642.8507234280399,790.7927308687123,333704.86729276896,487.8475251910426,33.78880120756598,0.002045448040922737,120.9068660526816,1.7299191909088663,2,0,0,0
55612,240,45,181.12987334682592,1271.156663852437,914627.3726704543,835.7779940345921,36.94272660259251,0.038351045317576604,182.76217485099238,3.406509343925719,0,4,1,0
40780,480,362,304.81187750165157,518.0444130037947,916750.4231891154,824.4518447368226,47.99846339228952,0.034942479452748046,93.51903568857381,4.164993651614176,4,1,0,0
25708,820,469,1176.3309776595158,939.5357329989456,138722.60535890725,656.7773622341327,38.98509034736851,0.02013855426173681,66.12377195656428,0.9149691177299452,0,1,1,0
16665,889,184,1353.6952394506188,1085.662058716175,614338.4902606785,261.6811327834632,34.0351483252169,0.012199704892463442,64.90829548243546,0.5730461476990406,4,0,0,0
79753,990,457,971.6012749907071,284.04980936028034,491136.5095255155,458.44653939104717,105.16627535998134,0.1361182199971791,8.633296967541172,10.935812653903376,4,6,17,1
97892,396,353,706.867368737116,260.61838827090105,678709.4871986493,632.577544048705,121.16218917237063,0.35475640717802503,17.703510917749163,29.468414241494287,4,89,17,1
77203,568,107,498.2113101468969,925.5920904244726,212755.55431119754,243.25880133191308,37.676972083136114,0.018876433121802677,172.49490587695607,0.1868467296597609,0,0,0,0
41320,838,490,182.37982939489007,849.7772547603104,593777.4765822177,253.60468197488208,133.51532718776875,0.29770094542708536,1.344699813878604,8.791167906696685,1,33,12,1
49006,950,228,1354.9067272029697,1242.0793035545146,956615.6125156881,769.9510335315521,84.69556194735257,0.2915586003797326,13.616290239579753,10.08992733869247,4,60,1,1
22752,808,229,485.95106232046,657.0851748615937,753369.4457575452,470.82443974289345,33.8718774211804,0.047165065685991714,146.98416671875324,3.1185038473592086,2,2,0,0
6698,831,252,560.0213881304162,58.501419921646544,508645.19072817056,818.7948306281585,39.609490530092835,0.01648454965518446,107.16426002351315,4.660752593485763,0,0,0,0
85651,783,7,1240.7326701658087,524.8865201928111,374034.1969063299,549.3309393829652,147.9858868667849,0.10208749227786829,19.803713571631324,12.163078887131903,3,80,0,1
56253,540,489,239.363933308959,1424.3538489627588,750127.8168437021,21.182764523809162,27.677460702588373,0.010835996490015926,189.57076932251294,1.697738895192293,1,4,1,0
7401,151,148,895.4890645058917,686.7348726184158,1029.8961301811237,695.2145583042716,32.430897317312386,0.0056935350176784034,144.2272129036633,1.9872312825500789,3,2,0,0
52757,629,342,201.81105920415854,358.48833785032315,241962.89560985425,246.89993236972964,63.01756260494055,0.22638748888766386,2.211298850936115,3.4243220434247696,0,14,19,1
8184,805,399,921.4079218610592,886.4792749126062,754688.5411347022,569.683125410257,8.35917791462108,0.04026125008275187,124.74758572889021,1.0499652079757178,2,3,0,0
51176,272,497,459.70076773912444,768.8489891084774,505115.6367951659,408.1003409041842,23.31436731076376,0.020377733000429624,142.31731425632512,2.640098883802124,2,1,1,0
62160,894,67,1145.4500960924643,22.838842774937838,378445.4085731788,291.7571789203831,81.53881716284477,0.4573794143978849,7.004689933617221,24.707458473839136,0,45,5,1
13881,297,48,371.57780976202673,542.4720392030366,837635.8843326698,240.0392603997808,91.85349760806656,0.4674136940595217,18.421535599564653,11.352318583004378,0,31,13,1
70876,203,51,1365.5223680952663,536.6702216712943,691159.0802549799,731.2115958230734,37.637313330501684,0.0016395568778761916,153.17490843917562,1.8792821054417053,2,1,0,0
10270,971,345,91.4856841570305,137.35357817267325,461578.89455166954,569.556901325615,84.76608772553726,0.4140901352496936,3.040874407006129,12.413666798239458,0,21,16,1
63040,236,281,1379.7796821349516,820.0707713924571,814591.476301717,495.4208198629211,38.846301676851795,0.000551503023573574,66.47023156070085,0.15917983533618063,4,0,0,0
14937,633,137,1087.424902117199,151.14111194424177,478871.48089987884,6.020541768368768,100.77308674771122,0.3646595608729092,12.361334755939083,26.95336927356624,1,48,15,1
78122,301,269,90.21852055923554,600.5904280977226,685542.4193680818,638.7146464278062,104.21023250202623,0.16124575956046128,6.120988627381867,6.110025470040377,0,62,14,1
57898,620,412,1110.2053926364722,71.4902038216533,763566.6000046568,436.26970934725483,96.09059658346176,0.14698990533548495,3.5438853650597895,25.99690014719192,3,31,6,1
45840,871,179,1064.853770274032,671.1956692051917,478435.18220264383,566.8227219251655,24.903497959572732,0.0072105954709221045,134.1040129035776,4.884252771243711,4,2,0,0
26958,55,472,277.3844491035626,666.9895404825414,363968.6461119612,983.2199959791183,7.736342503380206,0.02249027853882121,74.61160913631157,3.105726742929038,0,0,1,0
18307,371,488,1120.948672697699,581.4877301310618,770160.9431146946,307.6514104504266,115.56343910731161,0.3177623947196395,5.014686396123912,5.40347153872043,3,93,7,1
88588,536,155,624.8594012598585,527.4054478262224,73244.46656795152,831.9431404485322,23.533716167909073,0.029784980567785557,99.86379954150578,2.435738378714114,4,4,1,0
92576,266,282,630.6755461176602,786.5134922311502,418439.5141110039,248.2544325747588,95.219775513282,0.38779795446790233,18.602376055443496,11.151666451862921,0,98,10,1
80979,393,375,1333.8946455805678,536.4237131331191,562121.2741445812,498.3589043003123,42.42733817053185,0.02247035986982411,194.2274026127042,1.3442601556941662,4,4,0,0
44656,16,405,1014.070296365144,607.8902179537099,132749.83792123577,99.07085829905462,91.7105300907786,0.392418529516278,7.430622780476421,7.003653095830853,4,17,12,1
64533,314,375,1315.0029825846639,1266.0529522767263,41547.091183073,25.562597753481295,43.1567296837017,0.0447660802479568,126.53290709413338,3.009361515365194,0,0,0,0
23488,225,327,221.829877515741,554.0754564574393,813846.097341267,269.9478920579395,119.41667695782003,0.39597235931690256,10.6177152675676,6.3505115504941125,1,28,11,1
58787,937,415,341.4217621634964,20.295739189063355,325782.0951564964,277.4694756453825,139.397860354751,0.11878728485266654,9.77825800455107,15.211739095188639,2,95,13,1
60694,663,474,1449.7042009807249,1486.4425036634486,547468.5239744174,771.3775711536191,31.936748406022254,0.016596050608131862,104.19610861149651,1.019868846955319,2,3,0,0
50952,392,177,309.99157396236257,483.1443116614891,228849.86365164016,462.83557916251385,57.77414579569131,0.34583932389144323,8.850910750215146,26.922844599970453,2,46,11,1
60447,285,200,600.289002087844,40.44295835384682,826557.7449070336,471.8886392777218,60.29283983255841,0.20641267071374028,1.554285674661164,6.6112070892681825,4,54,14,1
22257,865,393,199.832690058111,1396.9907440068105,420990.22982406267,952.1122555666104,37.75623265105158,0.006959055883651389,169.86967899030017,0.9442621920342475,1,2,0,0
5172,709,333,1048.075231649248,154.1898343273055,75075.11264886706,460.3988762753339,26.326065777446264,0.04569277163967878,150.65261199613306,1.7789091794708134,2,3,1,0
63574,138,2,392.91935719732123,60.75877835067005,806121.1236894701,631.1065859981387,46.806469008216794,0.007511920402580846,152.3815393470586,3.26607469307544,2,3,1,0
93037,243,238,1046.9265465662295,935.3551304115553,196841.5497973917,314.33684997875633,30.64655698330915,0.01522713264447765,108.58710852831098,2.6804262137349246,4,3,0,0
8517,387,343,800.9637293000853,1167.5674152293943,766744.4679343238,137.93039276530766,55.91440867390284,0.19646041407862225,4.967922773043918,19.356941419225194,0,89,11,1
81002,806,113,735.5439417177913,1256.6501104781019,356911.08737473696,500.96427862899674,22.34134302687359,0.004061975929241246,101.32471132686568,2.6038067855092457,2,2,1,0
71222,977,428,131.38452583460304,1293.88047285032,86588.16182856902,682.6561488055883,113.87824667484689,0.4202594217700908,19.902514342275477,18.11306934934755,3,69,13,1
80346,327,291,905.1929940522988,1431.6680242911605,743045.6110322749,74.75719716465252,81.60373667426276,0.1440326974934203,15.45768172491291,19.959710898352135,2,96,15,1
41303,683,210,920.0998842422429,1097.140118151796,748607.1577211773,525.7055300302075,33.24519727099755,0.04070277909154498,141.01022660408077,1.1986637613116162,1,1,1,0
3947,906,492,606.2108849439828,863.8867887012756,318302.9947133996,774.417669488569,16.58917486238407,0.014151593787899614,164.0074297551385,1.3099651966360777,4,0,0,0
47249,522,169,927.372250283652,110.24013121718289,750741.1415979189,613.3050208333533,65.43175242901799,0.2733299109586962,18.82965734563059,26.457978146706594,3,89,9,1
36391,41,356,155.67387971562587,381.02862667561385,380122.5072176879,805.8690954249682,67.41450465801212,0.4728908825540401,7.538471319714202,6.351910223892602,0,90,2,1
23188,396,318,1380.8075371210487,1344.9741036953744,470379.74396516226,484.3892772520761,97.71732775006595,0.12256704857448786,1.104597779329819,11.981200444961603,0,81,12,1
95326,396,354,214.69979648580232,1191.081623866748,264633.3415206334,39.0524368729968,15.474163215645769,0.04426667382712199,111.3368599707058,1.9598360355137006,1,1,0,0
17123,681,471,1332.1423308602527,69.76281664032423,337460.23554718855,228.20209228313232,62.02873471819629,0.19051455614437518,6.150632606874419,19.249964558458178,2,13,7,1
27318,958,156,960.7764456304611,1135.9582181409314,930826.2625171134,239.44640251813817,141.47196719912915,0.1486144202207752,17.150859774459473,0.7580068328423631,3,5,2,1
4139,601,446,1355.972368246334,478.02053262564897,490406.72295932367,962.681614571096,22.408624283648756,0.037416370996271923,195.1902332756879,3.325099708649963,0,4,0,0
25795,698,335,577.4667891586096,69.15101636388087,287273.73119617894,607.9353409068597,8.983561799538329,0.026486709876319417,113.87087640389623,1.7303962536967847,2,3,0,0
73767,574,189,398.18106974952593,473.3522583218647,390742.30063009146,32.16970049255964,15.305363452418925,0.025186645789328412,72.95725940792289,3.8115433323667363,3,0,0,0
9934,523,40,318.4608146412293,933.5698368143045,651327.7698284944,480.3888150975706,117.78915243466233,0.12044461943804743,1.718474767150275,18.764456958628053,4,31,9,1
48233,363,40,153.00890400115827,610.0312536701504,823534.1172919866,513.4387382961107,27.248561890544117,0.006413797473047239,99.53570989645095,3.7704402218739026,2,1,1,0
57764,806,141,510.80998902739464,683.8762817659637,642585.5570102307,477.05265968694493,65.17869270929002,0.35099824294346804,8.96705203980158,26.908174177306527,4,87,16,1
8779,294,94,619.419750089665,1207.0466303465164,704736.027160182,365.24829629716766,87.96454977768475,0.422095319232756,14.60684420561017,3.874702997001253,4,45,0,1
72946,282,268,635.7269521505943,1427.8851093957987,984240.7385747704,114.68456039394492,64.9950997939051,0.41375874342168006,2.9617759136508024,5.952933398810588,3,34,10,1
11103,486,370,58.45301032484902,1230.18892713897,975163.9718186982,336.54391418604297,69.60984801092539,0.2918121319234691,6.122212729435026,29.4787524479539,1,5,13,1
76202,236,8,924.3779998612932,1399.0618791038594,659226.3488387924,474.9954626181122,37.731750407047215,0.004840853477208574,121.80073724505179,0.03328698271125918,0,0,0,0
67298,533,50,801.167799863945,541.2430468322078,340036.3147542918,14.137840530752117,79.88610974093578,0.17870100686575535,11.833240811066858,8.577407263994427,1,87,8,1
71214,368,227,127.70157208554622,1366.7108533843436,197691.29008457728,657.6910073131294,146.0249320178812,0.1528479687244013,18.02047907140267,15.24524874457979,4,50,5,1
47724,460,449,1404.5091772440774,1305.3409912285513,407645.92525144614,518.5736548651524,31.408812729971327,0.04446993753142661,147.61631353833712,0.7117072511901767,1,1,1,0
20858,511,16,332.91926385007014,507.22526918818306,146482.14840438025,550.8067314163623,17.928484999812234,0.026158660888156455,114.81464931492306,1.3491506520442025,3,4,0,0
31360,661,160,1020.836581880466,417.57138028392654,635128.1854996348,592.0924865119381,105.33417141529048,0.2637847169322791,12.50416497196715,24.139126938554668,0,42,16,1
53217,564,73,433.412501466205,925.6841466156854,936236.0253307616,675.0503217821214,131.7627459155899,0.31862162824040513,2.5720998544486635,16.86817075987253,4,97,18,1
13122,127,28,107.82104544345647,729.6298025844488,117029.90238270746,259.6913965113555,29.041769991074844,0.007312211161005439,58.840981167748176,3.6227133746032827,3,2,0,0
63860,932,113,591.6871241812362,612.3292895395841,853055.0055101474,332.9841676421301,54.24151420203226,0.33585387524009713,10.613306363952283,20.021448206064193,0,12,6,1
40594,30,289,85.18249127450933,563.7805132620085,173055.6138351858,431.9583744687225,97.02584814664738,0.4527040295540816,19.436770054680718,28.282810917516507,0,47,8,1
83647,426,413,1421.921194659879,485.3149451408618,777116.7462061775,448.82071001313346,21.28233988501219,0.019995766077939816,131.86199866311046,1.9315714747724662,3,3,0,0
65761,674,397,796.0091461728264,957.2876625041363,665261.8965666628,612.008460836801,37.5516661943435,0.03226497383846755,191.70107447110925,1.463843309165303,0,3,1,0
38001,324,382,684.1706291117345,547.5298392178953,519676.1877903447,8.810429882273034,1.9781050576588137,0.040140134668316806,170.5361710705468,0.3784973022732252,3,3,1,0
36539,874,346,359.31647889113054,1188.5289321349746,405514.58002060535,726.7459807498315,45.494129801540076,0.02440386931358157,139.2598832606142,3.5730487557183133,3,0,1,0
56002,309,304,1395.1008235403924,518.1383180939606,604565.7081764726,404.59895079527047,17.259407881925874,0.004609840673778421,177.55838389474152,1.3265700069136104,1,0,1,0
11292,474,347,369.297015904114,1470.1007617548892,805216.330911383,46.713140861201076,20.86837817145321,0.03208641123246713,158.2591231138507,1.9524113634970741,3,2,1,0
41207,88,223,1000.0920862098202,562.390566323938,519741.0827118595,78.49605179133242,21.51393895752741,0.021786657825287006,126.156809479049,4.402017132921328,0,0,0,0
85084,442,304,1298.316529398594,289.6812966251953,285427.44748020667,360.1472038124204,77.26795222832887,0.13731323031694065,11.899843870033932,25.078480303968604,3,54,8,1
93343,126,334,617.2118906343251,363.77425370151457,527389.9508547367,198.48893691885047,40.731035256794726,0.0053054959854421,111.60134135445341,1.6645383298175676,0,1,0,0
84984,912,441,32.581289583634764,288.4547163538578,858704.7925113413,814.1561624916661,1.568521816612252,0.041152724674581025,197.66781175604262,0.1582643845461712,1,0,0,0
46683,878,103,277.73134470786016,883.2298541928074,270125.9524585694,737.3530704399413,47.444583144218456,0.04726266986538352,94.1849302035586,4.3771876988165195,2,3,1,0
36504,177,170,104.26936306077899,528.6025564705776,214527.61252002523,450.01506899992336,36.8675570055514,0.039845421949098375,51.94212557604994,3.5155303422342543,1,2,0,0
54578,930,258,354.113700291232,826.6251566140071,137392.40962279364,732.503062369224,38.32669281162211,0.04326811773804738,74.87322185247723,4.292115409934064,0,3,0,0
90537,168,406,1124.7604742588924,1060.5704423090833,696941.146111159,411.5601416268355,19.42424847535822,0.029819418265707366,161.70559524415617,4.977294825045039,1,3,1,0
28527,38,27,510.6146902259472,560.944626669135,579363.6485044067,561.9953449081556,46.01938323613099,0.013477876929021899,186.92148516291255,1.66874342386788,0,4,1,0
35912,129,445,95.20420311020406,97.64290459670725,594493.2231106099,890.5449624792964,75.57111887392425,0.32545119583671667,4.45984778378656,14.537454755335228,1,92,14,1
40091,265,329,680.6245121257106,109.84178462095528,617050.7404503685,813.6539243430324,144.47963136748314,0.12082579310269366,2.5349101190583765,23.6884814267691,2,69,17,1
94569,336,144,705.1118058836706,253.5258629927303,975140.7426645338,837.9302054577911,46.46077587878462,0.012170480945213741,137.88667454782086,2.905565125043714,3,1,1,0
8170,208,435,910.1623472072882,1485.732678231805,351075.5217547236,979.5770179388772,59.92637214896301,0.3444881796282815,11.66809486406282,4.86515827120833,3,78,16,1
40688,542,436,1495.8460817471762,958.8909470773898,153678.55185685182,488.1044335093152,31.854297384749778,0.007861543471191546,128.62336410385564,4.886779081900147,2,2,0,0
98816,8,464,872.6662025284294,295.4080858613065,217838.8879486312,987.1942566581498,61.30959253531854,0.11666855810839825,6.061439850577739,17.63107567774834,0,5,1,1
13617,13,482,97.47839319889042,772.0450992396416,604025.2347264683,289.28036905462454,6.983729615872751,0.021436729283402612,190.99849599265823,1.2316081865784039,4,3,0,0
47342,56,320,957.3837599295937,913.2567597004967,407947.04514405824,276.49273610954344,13.069344710205746,0.03142393872442461,91.22156094382409,1.7968795446686392,1,0,1,0
11572,11,143,211.42785453795062,1195.1941261964726,355736.2188449835,103.2657894188169,26.695417061794956,0.008416361301814801,180.77991053347287,0.43655953100252554,4,3,1,0
3937,70,250,583.8999293948383,1317.55140900693,862003.5896582636,974.178568289442,29.817094581580754,0.04108813060338883,115.74486513352528,3.1920446457960487,2,2,1,0
39437,728,437,723.3533673853054,817.3029030048983,407509.88115824404,380.9028730633819,119.38957409360961,0.2525421697043587,18.908399532042537,22.65865925028189,0,6,2,1
48030,348,248,1102.1752026897643,1355.327704769009,7059.896194365555,286.48865990692656,17.362606520313044,0.0401916071175463,75.62158664013609,1.504269156616982,3,3,0,0
74604,156,129,129.59042312605766,496.2604397232012,575067.1767269372,621.1619972054569,121.99008527177783,0.3279466887987358,4.098905596046942,27.07653731628192,3,87,9,1
9557,185,77,1449.004309841928,969.1201633888763,837107.175018771,686.1675079287879,75.9815622043287,0.2123508500696899,15.528656051070293,14.875487023770425,4,49,2,1
21965,850,21,492.20841248555394,730.8139247927322,627967.7093058896,382.91078876857233,75.27363540608562,0.26542705072038086,10.811838268431812,28.21941174162883,0,40,3,1
63317,193,38,595.2547854070353,537.3895941532163,547361.4404010046,183.77051840012385,39.92803219552988,0.036749057867908504,183.99896620495304,0.30871490396587264,3,2,0,0
58908,773,104,64.17954983643308,771.3246372726578,756251.9865232138,391.41220225893613,53.3902308606122,0.4488274539802444,6.693618879298223,17.71305112677374,2,55,7,1
66003,688,305,1090.8017797117327,969.8636760701323,905031.2700878337,477.866428968775,49.1712567882144,0.008118362408934677,144.6763398050746,3.8248991886717985,3,3,0,0
16552,181,63,819.0218571400607,799.4505103707374,663854.1240473583,233.83130065787782,7.06215169033206,0.037709435241088315,63.69027568872827,0.7906806317346965,3,1,1,0
56125,499,361,919.466367288094,741.8772280943303,575943.4109886166,587.9964260649353,27.876754842748415,0.032740052928462764,124.27851116344084,3.0412725520878476,1,3,0,0
8598,656,350,1499.2995076950144,1282.4911372840072,175666.70198446652,783.94555140296,61.18485797580854,0.39788355688361887,3.9051741229718266,21.323424675614,1,64,19,1
46063,12,103,206.93461835693475,1369.5367158974334,447604.50244533777,164.31187455525063,39.838649099848936,0.041151824462421105,64.46562370460825,4.282754620268839,4,2,0,0
6972,221,400,1181.046091696237,1236.2505283052215,16561.480013140048,226.4678364156055,96.51007023232266,0.1662094340254745,14.664325347133797,17.906188276942093,4,26,7,1
99562,155,279,476.7138178487061,333.70487320504367,239777.78255886055,389.81043903759524,75.31437850026013,0.30089539960397815,14.244044242048046,22.757171774708002,1,73,9,1
41892,274,17,436.21180751147426,1142.6766608492455,913363.0407147822,338.5900371764672,33.41445201194823,0.029524026862341835,144.38119985706078,3.8912562235232686,0,1,1,0
96634,912,435,750.9238196700921,889.4352333486784,835338.8247364042,465.55973024598165,22.23871523446627,0.02601404528831997,122.49648565599577,3.133865350518951,1,3,0,0
64375,197,398,113.49503541039357,247.83451338804292,930761.1306679352,801.6748948630938,50.475760358282706,0.36028693081065233,2.051715336432642,22.054266961174076,4,40,1,1
33012,767,223,1118.6343145363248,724.9247476409472,307048.102128757,412.14778001588587,49.815276262074754,0.018423586755827344,186.33866452091738,2.2850863496894243,3,0,0,0
95487,160,264,156.36756333352983,148.1756071720784,720467.1907748441,795.9921691556151,54.054683888715225,0.14842290992115104,14.157134789023669,13.894636436567978,2,20,7,1
4156,107,414,1298.757376084455,1258.3179245515796,628989.3837856998,832.5427679095149,42.008722952583334,0.013284874770154104,184.2410578312703,3.8395556422725994,1,3,1,0
41040,398,426,1119.9798140788484,346.1961640013203,310367.7443547956,12.873067973775628,125.97725972574942,0.1584722855627244,5.067634125963731,19.68275240629201,0,58,1,1
20853,864,187,1447.839699233583,381.98269142223035,494094.9768379217,945.8716172358685,125.1174173983746,0.15751204463342727,11.061911345633732,2.000736648246167,3,10,9,1
15200,889,409,927.9561457380792,104.51894173664333,266558.90084040764,453.81657275798875,1.0028093202816866,0.00267481839393135,81.12981161965038,0.7855142735183884,0,1,1,0
31541,775,171,249.28854230218073,324.4863674556851,890509.3964337889,829.699027029193,122.26586284825065,0.1231362672948984,18.183646751729157,12.019723385464163,1,27,14,1
80212,369,11,232.97098637352502,420.7279288349093,381592.87255174876,491.0994316202235,13.583254050528978,0.03875491159274519,98.77342754390727,2.2069733183294615,1,0,0,0
53602,28,186,347.74592995344756,301.85534179177057,230627.61042314285,954.2835583499331,53.39014804561868,0.42127499133787705,3.9004073520778895,27.54550125583762,0,65,7,1
95701,199,420,1316.4126939903242,618.5871550393992,986385.6207442584,475.4624025229477,95.06864533970447,0.324906925859741,14.908344031518281,7.985565898060811,1,48,7,1
91137,164,119,1155.052279392486,1338.4376355710688,142876.99186133308,952.0235843641548,132.6844960314951,0.42781336475085074,9.866437925948622,17.298367190001436,4,65,15,1
48838,76,222,54.2044981874597,862.9412266482118,895378.7647054307,451.94810822250804,69.68213069390661,0.4695195651376314,4.550633266577054,4.395331483907084,1,20,14,1
5456,562,316,624.5593315871189,903.1529834731567,315207.6467618568,521.1657035582707,85.10536029080112,0.32554569790995347,1.8077312295318633,11.829883584591068,2,66,13,1
68255,836,18,1193.939345431127,931.5505895435801,377870.497165603,217.93809592629202,13.258876960214465,0.01995241233194675,92.41746966839203,4.003383054963199,0,2,0,0
12856,601,407,229.20595911057703,167.41865844755515,796022.2776454554,230.05823299118006,37.98359279604858,0.013805178118175844,139.40169541281256,3.944017995409415,4,3,1,0
19977,933,109,985.6115735758904,1084.640412091946,932607.3563569479,443.9203551421898,73.01764871568639,0.3990076114382858,15.278736250677827,23.808140984270096,2,63,11,1
13146,363,390,1055.1651134796832,806.1806846735867,74437.37762794686,521.3345613823285,84.61932526546536,0.1931373392768998,2.8514417982618294,24.58871107390396,4,53,4,1
11943,88,427,330.47678869270953,223.218310856126,879806.4248609158,774.9587946652297,69.92854433402562,0.4268963192374826,19.793715042732646,25.412130693990676,0,31,10,1
5631,125,5,346.26555215590093,589.8215172278797,862428.3279948334,957.4033916795509,69.4798184727944,0.28382871087279526,17.450712781037808,27.53003239227949,4,48,14,1
7509,459,458,563.1456419929126,1018.8096318363337,226953.40852658113,7.759277022885237,15.78385023746134,0.02685328667068364,198.6361334547809,3.2282391196767657,1,2,0,0
8829,448,321,146.22721083424494,1474.2295263114888,270575.339858975,8.194539859222052,39.461423255692495,0.03127855301479574,144.68570967470708,3.380674910146844,4,1,1,0
63058,96,292,1311.5508591903454,200.3939203293287,263133.1848223636,512.4964884348828,18.65787452537828,0.010290182252722525,167.6754619568638,3.1670823014768636,1,2,1,0
45543,790,342,994.3276150910837,514.7924544049761,946683.007658521,883.0714802615582,116.4417856472591,0.10661863262380554,5.130335822520777,18.75644188750003,3,52,5,1
71286,500,50,1412.4135393322513,1452.4935148874106,675557.3468827036,828.6012808393177,26.781781869845794,0.005543898386862401,188.6775788819223,0.2597371793696479,3,3,1,0
25542,597,194,423.48027493855983,936.5116109693618,668658.1461013512,336.2202237126048,5.22869801900483,0.047236207482823644,185.95606904922346,0.8217541012361396,0,3,0,0
72236,600,430,633.752498507362,598.985487361631,695636.8819784569,486.9923026874978,106.17685724881417,0.29874321853131797,11.302878249311727,9.881148394043386,2,12,0,1
27061,579,289,1469.1512163877653,702.903668930501,99853.14866145296,592.4440846494862,36.19944872536417,0.02891493541445199,82.54102425568543,1.4596747270935677,2,3,0,0
68709,231,413,251.39910516118434,852.4100325068708,424476.6161717023,849.6044910956912,22.47164446847753,0.049227360755578285,55.57460796074176,0.3455207821843198,3,4,1,0
48772,662,133,790.8507524472332,1251.3625174001972,928054.982224424,917.4866090984945,37.445533370452196,0.017187292563598012,152.54602117398719,2.7256210514202843,4,2,0,0
70070,750,233,1207.4989395418675,904.4086361268512,640470.9721270821,184.36577094248776,143.5431633098487,0.21965413698748482,5.61374323949379,21.82899775910298,3,43,9,1
35191,58,44,700.3917175614788,1035.9614495966832,284080.6028354943,644.8307532757264,113.86602912315129,0.46121545879105574,15.3894463802145,24.09301764700287,2,21,6,1
2973,455,479,648.1325695280818,596.0123641747746,700024.7220550255,555.6314001591842,75.96970575368549,0.10448037703121016,4.932255607017382,4.664553633257729,4,64,17,1
84282,872,280,221.28818577137383,895.6129826558195,228091.4512236775,832.3397881113552,9.748616296240893,0.04627696512360743,189.49018988627384,2.031947106510567,2,4,0,0
26049,644,77,437.52661425011996,70.9857895666778,673337.1518531111,23.608393342385043,87.39663807626654,0.21703402634649735,7.417055178576041,20.78097295024043,0,38,7,1
46725,744,365,717.3360945977045,178.93830257956688,206965.01572827747,310.04878494460837,45.34529243555911,0.02889710662292119,53.50202600723346,3.0556216977164103,1,4,1,0
92551,693,206,53.32567577480357,521.6208911921337,659420.690776734,976.5937535172158,27.17715447380703,0.04136637457629379,119.00494562264483,1.4311916480404903,4,1,0,0
40864,122,474,207.14405332743556,749.4911302591155,848513.0324161036,43.67345007630216,47.59209568282329,0.03436546938330267,128.1291508367936,4.103614967847292,0,2,1,0
48422,779,343,781.4720714549585,1462.938903473302,739775.556136487,969.0136948582658,54.87719160172414,0.40531110176175567,11.311888562579977,7.666883817271396,2,58,14,1
58068,684,371,119.71423677150554,602.23923399668,872170.956507858,10.454568670987536,68.38584678530597,0.33617595828544333,18.04416066764162,28.32987544973422,2,31,10,1
40263,891,154,461.8557872195219,1195.5791511338452,308931.82285228535,911.79349777791,13.615561036258997,0.014404665033960951,56.822609296602884,2.8187244252759625,1,2,0,0
51552,463,308,407.7936463288078,1312.7994934201267,37978.05350240839,279.455079587224,15.684508386431386,0.004559539589751422,91.6332944466555,2.196008395373994,3,2,1,0
11630,356,472,89.09063463342605,463.00417909079795,677310.0496040025,540.4537366671194,98.03800757145106,0.3635670894405636,18.22639050228315,11.839175002003328,1,78,16,1
42639,611,218,425.5226516426263,46.713662984359566,682222.401412753,546.414186336322,103.1904079315066,0.30078441345991475,1.0200955641701563,17.099770611518064,0,13,2,1
119,849,63,302.2934114993951,593.0972606657296,403544.6702647679,349.026078812881,23.99679430091156,0.036905944898913905,144.83151307900607,4.733018548134625,1,4,1,0
55196,125,355,1409.2170672693776,1177.976039963998,986128.9728174651,64.28073586186244,13.828861648614486,0.002362528537231923,92.2494793945767,2.1036838608163286,1,3,1,0
45116,849,174,203.41928687127614,83.79801964814793,688032.7956910691,810.3172782475726,82.57142353752138,0.19598795620655554,11.438558674027725,1.568299254272207,2,75,10,1
88102,551,140,1254.0793840967062,332.0055714329424,374187.92606147804,624.8778573018448,39.5384215208061,0.020805903173746705,54.89396908059693,0.4575272612383391,3,2,0,0
72125,668,167,1242.949573328652,325.6415602271861,196913.83142944417,971.8425515577557,7.711896220595493,0.048821485033836966,138.46732301768031,3.187974307857671,4,0,0,0
1139,45,429,1492.558518784231,1103.9566399194382,343139.19103833457,452.8157286535056,13.358852922282543,0.012342822175640828,112.7290772047422,1.7319828322873794,2,1,0,0
13303,835,308,82.17610844166848,192.85757014226806,564364.0501266038,619.6647690798235,31.851158333144106,0.0015862602582471465,129.8346072815694,3.2051256159414536,2,4,0,0
24576,686,52,1308.609440453917,619.0854027769011,319488.5324434767,79.62102987771996,30.360309342356487,0.010158113682664878,113.52259427870378,3.480214389625628,1,4,0,0
15337,266,126,1311.7738045778628,879.4566109695329,811466.6993595567,159.05388111678297,91.39142842988943,0.11972885155207634,8.828327919643725,19.78782485634989,0,81,1,1
93090,877,211,1435.450211487542,1316.4818505007163,607020.8152947512,336.806541997331,12.990965214708915,0.02165048857831315,111.21202965191034,4.307485836384208,3,3,0,0
92707,740,69,485.9268694102524,466.67482162091676,371576.58968886867,593.3767683074366,132.70000242709455,0.37486265455761136,15.26230085758009,21.584280301849027,3,29,0,1
95890,152,315,365.2706184541859,897.0389861632568,485788.6286893129,528.478342666143,25.06962365407,0.02642016519150253,92.81502096903994,0.5410555062034006,2,1,1,0
36397,197,248,21.740945639548105,764.149220224559,991338.3501677392,843.8810406303663,14.27261268408289,0.029921180026545792,132.42477862141945,3.935265846321218,2,4,1,0
17152,432,300,1456.6782921941592,121.03914099745538,884111.8011659414,669.2478734008557,113.05527767670915,0.13696853950113455,10.028573614543134,6.398586541499278,1,12,11,1
71780,647,245,1301.136800701383,247.89772416572725,82122.55409582048,774.7891116135838,1.9298365793575663,0.033392089799851435,123.34625507398673,4.852208413360884,2,2,0,0
55228,5,284,429.699261190891,1469.5784693830542,886385.2137416612,647.7526649859511,21.351249976733406,0.03386038064746382,190.1483149254985,1.1616370416868849,3,1,1,0
49520,116,87,407.3636107651702,456.8405557841373,816082.939307219,15.212308241893128,5.007194463053958,0.0393980598148257,78.95619809895464,4.913515447195272,0,4,0,0
40018,359,346,751.9370223913401,374.3499882319843,982074.4804705125,771.5160914457621,39.72456669462698,0.01924482395213052,138.57864850126902,2.7161048978718823,0,1,1,0
48924,715,88,220.80444295362594,458.4275997539437,511327.60471760336,266.0580699571373,46.03224859442942,0.03539792560051884,161.58657622070137,4.353918009459937,4,4,0,0
64845,379,21,715.5285211406363,172.52369709617304,154778.25139123012,682.3898035479865,119.40521028828883,0.13346055775374804,11.105825747883285,28.615755320532863,0,47,4,1
44668,367,164,715.3194972287607,1493.5051242423624,238030.5195561229,338.57233606169547,20.030399358181914,0.0006355762150040689,113.84279592636658,3.2948955386805507,4,1,0,0
10242,462,354,497.4017439671259,399.7012560790703,760502.3692102609,250.8061060847489,66.28752872489913,0.1446326046092092,13.221264954460057,6.630148772751371,3,17,15,1
7696,171,77,219.94564837373693,804.5420048828478,873850.599065438,481.89520138284246,143.83388668381602,0.3470373384219704,18.36430034822911,24.0444960907405,1,31,1,1
42435,707,287,1286.0199313940102,1349.7211723865043,133668.14060711375,383.2905199171508,57.47748117053817,0.45711952840741965,18.45903632462867,11.458782418126184,4,22,18,1
96365,527,412,625.5696595071321,1117.3789581669926,984420.8387287651,884.0002356094731,44.394337370167705,0.0462415301768571,173.37412233329923,1.8873062535441953,3,1,0,0
87078,587,427,584.9561790807943,544.902663924436,496930.99879587884,435.20908472612916,109.3826773934218,0.3320634320214826,17.907007647281247,17.700565787147877,2,57,13,1
34519,76,284,314.9049493891906,1205.255328983802,855740.0337255857,953.8400370768147,6.934363610952237,0.048596467840401975,115.6005480617169,2.9675061408249586,2,2,1,0
10217,84,450,542.8644033998022,1221.3961471935404,633042.0330334157,638.975499142064,78.46789007662363,0.3402031603047522,5.970853557990437,9.790202612698952,4,34,0,1
1046,476,370,787.0251106497768,388.79710813166855,574590.8557205866,710.3623772391217,131.02277196379828,0.21118650340065753,19.405116301838973,10.367895230682057,0,70,0,1
46915,240,448,1241.325256378004,343.25829794035263,489827.2683537613,990.7777609724304,53.55751796148821,0.4484729556088569,19.55073332450978,2.4997468135360768,1,46,8,1
36360,363,499,1162.305146113447,99.13364227209452,815271.7801431235,627.9480575496294,35.29466774544001,0.0391588746208586,171.69693467803313,3.8133681280480554,1,4,1,0
72044,640,381,1049.1907494892316,1307.1526198175814,182006.57290494212,966.9176364796784,26.5391240929787,0.0063008224803801915,59.65286186152413,2.677343200664011,1,1,0,0
86388,725,176,40.56508140911854,446.79223112300775,977452.4486338634,943.7740412779947,38.479423416736196,0.029757636153334835,163.18145911977524,1.6058201022231966,0,0,0,0
3369,863,61,550.8682389044205,1288.3542280152762,45993.05080350698,273.8493375129184,13.953619734029191,0.002316522175956465,88.74618666052868,3.0166805961358536,4,2,1,0
48150,90,467,906.3709850254495,558.5373035692722,872632.4805682985,440.906267078129,24.309784966509593,0.048181678543400816,114.42269746886224,0.9274182316190749,4,4,1,0
82549,253,83,1434.4662800310127,528.4247999895206,687969.3419395884,376.34353831809204,17.85068955881424,0.01804221860646434,112.9585238467131,0.5046942954405231,1,2,0,0
73194,951,310,295.43648214261435,212.44716523025193,259554.23293795993,87.33312475938058,135.9486076204925,0.38622574763375184,9.830461019583227,29.449688107085723,3,60,7,1
63050,490,284,1125.6811068262245,41.004753836583,892524.567566558,447.88386230114446,19.902646866348647,0.03198253876099948,126.32752327044089,1.3832046875122594,1,4,0,0
48237,775,474,974.4128550097171,631.976881653568,227139.87538623431,321.0315930638741,41.350022605184016,0.04872688281056007,67.54389210731235,3.262346594751527,4,2,0,0
77430,846,468,1489.1994291300769,204.64101714598232,421336.4306676571,417.33023104221473,2.666255605063194,0.022614039523393793,95.91755466464943,1.41383381193802,1,3,0,0
88259,548,17,328.565124783288,189.78192811724338,175685.93001472318,601.0650229109947,132.14482885147766,0.42396604858705933,13.13256845888706,2.0881372302210535,3,43,18,1
83853,920,77,1123.353658070586,153.09806289805329,488887.6023076884,987.2765404089604,137.0456153459998,0.3237516181250067,10.987741018105098,25.467368502163087,1,96,5,1
86390,47,477,855.5167050185935,681.861008027788,847786.3647835609,752.1609505932557,130.50760883225988,0.25838704121701334,7.859651931022404,25.839231898941037,4,60,10,1
14660,801,111,768.9513386695487,924.4986101368299,680767.3090515126,221.83685563559558,43.70889076645695,0.022365705417895166,197.09726560909834,0.3503849012743848,4,0,1,0
21701,170,45,78.87497324558763,1208.9051889446225,45940.42601543095,73.41624093549491,16.17371181828166,0.031430489971686515,79.29462393916597,4.903403785276762,1,3,1,0
26665,676,400,161.5404374901678,1019.5482418425009,570574.3615121156,910.6173458392923,39.82639761061714,0.004100299940472796,182.35014094061552,4.2849349987099705,1,2,1,0
29495,940,122,622.7561453931205,1179.3738510797755,301699.0421887611,462.481219211312,20.075600997937233,0.04176781294310443,199.77974783179653,3.9062099153419867,4,2,1,0
79024,788,486,1244.7111924780231,1139.6958983449351,883180.1850432316,765.7949513369683,1.0112443916372673,0.02244326397397127,129.90479871515183,1.8668468167749885,4,4,1,0
20388,671,122,1459.2513875939596,1067.9016866354486,128809.37744098964,476.21390418722893,102.60457973861102,0.18398212481421422,2.3908292783226024,4.488126292542566,0,20,6,1
21371,675,245,1297.394549743491,833.621447447292,536026.3648493981,121.57547815352322,104.33017063239262,0.4246554557547736,7.196151817794631,29.040126894242437,4,14,15,1
34621,611,322,1096.4092556500132,847.2715634967502,811946.5602499245,667.5031420849709,121.46045611938418,0.12577096056392892,4.990267571103212,20.102663468801097,0,63,8,1
91749,248,382,543.1210630275373,1346.8324936048355,934667.731479525,686.9938998052808,144.028826758327,0.21504800771976,10.123017861829874,20.01761300712125,2,24,17,1
23078,19,375,34.245245146413005,791.3557103657307,751737.2305797896,857.6433442513162,28.88176912745765,0.04083972157638723,110.33108933089352,2.1122776151780998,1,2,1,0
93136,63,246,1440.52403511483,1357.6109266911863,454068.53920074546,982.0624231335842,46.92554026884135,0.02626495008515838,179.63827713784852,3.825391019053965,3,3,1,0
45227,2,121,745.6420424179319,1339.4063040846715,731246.0394196048,307.1250121308228,96.04253972635799,0.4723767846292394,1.9318420870206838,7.678455261513622,4,73,1,1
50347,357,460,1070.4801270454934,1060.8800661989108,518064.0460941859,25.809227575590338,44.73382090769704,0.018035979410363046,147.53208983921115,0.25762713663787795,0,3,1,0
41302,795,407,1286.9100861714949,977.8486697773534,361730.2443553173,255.30034748145687,93.2836604955796,0.3231239153723423,19.594312366061068,20.354331721816624,2,63,6,1
23645,413,98,187.6078847027184,611.4707547583834,517468.152784788,300.84721784062003,11.396473212011571,0.03426287436073868,174.2902200785972,2.2822010120764142,2,1,1,0
41359,841,410,324.49929240715204,773.8688138898908,108195.04023438883,696.0551679779603,59.98004597110108,0.22099922865662394,18.669651369267775,14.544361753878354,4,57,10,1
80241,677,216,640.9734871766128,506.70557884338604,849873.6092972072,677.275640283104,22.91085931548281,0.045482131901330346,142.07896588708377,1.1219321186320153,2,3,1,0
55098,248,205,1186.4573223916132,159.98748845010502,827017.7779517242,67.25720033205853,137.81512839643256,0.4546697176171649,3.1861695857696772,20.805688362449388,0,19,17,1
93080,721,276,682.1855802576135,507.29199690722146,533657.4505874191,573.5335211739442,5.199640246082875,0.016557779984066774,104.73909858830453,2.6415337109266144,0,4,1,0
1204,160,450,1389.174546291098,1382.0180378618509,184781.14286282167,232.6052105484294,68.20535086677485,0.3494739429699436,9.474342544711778,18.99081309617022,0,95,14,1
13938,798,357,774.5993285121293,1112.2299464157272,855699.2606177483,166.34159876519647,72.08296704967391,0.4913470703624445,17.09840907659404,0.5870821878731662,0,85,14,1
80255,923,341,196.32453129198274,1012.5775156961711,608596.7667624258,879.8487536460542,7.705172101438637,0.031315222514928374,98.87254584424377,4.88884630857546,0,1,1,0
64243,678,183,294.9360491902498,905.1177955097195,370771.3162403692,104.43901822051845,48.70062356772126,0.026123490231624275,99.6542179960976,3.830298368984728,2,0,0,0
61631,96,373,444.36101444521313,1294.7265639177083,962113.3990521919,971.2036644666566,144.01111780325414,0.3424012136726269,2.2118783169327854,7.152211021063932,4,36,3,1
26552,111,87,836.2561235023311,276.1444024353456,21994.82295774044,271.01087590222494,21.44614779890021,0.043794988386719705,78.85329884070414,3.143876201287786,2,3,0,0
57351,715,140,1316.3226587216677,465.25023121027243,731508.5558722107,852.182908840825,102.69171673277948,0.3162062899703944,10.429859352752924,6.793074682615112,1,15,14,1
91403,465,46,1403.538992305186,93.70594945496865,935598.4992403896,136.88960813550761,34.7427960956714,0.011730493831202905,152.48915554459745,2.2698962307990063,1,2,0,0
98314,646,83,414.8859772918695,1157.3069112131457,399099.75531650655,324.3855993878221,15.894548508102305,0.00850570616481453,179.36753545564014,1.641411611745398,1,1,0,0
53390,247,395,562.4830252064597,112.82246817034914,830953.0963694409,895.8791964395612,20.72998255654815,0.012815467712424217,96.61476291017429,2.0917973960032343,4,4,1,0
63976,430,498,48.02727742549628,118.65729521879024,966705.0736186539,930.5697639113645,37.47631271709991,0.022836084509187435,122.25625179923684,2.1891458486699262,3,0,0,0
7355,223,445,990.1284306691849,432.6800015749189,336835.0076822145,181.6641430842216,20.99056868125358,0.013139590163988092,72.81480626775232,2.7046303469820914,2,1,1,0
91792,254,211,958.6968206716141,1367.3999254595908,78654.70335275873,682.1607454714895,49.64917618533645,0.03905291262608234,141.77866520214891,2.400457508722926,4,1,0,0
25550,39,265,1008.9624192081474,137.25162559701343,901696.3363726848,331.33250303990036,25.457685369433385,0.04765472893552259,57.92113654753665,2.296539536057918,3,3,0,0
92763,218,13,142.01133886995663,793.4765924096893,129947.66013507942,544.0200541649872,46.13687642536839,0.01873859242049112,150.8352310472369,3.6976828413509106,4,1,0,0
31886,153,370,1211.1576034317977,390.5687653119679,358381.7325335622,824.709450511737,32.4555056901985,0.01988327034327611,176.29382260912368,1.8320674610960508,3,1,1,0
60801,202,266,708.9917852779455,822.4834527230555,29147.25259754976,965.1689927587747,23.333185890709498,0.04305620666578905,78.1147267267917,0.10812174347133219,1,2,1,0
56993,452,412,776.342353572246,777.2868013775321,627160.7868033303,793.4106750627719,3.165097706007618,0.015282941091285208,86.61818574525333,2.5001847740391803,3,2,0,0
9986,143,334,859.9949757000142,528.9277622867321,225717.14778304216,818.1804388871407,48.36080862025984,0.03387975240351449,114.29043609350799,4.2490896500950415,3,3,0,0
56596,69,334,903.1555560968703,1123.8224507686234,72060.37800782504,82.71102461202021,16.16169138873161,0.023464848540797962,113.79783738112357,2.297781390376877,4,1,1,0
67491,589,461,711.7502139522708,703.764544607356,590860.019767118,89.5325747570217,29.098482417812477,0.003954702614270173,112.20188350251044,4.383031057733383,0,0,0,0
63815,569,392,779.8287118833405,830.6305113777397,897011.0385566955,147.8173569073213,59.92485621932128,0.3437757051857523,12.653090556373186,21.535713252552252,0,26,2,1
14673,591,251,1411.5460598334964,1349.480087498086,618245.2032751129,764.5018047566113,126.70203121502213,0.4734239527158334,4.827050543919171,3.6362340905724446,3,76,5,1
76162,666,111,288.14552095586026,948.6199871944789,988923.7634820217,957.4483640251049,96.7776916333016,0.42379078033787254,4.280493486839831,21.186771117558422,2,92,2,1
65866,784,235,677.2736166607881,375.03832096798124,429591.7984513182,45.656817978012825,35.99659546864692,0.020835739453238657,167.3630418423042,1.4590611024475253,3,3,1,0
47617,565,263,732.2722793057566,1150.1639832604674,400277.4132906674,702.5114043370462,28.3515526492922,0.03347571351549559,73.83114229235397,3.690029851367295,1,2,1,0
47442,161,370,612.1223676241392,732.401419723389,129017.64704530299,809.3023187410104,19.607340393616454,0.032425708840367454,90.27023676377766,0.35833188981168496,4,3,1,0
3963,113,89,867.8094240932096,1432.92173246581,945926.270019089,425.3417358778188,80.7346509461789,0.48681726906608913,5.709092619138369,4.741775208491391,4,53,15,1
29142,333,278,1215.057025196106,839.8786497843794,568850.2803022474,839.7249299675954,120.912121696574,0.4893293478495183,4.252247216910034,16.780217696955738,2,97,18,1
81126,762,316,1316.591539800702,76.28350683159661,349111.5205422742,651.2827241139172,19.78253575082722,0.013605955697270827,163.2654585627055,2.3353646002027206,0,1,0,0
24586,393,460,521.0459455940172,288.9005174366305,425095.1247480078,229.51468177881424,24.586384167500416,0.043529301513487384,69.947327029505,2.697651588795665,0,4,1,0
84851,441,12,164.4134055846268,1440.1935232485625,493805.25142489676,836.1086706602415,29.625751290713524,0.012644130242695185,155.11539051774648,3.0131115868488583,4,3,1,0
2466,403,436,1398.3368322934557,187.36913048785382,663278.0772616043,382.73978713846515,8.450393773899076,0.041782290718974,67.08994109414967,2.053061447625468,3,0,1,0
58512,769,468,96.44228418643071,1460.5507798274837,130692.02967514258,257.44209785485833,15.165494305166645,0.02831323031289372,196.72056408314972,3.741827927024372,2,2,1,0
22669,603,373,677.8469678290412,441.5426913995604,297255.8594650845,765.7746287108974,25.45240421691992,0.0322571338416747,101.2429090541946,3.583082851521071,4,3,0,0
67340,255,108,613.05131758271,772.3943917373402,436405.3972994632,300.73750126202845,14.856565812641513,0.024278127017645146,79.73380743187838,4.00573488727534,1,1,0,0
80302,493,494,631.3982743055468,1297.2910285860514,304499.78543922346,828.6610692861192,36.42660901564619,0.008313787606162266,174.60580694596626,1.8504099198906871,2,1,0,0
96523,593,150,786.8791931542413,596.2987081744735,247580.5478224966,611.7254627658488,1.0317878905580595,0.012604558264872069,54.71324332747714,3.9483796378503118,3,1,0,0
58151,912,479,142.8060536119154,486.24172886000036,695724.302874944,520.0533508201152,42.155071873336595,0.008811305446612605,101.21608739684189,4.086533569444774,1,0,1,0
41702,289,481,1381.2580400152644,646.9546275688999,978288.6356069561,884.3018486597496,147.10596615482996,0.33358887286858196,12.989110676059441,8.890917765709995,0,98,15,1
54746,670,480,971.703612301393,645.7483379326658,679058.8754381599,761.4210074401602,133.8213340304524,0.2687791684506105,8.482782655495804,4.474598715596969,0,40,7,1
53735,572,90,758.0636261132383,335.3357839735153,257184.82164244435,551.6511144603279,122.4181856506138,0.46605423438115323,18.50769627067248,28.872345496328588,3,87,10,1
22372,578,301,417.29589620359116,1301.0510041772943,514888.9959093876,300.6864023565913,65.1773469794797,0.20451745844329144,12.4283184047781,26.590369125501642,0,39,9,1
66385,690,478,79.99834148813947,729.9858711865944,907446.3368545991,996.069393968516,25.361194428317695,0.027008357301406147,79.38081784790239,1.0198211498829464,3,0,1,0
101,287,149,287.531170348922,1333.4728209299608,266307.2381598504,66.49132675745126,7.71475451984909,0.004601842032427139,85.23683602988542,4.0496972415913985,0,4,0,0
26150,983,261,250.6941190072169,1107.5025424522403,719430.7291837939,17.716335461497067,20.13131484420949,0.016908917059671177,90.61853716455877,1.670661522678465,4,0,1,0
65476,826,392,1051.3089131003417,210.22243902068763,393560.40007819486,798.087288261146,42.850421271980444,0.01722993003975527,54.7557485337631,3.420443535712459,2,1,0,0
92749,955,454,462.08123331531135,286.8520379758547,761472.9283796888,962.7954461557595,8.310836501396745,0.039867830437757025,195.83616853924786,2.793459191528032,4,4,1,0
94255,330,49,1260.9598545949398,1139.8527393766499,6163.512568444502,946.9897243537328,9.935902349939088,0.04954948676953431,154.40840534488316,4.988734422630273,0,0,1,0
56909,39,179,515.1442604235754,1293.746522719421,590420.1209945002,243.3124984070608,42.50269761383718,0.018904214753220197,195.8111560321937,3.5031157301179845,0,1,0,0
22081,773,229,752.813898391813,1206.0580445557187,594585.9284242742,841.2705820380413,69.97088801101279,0.2934687979726027,18.56116173914255,26.399314711894867,3,69,0,1
76068,854,409,537.3660348947001,1331.9702382599985,317605.72296502587,242.78686135798316,137.62058527060307,0.34516545464721593,4.05564258229081,24.52670074253081,3,85,0,1
19280,836,369,977.8206678134023,336.59005551541037,759625.9651933246,279.73400148723846,142.1977191445732,0.20543690738987636,1.4617384456284515,28.394915730936294,1,22,18,1
80201,446,141,1027.5541027807567,1071.1698643495286,22301.89802977502,243.2034339554926,27.78918257040711,0.03650231998221261,128.3047655942795,4.622654560136997,1,3,1,0
87799,538,5,721.3444994296478,1053.0508111593012,534716.6767347044,479.4395358387543,123.83635930736688,0.20900300270455224,7.033263149153623,29.376821325628455,4,99,13,1
85764,715,421,958.2262549011145,438.18981423916756,250973.33646778387,555.2974390972563,122.26645402059326,0.17972156570902298,12.112838655628403,5.447349665065816,4,23,9,1
49467,211,394,267.7261627640268,966.9958702338064,229805.77832852452,48.05346377826972,35.16403387702678,0.03994520059723736,81.94996823973364,2.439131124707061,4,3,0,0
