duration,protocol_type,src_bytes,dst_bytes,land,wrong_fragment,urgent,hot,num_failed_logins,logged_in,num_compromised,count,srv_count,serror_rate,rerror_rate,same_srv_rate,diff_srv_rate,failure
15,0,3608,2450,1,0,0,8,1,0,2,170,246,0.04173692582291891,0.09973397115702796,0.8996452784247468,0.07747118485996271,0
22,2,3450,3880,1,1,0,2,0,1,3,89,400,0.035036054611826406,0.03481229982576739,0.8638206796838038,0.021163822634090057,0
22,2,4124,2018,1,0,0,7,0,0,4,271,400,0.019642613561786083,0.05385472721535135,0.9011843293919182,0.09241915845531128,0
59,2,483,1567,0,2,0,4,0,1,2,52,81,0.09574458620689562,0.03663576989794609,0.9702651238518873,0.014068351977918059,0
33,2,2555,67,1,1,1,6,1,1,0,184,200,0.004559218517812225,0.03218504899836712,0.8470332977986874,2.620070810603892e-05,0
46,0,4365,1317,1,2,0,2,0,1,0,35,298,0.022273202097996547,0.03538966790957533,0.9718115415355969,0.07212737470356657,0
50,2,1717,1360,1,0,0,6,0,0,4,405,433,0.07710209216190433,0.07187321327409942,0.9310380106044509,0.0581737216006927,0
1,0,2054,3751,0,2,0,2,0,0,3,111,341,0.05350745480792225,0.08308913344266358,0.891941176171957,0.07072845791801631,0
36,1,829,180,0,0,1,1,1,0,3,109,337,0.08829596766482407,0.008979779703937974,0.873426862537572,0.06082837812012715,0
18,2,2260,2513,0,1,1,9,0,1,0,387,178,0.05317939577064893,0.057068766987615774,0.9914567190103638,0.08340339410770098,0
27,2,4356,59,0,0,0,4,0,0,4,445,239,0.04027184415808291,0.03928462477421494,0.9072931001684822,0.0976814215802197,0
32,1,715,1042,0,2,1,0,1,1,4,359,344,0.06207051093411621,0.04725180841792496,0.8089657702720436,0.018216345183939664,0
27,2,3383,1024,1,1,0,5,1,0,2,178,109,0.03936683353668802,0.06001286794815758,0.8206618170130439,0.06602909930759451,0
25,1,1260,2403,1,2,0,4,0,1,4,77,484,0.09616277066536864,0.026479903271950524,0.894526646288703,0.08850168758955736,0
7,2,2558,3515,1,0,1,8,1,1,3,456,306,0.03160649562745112,0.08604971862547511,0.9920738462627685,0.0032118373438061233,0
465,0,64069,254,0,8,2,17,6,0,35,424,22,0.9360033942943004,0.7449724142069243,0.24140638560454822,0.7473818569110504,1
31,0,4805,3110,0,0,1,8,1,0,1,319,206,0.009251292219844031,0.027889691463862,0.8206672410275425,0.06413786791897826,0
288,0,38223,455,1,4,2,10,5,1,12,282,25,0.9418577739547507,0.4954408447727469,0.01910142046895391,0.5832201243170072,1
12,1,3018,3741,1,0,1,5,0,0,1,291,80,0.076721341380158,0.04717924416026251,0.8176974889241027,0.05989345047722784,0
12,2,145,552,0,1,1,6,0,0,0,177,316,0.07779309970918005,0.09839849528212788,0.9260100551707104,0.05452231973102915,0
32,0,2932,1113,0,1,0,0,1,0,2,496,377,0.03199983297572528,0.05705210658161808,0.8277567062050192,0.06517632530701277,0
42,0,129,3264,0,1,0,3,1,0,4,217,269,0.021531362585140323,0.029667596013507713,0.8706680146395315,0.05094649969325086,0
35,0,4684,1736,1,2,1,6,1,1,3,301,341,0.015550343753900554,0.09884244418006191,0.8186674149220561,0.06844477655375251,0
51,1,4994,2702,1,0,1,9,1,0,2,80,265,0.032090995477958593,0.011962241031134203,0.8123507065168752,0.04660821913890082,0
110,1,19211,99,0,5,4,8,8,1,12,459,18,0.9161303162526857,0.7040953654102186,0.08923727146823897,0.8642885544082248,1
39,2,2128,215,0,1,1,3,1,1,4,261,17,0.04199318880479025,0.008705018501255412,0.9523080427852428,0.09448877541949563,0
51,2,14200,154,1,1,1,16,8,0,41,318,2,0.9469573175266717,0.5387161435707173,0.017484214274640354,0.5184424313998439,1
49,0,3138,645,1,2,1,0,0,1,2,473,478,0.06946106835231995,0.05218220315840088,0.8212758581892914,0.01035800276782687,0
125,0,67085,449,0,3,3,28,6,1,15,271,47,0.6743983412820947,0.6363253802432126,0.38110507677795336,0.9176436265568546,1
20,1,2693,3797,1,1,0,8,0,1,3,140,364,0.019730316366181666,0.0260940325593234,0.8782360629734821,0.07238104618236194,0
8,1,3481,3374,0,1,1,4,0,1,1,322,357,0.07230237104792231,0.05058523340011078,0.8563888618641584,0.045839994509128415,0
35,1,3427,1407,0,1,1,9,1,1,2,489,342,0.028534295832295876,0.05289777852781389,0.8034431674648514,0.02179955286709001,0
303,0,84084,44,1,6,2,24,4,0,41,413,10,0.5471806536723955,0.8811662519754451,0.018632322376375222,0.8692715673008078,1
241,2,15822,152,1,2,1,15,6,0,9,418,22,0.649046053930633,0.7630225793870699,0.13689487844838008,0.5686250934283668,1
19,2,2448,3050,1,1,0,7,0,0,3,470,399,0.04606180240028186,0.017249641122067606,0.9183460612149142,0.08039849479858042,0
49,1,1019,2914,0,1,1,9,0,0,1,382,282,0.0033336774896313374,0.03563130694073432,0.8915930403941299,0.03005956833084742,0
375,1,93790,288,0,9,4,16,2,0,37,302,42,0.9907654028903585,0.9745322074890304,0.25292732068387386,0.8074290148691714,1
543,2,13524,238,0,0,1,6,2,1,15,465,35,0.7087118979405433,0.8766659661718577,0.0723367287789404,0.7444543607512697,1
28,0,29102,18,1,7,3,29,3,1,6,268,32,0.6328957126273222,0.4828645023047886,0.24865911563862944,0.9971462970054292,1
14,1,3471,2267,0,2,1,2,0,0,0,97,509,0.003911347864820181,0.05515594393998855,0.8797278368541255,0.021418224705505487,0
2,2,63955,268,1,7,2,14,9,1,37,493,39,0.6636431320005416,0.3732653530244084,0.029764637519224913,0.7998916589998588,1
477,1,67136,345,1,9,0,12,7,0,19,440,17,0.9342451151412097,0.42247299383225645,0.034850382685484814,0.7932659485144968,1
26,2,1759,3998,0,0,0,2,0,1,4,192,122,0.052806876193007495,0.03300736373425556,0.9364341150769903,0.05354138668561839,0
19,2,1450,530,1,0,1,3,0,0,1,333,286,0.09166249324370497,0.039616541714366175,0.8522462361851939,0.058809890824204895,0
0,2,626,3770,1,2,0,0,0,0,3,246,468,0.0017311479100916905,0.03189946640874284,0.925108047308108,0.021860269859710835,0
494,2,53747,409,1,2,0,7,6,0,27,223,8,0.5354690031773637,0.5050607113839849,0.27837868172208224,0.794146274034208,1
29,2,57164,128,0,2,0,11,9,0,44,329,7,0.6685614306257135,0.38841853795451814,0.36128948340611444,0.9561444082037971,1
411,0,47360,81,0,7,0,10,3,1,23,315,41,0.5460397468119293,0.5767871699464315,0.34333709438408333,0.6768521669420573,1
53,1,3008,2999,0,0,1,3,1,1,3,456,210,0.031754428739632544,0.02120922398163724,0.8387770802599346,0.05560607533061848,0
9,1,469,631,0,1,1,3,0,0,2,199,474,0.059696180075307276,0.04522052424467095,0.8053277317334036,0.03747182073051543,0
310,0,66685,116,0,7,2,25,8,0,41,393,30,0.9456277569713769,0.7694230965942719,0.2477032186908101,0.6286320816918747,1
325,2,40810,157,1,4,0,15,6,0,19,435,37,0.6889646342773683,0.8555921320219446,0.3108388979579349,0.5078792593779508,1
53,1,3307,2233,0,2,0,7,1,0,3,26,332,0.04711883294467742,0.08083829660583364,0.8169283412805679,0.025138131683529397,0
51,2,4298,3068,1,1,1,4,0,0,4,94,259,0.0345338889761404,0.06558673357415497,0.9873692462331869,0.03713087987193416,0
19,1,624,1641,1,1,1,8,0,0,4,491,401,0.040434299631686876,0.0165363412862919,0.8832996727379397,0.09945572104654138,0
12,0,770,2105,0,1,0,6,1,1,0,205,355,0.006525785827034725,0.017257369903382638,0.8697960330036143,0.07762278055225727,0
9,1,1112,3805,0,2,1,3,1,0,2,478,329,0.002376292376879363,0.010560591117053299,0.952228867627839,0.04547453181314153,0
20,0,2308,2704,0,0,0,6,0,1,4,212,255,0.005660560806625048,0.04668626672457824,0.9110455582105553,0.08036263173494688,0
45,2,4414,2194,1,1,0,7,0,0,2,230,54,0.003680784816741056,0.05400487856301889,0.8063491713117485,0.08325984171717532,0
48,1,660,651,1,1,0,2,1,1,0,150,64,0.057949391230630524,0.08313968113450776,0.9868685752969432,0.019972358187123274,0
8,0,1552,1635,0,1,0,9,1,1,0,507,318,0.0005811425630029565,0.05904033637339601,0.996939876590327,0.007605106423231234,0
453,2,76500,255,1,6,3,8,9,1,32,254,30,0.8054808929045852,0.9762811155454527,0.34733319802308693,0.5025886421952045,1
168,2,62193,362,0,2,4,22,9,0,45,387,18,0.6793056028328012,0.7717290024314996,0.07370963799803265,0.7578537395766867,1
356,2,97983,364,1,2,2,18,6,1,27,482,4,0.7195229462987884,0.40731618782230117,0.1001945571688975,0.7504126254706163,1
55,1,3510,480,0,1,0,1,1,1,4,410,173,0.060978510014316846,0.07507241854081832,0.9913517810183079,0.08696743240191283,0
33,0,3799,587,1,2,1,5,1,1,1,269,408,0.026577867212004204,0.06667606187461937,0.9101773691680763,0.07393358134106348,0
153,1,23063,482,1,8,4,9,4,0,49,467,33,0.5902053723108966,0.42109631970248834,0.2628928285460996,0.942959109254897,1
23,1,1638,3318,0,1,1,0,0,0,2,12,134,0.07059669088836537,0.05200303597213747,0.8195582347739793,0.07121272911638017,0
66,2,8229,283,1,0,2,14,9,0,19,299,40,0.8905977874240796,0.9467528494560675,0.02594686022883912,0.7925387725326638,1
75,1,91453,117,1,4,4,25,2,0,37,380,34,0.8120292549465362,0.4376525925075877,0.037898107643395074,0.5744375034005513,1
9,0,3110,2125,1,0,1,2,1,1,0,347,185,0.012680226091725456,0.08182123843872696,0.8926684673689654,0.07759657080896254,0
37,0,3670,520,0,1,0,6,0,1,3,123,103,0.0065532604160550515,0.07071661944152902,0.9614985267251083,0.06777293149887108,0
34,1,3022,3681,0,2,1,2,0,0,2,350,173,0.061108512034001194,0.056216254501790755,0.9079417488768977,0.02702109322568909,0
50,1,475,1897,1,2,0,6,1,0,4,482,99,0.058713783205533714,0.0849372230321457,0.9524832538345887,0.0007960681262152436,0
44,1,515,2743,1,0,1,3,1,1,0,276,378,0.008321975708784003,0.03407180421921664,0.8862151976760212,0.09755635330232958,0
32,1,3800,3574,0,2,1,1,1,1,3,114,164,0.034323644395380236,0.03968637748286116,0.8172622548017546,0.04016720059177245,0
31,2,119,3210,0,0,0,8,1,0,0,41,102,0.05699278147708642,0.015498583791941956,0.8768815112094415,0.09853449734618729,0
26,0,4237,2922,0,1,0,0,0,1,0,5,272,0.07798880602861596,0.00584473373940283,0.9704656969409422,0.09232329805122293,0
56,0,697,773,0,0,0,5,0,1,1,27,463,0.08607986389333182,0.005237308423837784,0.80683236564895,0.023982290573469567,0
246,2,24984,481,0,3,4,18,8,1,12,331,32,0.6917713613479513,0.3001617071700928,0.11524462275309096,0.9486213902874485,1
240,0,44800,128,0,5,0,23,2,1,46,226,21,0.5636894404275082,0.4935260354899248,0.022703058846488624,0.8410288575775381,1
11,2,4406,3428,0,1,1,7,1,1,0,494,458,0.024311616443435227,0.022122842920593022,0.9172215024777765,0.04144715737346031,0
545,2,72683,416,0,4,1,17,4,1,10,216,44,0.7526317224903638,0.6223442755123257,0.1163579316503133,0.8077294519343428,1
10,1,4771,734,1,0,0,9,0,1,4,9,125,0.05268547930113837,0.07659913236269023,0.8178793404644448,0.08538791287628071,0
22,1,2457,615,0,2,0,4,0,1,1,351,43,0.06629508610866272,0.09848436931486686,0.8665063310812924,0.09469081572723698,0
47,1,4946,1569,1,1,1,8,0,1,0,394,495,0.07695286368198832,0.07573778624120506,0.8245804733146362,0.017171081874711724,0
56,1,4829,2428,1,1,0,9,0,0,0,251,155,0.04603871690449497,0.07900212465099354,0.9379757672301756,0.05121350497750379,0
31,2,1357,722,1,0,0,2,0,0,0,158,96,0.05180053991634201,0.08076567725743866,0.8976624314582222,0.05723025607914948,0
233,2,89092,391,1,0,2,23,2,1,6,448,27,0.8824900750053474,0.7616004164938813,0.1380931480567414,0.636287769211608,1
144,2,85311,1,0,2,4,23,6,1,16,461,14,0.7709523891123468,0.7299689748203229,0.006906688214333424,0.9783096893947281,1
205,2,60329,250,1,2,3,23,4,0,45,285,13,0.6607091133032414,0.9091123194668642,0.07136239995030054,0.6722167679968545,1
10,2,2781,2761,0,0,1,3,0,1,1,327,326,0.05188756214002959,0.057164412120415155,0.8843312456030286,0.024203664074126042,0
33,1,2581,3923,1,1,0,0,1,0,0,223,31,0.09621175686531643,0.04984799205055612,0.8170956917364265,0.0897557038729032,0
30,2,2060,1746,1,2,0,3,1,0,4,472,245,0.06062023767018668,0.010764774056803907,0.8129933239565472,0.05452459338993298,0
22,2,2021,2239,0,1,0,6,1,1,4,111,141,0.009129173542210201,0.07396613587149838,0.8266105309552456,0.06443469609477989,0
576,1,69799,67,0,3,3,28,9,0,34,414,22,0.5917354975447666,0.9545414260041811,0.3555272078053202,0.7567661860281315,1
42,2,2149,3515,0,0,1,4,0,1,3,145,245,0.07478732645134702,0.022658446056378935,0.877835601165381,0.06860415220263874,0
301,1,96169,368,0,3,3,27,8,0,48,278,3,0.8506680429695312,0.3404370214978238,0.30178804071824944,0.9111407202991546,1
22,1,1711,686,1,0,0,5,0,0,2,4,243,0.0730883239478283,0.05017616266156655,0.8507256375412261,0.06427411370796464,0
40,2,2223,1329,1,1,1,9,1,0,2,239,294,0.0931553374841485,0.07270113695398465,0.8641548806922583,0.02254687363816843,0
37,2,3294,1807,0,2,1,8,0,0,4,400,167,0.057616391202136436,0.010450150422594852,0.9614173650016089,0.030490975644086427,0
43,1,2746,2483,0,1,0,1,1,0,4,408,56,0.023906674252183825,0.04682856031784443,0.9952885177531744,0.06390443382812293,0
58,2,3136,2786,1,1,0,8,1,0,4,197,71,0.03636883036740381,0.06931514820762487,0.851289039462876,0.08745589597672514,0
89,1,93610,183,1,3,2,9,5,1,38,324,3,0.863450676737564,0.35771426493628544,0.1668315259242379,0.8518551926276228,1
57,0,4207,1187,1,0,1,3,1,0,2,229,161,0.041611559744136675,0.047359375722434406,0.9573905582546378,0.06652635617088336,0
47,0,1882,2283,1,0,1,4,1,1,2,188,250,0.017806449941359406,0.060786930650192555,0.8984630596259068,0.026745061084868495,0
41,1,4178,1391,1,1,1,9,0,0,0,188,330,0.09519544556447065,0.07811823684775579,0.9370510128313687,0.09459959795442031,0
59,1,2769,2413,0,0,0,9,1,1,0,379,91,0.06414377279545803,0.09779441213316742,0.851664780515393,0.09643899443030858,0
67,2,19885,101,1,4,1,24,3,0,29,357,13,0.7467685951260579,0.4109678803382251,0.2562266735806192,0.8300227748440703,1
46,1,3887,211,0,1,0,6,0,0,1,31,243,0.08680554992067058,0.07343018285197699,0.9619488450884589,0.008116525298240062,0
20,0,3779,962,1,1,0,1,1,0,2,308,9,0.075435033210409,0.0007596849792897986,0.8809517559030585,0.07735090367372323,0
30,0,682,3932,1,0,0,6,1,0,4,85,427,0.06634172383170589,0.02947301802294097,0.8584618996213005,0.02290028053785749,0
82,0,7491,411,1,6,4,24,9,0,13,382,13,0.5202588353861153,0.6932637992580075,0.21728280012629064,0.6327453909653854,1
38,0,1302,223,0,0,1,9,1,0,1,22,206,0.07548371568554117,0.05776848350294439,0.9763782940993041,0.05801241326393898,0
39,2,356,3653,1,2,1,2,1,1,4,129,167,0.06237137363728421,0.029084379335639645,0.8018804822406086,0.059442516465846064,0
62,1,38842,237,1,3,4,21,2,0,16,253,9,0.6453079043064287,0.5745842136033134,0.07907291339404794,0.6455425504397029,1
36,0,4010,997,0,2,1,0,0,1,0,61,423,0.03625910007984671,0.07408104480012823,0.989642344783199,0.009550984267396513,0
9,0,955,598,0,1,0,9,1,1,1,223,84,0.03067672957354898,0.06666702018088329,0.9356159722290514,0.08045888490247038,0
8,0,111,1307,1,1,1,8,1,1,1,119,482,0.0858873866581743,0.04758929138887652,0.8561142606867154,0.04088586485702246,0
45,2,1958,1755,1,2,0,5,0,1,4,216,342,0.010681438624102724,0.05975610623705033,0.8499401447857479,0.09228111729848605,0
52,1,440,1073,0,2,1,0,1,0,2,268,175,0.07645872803327482,0.07857250077929304,0.904722300237064,0.09568824234476876,0
46,2,3814,628,1,0,0,2,1,0,2,28,354,0.07325958008693723,0.02863150287376135,0.8156170399962537,0.0031377488215590943,0
355,2,29812,187,0,5,2,22,7,1,49,328,16,0.5207683493223225,0.6851480858817798,0.11847918567264736,0.5558454047999715,1
57,1,2024,2349,0,0,0,0,0,0,1,470,247,0.04239423957328989,0.023237895801613874,0.990187416867069,0.042143826955609934,0
45,1,2736,2887,0,0,1,4,0,1,1,388,60,0.036488275569030726,0.053063541967414286,0.8033094827036721,0.01583912326320629,0
323,1,56430,405,0,7,2,24,4,1,10,378,27,0.886399445906401,0.6537407495996105,0.2823474161301501,0.9434895188966451,1
56,1,3580,2731,0,0,1,8,1,1,2,496,359,0.08922833652878921,0.046506543671621395,0.9469713202372575,0.029061992749259715,0
491,1,7876,418,0,6,1,28,9,1,5,279,29,0.7792235433748658,0.3001250429599765,0.06357608296036808,0.809622358722605,1
42,2,862,3362,0,2,0,5,1,0,0,122,351,0.05611676732101654,0.025261669714185045,0.9822982028106153,0.02000063662715436,0
42,1,1546,495,0,1,0,9,0,0,1,58,504,0.07131965843748894,0.07410253591056358,0.91648691228082,0.025896930050014224,0
209,1,36011,495,1,8,3,15,3,0,38,334,35,0.7937717107552764,0.8898831373377116,0.19349982870254645,0.5239531573441658,1
22,0,2366,1893,1,1,1,0,1,0,3,195,315,0.050621070167339535,0.00230931425078319,0.8204937811438305,0.08680536287247327,0
20,2,1983,171,0,1,0,5,0,0,3,72,498,0.06119223027755852,0.02030858790433833,0.8326133252115887,0.012878197054753971,0
57,1,3280,449,0,1,1,7,0,0,2,158,244,0.05335291444353845,0.004869781914250893,0.9442010844380065,0.004350938875161014,0
63,1,10727,444,1,2,2,14,8,0,16,239,9,0.9559793542479753,0.5676775532199153,0.21746663749124098,0.6723242229047323,1
1,1,65734,42,0,8,4,7,4,1,46,244,3,0.6130575632742361,0.7151455364047516,0.03449589386306005,0.8224614893395259,1
195,2,20420,389,1,2,2,13,2,0,13,477,43,0.615723203115509,0.5061572360617713,0.04880219093473497,0.7462829372550386,1
246,1,42147,102,1,9,1,17,4,0,7,290,20,0.6337923797476144,0.34476616902282786,0.15878568978667282,0.8034469777585793,1
56,2,2295,1344,1,0,0,4,1,1,1,502,345,0.08034664544322627,0.03514158658957004,0.972865117335681,0.02041495352725503,0
30,0,2651,980,1,0,1,8,1,1,0,220,230,0.05922217128336739,0.09792891305371082,0.9102581105873633,0.06534133522769922,0
448,1,45019,402,0,1,0,14,2,0,39,364,24,0.6907097596248439,0.7854107328892177,0.013211143563311234,0.5515797855842528,1
150,0,88720,4,1,1,4,17,7,1,39,208,6,0.9616892657094731,0.40372022326333623,0.31212834187756294,0.9890571279822788,1
323,2,90216,444,0,2,2,26,7,0,39,210,14,0.8687019456548459,0.7250196957459284,0.16447882437401828,0.7098697559310404,1
166,0,77719,316,1,3,1,16,4,0,44,353,31,0.9429303189767292,0.5059930064004334,0.05350584116247825,0.6480017782473095,1
335,0,65763,261,0,6,4,16,8,0,48,487,27,0.8527700095429895,0.3983207494959687,0.22284883706190298,0.8301843419397335,1
52,0,4599,1333,0,2,1,1,1,0,2,422,393,0.0009938322534245759,0.015731074437314464,0.9492956063292171,0.06388472314501009,0
1,1,1013,3683,1,2,0,8,0,1,2,60,430,0.09135639157934014,0.09350268030228931,0.9857820188260115,0.021956294155368816,0
515,1,83764,311,0,1,3,24,2,0,7,484,23,0.8298492490951017,0.4183839841936658,0.17189568011568004,0.6722257306893082,1
3,2,4287,1980,1,0,1,2,0,0,2,309,393,0.09702309937985983,0.05098916506198075,0.9778826239175163,0.03593742853287859,0
19,1,4341,1397,1,0,0,5,0,0,0,145,169,0.031848876965323104,0.09409105287560508,0.9598210429077536,0.07706783707657672,0
28,1,2040,2881,1,1,1,8,0,0,0,215,326,0.029435704383064643,0.09094015404729766,0.8590303937038621,0.010295294013022083,0
148,0,29082,421,0,9,3,22,7,1,37,358,18,0.7508326595116492,0.7039648406086723,0.21812264629428554,0.7700498025889084,1
373,0,10712,135,1,4,4,25,7,1,25,476,14,0.6818105520700334,0.9259076651240965,0.12724579538750863,0.5264887265216088,1
280,1,27000,91,1,2,2,22,8,1,49,401,27,0.6638210758058709,0.43308384654710635,0.37833422596337757,0.8153699546427524,1
44,1,999,1389,1,1,1,1,1,0,3,7,371,0.08959188209856671,0.04087229801220184,0.9437808942406198,0.062377684923151204,0
12,1,3406,3560,1,2,1,0,1,1,0,262,56,0.060663437994428165,0.04801640025499784,0.9959253561568298,0.021540175606290936,0
15,0,924,2959,0,1,0,6,1,0,0,245,125,0.02624306066709562,0.007882083253450068,0.9006721403392315,0.011210428344897239,0
23,2,1478,1151,1,1,1,5,1,1,1,204,194,0.060468813531336,0.06122975776449784,0.9093364256956509,0.09222616339871262,0
132,1,24247,282,1,9,1,17,7,0,24,329,33,0.988643621822179,0.9352679870479563,0.3195636467932473,0.923940833498081,1
59,1,4007,1922,1,2,1,8,1,1,1,27,435,0.0282810357150172,0.08588812855127081,0.8404588387581079,0.0165550120909868,0
52,2,1017,2931,1,0,0,2,0,0,0,23,423,0.017530970920991186,0.09080856006901594,0.8627572607592408,0.01334490835133928,0
34,1,1445,2775,1,1,0,2,0,1,0,135,33,0.04304268834028466,0.0930764268625362,0.821006357602447,0.06274154415704354,0
39,0,1863,2354,1,1,1,7,0,1,4,478,38,0.0628573825347413,0.06036733391519808,0.8815504251829543,0.060650318917313,0
33,0,3627,3054,0,0,0,7,0,1,1,347,352,0.08111454488057616,0.08758814355212206,0.9014975791671603,0.09294831423858271,0
16,2,4249,949,1,0,0,8,1,1,2,493,57,0.008608943421384152,0.02511222636061703,0.9894838201595562,0.08882486781443409,0
100,1,96827,20,1,1,0,12,2,1,9,377,8,0.9636786959626817,0.8617787357777245,0.10514497589164495,0.9682786661944776,1
30,0,2548,1071,0,1,0,7,1,0,1,178,160,0.013795647796454747,0.03698493055550032,0.8097975247926629,0.054111456272073456,0
44,2,2663,3879,1,1,1,1,1,1,2,449,38,0.057457094420497484,0.08741376311291536,0.9620168679006847,0.05448680888228803,0
37,2,4091,3292,1,1,1,7,0,1,2,135,327,0.00414247083370547,0.08951569165830808,0.8733501340736887,0.04972287631691522,0
20,0,3460,385,1,0,1,7,1,0,3,400,441,0.07778304800332758,0.08532482556175167,0.9857350223832759,0.006053622878577614,0
433,2,45742,69,0,3,3,18,8,1,23,262,4,0.6481339502798116,0.6933764128641826,0.011291995440299508,0.8875511426211466,1
28,2,2422,2909,1,0,0,5,1,1,1,8,122,0.06922715128927613,0.06974562530398094,0.980200661759791,0.023903665441733914,0
7,0,4587,234,0,2,1,8,1,1,0,3,39,0.04556132747309932,0.09888112793002093,0.9725832028606809,0.07005740162643569,0
11,2,3576,2424,1,2,0,6,1,1,2,211,149,0.05974510684648279,0.09405590556107964,0.8801235229484748,0.04188619613690936,0
25,2,1171,1720,0,2,1,2,1,0,1,184,490,0.041103224516804905,0.006924366837725482,0.866185394432712,0.07680713455398003,0
498,2,86565,306,1,6,2,28,2,0,27,321,35,0.6445108477489996,0.3625192037277882,0.006233723676344516,0.8583527375221822,1
7,1,45673,176,0,9,2,12,5,1,44,434,34,0.8237161217779233,0.4871978635242408,0.040752519667816504,0.7026796110594966,1
178,0,74617,456,0,3,1,9,9,0,14,414,28,0.8368903960318653,0.6218975618575482,0.26753636859065766,0.7094239489665282,1
4,0,1415,828,0,1,1,2,1,0,2,35,353,0.0017236469759929652,0.08545129731065287,0.8746194583903182,0.0398625032464994,0
44,1,4760,317,0,2,0,5,0,1,1,466,336,0.0718716282472368,0.07963649508131404,0.9190433159758267,0.038287761563765454,0
512,0,6443,379,1,1,3,21,9,0,16,478,18,0.7239620654135699,0.7037664406857592,0.10668314917646571,0.6577209766188485,1
55,0,3993,3528,0,0,0,7,1,0,4,373,344,0.03319614062056262,0.03301227485696447,0.8774113022939524,0.0827295746392313,0
15,2,990,3562,0,1,0,4,1,0,3,227,376,0.0495731089271548,0.0784747556440546,0.9119659205845753,0.030212169735956196,0
49,0,764,800,0,2,0,3,0,0,3,468,434,0.007837647142421045,0.05398982528768817,0.8976106721905973,0.05042503745494305,0
10,2,2315,2646,1,0,0,3,1,0,2,311,432,0.04455131647194425,0.04047330813753172,0.8739164401872384,0.05931891411101856,0
169,2,48439,205,1,3,2,29,6,0,39,282,34,0.8989514259782909,0.5193882794689451,0.21948241565753335,0.5769826754868848,1
327,2,31082,183,1,8,4,26,2,1,39,458,36,0.7242235955970842,0.46989332610428686,0.10800912951331992,0.8725724978494112,1
551,0,84663,314,1,1,2,6,8,1,20,290,25,0.874081611239897,0.3810892101396356,0.17252142153092592,0.6954091850831834,1
35,0,4469,2867,1,0,1,3,0,1,1,213,198,0.027682071319710178,0.08240018514363057,0.9714973306786987,0.012524801055455326,0
39,1,3074,1370,1,2,1,0,1,1,4,72,10,0.0014150737574835871,0.0650555852486829,0.8967027145350219,0.03924420690003169,0
8,0,4039,1822,1,1,1,8,0,1,4,447,138,0.011611237277408572,0.02811806304757877,0.9901680656903771,0.0711500814890617,0
461,2,88846,94,1,0,2,9,2,1,46,386,8,0.7828638270907253,0.6016935897079372,0.2640577923669342,0.8000632170406943,1
519,0,93963,184,0,4,3,13,4,0,41,481,43,0.6488472293879883,0.7354095844335946,0.39251289389081845,0.7358377476287958,1
83,2,16711,361,0,0,2,24,9,0,48,320,5,0.6394886516285277,0.8695696938823452,0.19702429438391733,0.6777963024226351,1
43,2,4642,1461,0,0,0,3,0,1,1,391,157,0.04762313414288018,0.05255376417725132,0.9171076024082637,0.08592976442140564,0
50,0,3259,161,0,1,0,9,0,0,0,185,370,0.06330666303549623,0.048727117073730564,0.82470899720527,0.07880257777719675,0
1,2,1278,2453,1,0,0,1,0,1,3,442,113,0.011211557783658222,0.07274674622108744,0.8260454139974748,0.038749705458809736,0
58,2,718,2642,1,0,0,0,1,1,0,207,49,0.0833992063145731,0.000689883779359124,0.9180886189249281,0.08611857431216952,0
585,0,96396,435,0,3,1,25,4,0,8,376,9,0.5048150168789941,0.7898889459783949,0.05827711606514061,0.7437377996110642,1
448,0,64554,254,0,0,1,5,6,1,6,455,43,0.6542224247863199,0.9329379849171575,0.24066509003298997,0.7552578243417745,1
400,1,29970,346,1,6,0,20,6,0,23,464,12,0.6617069697024988,0.6153715908019184,0.2910236796336027,0.9810699540449339,1
21,0,2632,1441,0,1,0,3,1,0,1,131,142,0.0879743905939987,0.08110482650469383,0.8359445043238285,0.07507188349101886,0
59,0,1429,1954,1,2,1,3,0,1,4,474,15,0.04685921367045919,0.07794066825273879,0.8254683645292108,0.0798381684704768,0
102,0,17275,361,1,6,2,8,9,0,31,218,42,0.8918432542805758,0.651235992901168,0.15258306047039844,0.6742054462077569,1
533,1,85918,389,1,5,4,21,8,0,13,431,37,0.935681487545134,0.9712915640420903,0.24552409673574568,0.9219904165811212,1
39,0,2325,2963,1,0,0,7,0,0,2,229,300,0.030756405627775874,0.022239467597593376,0.9621752507087179,0.016070400824885568,0
13,1,1260,939,1,1,1,5,0,1,2,352,305,0.09719301314269502,0.0276543350911862,0.8313492628424624,0.09822364219526405,0
369,2,6561,90,0,8,0,22,8,1,15,326,27,0.7390165641426625,0.730458753253759,0.36272428373911647,0.5745689091950945,1
191,1,49076,408,1,3,3,29,9,1,28,431,48,0.9668131093446801,0.5853604188710217,0.32501392257468176,0.5127078776371687,1
11,1,850,3075,0,1,1,1,1,0,2,42,486,0.059180575370441336,0.06799893849658314,0.8364248090344437,0.06708549752865717,0
33,0,3358,1901,0,1,1,5,0,0,2,130,435,0.09665637125333727,0.051314166838398005,0.8420827217642693,0.028733126961331637,0
30,1,1081,2618,1,1,1,5,1,0,2,11,73,0.046557738049785136,0.008350358300686589,0.9075062746400424,0.014792804494715529,0
491,2,88083,445,1,7,0,11,4,0,6,266,6,0.9999968666470036,0.691510082332452,0.381638665036702,0.7233697489899542,1
19,1,4267,1577,0,2,1,5,0,0,3,346,505,0.06702765034711515,0.09546157695505206,0.9426079811165876,0.054132143527799076,0
153,1,53315,336,0,5,4,13,3,0,41,465,28,0.5702038682299345,0.5793351318113645,0.3698475007673523,0.914744396635851,1
2,0,127,2974,1,2,1,5,1,1,4,235,439,0.005969668463837042,0.01917426735582708,0.9472350963413996,0.07615908430547176,0
49,1,19411,63,0,4,2,10,8,1,41,504,19,0.7130320089232318,0.46830977213687613,0.2898527840940744,0.8462926063300535,1
33,0,1025,1158,1,0,0,4,1,1,3,205,4,0.09977781347610139,0.08376057556111398,0.9710041621467191,0.041376555399554454,0
500,0,27759,171,1,4,0,15,4,0,16,453,10,0.9722253387308057,0.3372907674195703,0.07258194584994962,0.867700205196378,1
3,2,840,268,1,0,1,8,0,0,3,257,222,0.025205243439918004,0.05406953483018689,0.8566661592292997,0.0029911705157420923,0
39,1,956,3423,1,1,0,5,1,1,1,188,229,0.025305772781531444,0.0005181002108857746,0.8128989381507935,0.08682483361365655,0
46,2,1890,1208,1,2,1,4,0,0,3,24,441,0.04165707819775105,0.04274321014526015,0.9212841896565166,0.048907223302222996,0
98,0,12846,311,1,2,2,21,5,0,40,356,43,0.7352119134105423,0.5998004384797498,0.16121179931882215,0.9120838592559766,1
544,2,35842,356,1,3,1,8,3,0,22,419,22,0.5189806356146568,0.5105032359274755,0.015688362969604963,0.7319662051373875,1
15,0,2480,3336,0,1,0,9,0,0,3,346,439,0.05117781883199135,0.0012791127667716507,0.8261194108469332,0.05922431526962903,0
0,1,2552,3360,0,2,0,6,0,1,1,172,83,0.07414922158574659,0.09121850863982298,0.8446712375214087,0.011453799389247434,0
58,0,1135,1773,0,0,0,2,0,1,4,168,207,0.05151805466495556,0.08779455767201465,0.8012388559993998,0.08394708552829815,0
18,2,3293,1836,0,0,1,4,0,0,0,382,329,0.02417046373975179,0.034805887975785724,0.8793532766634266,0.046296454618715524,0
26,2,3490,2536,1,2,1,0,1,0,2,346,219,0.02220553872582224,0.06979005517893076,0.9582570661966674,0.026075100431796394,0
5,2,2602,2138,1,0,0,4,1,0,2,147,195,0.03766691120021692,0.05985525248720339,0.8779120815400733,0.0480532211830223,0
48,0,4118,730,0,0,1,7,1,1,0,157,500,0.0746023924592824,0.028413588178575366,0.9920761385985464,0.017696008246852402,0
190,1,25994,139,1,2,3,9,7,1,41,340,47,0.9297126333668119,0.9718036572538733,0.07184228531893654,0.564344594879898,1
5,1,4769,495,0,2,0,0,0,1,0,364,290,0.039789137886833525,0.015837965828177602,0.872947847266904,0.015487036807474142,0
103,2,71368,137,1,0,3,8,6,0,14,278,16,0.9853751343242309,0.5284884579731003,0.133061259489254,0.781987416364876,1
27,2,3477,1843,1,2,1,8,0,0,3,443,191,0.0027415486905398192,0.02682697485586968,0.899939529484195,0.04269355504422082,0
42,1,47110,167,0,6,0,24,2,0,38,342,41,0.6368242388621815,0.3128709370923355,0.23879048926832588,0.617289526334305,1
50,1,4561,1485,1,0,1,7,0,0,4,408,99,0.01415312239168175,0.002421050951704007,0.9534948074666856,0.0839509486813157,0
47,0,4988,454,0,1,1,0,1,1,1,343,182,0.020224643803361298,0.040596604611454125,0.9088723904334214,0.006748152928812557,0
59,1,4362,1882,0,1,0,5,0,1,4,65,273,0.0993193498158468,0.025527602208171164,0.9740983952830963,0.008410298712626307,0
471,0,68150,121,1,0,1,27,5,0,20,254,49,0.6915762641716245,0.8289947892488636,0.10666427011239997,0.7941369186994627,1
2,0,919,3285,0,0,1,5,0,1,1,61,328,0.07862061504263718,0.04839878391437204,0.8700579240499885,0.030376829992684398,0
22,1,4317,2742,1,0,0,7,0,1,0,52,146,0.04720971659696804,0.06757909369270462,0.8510276517209433,0.0846058766130517,0
548,0,66946,43,1,8,2,26,7,1,45,424,48,0.6336609853249492,0.6410212575946264,0.24421821549271244,0.6425821123928059,1
364,1,59041,363,0,8,1,12,9,0,8,320,38,0.7079490472592762,0.4547132593575997,0.057527511262650904,0.5414610786266759,1
16,0,2605,3021,1,0,1,8,1,0,2,35,189,0.029027882893496004,0.09605473241530352,0.8213499764271591,0.05965544541415049,0
57,1,1319,3288,1,0,1,6,1,0,3,251,357,0.07272259972085389,0.04275754781454735,0.9024845597157443,0.015075029760706727,0
37,0,2955,3879,0,0,1,6,0,1,3,291,361,0.010554476001890013,0.04460536713216071,0.9345429210140914,0.0003924667653007474,0
26,0,619,2881,0,1,0,6,1,1,3,508,125,0.06049504530289171,0.04849308557161333,0.9232539707632328,0.04810824805444498,0
1,1,102,3780,0,0,1,1,1,0,4,210,29,0.03963848728167651,0.09373713532175398,0.9037765589733922,0.05146393501502597,0
123,1,32573,215,1,1,4,28,6,0,47,207,14,0.9558187555832222,0.7358013571834283,0.1644468527497526,0.6859006102498908,1
59,1,32095,132,1,7,4,25,4,0,38,479,38,0.6917420285266496,0.3601708076651736,0.14086755352454405,0.733082711676261,1
129,1,26441,115,0,9,3,12,6,0,47,372,33,0.5420294905992863,0.5594503972376083,0.29567947402221123,0.5907519278303166,1
3,1,2242,224,0,0,0,2,0,1,4,99,94,0.061531403431740864,0.013726439784145962,0.8464867719084802,0.024239819548673526,0
6,0,2173,1789,0,0,0,3,1,1,1,5,84,0.05095676788422518,0.028139544479454805,0.8001112731535669,0.01960039088865072,0
25,0,855,90,1,2,1,2,1,0,3,300,54,0.034865726010413156,0.034400288230736764,0.9255173171253721,0.04061636445140633,0
44,0,3114,2570,0,0,0,9,0,0,2,106,181,0.032200742072343226,0.08817482496400085,0.9459705674493597,0.02242735763327436,0
356,0,50159,69,0,8,4,22,4,0,39,257,36,0.8982229842456231,0.8491032529949434,0.2998774564958585,0.6079479761473927,1
24,1,2560,2863,1,0,1,9,1,0,4,461,190,0.05915408843637119,0.08430944663355099,0.8955534565458734,0.09195156147363284,0
51,1,1993,3008,0,0,0,9,1,1,0,237,135,0.07018455800108835,0.036277555588617165,0.8071740603388533,0.022485447213791733,0
20,2,4452,1832,0,1,0,3,1,1,4,23,372,0.049559922212537466,0.09904504619826612,0.9629600135848553,0.08366710506673199,0
1,2,2454,3337,1,2,0,6,0,0,3,282,35,0.06672357094143157,0.07141967672256931,0.8193048924175471,0.08007602293118016,0
25,0,2755,218,1,1,1,1,0,0,0,37,446,0.007077058109418988,0.09999101636938311,0.8048424503485448,0.07048389807322623,0
59,1,2482,1379,0,2,1,8,0,1,3,1,34,0.07426549203646741,0.08967476148685276,0.9689283412786653,0.043708303287789664,0
262,2,27601,364,0,3,1,16,6,0,10,319,7,0.9518870637744362,0.9683021997436461,0.2896537072626038,0.71975145080755,1
51,1,495,3350,1,1,1,7,1,1,3,300,52,0.06396325258679113,0.013460239965824372,0.9942652190829231,0.09856042876405928,0
12,2,2469,2736,1,1,1,8,1,0,3,225,207,0.03712179941719917,0.012414238013414569,0.9407799923843567,0.03089753084588224,0
39,2,4989,341,1,0,1,9,0,0,2,206,196,0.013124642246805762,0.024048525617886174,0.8615366515375731,0.0956490132683685,0
21,0,2126,2954,1,1,0,5,0,0,4,56,118,0.07021280086617607,0.08207858258834426,0.9466702123775024,0.09255601041067751,0
54,2,2061,1545,1,1,0,2,1,0,1,225,264,0.025733265208110014,0.09253243089465901,0.8449802964375162,0.021456264853659413,0
3,2,3061,2779,0,0,0,5,0,1,0,450,443,0.039528469110116884,0.07560934220528726,0.8691025561724967,0.025008277033819484,0
34,1,3754,3060,0,1,1,6,0,1,0,307,197,0.07314655603268763,0.09703467796437082,0.81399987093839,0.01636578274172812,0
55,1,3615,1481,0,0,1,2,0,0,1,339,187,0.05318269476809787,0.05168598948837766,0.8830184084934467,0.061371006701801595,0
64,2,93307,47,0,9,1,7,9,1,21,310,9,0.7907315363568319,0.5799576860243643,0.07081650644130787,0.9244000526674506,1
44,2,530,3707,1,2,1,4,0,1,3,272,425,0.09216464707040449,0.06596553390599784,0.8225916234672803,0.002903327145540313,0
4,1,195,2778,0,0,0,7,0,1,0,470,422,0.036046103007031496,0.04782146291696213,0.8640894887892279,0.09133054443383486,0
8,0,3571,973,1,1,1,6,1,0,0,282,486,0.01253575511762446,0.030981071611619327,0.8753750668632414,0.01403099512673115,0
29,1,169,1799,1,1,1,3,1,1,0,96,28,0.0470603342643955,0.05531706619092713,0.9306865217618455,0.08289526108922979,0
2,0,2388,3360,0,2,0,3,1,0,3,209,57,0.031112341920750266,0.08218722949002576,0.9308036924232536,0.05329671141259001,0
400,0,36663,222,0,4,4,6,9,1,34,327,33,0.5253874649671483,0.5867355035685529,0.1613278510001845,0.6374486466039043,1
15,2,734,324,1,0,0,7,0,1,3,314,419,0.05889492537080085,0.0370560612261106,0.9315045842961911,0.014829778625204704,0
436,1,6070,463,0,6,2,15,2,0,35,210,13,0.5572272337662274,0.3361675950713474,0.189939742885558,0.6734232557786509,1
435,1,47862,143,1,0,1,24,3,1,14,321,4,0.726637384701659,0.9478707325892857,0.26790637895861447,0.9250874619685205,1
25,0,3503,597,0,0,0,5,0,1,4,226,250,0.09177969860195556,0.08452709911964089,0.8000270084110036,0.006861639265998066,0
44,0,1688,1284,1,0,0,9,0,1,2,148,192,0.06716995792779948,0.07454900001256669,0.8816601220129716,0.020156141510962858,0
24,0,3712,1003,0,0,1,5,0,0,1,110,320,0.041173063770312934,0.07905219401936724,0.8094558928314686,0.024784586991852833,0
179,0,46756,494,1,0,3,16,9,1,13,245,22,0.650687098805182,0.4485611203013784,0.20114690870488625,0.9400864137221374,1
37,0,1389,3049,0,0,1,6,1,0,4,262,12,0.041198759045186474,0.0916783556946423,0.8602173354173477,0.039109848325962586,0
529,0,17514,38,0,8,4,17,4,1,32,395,13,0.5970187460140157,0.5178090854175936,0.2618052485235595,0.6413925370668382,1
8,2,1756,2469,0,1,1,5,0,1,0,485,138,0.08421328514023074,0.07051555060575025,0.9906061334269557,0.07401059700504369,0
19,0,632,397,0,0,1,5,1,0,0,73,155,0.00878085122803608,0.0010251912547130204,0.8320704768874533,0.08687116678303866,0
52,0,4100,2509,0,1,0,7,1,1,1,353,325,0.0020813330710572676,0.032513615368667474,0.8131713727900407,0.029896503161329125,0
58,1,2073,1428,0,1,0,2,1,1,1,178,41,0.07679402281164509,0.05660528986752648,0.8751312259943024,0.01609045130595668,0
8,1,1359,1732,0,0,1,6,0,1,3,394,471,0.021715263960762,0.06818001128098469,0.9809910243042836,0.01096827969794021,0
48,1,4398,2165,1,1,0,2,0,1,2,43,247,0.05041427868603768,0.03587490022354761,0.8249036434738654,0.002194366577439977,0
42,2,4623,490,0,1,0,6,1,0,4,423,171,0.013288652011112234,0.010464679030048907,0.9873098730751219,0.097284227732225,0
37,2,3751,1863,1,2,1,5,0,0,2,52,192,0.05268042799212918,0.0679038812406749,0.8458356301913454,0.042135826490543905,0
41,0,1981,1162,0,0,1,8,0,1,1,70,98,0.0685170218054511,0.013486673313361619,0.8305803099929027,0.09576976763311863,0
37,1,3331,1543,1,2,0,4,0,1,1,176,149,0.06902421913196527,0.06409598550572006,0.8340344531669895,0.021751529319315812,0
376,0,57612,403,0,2,1,13,5,0,6,448,16,0.7526954213849251,0.6295062053992951,0.23398000862359375,0.9856554939913659,1
37,2,485,2581,1,1,1,0,1,0,2,39,188,0.049033548987039134,0.0684201521241067,0.8337805535210948,0.05523908269510275,0
5,2,1042,1559,1,2,0,0,0,0,3,117,46,0.09862824707332202,0.0149123411505392,0.9914018252921577,0.0751851449945792,0
48,1,3773,728,1,0,1,0,0,0,4,370,304,0.06586772919058369,0.07866378119413908,0.9056189120922017,0.06282981843149567,0
46,0,1430,2653,1,0,1,0,0,0,0,340,176,0.07979298117010197,0.020040753637535283,0.9454473410996757,0.022664431179596625,0
9,0,4727,2723,0,2,1,9,0,0,4,44,466,0.07687443316464837,0.07791869778978157,0.8725497073099422,0.049294531971454086,0
39,0,2163,3553,0,1,1,8,1,0,2,259,393,0.05385698527871324,0.08137904323232031,0.8411641546570329,0.011222060852345584,0
284,2,71420,203,0,4,0,22,7,0,35,322,30,0.8801655229588613,0.6474595824717488,0.25738609521123895,0.8163699815188283,1
139,1,57032,173,0,3,0,28,8,0,20,224,3,0.6554713223545361,0.962142986706739,0.16363569299171485,0.6764643798442402,1
21,0,900,1111,0,0,1,6,1,1,3,423,467,0.01159236969742371,0.07740149550396004,0.8496779542516065,0.09916040189185912,0
34,0,238,2423,0,2,1,2,1,0,4,332,79,0.07701098471176564,0.0481064976142238,0.9686622577799645,0.0989526979964447,0
46,0,4602,3032,0,2,1,3,1,1,2,295,197,0.07915130824798415,0.048646678198941765,0.935041596568687,0.06306798176588684,0
21,2,3676,1300,0,2,1,3,0,0,4,271,395,0.025443440257031005,0.09288746871592157,0.8689818145552346,0.05357335775536683,0
334,0,98933,471,1,4,0,28,7,1,22,404,36,0.6188877289282384,0.5938647231121672,0.30444498372653284,0.6848373689285114,1
30,2,2797,241,0,0,1,5,1,0,0,201,499,0.03536837765172094,0.09880682732153102,0.9179834187931796,0.09503564005012548,0
579,2,18113,159,1,6,3,6,6,0,7,503,38,0.6781137286142,0.7605815022854552,0.17654009291980383,0.7330036581152448,1
7,2,2179,3423,0,1,0,5,0,1,3,343,308,0.07640941148411731,0.08785890741959794,0.8166592206216604,0.013334072172993518,0
31,1,4319,3301,1,0,1,5,1,0,1,199,422,0.05579965476627059,0.0969648215275726,0.8338593954233902,0.0636310447160947,0
15,2,2735,2845,0,2,0,9,1,0,0,75,310,0.039478147482075676,0.06240779178592762,0.9908610651691326,0.011252853830976062,0
12,0,522,1919,1,0,0,2,1,1,0,341,303,0.02739889467315695,0.07953815333122742,0.9701808854978482,0.056960713401435895,0
31,1,42773,46,0,2,3,28,8,1,20,343,17,0.7125511202514799,0.6609638087271137,0.19082273397451446,0.5193821297202711,1
405,2,59167,195,1,4,3,7,6,0,43,485,15,0.8808718912150693,0.6905003999359078,0.39509009170456055,0.5854741881248725,1
240,1,24063,256,1,8,2,8,5,0,45,479,31,0.5881084467644575,0.6454689612254972,0.30540304676980895,0.666398250647211,1
71,0,14634,294,0,9,2,24,5,0,46,253,7,0.7833086653338731,0.449906633192078,0.15881777862473087,0.6277765583213095,1
8,2,1816,3515,0,2,0,9,1,1,2,383,287,0.09523171069997972,0.08740772048328538,0.8738610815064359,0.040426805629311946,0
11,0,3275,1881,0,0,0,1,1,0,2,12,358,0.053061667245649494,0.019061647215245083,0.9165610319695707,0.05305514686183325,0
58,1,250,1471,1,2,0,8,0,0,1,309,432,0.03109085529635577,0.07855509572861233,0.9741436773425436,0.08791996903436733,0
34,1,3999,3605,0,0,0,8,1,1,4,303,294,0.09288191937719055,0.07805480560107214,0.916867725976364,0.06169857350779162,0
15,2,320,378,0,1,0,7,0,1,3,118,481,0.0787968252715125,0.0550219112844482,0.8149477085244746,0.04484333253706594,0
27,0,103,894,1,2,0,9,0,0,0,133,108,0.011487344271800148,0.03783960255323696,0.9134419617871534,0.012862047397679944,0
25,2,76238,449,0,2,1,7,8,0,36,336,6,0.9020114591380737,0.43000300923013085,0.11620878076673576,0.5350120942346825,1
428,0,94442,83,0,3,1,21,7,1,29,252,39,0.7110791644293564,0.42431076067871004,0.16959090293697435,0.9151909020726555,1
329,1,44959,50,1,7,2,19,3,1,15,282,2,0.8496553039525292,0.4261167354325839,0.08220346273852082,0.9579814833973103,1
1,1,1074,1765,0,2,0,9,1,1,3,390,126,0.003986108334795646,0.07581548837985809,0.9425527793781725,0.09176543187627673,0
44,2,98295,421,1,0,2,27,4,0,47,261,14,0.8298852578963993,0.5604990313509368,0.127708847975275,0.7842838884416407,1
26,0,3249,3194,1,0,1,7,1,0,2,137,382,0.09389113222571055,0.014818059991052224,0.8587301901532177,0.049860142297113046,0
13,0,4294,3078,0,2,0,1,1,0,2,70,62,0.004292837071647904,0.06478435132972858,0.8380387815617659,0.0032153608586669713,0
58,1,1567,2555,1,2,0,3,1,1,0,306,344,0.07934121535809416,0.07230064333345837,0.9917047313712939,0.047805165971509335,0
46,1,1615,2892,1,2,0,3,0,0,4,367,485,0.03924362854080124,0.049426976173920834,0.8476812307342381,0.09786139557672914,0
30,2,852,1922,1,1,0,5,1,0,0,27,151,0.027738220213947774,0.0988249276530974,0.9325245476135249,0.02859212547720479,0
486,2,88999,222,0,4,1,18,5,1,24,352,43,0.7151141971477705,0.4329717853259803,0.31356891972119605,0.814608165429971,1
58,0,1257,870,0,2,0,3,0,1,0,261,61,0.07681521087219073,0.015096464105565989,0.99463497197203,0.09837204560284989,0
508,2,65004,57,1,7,2,23,6,0,14,371,27,0.5118626725928674,0.5052055825130382,0.05632047335692763,0.8766539349288156,1
1,1,24046,18,1,1,4,27,5,1,31,436,38,0.9825044694964441,0.32403855677482296,0.12683600656545027,0.8175891762821911,1
0,1,1624,1035,0,2,0,4,1,1,3,46,324,0.003993706062490099,0.08445732493547894,0.9645632017597867,0.07006873575448742,0
9,1,1289,1496,1,0,0,6,1,1,4,243,319,0.013219582532671926,0.06726517924339095,0.878157300053656,0.03538406610715922,0
518,0,37081,146,1,6,2,15,2,0,32,465,16,0.8548884144558482,0.6255339333860148,0.09553876868861969,0.5021454287497638,1
486,2,27356,38,1,0,4,27,9,1,23,246,44,0.8300397415982173,0.41525571025201174,0.36018391068345734,0.7230676601868895,1
593,0,49221,298,1,7,1,13,7,0,39,427,33,0.8264230279635303,0.46701195964282166,0.18245328629403465,0.8945523811483003,1
35,1,1053,1046,0,0,1,5,1,1,0,314,243,0.0019985908364165915,0.08593891841248674,0.9971102889933254,0.06748627095231857,0
11,1,2279,86,1,2,0,2,1,0,2,42,309,0.09914293192081454,0.0009731586897558154,0.8562971560752077,0.015469250977940675,0
15,0,1248,2502,1,2,1,2,1,0,2,270,507,0.0207851364069643,0.023919556009154377,0.998366255370959,0.03292778384705965,0
48,0,3714,831,0,2,0,0,1,1,4,96,440,0.02846366351250892,0.022306313549190184,0.8484324429682581,0.044006327149820806,0
410,0,87580,180,0,9,0,18,4,0,26,218,45,0.8669869371651746,0.5727617421087652,0.3077658644511918,0.5908244092171813,1
55,1,2932,2680,1,0,0,2,0,0,2,250,116,0.0808198219389395,0.03614234088316629,0.800479720038273,0.026621636453858667,0
48,2,4329,2403,0,2,1,0,1,1,1,144,346,0.058117630539306554,0.004469686645686322,0.9527693621618165,0.08245298834227044,0
473,1,85876,14,1,9,3,5,9,0,6,331,36,0.7516789348156216,0.3545218258331016,0.20591708210309123,0.6783463933039395,1
11,0,3097,2105,1,0,0,7,1,0,2,182,40,0.015446959669807893,0.04493380671272295,0.9785262773494925,0.09867536765941677,0
48,2,3509,1914,1,2,0,3,1,0,1,427,271,0.010237706080455945,0.03818530146685556,0.8663222520661441,0.0489042079963303,0
31,1,1828,3236,0,2,0,3,0,0,2,302,314,0.014351929544850673,0.023957833716063404,0.9318395344403662,0.04517665148050335,0
35,2,3079,2097,1,1,1,5,0,0,3,437,9,0.06438634147340651,0.03056913948168857,0.813246934951268,0.06858426790382995,0
59,0,4883,3292,1,2,1,4,1,0,0,253,211,0.09261985439813103,0.07714098369296953,0.9002342608091263,0.026471668688007245,0
45,1,2409,2095,1,0,1,6,1,0,2,148,233,0.05683608801593237,0.06081962942447059,0.8076952514592268,0.07284250103597804,0
26,1,149,3960,0,2,0,9,0,0,3,31,448,0.07317293934655078,0.05410046531331042,0.9410614255574478,0.06937818392545929,0
289,2,63108,444,1,8,3,7,5,0,41,344,30,0.785270960129941,0.7173246997400515,0.1569286745845788,0.6763881356249845,1
14,0,2251,1891,0,2,0,9,1,1,4,393,458,0.09569475247611087,0.07767458937218273,0.9419303045727183,0.08692891535267543,0
57,2,4508,3603,1,0,1,0,0,0,3,23,217,0.01650996782348335,0.09815734631696649,0.9706655028563936,0.01976710181811683,0
23,1,317,313,1,2,0,8,1,1,4,2,205,0.015579682607344325,0.08802343665036655,0.9462926378553373,0.06993334722668484,0
24,0,170,3379,0,1,1,6,0,0,0,331,175,0.097564690374854,0.002110208240481093,0.9764434172609946,0.07473445232523489,0
42,2,3781,1197,1,2,0,2,1,0,1,190,64,0.01526001225907877,0.00031484011959986846,0.9400241020291905,0.0938329553500088,0
57,2,1707,1531,1,1,0,3,0,1,3,342,509,0.05459921543916701,0.0043560021884567314,0.8005965931291473,0.05617514983899563,0
302,1,45606,147,1,2,2,7,9,1,25,389,48,0.5421977893089178,0.5492047465749246,0.2694962472644118,0.7489343264218926,1
89,2,22466,317,0,4,0,28,5,0,30,388,20,0.5577416370080793,0.45233269428485035,0.27152575960896197,0.5095237240613406,1
590,1,49695,422,0,7,2,14,5,0,32,248,24,0.7437730521340427,0.9795869954147827,0.06042200094997603,0.7768635349782785,1
14,2,1186,948,1,0,1,0,1,1,3,200,383,0.052659335189648084,0.055493876182012625,0.847646621411857,0.028054002950487378,0
10,2,2607,3867,1,1,0,3,0,0,2,34,145,0.0016921994238677574,0.04696000944443124,0.9478227303860717,0.022922126372775534,0
56,0,1992,1954,0,2,0,9,1,1,2,224,180,0.05823073282289144,0.06851665652917012,0.8927552500367656,0.03019130269473044,0
320,2,81450,40,0,8,3,23,3,0,18,289,31,0.7739624187021308,0.568971946761675,0.1584056691221338,0.8449916237385819,1
34,2,1265,3404,0,1,1,3,1,1,0,153,158,0.06415030138798876,0.03529475069797985,0.8071135908437854,0.018265959941174748,0
39,0,3326,1082,1,2,1,9,1,1,2,311,305,0.09055818021048898,0.002695951437810129,0.8683322840030088,0.05683518971152188,0
20,2,386,3724,0,0,0,0,0,0,4,425,12,0.03236470277535585,0.06137351694390582,0.952536589631781,0.05551830108921666,0
98,2,83650,72,0,2,1,12,5,0,6,314,18,0.5976944764058284,0.7241879499854569,0.21676280533806433,0.5813008632662711,1
480,1,35773,218,1,8,4,15,2,1,14,506,6,0.7431854489722103,0.4109723513851723,0.3029573078466301,0.6305269304822552,1
224,1,60530,168,0,4,2,24,7,1,11,320,45,0.8264232465459131,0.9447832908190332,0.040379462725689756,0.872636774614825,1
7,0,740,510,0,0,1,7,1,1,1,356,310,0.02659746345804469,0.024801513245698605,0.906419022605858,0.05895120307890962,0
14,0,3100,2091,0,2,0,8,0,1,3,121,145,0.05407326759187578,0.07710116226403806,0.8432248935291031,0.05422729174299504,0
53,2,2425,1226,0,1,0,5,1,1,1,157,28,0.012189323049101487,0.07637808147661346,0.9608361457059977,0.04264026318407391,0
16,1,1344,3940,0,0,0,5,1,1,3,5,78,0.030173114445066374,0.004435452750183977,0.8556868650062838,0.014186164792494972,0
365,2,10954,480,0,9,0,11,9,1,20,373,7,0.7301872335628964,0.8976642191323518,0.315227892437953,0.7711472802978545,1
39,0,1333,233,1,1,1,0,0,1,1,117,78,0.003926424615521995,0.07465401345959607,0.9648028044379044,0.05833632955063035,0
57,2,4230,3666,1,2,1,5,1,0,3,21,246,0.006901417052308057,0.09793238133121233,0.8750254096220377,0.09565794660829163,0
50,1,649,2165,1,0,0,3,1,1,3,39,456,0.08359087118270672,0.02539650569373767,0.9800008732181762,0.01126275792898539,0
6,2,304,228,1,2,0,2,0,0,3,385,299,0.06321907821422827,0.03175968536303836,0.861621312681718,0.06388775990814546,0
165,2,67711,57,1,3,3,14,5,1,29,284,13,0.9516373691918445,0.36609405891262636,0.1498056848436642,0.7784563863593565,1
37,2,2343,2393,1,2,1,6,0,1,0,136,268,0.005506447180238428,0.023942568908090014,0.8184175429025916,0.03513281881053528,0
28,0,1034,906,0,1,1,1,0,0,3,473,480,0.02299977401339667,0.07196896132600762,0.9226504452926361,0.049541336243506595,0
48,0,361,98,1,2,1,6,1,1,1,381,494,0.007818668274786457,0.024292719340894865,0.857147942650692,0.0003366713024695267,0
39,1,4262,858,1,1,0,1,0,0,2,131,458,0.062039361911483085,0.08742624018355355,0.8118080733276121,0.04345055731174979,0
5,1,3318,386,1,0,1,2,1,1,1,327,481,0.08755753174682218,0.02014164511576022,0.9590335941896139,0.0637319248790563,0
11,1,4089,1416,1,0,1,5,1,0,3,172,173,0.03731561126119231,0.05624387633355069,0.8718345900796882,0.016465226679640354,0
579,0,97064,262,0,7,1,7,2,0,37,375,11,0.7818898892230521,0.4660961875640762,0.061452069884775855,0.8708868626679696,1
51,2,1650,561,1,1,1,9,1,0,2,307,169,0.04134370845374137,0.06861332201197588,0.8910567675362662,0.0357848430532622,0
28,2,2685,2764,1,2,0,3,0,0,0,317,446,0.08175948644785515,0.053880513351179764,0.8253855771708405,0.0954345447298581,0
386,1,99432,456,0,0,4,12,5,1,22,249,34,0.9528331525224156,0.7028934597187297,0.29395473315370774,0.7911591007787936,1
41,1,964,3671,0,1,0,0,0,0,3,84,241,0.04550084868656362,0.08651634702257972,0.8211468575898403,0.004469548847133365,0
45,1,107,1468,0,1,1,6,1,1,1,75,474,0.03301527476617453,0.002580261045716692,0.9822007776514842,0.039605667284279326,0
372,1,26469,448,1,5,2,11,4,1,26,287,10,0.7681723980632927,0.7712423354571665,0.08892132434135572,0.7699296141569596,1
57,2,2649,2233,1,2,0,5,0,0,3,348,505,0.0779176791204609,0.08515953934085907,0.992794832781581,0.045012229099536984,0
24,0,4582,2594,0,1,1,3,0,0,3,146,51,0.07247266429690295,0.013242678925042373,0.9139386606426857,0.08369225170336823,0
52,0,506,3832,1,1,0,0,0,1,3,52,506,0.003702362384083513,0.0180750774501666,0.997474869878372,0.09802262357101552,0
49,1,1885,1141,1,0,1,4,0,1,4,473,257,0.08802074431508781,0.0023009007095129985,0.9396204570461519,0.04462165419215778,0
33,2,3675,310,1,1,1,8,1,0,1,390,411,0.08346606622114881,0.03759645176139567,0.8389765101649764,0.06125388773245524,0
20,2,295,469,0,2,1,7,1,1,2,154,84,0.0836916859188292,0.0012987044725052855,0.871106174264682,0.09554396381568633,0
48,2,769,2295,0,1,0,8,1,1,0,39,456,0.06963008512305778,0.03172960918843572,0.9468858479930832,0.03261459193702974,0
55,0,1288,2891,1,0,1,7,0,1,4,507,463,0.0321941641728144,0.00869122680522677,0.8760606750791398,0.07041096632007207,0
23,2,2844,1187,0,0,0,5,1,0,4,345,466,0.06398164408325033,0.02599707318808908,0.9732350830089864,0.07631374511541332,0
10,1,3208,3374,1,0,1,2,0,1,4,383,54,0.03389464941438596,0.07588086706686326,0.8312815496418229,0.07382196262987627,0
288,2,14963,0,0,5,3,8,6,1,23,415,38,0.7426292842044206,0.6638175504099277,0.35932681554413687,0.8102738035210472,1
42,1,3621,1182,0,1,0,8,0,1,4,389,106,0.04684424531933121,0.03585151573878289,0.9819817555033747,0.07100235765609923,0
274,0,12936,303,1,2,4,8,7,1,46,439,33,0.7622149467833154,0.7465514862401024,0.14037243118250506,0.9684416270139304,1
223,2,6989,19,0,7,1,7,6,1,47,252,39,0.8536680837010511,0.6458139842828451,0.38623292128520303,0.7812590088910771,1
11,1,2141,284,1,0,0,7,1,0,1,296,121,0.03996818340486579,0.015460261030250689,0.8478479202485351,0.001806854566059335,0
18,2,1109,2269,1,1,1,3,0,1,0,495,203,0.04912529067811641,0.04614915229835509,0.8673188584505451,0.08093124587747508,0
57,1,2019,3795,1,1,0,9,1,0,1,127,302,0.049530932336121436,0.04202950360882325,0.9653267497528738,0.0835384489110874,0
3,0,4042,3524,1,2,1,4,0,0,2,10,26,0.03192649173968494,0.07894511935554088,0.9201393115758031,0.0925140286071245,0
20,1,1361,986,1,0,0,8,1,0,2,6,33,0.05109479524520793,0.07895507404539914,0.8513809706257351,0.01444853048241508,0
10,2,3432,2148,0,0,1,5,0,0,3,82,395,0.08503049599765884,0.07293744365081589,0.8176695874395569,0.005155515248287746,0
78,1,26403,112,0,8,4,7,6,0,29,258,14,0.7873313590318404,0.3625477430323091,0.044473170304690605,0.6058271270241395,1
38,0,4274,738,0,1,1,0,1,0,2,194,122,0.02419481909310908,0.03960531327859819,0.8208118865210408,0.0029650662919803563,0
19,1,3352,1142,1,1,1,6,1,1,3,479,372,0.09752909052630511,0.05413679633828892,0.8270586578998442,0.07456354673246024,0
544,2,14874,40,1,0,2,17,4,0,7,306,8,0.8604249374026021,0.39825208093133563,0.17022962571177455,0.7136184128465519,1
32,2,4068,1073,0,1,1,1,1,1,0,278,114,0.06044100352750758,0.0601558903975592,0.9878191224564432,0.011369717283847848,0
55,2,3314,2526,0,2,0,9,0,1,1,354,29,0.0024429628336290923,0.06157348446404495,0.8289225438713935,0.057817776115633525,0
224,1,58428,35,0,0,1,27,8,1,42,435,32,0.9130845246133557,0.5085644573324644,0.056001291940342805,0.9819849207965687,1
36,1,3295,3125,1,1,0,8,0,0,4,353,460,0.08470642689407658,0.05039915029728163,0.8712772380150946,0.05627886450437494,0
27,1,271,2595,1,2,1,0,0,0,1,280,294,0.09340741563299507,0.0014698498308677423,0.8372973547281631,0.05054214377767896,0
56,1,2083,157,1,1,1,7,1,1,4,129,431,0.09268541592993468,0.03874029600708695,0.9401092780794643,0.051319682595792615,0
56,1,1930,1642,0,0,0,7,1,0,0,111,32,0.07545595824862468,0.043017088441223345,0.9938117295663147,0.004418016593435825,0
17,1,3678,2401,1,1,1,1,0,0,0,327,499,0.07018952392952497,0.08884223291678801,0.8116768988282343,0.05242186179358299,0
134,0,76783,431,1,7,4,7,4,1,12,331,23,0.529070259579603,0.7934436965349083,0.19027740134699453,0.5679274662263715,1
9,2,1532,1012,1,1,1,2,1,0,2,460,162,0.05391385951585512,0.0933829680863283,0.892537721218048,0.08177449244532664,0
8,0,1975,3940,0,1,0,3,1,1,3,353,244,0.09911801491528631,0.04025871005325071,0.93158960900469,0.07985890257085321,0
549,1,31358,284,0,9,3,18,6,0,38,467,2,0.904183646841769,0.9626159846512921,0.024070688287386722,0.5159328638739598,1
56,1,2369,306,0,1,1,2,0,1,2,1,440,0.05372392389896086,0.0845529034272579,0.9040255206543765,0.030331555067844088,0
21,1,3875,433,1,1,0,4,0,0,3,457,347,0.09611708197245805,0.05594923122564306,0.8047904000992646,0.09525547848764815,0
43,2,4155,2470,1,0,0,6,1,0,3,113,165,0.08342752755727287,0.0610235740575386,0.8603620922411047,0.02159200134290591,0
30,0,2036,2356,0,2,1,6,1,1,2,261,465,0.09218816312860138,0.043972493497760445,0.8020527070013237,0.0785882262680724,0
9,0,2233,3343,0,1,0,3,1,0,4,458,271,0.06738215944817876,0.002445221840607326,0.9011039932731209,0.02769407369718707,0
1,1,3174,3302,0,0,1,2,1,0,2,185,83,0.07908097997284536,0.035464132046073925,0.9621542457036696,0.07536304905727093,0
469,0,13806,123,1,7,2,26,3,0,32,498,40,0.8229372761356553,0.8704811684966476,0.05876784454136339,0.5208499242334521,1
27,2,1658,1364,1,0,0,5,0,0,1,167,78,0.06084321860615099,0.06617316945440431,0.9260524136909054,0.01801391351517966,0
23,1,3805,685,0,2,0,1,1,0,0,474,304,0.07620312861406581,0.04503409571664781,0.806004352717313,0.03910247725815206,0
49,2,1326,1751,0,2,0,5,1,0,0,114,103,0.040500021375450224,0.08930365385727947,0.9906520429796704,0.019355368537054274,0
366,1,65702,331,1,2,3,22,8,1,13,447,10,0.8370894910020819,0.6144156956850011,0.32144201878970635,0.8462441598420519,1
212,1,81406,27,0,1,3,19,9,0,38,489,3,0.5183518847269777,0.9042192935918676,0.0109114685311547,0.8171627041076337,1
39,0,4391,3457,1,2,0,0,0,0,1,347,275,0.06431837207798646,0.02164594149113185,0.9304138137638167,0.08367615053795052,0
325,1,51949,280,1,5,0,12,3,0,17,275,37,0.953464434584903,0.943120986863845,0.3350945955151494,0.6827083323318311,1
26,2,3738,1179,0,0,0,3,1,0,1,348,181,0.016649074106336214,0.07099609384605934,0.868710330863527,0.04986873837147086,0
57,0,1683,385,1,2,0,9,1,0,2,83,53,0.00725185790994567,0.023733164310279567,0.8833464979604883,0.03948479522046871,0
10,1,828,1172,0,1,1,1,1,1,1,331,34,0.0703789785369737,0.09755789953540711,0.8990537080839895,0.09723406442673668,0
101,1,18880,298,0,8,0,11,7,1,16,457,13,0.7633795527857223,0.6668426911070993,0.27574731833180677,0.5725646447234334,1
41,1,2559,1341,0,1,0,0,1,1,0,209,253,0.015059658371056507,0.06463001656576588,0.8221793573668207,0.08698833829051061,0
32,0,4098,1396,0,0,1,4,1,1,0,399,285,0.07204804260909692,0.08121223290174999,0.9677095270681747,0.008856016207044593,0
16,1,3784,1346,0,2,0,4,0,0,4,4,25,0.021735612255710336,0.04079781923179099,0.8912451357453697,0.09077506423605726,0
2,0,1091,2150,0,1,0,1,1,0,0,471,423,0.043741500292487995,0.006084830118114004,0.807651716488167,0.0029165662696446827,0
139,2,28026,5,1,9,1,15,6,1,49,319,6,0.7116580038500251,0.30726702773469333,0.15419190053535017,0.5019861288062695,1
35,1,2798,1718,1,2,1,2,0,1,1,504,401,0.06593503361634528,0.008461889821786117,0.8523857287544809,0.02711523573350835,0
425,1,37186,143,0,8,1,13,8,0,16,469,23,0.9906551349330874,0.848343955998254,0.3561060370335345,0.5972815631076542,1
7,2,4274,1140,1,0,1,8,0,0,2,27,13,0.03347753096321845,0.011102292990489704,0.804205212033201,0.05004827108321135,0
434,1,40734,166,0,1,3,12,3,0,15,481,37,0.6668680999422778,0.7808648250703754,0.17032007665711024,0.6779887964645328,1
465,2,38753,46,1,7,3,9,3,1,31,234,24,0.9922776175920436,0.33419099545578745,0.28706838037026633,0.7734076421064295,1
580,0,62653,93,0,8,1,16,2,1,47,452,1,0.6256131858732976,0.8963532344114626,0.32798829956617265,0.6053134547616292,1
44,2,707,1712,0,0,1,2,0,0,0,346,370,0.014300511442033915,0.005806554756617211,0.9750984458283526,0.017468130283637483,0
51,1,449,1984,0,1,0,4,0,0,4,45,352,0.05598623020116922,0.07009053978286979,0.8506367458510066,0.05054676114321435,0
2,1,338,64,0,2,1,5,0,1,2,155,432,0.07671013420774461,0.07059421022301209,0.9048260719827413,0.03398960604401995,0
23,1,4900,2895,0,1,0,8,1,0,0,131,133,0.08886813691559545,0.030880799765479118,0.9427929220416419,0.005451025804354759,0
31,0,3888,2971,0,1,0,7,0,0,0,375,308,0.07619343944384238,0.09694094266532483,0.8683355101544277,0.05304554806582157,0
52,0,2914,392,1,1,0,5,0,0,1,148,123,0.002320491959745319,0.07035897992990517,0.8241675589524532,0.07709631173544855,0
21,0,973,1215,1,2,1,4,0,1,1,292,500,0.043569192590376615,0.05613949225385041,0.9550964850681134,0.04134533935880158,0
20,1,2845,1365,0,1,0,9,0,0,2,56,45,0.09510308676301225,0.0958585246806204,0.9845090380283609,0.058929489613074475,0
47,0,2636,1612,0,2,1,1,0,0,1,330,336,0.02714944908764181,0.08274619748490125,0.8747879326694306,0.09636209095074119,0
54,2,3368,1263,0,2,1,2,0,1,4,331,97,0.08432110276584037,0.0796862814738995,0.8772840609248709,0.08514750882672575,0
141,1,20806,393,1,1,3,5,7,1,12,437,29,0.6621566861389618,0.459336652268489,0.08398454123362172,0.6686431544683729,1
516,2,55135,299,0,1,4,6,8,1,5,422,39,0.7005295970586332,0.5510130892072485,0.2482889977434696,0.6186803346442351,1
51,2,3778,2786,1,2,1,3,0,0,1,22,362,0.038836643808675846,0.01910293459475189,0.8762361778687696,0.04154790931220048,0
42,2,93715,135,1,5,4,7,2,0,29,470,10,0.8726337203203013,0.674243529982588,0.006926768418397966,0.5788171813199039,1
250,2,34742,306,0,4,0,25,6,0,32,342,1,0.6545564460402082,0.7189826501749843,0.11598159987650428,0.8133792019972876,1
151,2,11041,211,1,4,0,28,9,0,35,383,21,0.5311047657166055,0.3324376580462377,0.10949891515204176,0.8108644379161225,1
21,0,3014,922,0,0,1,8,0,0,4,485,493,0.07515465621428125,0.06041849274502268,0.9246283772599769,0.09637067093535552,0
40,0,1063,857,1,2,0,3,0,1,2,247,185,0.020611414119132643,0.04405371966970435,0.8235538972040001,0.03541400598759597,0
15,1,1567,473,0,0,1,5,1,0,2,335,358,0.08842780988496457,0.09957670153539484,0.8299728791904987,0.03946497397439813,0
5,0,3918,3648,1,2,0,3,1,1,3,118,257,0.07806465835550647,0.05010985543077334,0.8698366112457808,0.09165804663767517,0
58,2,4374,1981,1,2,1,4,1,1,1,123,228,0.009226689968743984,0.03773926590120498,0.9853835466842993,0.08492201356516092,0
33,0,2540,3174,1,0,0,2,1,1,1,159,504,0.03936507231188714,0.05643510367332168,0.8084075500252731,0.08713486030499122,0
16,0,4116,854,1,1,1,0,0,0,4,166,85,0.07213503587959318,0.08458529228172101,0.8716467198033153,0.05345602440124139,0
28,1,1601,3227,0,2,1,8,1,0,2,135,3,0.0635447565746246,0.07669475554570128,0.8546779127667721,0.08820526104219818,0
31,1,856,1689,1,0,1,3,1,0,1,395,379,0.053214744772596204,0.04018296463502781,0.9319300000348513,0.06060322655693354,0
122,1,34760,195,1,6,0,10,3,0,30,218,28,0.6304090531847393,0.878164929106767,0.25622661432065696,0.6989382772744712,1
49,2,4224,3111,1,2,1,3,1,0,1,489,301,0.048401767769259356,0.00899472981731192,0.8152064667303338,0.028678100452448774,0
18,1,1314,2430,1,1,0,7,0,1,4,442,109,0.09200028446612821,0.08175664182352467,0.8071465904804509,0.007670425852090335,0
40,2,1005,2119,0,2,0,1,0,1,2,426,52,6.271689619691267e-05,0.09077480744126509,0.9685813364070771,0.09694383222643599,0
404,0,52837,110,0,0,3,9,8,0,19,209,8,0.6520220539501164,0.5403102157252326,0.09162758138589018,0.8485126390457839,1
529,0,82117,352,1,3,0,26,4,1,15,268,28,0.9659867229889676,0.7074375588478127,0.07201989838164624,0.6802229662037065,1
311,2,14720,298,1,1,3,22,4,0,28,247,5,0.7560104144166966,0.8021095835466032,0.18626347549813868,0.8972309482386029,1
18,0,598,2401,1,0,0,2,1,1,2,6,88,0.05046848871741836,0.07091608712001926,0.8207762677210321,0.09534821098344043,0
326,0,28866,457,1,3,3,5,2,0,43,406,23,0.5674095985011731,0.4421467467134205,0.19646149351012931,0.7104713446291022,1
39,0,2217,87,0,1,0,3,1,0,0,119,421,0.04291584059088014,0.061638432592426975,0.8136252550484843,0.012587768726830918,0
53,2,3578,3560,0,2,1,1,0,1,3,393,247,0.01659953435739562,0.039501097264563245,0.8978923858479596,0.0987966366767661,0
4,0,3295,1174,0,0,0,7,0,1,3,366,180,0.022606438067324132,0.09031481624238658,0.9031347454169886,0.06053733849736577,0
12,2,1828,482,1,2,0,8,0,1,3,111,160,0.0952836985253163,0.04532043472317735,0.9752003103201289,0.042190297037894176,0
48,2,4080,2540,0,2,0,9,0,0,4,397,198,0.0803638912254327,0.09519325974575743,0.9847489140878392,0.04204549799214781,0
47,1,849,1786,1,1,1,5,0,1,0,111,135,0.02888877081762501,0.09774968997843651,0.9680295233974437,0.08796228491473755,0
18,1,89391,99,0,0,4,22,7,0,28,362,16,0.8648458307143696,0.9600568294347649,0.3989166752330215,0.9253190367096222,1
59,1,1674,1350,1,1,1,0,1,1,0,128,46,0.04995094216780352,0.09179569952625016,0.9695376309354894,0.004776732195857603,0
40,2,2483,2302,0,0,0,3,0,1,3,128,314,0.028746892829992543,0.019016053192866336,0.9901465196590684,0.011031806876438134,0
31,0,3838,2387,1,1,1,4,0,0,3,325,123,0.08870060173029531,0.0027951806072621602,0.8554639707221818,0.03420851879676563,0
44,1,3356,2310,0,2,0,4,0,0,4,3,136,0.07591682612979887,0.0491431472039013,0.958689184185185,0.032098544928638076,0
56,2,1438,629,0,2,0,0,1,0,4,183,145,0.06181535173936458,0.0037658379587460324,0.8747058922102782,0.07460491552696372,0
49,0,3301,1463,1,0,0,9,1,1,4,375,279,0.0688622476361669,0.03573946598461404,0.9820123224580417,0.0018923913589773635,0
17,2,2535,1139,1,1,0,6,1,1,4,474,263,0.006822516220561403,0.014779518246304281,0.9556902834300989,0.0767416034692171,0
39,1,3125,378,0,1,1,0,0,1,2,52,151,0.035809393023784865,0.03598024075888946,0.8383879036184657,0.07257927451235542,0
362,2,16850,262,0,7,3,20,2,1,36,364,22,0.7835377644824666,0.4690137405281234,0.3540206443556446,0.837036174287823,1
147,2,92352,481,1,5,4,6,6,0,22,248,5,0.7582591577631314,0.9459802930420602,0.15421827634688517,0.5630816867474391,1
277,2,56983,102,1,2,1,9,8,0,21,350,26,0.5530091013118807,0.5440259919723341,0.2668690886243342,0.564404021726675,1
28,1,176,2601,1,2,0,3,0,1,2,50,150,0.017707023817428415,0.031190683695193167,0.8036781782449077,0.0647708402704766,0
13,2,4615,1449,1,2,1,7,1,0,3,459,350,0.07625914264196228,0.07221940236928144,0.8197350255657585,0.07283353495056485,0
1,2,3426,3447,1,0,0,0,0,1,1,262,466,0.07593723261584084,0.041625101260598346,0.9948928779910755,0.08133159660231615,0
36,2,4988,1501,1,0,1,5,1,0,0,160,369,0.06025852109574771,0.0961047661040582,0.8926721988780028,0.044383093662962815,0
399,2,26038,456,1,2,4,18,7,1,19,507,40,0.7095055026438443,0.5354134838277382,0.21080785591568,0.5760099501171534,1
27,0,2302,1036,0,2,0,4,1,0,4,502,198,0.059111274726133006,0.05975534899350206,0.9866838827598159,0.013021621463054679,0
62,1,52139,138,0,8,1,15,4,1,43,220,7,0.5915308861681303,0.7896414362507604,0.2768276195342376,0.7312784328250899,1
513,0,31395,464,1,7,1,28,6,0,28,333,18,0.7343880313101148,0.951199816368562,0.20735368492190084,0.6557019548795262,1
25,1,1386,2267,0,0,1,6,1,1,1,479,135,0.02506932504323004,0.0757612564721148,0.8924837023091227,0.08779941376805642,0
51,1,3642,1810,1,0,0,4,1,1,0,176,78,0.021730839923573143,0.00452063864429737,0.8917000907592262,0.04509513179242289,0
533,0,65091,427,1,2,2,12,8,0,36,207,34,0.6474418490228036,0.6787771066024371,0.19287424473873982,0.6296457194769668,1
16,1,4641,3681,0,1,1,4,0,0,1,454,343,0.06566973259043557,0.04093042616478945,0.9695583038858112,0.02660190068338504,0
262,2,86483,98,1,9,4,22,5,1,16,221,32,0.5247501386187203,0.6304801985591637,0.2693093632515113,0.9954858006001981,1
186,1,16959,10,0,0,3,21,7,1,35,459,2,0.7362674686551429,0.34619040009224866,0.24879236923566253,0.5227795765316843,1
17,2,3086,2273,1,1,1,0,1,0,2,254,190,0.06291979279726509,0.026191659283748326,0.885098163933768,0.07977124538936695,0
230,0,61693,246,0,0,4,19,9,1,11,442,23,0.9603684375755407,0.4312311027007806,0.02384993536923563,0.664859494700174,1
56,1,2241,3860,1,1,1,9,1,0,3,448,248,0.006043878497815936,0.08284753929749261,0.9069965687901635,0.07794482385586976,0
195,1,52519,301,1,8,4,21,5,0,33,405,26,0.9595705677136183,0.9601448738632141,0.17279357889513336,0.5075243883307243,1
45,0,4157,3313,1,0,1,9,0,1,3,72,297,0.00810511530853878,0.07151822765826919,0.9534455566721052,0.002198762264360221,0
9,0,4265,3982,1,1,0,0,0,1,4,132,40,0.002418062955768441,0.0005684574817002907,0.8952405143094864,0.05521988470097192,0
9,1,4820,257,0,0,0,0,1,1,4,353,46,0.054940395066835394,0.052919697532952496,0.9666751013856882,0.006895849962310363,0
63,2,90176,488,0,1,0,24,3,0,31,440,37,0.6978490802911287,0.4488172637848794,0.061563867855290694,0.7624564967247773,1
345,0,5096,456,0,0,3,29,7,0,42,348,36,0.6962189500105695,0.6551743350834149,0.23300006682704455,0.7534387717438895,1
18,2,98718,205,1,6,0,16,8,1,29,337,44,0.8067606163422518,0.4244185731811238,0.18061816604738948,0.6006331325636205,1
442,0,56161,370,1,4,0,8,4,1,7,395,34,0.9029453743963157,0.3615542820685562,0.18877062378484122,0.9456393266863009,1
79,1,17050,454,0,9,1,7,6,1,41,430,16,0.9894834779686961,0.4344845839099786,0.12936332627483407,0.8258066851265451,1
257,0,95404,356,0,2,3,22,7,1,11,430,35,0.7983622097906744,0.31772212640624775,0.2573987711973313,0.8746592613779329,1
41,0,2289,1034,1,0,0,3,0,0,2,254,507,0.08149118185753279,0.038649460872769874,0.8090701472317954,0.009706845759717586,0
444,2,13008,434,1,6,3,8,8,0,36,246,10,0.8589695858890529,0.3923894572543657,0.3719388279061675,0.7675135708632308,1
13,0,4253,557,1,2,1,2,0,0,2,256,34,0.05007994379181666,0.06586881370503725,0.9854679708003458,0.08876951918392283,0
201,1,39445,200,1,1,4,24,7,1,31,435,30,0.6157471783869642,0.9244570864690418,0.07335315835074523,0.5161035385198582,1
24,0,2748,1226,0,2,0,6,0,0,4,506,3,0.08123457211941819,0.002676819656876528,0.9597674012614351,0.0529244519518045,0
49,1,2132,1991,1,1,0,0,1,0,1,306,217,0.06044836948377419,0.012587939235622514,0.8225424344886157,0.06463160558587783,0
31,0,4420,634,1,1,0,7,0,1,4,389,360,0.06289139367039495,0.08262125134530929,0.9312454130097019,0.056676948307189334,0
16,1,55850,226,1,2,4,16,7,1,21,496,15,0.7504073803462927,0.8439094678756347,0.05158935769030304,0.8658428905911348,1
495,0,67634,148,1,9,1,11,8,1,14,297,29,0.8173504139826175,0.902263190577558,0.3716012137112703,0.557423254655697,1
3,0,92733,264,1,0,1,26,9,0,44,347,21,0.5202655294285493,0.9609649829656539,0.27545134885335487,0.8426495134891911,1
12,2,1811,402,0,0,0,4,0,1,0,339,125,0.011534672436855199,0.009490287151940058,0.8467422863772044,0.0229428695976292,0
293,1,24524,330,0,0,2,26,6,0,24,447,21,0.6471976570927427,0.5146609230450504,0.17410250921683873,0.7367095319774322,1
528,1,75956,38,1,0,4,29,3,0,22,327,23,0.810057203687693,0.6859827553839071,0.36090897972341424,0.6565017876546024,1
41,0,4057,2953,1,1,1,3,1,1,1,400,379,0.043095019660909006,0.02655211096323137,0.8127015120028617,0.0061966892814374515,0
40,2,715,3970,1,1,1,2,0,1,4,446,326,0.08240637188070687,0.07384805231759978,0.9871451236316613,0.09294440214377125,0
0,0,4929,213,0,1,1,0,0,1,0,233,508,0.03376484991594895,0.06033505532601481,0.9941339794489883,0.0447099717082382,0
74,1,14039,18,1,9,1,23,2,0,25,284,17,0.6844310652330332,0.8356611504130091,0.2887139313707528,0.848081847898361,1
420,1,17000,9,0,7,1,19,2,1,26,249,47,0.7332603017686649,0.522519510083058,0.32830360455194224,0.6156661472805376,1
45,1,2473,297,0,0,1,6,0,0,0,429,454,0.07974591179566536,0.06700174968572613,0.9310776798251792,0.022282927768166795,0
6,2,2639,1581,1,2,0,9,0,0,1,25,56,0.01097801672542037,0.05313948190322442,0.866487745892244,0.06248273111850092,0
494,0,90231,366,0,2,1,29,8,1,9,464,11,0.518725398616843,0.6953594062450119,0.04359503883245051,0.6903050823186778,1
349,2,51072,437,1,3,1,5,8,0,8,487,27,0.9723672855494236,0.6479414498211113,0.01610134000782906,0.7535399998889671,1
541,2,25867,407,1,9,2,19,5,0,44,470,34,0.9050300577964707,0.6793393038866953,0.2230415054154903,0.7626083783136274,1
417,0,84499,105,0,9,4,20,7,1,22,348,40,0.9218337907672756,0.8264096014097062,0.0786887091339045,0.9547016569492223,1
37,0,1611,2661,1,0,0,2,0,1,4,164,154,0.029248239403496936,0.07967393824527119,0.9256099414940777,0.06945212374302653,0
47,0,4208,3206,1,2,0,0,1,1,3,188,450,0.04584083396092092,0.04871897347777883,0.9830694928805136,0.0037632941221180105,0
329,0,80435,14,0,2,4,23,6,1,36,338,2,0.9828137535053687,0.8588074528791354,0.2957409850009479,0.5994748584175384,1
51,0,1185,231,0,0,1,4,0,1,0,19,447,0.08404196214977622,0.08442678848890775,0.9454031653563039,0.046903565300419975,0
529,1,14107,369,0,2,4,21,9,1,33,207,12,0.9994252941152697,0.7850899898191676,0.2654200311642988,0.631811493213259,1
219,2,17969,376,0,3,3,15,8,0,12,450,28,0.754790860820197,0.8693395459015951,0.014113879997671264,0.8196865008472364,1
170,1,98295,490,1,0,3,29,4,0,37,205,7,0.8367060834806357,0.8227684028302884,0.2733282934011401,0.6367775657250505,1
4,1,3913,3152,0,2,0,7,0,0,2,352,74,0.029659165898495078,0.08980855795603328,0.8884719533512092,0.07329416078373059,0
265,1,81257,306,1,7,2,8,5,1,5,247,47,0.8673914637094129,0.4974232638275472,0.34396119341826514,0.6148896876450407,1
27,1,1958,399,1,0,1,2,1,1,0,148,504,0.03303545143539607,0.08760147962646554,0.8235643765572509,0.05204226865241564,0
390,2,11409,194,0,3,2,23,9,0,27,495,12,0.5747633756869113,0.7167364232872042,0.22736010431998346,0.6985749876968474,1
48,1,3504,1213,1,2,0,1,1,0,1,22,14,0.07584736329059119,0.09746756988819483,0.846521158346996,0.0024424028674958523,0
49,2,1176,1850,1,2,1,2,0,0,0,16,1,0.023481045058667206,0.057466498932894954,0.9636753127192911,0.04228896323226178,0
287,2,85487,226,0,8,0,20,5,0,17,334,32,0.8480851438250951,0.8901681047012204,0.31856620510880973,0.7866426195236267,1
54,0,4118,1934,0,2,0,7,1,0,0,180,506,0.02355650984701542,0.050261446634732046,0.9054876765973477,0.044609700837238565,0
6,1,1095,752,0,2,0,3,1,1,2,91,107,0.07598603144122315,0.0034100219897428064,0.9355034279617122,0.011765558272989552,0
407,1,61980,141,1,1,0,13,8,0,19,335,26,0.5277297025955956,0.5009691254974161,0.06643965578658069,0.8768523851055183,1
294,0,66914,269,0,7,0,28,9,0,37,309,17,0.830538744518748,0.5769510369380249,0.17984840521229045,0.5781253348657791,1
21,2,3975,3487,1,2,1,2,0,1,4,307,408,0.05908771296482246,0.048134911009500785,0.8214074707104575,0.09460332004235535,0
26,1,4387,131,0,0,1,4,1,0,4,421,49,0.09814105423244995,0.06318421417565212,0.9830252070479701,0.0197529392440313,0
179,1,39933,355,1,7,0,9,8,0,38,399,19,0.9316579616901401,0.8716707805518615,0.31453336306749435,0.7457040408289662,1
535,1,98855,447,0,4,2,26,5,0,25,297,10,0.9536228786705403,0.5413576722867641,0.322379603396826,0.7318158072409274,1
3,2,533,803,0,1,0,1,1,0,1,157,186,0.0838938968898242,0.03948753098828503,0.9778430050143458,0.03263972243476602,0
14,1,4092,589,1,1,1,5,1,1,0,498,29,0.03431988914064767,0.029382056836780614,0.8258218591770098,0.0709955424705883,0
16,1,1094,500,1,1,1,0,0,0,4,106,228,0.003103589250559047,0.0009123507232059237,0.8545646867830982,0.035099015407271165,0
51,2,4705,1675,1,1,1,1,1,0,4,427,449,0.06403853151150554,0.05123084622882501,0.890931666347363,0.0314663280239053,0
13,0,917,2055,0,0,1,0,1,0,2,19,42,0.0034312743123076084,0.013047545979551434,0.9316276693284884,0.08490272393880993,0
51,2,290,1614,1,1,1,7,1,1,0,354,509,0.06688203773722011,0.00315794699147538,0.8481699230057769,0.03396752561183899,0
174,2,17887,111,1,6,3,11,7,1,48,349,8,0.8789069065745418,0.9486532872778133,0.24217233134164112,0.8528668959546252,1
10,2,1932,2599,1,0,0,7,1,0,3,204,82,0.06843819294780461,0.0298002364448984,0.9359763740935735,0.06271070109094283,0
436,1,55096,330,1,0,0,9,7,1,9,210,9,0.5292920403957496,0.9759863052184035,0.34133693765460854,0.6954882662017076,1
236,2,69518,412,0,9,0,5,5,0,31,207,13,0.8921066480124313,0.7328298438230592,0.1177096394739893,0.9579493620028036,1
308,1,37124,467,1,0,1,9,8,0,42,238,40,0.6402210342707512,0.5582144145261831,0.20032295935663239,0.7976385633946403,1
36,1,471,2928,0,1,1,3,0,1,2,51,454,0.05205384726396178,0.06398573097097787,0.8121146068821848,0.07068746429591792,0
52,0,3778,3286,1,2,0,2,1,0,0,384,443,0.08090565438889324,0.007589503937887121,0.9693982343387464,0.08849222742930335,0
491,0,54591,84,1,8,3,11,8,1,28,333,21,0.7905378286854636,0.44781006998189116,0.37199981016145234,0.9085550299611305,1
85,0,66163,82,0,0,2,19,7,1,15,281,35,0.5218282987030395,0.8355409532490989,0.10797017002426618,0.5771679502996411,1
45,0,3500,3427,0,2,0,0,1,1,2,107,451,0.011331720798663847,0.04257191430459842,0.8128170447062862,0.018042400117640033,0
2,2,47129,80,0,5,3,13,2,0,44,443,12,0.8388426168575036,0.8695767792692011,0.3511016008493943,0.6197519784386026,1
11,0,1740,3240,0,0,1,0,1,1,1,63,230,0.0381209154741414,0.03248637753553107,0.9334012203493167,0.07159929299847088,0
40,1,4521,1695,1,0,0,3,1,1,4,490,417,0.07249222621743054,0.07870817206571942,0.8294175612361727,0.04905411783569874,0
103,1,96588,265,1,6,0,6,3,0,18,472,23,0.796752883232938,0.5286007167160564,0.18557112157450528,0.9060523240154146,1
45,0,189,664,0,1,0,3,0,0,4,81,79,0.04706909754473476,0.03421743079197921,0.8807915078216061,0.035526712008668096,0
59,1,3466,1834,1,2,1,4,1,0,0,410,75,0.08702719089110333,0.07081107361279035,0.8984663541823137,0.05565002547814116,0
31,0,823,2222,0,0,0,5,1,1,2,362,200,0.09349103197724257,0.08093098978534378,0.9495612100110471,0.005987593904989075,0
7,2,2870,1394,1,2,0,5,1,1,4,2,104,0.0914649759737926,0.003951246900530825,0.8945092664033508,0.030732522351555294,0
52,2,2692,274,1,1,0,9,1,0,0,222,136,0.0998933625204296,0.018403399716848578,0.9217571501121912,0.025802299009086316,0
57,1,4535,3211,0,0,1,0,0,1,4,49,36,0.035214055091794594,0.08331489027880266,0.9927335152150244,0.017011393245877516,0
440,0,5851,262,1,9,0,22,3,0,40,282,8,0.679968766077226,0.8972341876104324,0.32135609272530835,0.8649471521359515,1
34,2,890,3776,0,1,1,4,1,0,4,402,203,0.041116501257626836,0.03081499515391888,0.8510576861338778,0.09418730834043114,0
34,0,4687,1862,0,1,0,1,1,0,0,280,123,0.04100045627119157,0.07240222856300405,0.8707768488284208,0.013023892745477328,0
21,0,39065,298,0,7,3,28,8,1,22,500,41,0.642631941911243,0.5652522285891433,0.27759436146732874,0.5088216060388067,1
22,2,97446,174,0,2,3,6,6,1,49,365,21,0.9919221496284558,0.6144333017083887,0.03243684819074173,0.6115415533840999,1
14,1,4274,3086,1,2,0,6,1,0,0,115,161,0.052355922986489084,0.07867389979777789,0.9102265664571065,0.027843780060367952,0
15,0,1088,2199,1,1,1,2,0,0,0,200,76,0.027207967827406546,0.003964146524136969,0.8357498435642454,0.07300070548032225,0
44,0,3688,2079,1,1,1,2,1,1,4,490,42,0.073452961108271,0.0803678540399188,0.9617462568982772,0.07213088799787698,0
39,0,2853,716,0,2,0,8,0,1,3,380,35,0.06018505770595171,0.003778242831949119,0.8137508944062878,0.055857825966186325,0
32,2,2497,2332,0,1,1,0,1,1,0,8,304,0.07928518564660492,0.02333766789158649,0.9792597276420953,0.04511424565162678,0
37,2,1297,2985,1,0,0,4,0,0,1,78,505,0.09623479576913013,0.038281899153961546,0.912598742618615,0.08438952038875003,0
18,1,1923,2663,0,0,0,4,1,1,0,465,496,0.06386531889914378,0.0285026143929189,0.9083720526771335,0.06637574636722095,0
391,1,88643,341,0,6,1,9,7,0,30,407,12,0.8500380652073987,0.7115290366572342,0.21568343540932125,0.7408637949753258,1
54,0,735,1204,0,0,0,6,0,1,0,87,165,0.029075614295987942,0.0809652891198728,0.8035361276396242,0.023612191648762406,0
2,0,4375,3055,1,1,0,7,0,0,3,443,232,0.08056349468271817,0.0807857876284384,0.9092689849869553,0.053623528947132196,0
19,1,2508,3067,0,1,1,9,1,1,1,161,457,0.03445275946434907,0.0791365581816441,0.8826727024255269,0.008416015248875752,0
343,2,68797,301,1,3,4,28,7,1,44,348,13,0.8890369979014137,0.6192420849919232,0.0315601948660067,0.8964821704948904,1
40,1,62565,351,0,1,3,14,6,0,45,257,2,0.754693602869472,0.599191614544883,0.21004727118388689,0.5087159688174105,1
597,1,47443,333,1,8,1,23,2,0,15,340,32,0.5514972465600065,0.9234788630963389,0.043706643656404864,0.7212162570867889,1
450,0,53930,47,1,2,2,20,9,1,17,472,18,0.8775371228413296,0.5635372698743287,0.0786956676872038,0.5884181317920708,1
26,2,1122,502,1,1,1,6,0,1,4,409,115,0.008705605703019915,0.011145512760562382,0.8763221361045757,0.0772040722498378,0
58,0,635,1545,1,0,1,3,0,0,4,56,286,0.042839912199552105,0.02704600518192766,0.8321440111889824,0.0048656786983427795,0
48,2,3806,575,0,2,1,9,1,1,4,338,387,0.010132350869529806,0.05904339722270955,0.8102448890109285,0.08325399186736215,0
180,0,48262,455,1,2,2,28,7,0,28,362,44,0.5183547165109,0.903020759137797,0.264151068345629,0.5627169419061913,1
453,1,85960,297,0,6,1,19,6,0,22,200,11,0.6105791224213266,0.38542167447062836,0.0596819230978662,0.8291138927918572,1
35,0,4588,2465,0,0,0,6,1,1,0,86,480,0.02409614034469372,0.0994040425209049,0.9583908325272614,0.09254585685654455,0
99,0,9038,397,1,9,4,26,9,1,27,260,36,0.9126184640652997,0.35236161304155833,0.2450667395260763,0.704635826865696,1
55,2,1129,2330,1,2,1,0,0,0,3,165,202,0.05110180473346554,0.03297423310025197,0.9480507677418701,0.029955917699779712,0
548,0,63368,223,0,4,2,14,2,1,26,450,30,0.6041491495513633,0.43020879196826534,0.31577394869090714,0.7520010388085049,1
269,0,41645,8,0,1,4,21,9,0,18,502,36,0.9652079728506923,0.3038789905889436,0.2200212019110583,0.5544490063751533,1
8,2,2847,1943,1,0,0,8,1,0,3,134,374,0.06862500101999565,0.009775194130474408,0.9344832233921663,0.09733790846042817,0
449,1,27275,434,0,5,2,14,4,0,37,342,40,0.9776076657328209,0.5975749019021226,0.15143126109540989,0.7394234606060356,1
48,0,1571,797,0,1,1,5,1,0,1,360,502,0.07148072191107217,0.07998640441187217,0.8275846196913107,0.0886390774666986,0
28,0,3584,3471,0,2,1,8,1,0,3,72,198,0.05208974912551904,0.03964572662564006,0.9575556780495165,0.021717665567503364,0
29,0,869,3519,0,1,0,2,1,0,4,263,271,0.06757033497418591,0.08931305624230529,0.9104728672787055,0.022976391457347402,0
338,2,32499,313,1,0,0,16,2,0,8,420,17,0.6019375376220948,0.9929103661002456,0.1732922634571933,0.8266635045118043,1
13,1,117,1268,0,2,1,6,0,0,2,237,388,0.04969007458410762,0.05273285208134662,0.9234538747861549,0.09482097366824804,0
3,2,1471,3283,1,0,1,2,0,0,0,52,346,0.05124457856179237,0.08548662841706502,0.9214197068990699,0.05575583893329864,0
39,1,4695,432,1,2,0,9,1,1,0,15,138,0.046118712759584526,0.08777955795690846,0.8426950584810283,0.08570952379299886,0
36,2,4107,2766,0,1,0,3,0,0,0,461,9,0.09064685760641261,0.05051153605654934,0.8933864910252681,0.09574381476670119,0
11,0,4117,2020,1,1,0,7,0,1,0,252,395,0.013881005236448786,0.018422630513903093,0.9678914368028149,0.08187044697438045,0
518,1,73062,96,1,4,2,14,3,0,46,449,25,0.8935335864127438,0.9552583326790078,0.34531754913281004,0.8709605658325453,1
42,2,2063,1234,1,0,1,7,0,0,1,471,122,0.0357263611566583,0.06642926884890671,0.8808854457458553,0.08345137176256916,0
14,0,724,1000,0,2,1,7,0,0,2,495,221,0.053761311644889336,0.049667552630448336,0.8434785203446364,0.09397042163346365,0
38,2,2077,2182,1,1,0,5,0,0,3,155,218,0.036439842179787345,0.09330185459069837,0.930841976672679,0.050878869857126585,0
34,2,4258,2265,0,1,1,0,1,1,1,95,374,0.08271183109857416,0.005008381361583792,0.8313197949287646,0.028203957577506347,0
37,1,3269,3447,0,1,0,2,1,1,2,255,16,0.05778675175766852,0.03372618581421847,0.9109327707927817,0.009876156388046831,0
420,1,8646,440,0,8,2,18,8,1,46,230,21,0.5832279908810005,0.44335166976572005,0.10791981200421215,0.7046067479109572,1
29,0,2290,2773,0,1,0,3,1,0,3,118,410,0.06464627248387489,0.033458575893387986,0.9265103997828213,0.04668874550759346,0
101,2,9760,186,0,5,3,24,6,0,17,346,43,0.649221180102225,0.5797322500798578,0.19811567538036512,0.5537147617102454,1
5,2,2989,1302,0,0,0,0,0,1,4,135,127,0.07800844877367365,0.06268933696292282,0.9267506504266806,0.09816234473748323,0
29,2,3184,2649,0,2,0,1,1,1,0,278,498,0.04451469412537207,0.0743703568435944,0.9100837096446499,0.08834389173228514,0
46,0,3034,1720,0,0,0,3,0,1,0,271,17,0.013600564357814772,0.039246294731865666,0.9804194158546804,0.012578447627762602,0
7,1,1738,916,0,1,0,1,0,0,1,458,158,0.07798549148714806,0.09837129802711074,0.8942681347658753,0.05907522093551903,0
5,2,2963,1527,0,2,1,8,1,0,3,116,243,0.03788743974239146,0.07026430761868001,0.9115186854172841,0.032298796895895564,0
55,0,1317,1480,0,2,0,8,1,1,4,31,504,0.015684188787778875,0.05866498768347041,0.9250663973251476,0.004078019725343984,0
10,2,2174,2465,1,1,0,7,0,0,1,170,418,0.09439746948171895,0.050188756708467466,0.8307360743996891,0.02126048682787958,0
207,2,74561,166,1,1,3,8,5,0,30,243,31,0.5947594010006325,0.7143710488710678,0.10883389033901394,0.8250635872358955,1
45,2,2448,2694,1,2,1,1,0,0,1,467,276,0.005096097815474321,0.015487665643843141,0.8691118241431489,0.05024092405206465,0
7,2,2366,1097,0,0,1,4,1,0,4,208,93,0.006878208792625984,0.007676886950678353,0.9283090424785936,0.09780033831575195,0
46,1,1242,1110,0,1,0,8,0,0,2,231,331,0.057167665307321584,0.07887637950615393,0.9851206786196431,0.05928546001010504,0
7,0,3982,211,0,1,0,9,0,1,2,225,436,0.003317285184792618,0.01472279182052757,0.9054359659838054,0.06417915197630013,0
140,2,87551,274,1,0,1,19,5,0,20,270,32,0.6303914006489945,0.5069249732098341,0.1653568071348575,0.8225542622197747,1
480,1,44075,109,0,1,3,22,8,1,13,448,46,0.5064383593310984,0.6510831328919753,0.2326095311833053,0.6109305181560037,1
580,0,71192,69,1,5,4,8,8,0,49,224,12,0.8585291936844126,0.5283435717135402,0.2902390359592015,0.5741330806206797,1
26,2,669,2601,0,0,1,6,0,0,4,407,146,0.07598094474226884,0.0745444813281196,0.8711284481904187,0.04710834481547909,0
21,0,2590,2183,1,1,1,0,0,0,2,382,176,0.03495288361739903,0.03482223202129355,0.9297413381212756,0.018362521562686362,0
284,2,62881,411,1,6,4,12,3,1,42,333,21,0.7010873491955987,0.7692129071601925,0.34648857019916635,0.8245019053144491,1
200,1,91207,344,0,0,2,15,9,0,48,473,9,0.7915240065604112,0.6729699321117395,0.020131115536835376,0.9178525872328169,1
436,0,24430,191,1,0,4,29,2,0,15,442,35,0.5042965545872944,0.879591243100724,0.21876793216709742,0.5916895241167359,1
458,0,74349,119,1,9,4,17,9,0,37,249,16,0.7728338412941091,0.47716296095084726,0.17217417700896853,0.8662219833398925,1
47,2,4353,1018,1,0,1,5,1,1,3,81,235,0.03355490369552484,0.048150731230273594,0.9616694551671329,0.04728548226009022,0
20,0,2296,3538,1,0,0,9,1,0,2,345,311,0.05654426201812867,0.008023307560543836,0.8108668659189114,0.024259470355583457,0
58,1,4451,445,0,0,0,1,0,1,0,85,10,0.020978138418742555,0.04730378901067196,0.903154411484742,0.031659634571276185,0
35,1,3216,3920,0,2,0,6,0,1,0,338,147,0.023915030711850638,0.03544362812129146,0.8180745612823607,0.041929129421576485,0
29,0,1933,128,0,0,1,7,1,1,0,170,480,0.032531226667439773,0.025482279968226842,0.8971871139160494,0.08404754244924995,0
59,2,1677,3261,1,0,1,7,0,0,3,151,310,0.04691094205063942,0.031234140043644554,0.9830035369195916,0.006594366485007386,0
12,1,4138,723,1,0,0,1,0,0,0,222,420,0.08872704689328854,0.03144064949241237,0.9466202695473379,0.07642576925211392,0
44,1,2878,1233,0,1,0,6,0,0,3,287,328,0.012346352063399891,0.06992740173160289,0.8551626360200074,0.07534338143753105,0
254,2,98519,287,0,9,1,20,3,0,37,387,47,0.8422959629068799,0.978870191952927,0.3136717273768388,0.5578124422090244,1
595,2,51010,349,0,0,1,8,3,0,15,210,13,0.7210654727424873,0.8676730414977041,0.20859462276613755,0.7486649901533832,1
28,2,2748,3260,0,0,1,8,0,1,2,276,97,0.06427362729699583,0.09094746124941654,0.8452415718724586,0.05414982487679131,0
57,2,3392,3391,1,2,0,2,0,0,0,490,41,0.03482446452144324,0.06879944561600758,0.9925428656753824,0.05225769292667015,0
56,2,78542,105,0,0,1,7,4,0,37,277,47,0.9314342859547895,0.5219675355317963,0.06996417789677337,0.815981618562846,1
238,2,88215,206,0,4,2,7,8,0,19,409,13,0.6007305170222903,0.8671693596982168,0.0811615942055318,0.8892810661444357,1
32,1,4705,1034,1,2,0,9,0,1,4,384,339,0.07325314447207497,0.019348228852663452,0.9253524687510273,0.07580823344389266,0
29,1,2179,911,1,1,0,5,0,0,4,70,26,0.09880167684203434,0.057330204885515934,0.8608880235733936,0.0239198684852569,0
156,1,19150,384,1,1,1,20,8,1,14,394,19,0.5410125443461964,0.5294146076518857,0.13750438685255026,0.6176836520433742,1
392,0,37454,26,1,7,0,13,2,0,5,219,23,0.8593337744636449,0.9870908783614463,0.03350587185998784,0.6447348177519804,1
303,1,17976,358,1,2,4,29,6,0,41,200,20,0.5324325965556462,0.5141077006509923,0.11778596416172903,0.5699688330737993,1
28,0,1280,282,1,0,1,0,0,0,4,94,87,0.029121525056252387,0.004396103420456799,0.8900796570417193,0.046141842690345374,0
39,0,4048,3133,0,2,0,4,1,1,1,186,362,0.0493621663154037,0.01937148164719037,0.8504468308562526,0.047029620135962284,0
143,1,87651,403,1,6,3,12,3,0,14,327,24,0.8674463398278371,0.7148951502359416,0.03198820288172453,0.5071715943024724,1
493,1,21256,326,0,8,4,20,7,0,20,291,37,0.7404588967631629,0.9260044986514391,0.03676483897313059,0.510311897536864,1
12,1,4053,2079,0,2,1,9,0,0,2,386,258,0.0005135008749775682,0.03139632306176687,0.8275719024477294,0.043645112349437125,0
235,0,88871,150,0,5,4,14,5,0,8,421,38,0.9870968592953236,0.8028321693786749,0.05809839322876731,0.9894276567504334,1
14,2,905,1848,0,2,0,1,0,0,4,496,135,0.08152238394105589,0.025950326718636132,0.9388089785985784,0.010127869750558183,0
20,2,1391,3721,0,2,1,1,0,1,2,210,424,0.04302071607706958,0.08390391177573958,0.8221416294149196,0.02497789240175772,0
56,0,1447,2957,0,0,0,2,1,0,3,493,274,0.07350355590861049,0.027961961737601616,0.9583422067589618,0.09077564675649658,0
480,1,76364,341,0,0,2,17,2,0,11,359,34,0.5733346323005284,0.9355021327400022,0.37630595068570716,0.9326265138483862,1
26,2,4064,2957,1,1,0,2,0,1,3,487,507,0.056711248708043976,0.023430088077020184,0.8988155936422194,0.04430125422624383,0
14,0,1559,2137,0,1,0,9,0,1,0,328,486,0.039988319686420054,0.04991489928697923,0.9547507318018078,0.09172936667042281,0
158,0,16726,133,0,8,0,19,9,0,11,408,43,0.8999518004392906,0.41057107638365,0.010905840032986404,0.5681325376866773,1
11,2,3612,3377,1,0,0,0,1,1,0,380,208,0.033499377778728315,0.07204872228067996,0.8620725510063961,0.06166666554426752,0
420,1,13993,231,0,9,2,26,4,0,18,316,9,0.7467295637251666,0.5053495782081937,0.0002575486988638964,0.5080840848934672,1
25,0,1388,3505,1,0,1,9,1,0,1,232,384,0.018638133323337292,0.013078417568906743,0.8521791914928102,0.08325199291748446,0
8,1,1848,2396,0,2,0,8,1,1,2,293,156,0.07547470345689972,0.07577533841817143,0.8466549294905883,0.08579380084155429,0
3,0,3753,1870,1,2,0,3,1,1,2,509,58,0.046411370440504134,0.06473807211960465,0.9954295864994069,0.020025484428509856,0
51,0,4593,1274,0,1,1,2,0,1,4,286,507,0.03777899644956461,0.061599396879010906,0.8812104751696006,0.08785946504436563,0
267,1,91158,470,1,0,2,8,9,1,8,241,22,0.5385460996209854,0.3305445780920818,0.040126148198150614,0.9292875016312288,1
44,0,3269,1024,0,1,1,3,0,0,1,12,214,0.09544457707681575,0.01378696162409404,0.8423587047783039,0.07377605675051205,0
432,0,71076,485,0,0,1,22,8,0,16,416,31,0.8679297550383385,0.9776514203517146,0.09461597576709768,0.7031902661415457,1
52,0,900,1278,0,2,1,9,1,1,1,303,239,0.08878909459755109,0.02380862002290326,0.8095304607723017,0.0754871140244383,0
244,2,31016,428,1,9,2,20,6,0,49,356,49,0.5821265341967086,0.8439816305015513,0.28303459320233687,0.8330637419950127,1
39,0,65467,433,0,7,1,6,8,1,37,412,44,0.9052452663872325,0.6254582146046219,0.00964135947530207,0.8048380405396204,1
56,2,3644,1270,0,1,1,0,1,1,0,233,190,0.0780871344272688,0.007285645125570329,0.8464905349103997,0.09673195895489756,0
51,0,2020,2038,0,0,0,1,1,1,0,437,335,0.01862941726179358,0.06245862838294202,0.8479425333538858,0.004081347376007927,0
414,2,23543,13,1,8,2,21,8,1,23,321,44,0.7930883841091316,0.6293510393633173,0.2377641591959669,0.764008234682807,1
25,0,4700,354,1,2,1,9,0,0,3,26,125,0.005653292863961101,0.09787078197410709,0.8316912163796895,0.04282509272741384,0
12,1,4735,362,0,0,1,4,1,0,4,165,161,0.006737279102578731,0.06284619672000752,0.8032097249320835,0.0033186712789611164,0
40,0,2579,1143,1,2,0,8,1,1,2,443,6,0.03205010290538708,0.08685015915147874,0.8026267512884746,0.0752304907926042,0
182,2,42931,258,1,1,3,5,4,0,39,375,19,0.5223776899230452,0.5067573756187475,0.386183632538063,0.9869508950797581,1
532,1,59122,247,1,4,4,12,9,1,21,435,25,0.7579400063879905,0.7976889371284497,0.008632080543633115,0.627959809506321,1
101,2,81159,19,1,4,3,28,5,1,44,452,43,0.7256742979639184,0.9105135007009,0.3421888826545444,0.9496914987395824,1
48,0,2162,417,1,0,1,5,1,0,0,116,464,0.09183323681992661,0.006139957599448476,0.8300732720151088,0.008884544487158553,0
32,2,1785,66,0,0,1,9,1,1,3,228,316,0.05437546851943035,0.03378411669438646,0.9073840606860538,0.07277685510404809,0
30,1,2468,1435,1,1,1,3,0,1,3,311,18,0.006074141836228931,0.029980603435567733,0.861032754080303,0.00218528869033392,0
8,2,4859,948,1,1,0,9,0,1,3,246,438,0.017134463926368738,0.006282205874772551,0.9928846516706392,0.046052345849429625,0
528,2,70501,395,0,7,4,27,4,0,19,230,30,0.9123875733585145,0.5628671584235592,0.03008910489178156,0.5886367738355649,1
45,2,1219,1101,0,1,0,0,1,0,0,168,6,0.09914220915336776,0.04376345028814615,0.8372792967924401,0.012632639149709158,0
130,1,87475,287,1,4,1,10,3,0,10,263,4,0.7076748343849322,0.41274012380353925,0.0033785733013674602,0.7454573295182353,1
123,0,33493,374,1,7,0,26,3,0,39,410,5,0.9010333321926767,0.4859774336654962,0.1989881821703111,0.6336310028105476,1
137,0,89882,234,0,1,4,5,9,1,29,396,10,0.6225640634577845,0.39905158276367275,0.1340713606410866,0.8514914859091484,1
545,2,9716,39,0,4,0,23,2,0,33,357,31,0.6187224033764904,0.4189464521650007,0.06722332942040947,0.9726483827710913,1
17,0,2443,1326,0,2,0,5,0,1,1,157,490,0.07749020173254387,0.09510706541411044,0.976765442214455,0.025920297984581477,0
42,0,3174,1106,1,2,1,7,0,0,4,395,169,0.026860786068493504,0.0950033729051776,0.8785569877594366,0.046754181246050165,0
19,1,3124,1884,0,0,0,6,0,1,1,30,105,0.07481832557174423,0.09782881051012499,0.983845501762531,0.028452871752258205,0
577,0,49832,199,0,4,0,22,4,0,47,409,29,0.7411730659135424,0.46765744323956554,0.39187696937354866,0.5676430135533566,1
25,1,22442,330,1,4,4,26,3,0,32,329,24,0.7433518573270971,0.47788223216038983,0.14470020106040213,0.6662264953838268,1
496,2,55850,451,0,6,3,24,7,1,19,216,19,0.8399460658477178,0.9609888673211191,0.3926030232898033,0.6882900267297649,1
15,0,1849,2141,1,2,0,4,1,0,0,16,208,0.004216682590559795,0.08778351259579933,0.9333222157527209,0.06661258500317012,0
59,1,3273,1504,0,1,1,6,0,0,2,468,79,0.014032051795585488,0.04523260862339859,0.9208756776385248,0.043666429723124456,0
314,0,67610,205,0,9,1,18,9,0,43,262,31,0.6255016559064452,0.7030062620691344,0.2865141483465932,0.9178305024128148,1
492,1,11116,151,1,8,4,19,9,1,16,302,36,0.8634542695550294,0.4672221954152973,0.2975126962186903,0.5838845819818979,1
44,0,4581,205,1,2,1,9,0,1,1,352,137,0.03448774174246808,0.09309496698578923,0.9704408173977173,0.006812192649915439,0
16,0,1926,847,1,0,0,4,0,0,1,327,262,0.010249489070081408,0.04947958890275152,0.9761352329754758,0.07566385194499538,0
4,1,1041,2484,0,2,1,2,1,0,4,162,489,0.04961188595085966,0.04862274393145249,0.8478504477682886,0.06681440142349153,0
51,1,1777,2337,1,2,1,1,0,0,1,1,488,0.05059939788196482,0.020962838177593313,0.9964641877319738,0.010450755319273608,0
2,2,4849,3272,0,2,1,3,0,1,0,242,44,0.03933702765813071,0.03031450815657734,0.8421104201373025,0.04119202455925465,0
58,1,3749,1958,0,2,1,2,0,0,3,70,172,0.0826480075803284,0.0022824669012919243,0.8406752218860175,0.016224431937068417,0
10,1,3459,487,1,0,1,1,0,0,2,197,495,0.02220445251938874,0.013267113103306527,0.8904729216930871,0.019670076935212045,0
35,0,3593,509,0,0,1,0,1,0,2,294,67,0.019900755561789076,0.0655975456392056,0.9902168933616513,0.03946466142214203,0
44,2,2258,1764,0,0,1,4,1,1,4,430,429,0.04110379176123428,0.007714044088089001,0.9752276747784883,0.039451930729457976,0
161,1,9961,125,0,4,2,16,4,1,12,229,27,0.5193278655357478,0.6672704600129744,0.3774929337886612,0.6626979390755605,1
284,1,49057,332,0,7,1,14,9,1,13,373,14,0.596556335355451,0.3497357449146595,0.2949895413366613,0.6693176234283752,1
18,1,2208,1675,1,1,1,4,1,1,4,470,309,0.0922823675828765,0.09831150942439373,0.9102342227604532,0.052977948039398585,0
22,2,3014,882,0,2,0,4,1,0,2,102,437,0.07851413591907351,0.07057709699539592,0.8777519470713666,0.06375925778173994,0
23,0,3214,3831,0,1,0,2,0,0,3,421,363,0.06345379182003379,0.0719985349626125,0.8895336650932355,0.025884030710842255,0
137,1,28646,288,0,8,1,21,8,1,9,206,44,0.8379239754018089,0.5828999341366317,0.33379426767378395,0.6175500241579921,1
43,1,3489,318,0,2,1,1,1,1,2,329,180,0.043838269674914866,0.08669661307582678,0.8273084358540266,0.06938106553068392,0
13,1,277,411,1,0,1,1,1,1,1,393,406,0.08290089211880176,0.01192767964296131,0.9454515678678108,0.05536393468138309,0
399,2,39688,464,1,9,2,11,5,0,37,231,43,0.6269094710268548,0.42725268708094294,0.04895585964135343,0.9570477735919672,1
8,2,3347,1580,0,1,1,0,0,0,0,89,254,0.09658924625897869,0.03625416600379673,0.9051791545592578,0.04351033228016517,0
450,0,71870,51,0,0,1,7,8,0,15,473,25,0.606028057329157,0.987343472147413,0.1422988718715029,0.9546316132732313,1
29,2,3065,1761,1,1,1,2,0,0,4,102,248,0.05464151000102786,0.05340403032753513,0.8522067018638674,0.024621659353271375,0
524,0,52569,16,0,4,4,14,8,0,45,238,47,0.8704650187597334,0.9173173586482517,0.20979803042151685,0.9463233244229142,1
26,2,1533,520,0,0,1,9,1,0,2,399,7,0.07044185328618452,0.07623873153302389,0.8346120545028681,0.06860670851189062,0
375,1,76000,259,0,1,0,10,8,1,30,317,10,0.7746839930683649,0.6341993326210291,0.34578123064602345,0.7561495815536998,1
11,1,957,2852,0,1,0,7,1,1,1,407,43,0.05471489008726178,0.07582289773548483,0.861699982879492,0.020004953230847545,0
6,1,3128,71,1,0,1,2,1,1,0,144,20,0.04067506161901399,0.011329609997636037,0.9123818183929847,0.004642406015361422,0
44,1,1675,3811,0,2,0,9,0,1,2,3,10,0.07471148564574474,0.08454440077616995,0.8962657240719931,0.03559403695096469,0
129,2,41584,440,1,1,2,12,5,1,9,439,31,0.6060515758753826,0.7263048854704994,0.1225314562353911,0.8314958783124495,1
27,2,4427,1971,1,2,0,6,0,1,4,202,123,0.007401158583763623,0.004465698603752267,0.8503328969255873,0.0034699091891014057,0
361,2,48141,222,0,4,0,12,2,0,35,412,21,0.9799356295361304,0.4196084155858234,0.3974302287715555,0.8673543781074452,1
56,2,3756,3177,1,1,0,5,1,0,1,221,81,0.054404781087320324,0.008846042395863318,0.9823766257481926,0.055663863584277475,0
58,2,3244,2050,0,0,1,7,1,1,0,77,14,0.04326293190684014,0.089387281888302,0.8781473015250234,0.03931735655414771,0
93,1,44923,205,1,7,2,13,3,1,9,228,45,0.5841671201388201,0.6734003585944982,0.30774022616944474,0.5196905746398536,1
389,2,41018,200,0,4,1,16,8,1,8,505,36,0.8674039308315554,0.5140675919753342,0.22760250520198846,0.9460895123123125,1
9,1,726,1358,1,2,1,9,1,1,0,503,184,0.08110395957763311,0.006968130767442893,0.8395125947577802,0.01726891305138887,0
7,1,2938,3568,1,0,1,2,0,0,1,70,201,0.05458475497464288,0.08968193088565712,0.9928796663377976,0.06643539276248615,0
35,0,4730,2490,0,0,1,1,1,1,0,454,70,0.019938920563426922,0.07880745360998431,0.8351345452578364,0.008217702948400197,0
32,0,2394,736,0,2,0,1,0,0,1,425,261,0.06963719489435082,0.029899734574057802,0.8198805316471262,0.04065646328184878,0
25,2,1024,2320,1,2,0,2,0,1,2,413,133,0.048489644924737535,0.004586910491388307,0.8320981520670626,0.08707367401020408,0
17,2,3552,3772,0,1,0,4,1,0,2,3,185,0.08015220771176368,0.037950227338525745,0.8473698895481955,0.030238204525212167,0
314,1,88145,142,1,7,3,7,2,1,49,222,9,0.8116043318248751,0.5620288723810958,0.2495089016763734,0.5619335134067509,1
11,1,2834,1075,0,0,0,7,0,0,0,31,421,0.08387947578073207,0.014613151511985712,0.946095021759287,0.0696242429323282,0
11,2,72419,143,0,2,3,23,6,0,24,470,1,0.8311651057064946,0.6796768908636959,0.3781340772330616,0.7661418726140152,1
29,2,3523,2050,1,2,1,9,0,0,4,469,228,0.040797578050574934,0.031296048063527794,0.881304704456874,0.04453859535183566,0
288,1,10585,421,1,7,3,9,9,1,9,272,15,0.8711875325024963,0.9062502264235051,0.19765313496948567,0.5093430898614804,1
54,1,4241,1163,0,2,1,3,1,0,0,159,8,0.022921336057094777,0.06124310186344193,0.9555519234128512,0.03256398560058338,0
19,0,2526,760,0,2,1,1,1,0,3,376,383,0.03863024022763746,0.011414370766345994,0.8651543794349089,0.031019029943420342,0
59,2,1499,578,1,0,0,4,1,1,2,385,64,0.036620888641852645,0.0186947607837614,0.967780080944683,0.09649277915623324,0
23,0,3337,2351,1,1,0,7,0,0,4,102,271,0.04632084716901796,0.045880726497283066,0.8268534638930033,0.0075175036647210265,0
335,1,52867,410,0,3,2,29,5,1,36,335,12,0.9788534518191996,0.8751316603433572,0.11349235954508355,0.9949540878787839,1
24,0,3443,2909,0,2,0,4,0,0,2,474,150,0.05467549269494359,0.08223428748671908,0.9935047617025163,0.0019285444923395345,0
40,0,1393,1809,0,2,1,1,1,0,3,380,8,0.09036306790861412,0.08542530502887136,0.932850042583588,0.011203093868171888,0
238,1,92723,259,1,0,1,24,3,0,36,225,9,0.5406119104077768,0.7548470919094388,0.17838007090891753,0.9517655634344735,1
577,1,72549,394,1,4,3,10,8,0,38,454,23,0.8396981255297082,0.8934787585760453,0.3698348592628933,0.9265687544236971,1
5,1,195,511,1,0,0,0,1,1,2,101,481,0.07756434383296051,0.09430174431963532,0.9155490038242063,0.010043967341061433,0
36,1,4289,1688,1,2,1,3,0,0,3,236,81,0.060584574673860025,0.06296553828560135,0.9179720200555548,0.004396031941730084,0
112,0,38047,305,1,8,1,19,6,0,47,493,19,0.7072337929376276,0.3098345003802236,0.319548528378654,0.8592564780276408,1
21,1,2209,870,0,2,0,7,1,0,2,475,383,0.0996164887757925,0.0783020138768217,0.92651407299182,0.038376545937288266,0
5,1,9324,282,0,1,3,27,5,0,31,228,24,0.7442805471607632,0.5444517498385246,0.3476671525325774,0.7879288899937551,1
28,0,3676,2797,0,1,1,7,0,0,0,356,118,0.013036926231691826,0.07934901275052283,0.8616201343697232,0.07206911408919306,0
30,1,1264,321,0,1,1,3,1,0,1,415,371,0.07678585029493391,0.037215505177733435,0.9760115680119552,0.03597035177454155,0
18,2,3796,3326,0,1,1,6,0,0,2,413,488,0.045575734353092916,0.07129161418423823,0.950606353373786,0.08671875626364509,0
57,1,3058,3995,0,1,0,8,0,1,3,59,349,0.05437303509234969,0.05493982806223324,0.9764235015219977,0.07914524361975588,0
232,1,40838,20,1,3,4,26,2,0,48,401,19,0.847420492903283,0.41941437833341516,0.2261876663010597,0.7272370698846518,1
594,2,51072,313,1,4,3,17,3,0,39,253,28,0.5371448886084804,0.7954057470177076,0.3125288424727421,0.7041999601767794,1
87,0,46732,63,0,6,1,11,6,1,16,499,28,0.9120522202185759,0.6921907406907242,0.032289841036807855,0.9685642701462879,1
32,1,3526,430,0,0,1,4,1,1,3,370,397,0.019795761473971718,0.09142400103364022,0.9274875251124519,0.07640032503607427,0
2,1,2690,940,0,2,1,1,0,0,0,474,86,0.07472787114221162,0.019188854652663814,0.9170108908641895,0.025788852447056167,0
196,2,81723,400,1,9,3,12,4,0,20,260,11,0.5749435888371355,0.8898421917980643,0.0944700059419406,0.7368417630139599,1
123,2,5383,285,0,7,1,21,2,0,31,300,48,0.5912249171781009,0.9404744403786467,0.37154983154798565,0.8368638882902355,1
40,0,4334,346,1,0,0,9,0,0,0,18,163,0.02821597309724988,0.061749727600156123,0.9581806468779961,0.08985997666054489,0
389,1,70927,63,0,7,4,10,2,1,49,394,35,0.6050355468474466,0.7111046759224982,0.2039103484670963,0.9720781558312279,1
14,1,1334,3054,0,1,0,2,0,1,1,240,463,0.06784491884630896,0.01957252752128197,0.9490278366964839,0.0881457759290056,0
13,0,1759,3422,1,2,1,4,0,0,3,70,506,0.044051247769595805,0.05181420077583074,0.9064835258232193,0.04213542683200066,0
6,1,2210,2508,1,2,1,6,1,1,0,333,208,0.0036711310951081824,0.05771219650453399,0.9966005640414572,0.020481378106043682,0
421,2,56413,243,1,5,0,27,2,1,31,228,10,0.715768530007097,0.710821527887718,0.046923316994508024,0.8907168910094629,1
18,0,344,2089,0,2,1,5,0,1,0,66,84,0.024679646956348923,0.07348458638719521,0.8345979618303693,0.09201081939606887,0
59,0,3123,3932,0,2,1,6,0,1,1,21,80,0.022602424375397934,0.030257558208428983,0.8050021805965477,0.052934302461919894,0
8,2,1134,1821,0,0,1,6,1,1,3,180,19,0.016447822904091303,0.09167655094810995,0.9815377888101431,0.007808307491299904,0
28,0,2295,3918,0,1,0,2,1,1,3,282,149,0.05652385183718831,0.010984214407833915,0.9545234143759144,0.01719813962038266,0
109,0,55394,67,0,4,4,21,3,0,30,449,37,0.5356766355101511,0.6177043528531836,0.08375627919657874,0.6973212527041235,1
15,0,4522,2523,0,1,1,0,0,0,0,56,151,0.053128248443595705,0.002733839796955762,0.9135901293690858,0.08224611236529222,0
272,1,53188,260,1,3,3,23,7,0,23,388,19,0.7211355630589499,0.9317164365985551,0.04916156969086578,0.503315607893357,1
356,2,88657,327,1,8,4,22,8,1,42,297,20,0.7774293095049731,0.3452741306472016,0.05352101438654877,0.9632326658996245,1
182,2,96796,392,0,6,3,27,8,0,21,487,6,0.9548200397987345,0.5173913059093569,0.06870100669201733,0.9406262427733469,1
59,2,2082,1669,0,0,1,4,1,0,3,161,44,0.0551508367250052,0.035914909556183476,0.8912731654682486,0.020000402229120154,0
27,2,310,3446,1,0,0,3,0,0,4,194,334,0.08000252905254006,0.04557599821822144,0.9625481519443995,0.07874051644805555,0
32,1,246,1840,0,0,1,4,0,0,2,87,204,0.08547331206241425,0.07342689079997271,0.8752460844162839,0.06752623472180917,0
405,1,99420,149,0,8,4,19,8,1,37,347,13,0.8015425001446751,0.7086987097659192,0.06002443792858654,0.9914474199658387,1
2,0,2986,1025,0,1,1,6,1,1,4,405,55,0.025416315120367763,0.07689534971323594,0.9526550659540803,0.08693254492248188,0
26,1,953,1017,0,2,0,7,1,0,4,322,333,0.054108521978565194,0.0900870565246298,0.9999914182560181,0.07606741195867706,0
0,1,1685,2442,1,1,0,0,1,0,3,268,322,0.04340190186106753,0.06213862363623131,0.9735155276489043,0.05540737708315718,0
4,2,3989,512,0,1,0,6,1,1,4,60,165,0.03325748992525381,0.026431135824251918,0.8447512981994403,0.057720687317978074,0
563,1,23617,21,1,9,1,28,7,0,36,439,11,0.614475167804903,0.3393838462415814,0.3712233240253118,0.7898070970068585,1
14,1,3207,739,1,1,0,2,1,1,0,220,124,0.0866839975439169,0.043139485320203286,0.8619918842269418,0.037881332202355567,0
483,0,54131,362,0,3,4,28,4,0,47,373,42,0.8956820907379215,0.8888015531499185,0.29002130546589167,0.962612844811579,1
534,1,66642,336,0,2,2,11,8,0,16,338,21,0.714914636591184,0.9920000260021173,0.31122956292880755,0.5518912341086866,1
19,2,4399,802,0,2,1,7,0,0,2,427,128,0.00082229736105508,0.04126512527955786,0.840290948255286,0.01020457696410726,0
230,2,21324,399,0,5,2,13,8,0,14,459,49,0.7724494070364258,0.592162201628156,0.34311829390582377,0.9657358357158105,1
239,1,26969,409,0,9,3,12,6,0,23,375,34,0.7365038870552352,0.43040726541420016,0.15142195653148402,0.8861822183790229,1
2,1,2291,2620,0,1,0,2,0,1,4,164,156,0.07148312041774194,0.00790848023022407,0.8927353526314983,0.01803090778263602,0
30,2,4719,3673,1,0,1,8,0,0,3,128,161,0.022393982861582576,0.002289619031045587,0.9811634717068596,0.07129820288422993,0
20,1,4357,2830,0,2,0,7,0,0,2,349,422,0.02284074522441165,0.056269516653219935,0.8985579073760597,0.027639726041922955,0
17,0,4973,3816,0,1,0,8,0,0,2,449,267,0.0011171643657057807,0.0010781644477474096,0.9717818941876641,0.028653383487819054,0
213,0,36987,260,0,6,3,10,5,1,15,333,23,0.8651488474655173,0.6566028641745714,0.3579413019722619,0.8521204618112233,1
26,0,4971,1126,0,1,0,9,1,1,1,406,264,0.014922687273244606,0.02388083837530354,0.8701598076536452,0.06516697814236887,0
6,2,3689,2030,1,1,0,8,1,1,2,297,194,0.08519030825013485,0.035228220589712145,0.993690532625574,0.08596788238240854,0
41,1,668,1887,0,2,1,1,0,1,2,307,502,0.05098167354722231,0.029795314149478083,0.8142041090948873,0.06915006754811462,0
515,1,62849,140,0,2,1,27,3,0,39,403,9,0.6188706441835152,0.40170773522499337,0.19507486998731052,0.545499879734936,1
550,0,43014,280,0,4,3,5,8,0,22,305,25,0.5391903922106254,0.6483369710907285,0.2946354792811663,0.9960670789498924,1
39,2,2877,2869,0,0,0,9,1,0,3,378,373,0.0982279964965869,0.007892854524346038,0.9695499439975371,0.01793347665343095,0
21,0,1443,851,1,2,0,8,1,1,1,152,447,0.05602553203942065,0.06106052958502765,0.8175698390821357,0.0008711386565680824,0
2,0,1259,1124,1,1,1,7,0,1,4,210,100,0.02402303188658418,0.04828276128749383,0.9929636308369636,0.03765793538894646,0
24,0,3792,1065,0,1,0,4,1,0,3,150,322,0.007096331485159802,0.005512432538740897,0.9370095324329503,0.05297326218835346,0
43,0,4184,1780,1,1,0,1,0,1,0,208,418,0.023571525513340477,0.09275671694086716,0.9058852917096597,0.09296766453455513,0
24,0,2497,3012,0,1,1,3,0,0,2,425,372,0.06868903538084066,0.03183505920598883,0.854693356273148,0.07631398202107696,0
44,0,798,3925,0,1,1,0,0,0,0,388,138,0.07714163649355044,0.0010865491578183728,0.8441367434830744,0.008453424885149607,0
1,2,543,3951,1,1,0,3,0,1,0,394,490,0.05113707767757049,0.053467485822685824,0.9661328434735352,0.04314980689432096,0
392,0,37970,69,0,3,2,20,3,1,35,402,36,0.527990885241763,0.36539167665731226,0.07165206740594839,0.6725570941813359,1
3,2,3438,1937,0,0,0,1,0,0,2,182,358,0.05856637934540851,0.06942906373070322,0.9318215887833048,0.049900086540853296,0
22,2,1987,3876,1,2,1,5,1,0,4,55,235,0.09040424644901207,0.0934571456676044,0.9106158290501684,0.04206394350584676,0
13,1,79375,486,0,5,1,12,3,1,18,398,24,0.6403166938551452,0.9119882475150616,0.22036333588550022,0.9228525083987569,1
254,2,18181,344,0,9,2,5,4,0,28,317,26,0.7956918653158628,0.36155757198038685,0.3605852087139352,0.8960481829215863,1
55,0,2054,2988,0,2,0,7,0,1,2,117,229,0.09916943136025408,0.03626432275157957,0.9092507530079645,0.0958036758367139,0
244,2,18186,330,1,6,3,17,4,1,41,480,25,0.675438738107882,0.5914515198777526,0.1592616399312835,0.7340786888689448,1
6,0,4161,3683,0,1,0,9,1,0,3,350,445,0.005517803833707835,0.006709851293443814,0.9463099898276235,0.0033384516273728517,0
310,1,80653,68,0,0,1,21,5,1,25,492,15,0.8352524216001369,0.6378500797289712,0.25043744608927704,0.7203331709878431,1
277,0,32823,212,1,9,0,29,8,0,48,204,28,0.6355211953082209,0.36595076813141814,0.2294869988812956,0.515047197396322,1
52,2,4225,254,1,0,0,0,1,0,0,312,432,0.0010978584074084142,0.09166108012311246,0.9041473137138452,0.03160927058376565,0
235,0,74028,431,1,9,2,28,7,1,10,359,18,0.8753214106839273,0.6671527503992258,0.06747090485394325,0.7063578712048937,1
40,1,2998,296,0,2,0,3,1,0,0,92,57,0.006442177752673962,0.0013109563726653286,0.8659166650458653,0.05908661292707003,0
44,2,1240,2292,0,2,1,7,0,1,3,185,276,0.08412547834955746,0.056732366726465255,0.9896560823806186,0.09918880759037374,0
123,0,65617,428,1,1,2,24,8,1,11,333,7,0.6097896939997884,0.40465201199260264,0.022414547936525198,0.8799560782491724,1
100,1,85114,400,0,5,1,19,6,1,31,488,23,0.7657378238142645,0.36622728023260226,0.26572335038770345,0.7097022522989979,1
280,0,51609,25,0,2,1,19,5,1,37,324,20,0.8395118301382489,0.3782850393986248,0.03395834354653209,0.7858576131251688,1
43,0,1029,3019,0,2,0,6,1,0,0,444,329,0.034712890954108226,0.08642136074217882,0.858531459223771,0.034164495046020295,0
401,2,82334,143,1,2,0,27,3,0,23,250,15,0.6146546166563567,0.7048665936247176,0.37756551722378484,0.6313790122020558,1
195,2,74060,449,0,6,1,26,7,0,12,336,32,0.7032500611724649,0.5507649439812843,0.35749774157260794,0.5785730008900558,1
28,1,4875,3479,1,0,1,7,1,1,3,329,368,0.058022312813075065,0.049389134400987925,0.8428789745779293,0.06388014005995409,0
451,2,93159,250,1,4,3,27,8,0,27,207,45,0.6241452621305015,0.6720626370198453,0.15084735686065895,0.9813352494229755,1
10,0,3453,1779,1,1,0,2,1,1,3,142,507,0.08695114634767065,0.020956567615181013,0.8650889146136274,0.04578001731969722,0
48,0,2534,2156,0,0,0,5,0,1,2,469,46,0.007985968987632574,0.0797642381494782,0.8269716164796829,0.04512599101129131,0
44,1,4681,2618,0,1,0,3,0,1,1,473,248,0.02832565122008054,0.03205480579118809,0.825720053166333,0.03858920526054609,0
212,1,38054,176,0,8,0,15,6,1,38,225,19,0.6967523066016211,0.9064001460952567,0.24285716778024768,0.5984927704690505,1
436,0,6470,489,1,3,2,28,2,1,21,362,1,0.7688255297117085,0.48368575118501483,0.12374823472366453,0.73142157003327,1
56,2,4360,2265,0,2,0,5,1,1,1,398,434,0.018777454076154654,0.09454353586211095,0.8572875444611497,0.01559392614427354,0
19,2,1849,2952,1,2,0,2,1,1,0,221,471,0.04370816606597964,0.06115430106071197,0.9748694712765594,0.016194408297778084,0
22,1,3392,512,1,2,1,0,0,1,2,97,431,0.0729313412351779,0.04621020043733697,0.9552264717380446,0.019707844684327003,0
32,1,169,424,0,0,1,9,1,0,3,18,335,0.07255642082109406,0.0793397122405331,0.988082150274495,0.08641075251416926,0
123,1,88916,124,0,4,4,23,5,0,34,262,20,0.7438289911488378,0.30563584377715447,0.19702050008889255,0.5893020536507987,1
28,1,4432,985,1,2,1,5,1,1,4,225,427,0.05972505307485759,0.08724207008291891,0.9259752722652369,0.0913611816735552,0
67,0,9036,102,0,3,4,18,4,1,44,286,41,0.8704890654336358,0.5173656212451271,0.11268647905936371,0.9857696882421092,1
360,1,76956,292,1,2,0,28,8,0,24,444,21,0.5016666474933305,0.6169145674799965,0.013103068048294687,0.9492598359490818,1
509,0,96917,355,0,1,3,24,3,1,14,479,16,0.7124111531146489,0.7188636572541087,0.24598617597587302,0.6676818186444303,1
20,0,4424,2768,0,0,0,0,1,1,2,234,425,0.04285007422951747,0.0009547177034054278,0.9974857872281601,0.06659775295366908,0
70,0,26011,210,1,8,1,21,6,1,30,311,42,0.6902093846807866,0.8201156517762733,0.01406063652873999,0.8354927661114521,1
34,0,1047,2342,1,0,1,4,0,1,0,171,363,0.039208171795367286,0.08734716488121264,0.9330736478248747,0.09856285786652086,0
26,0,972,414,0,2,1,3,1,1,4,471,172,0.08596474081839219,0.09830029918158095,0.8031681581593914,0.023075959819408076,0
37,1,1968,1412,0,1,0,4,0,1,3,22,197,0.06718005340770476,0.031340430100557294,0.8127515145715799,0.019026663827837055,0
250,1,56089,357,0,3,0,27,5,0,27,303,32,0.5377629678373042,0.702957750379026,0.1162030050496305,0.6146803940391607,1
211,1,81221,212,1,5,3,13,7,1,6,505,30,0.5895153715521302,0.7768474490649873,0.0762854056826058,0.848349431722365,1
454,0,35645,188,1,9,2,22,7,1,35,280,46,0.6272886047334665,0.8866439648771658,0.04951526499926576,0.9074918517467954,1
283,1,74880,453,0,9,1,13,2,1,27,326,1,0.8354956736410468,0.3018235834571971,0.3791096495416283,0.6735822063062129,1
11,0,2758,1657,1,2,0,0,1,0,0,179,172,0.06329525177148897,0.06652837649640998,0.9020101842608627,0.033806098751251935,0
59,0,1795,2505,1,1,0,3,0,0,4,414,337,0.0090191520443213,0.027540491927491296,0.9598903209894556,0.0833215433178852,0
4,0,884,1848,1,0,0,0,1,1,3,296,77,0.04633120795557011,0.05335492080050061,0.9991887038547891,0.01924773540107777,0
173,1,63985,340,1,8,3,11,6,1,8,475,23,0.5520684172987893,0.4369922503811131,0.19111646899162965,0.8992867831026068,1
6,2,448,1886,1,1,1,9,0,0,4,91,362,0.00014187793368453105,0.04530660296798431,0.8545859985385587,0.0014661776203388822,0
38,1,3175,358,1,2,1,3,0,1,0,180,212,0.08595429589656343,0.00040671148485830203,0.8642806661755066,0.022747037127400983,0
50,0,2422,2688,1,0,1,7,0,0,4,351,56,0.07930731277441505,0.05015467200902782,0.8983380892257066,0.006080642534728009,0
14,1,4322,2310,0,0,1,9,1,0,1,349,364,0.028018532747267788,0.08475952501049619,0.9236273164444457,0.06714833576228252,0
306,0,29128,297,0,6,2,12,9,1,40,462,1,0.7935395382154193,0.6018672493010451,0.13178287528284402,0.5184778238982839,1
303,0,8577,20,1,4,2,24,5,1,49,302,24,0.6691730215444942,0.7004150047211253,0.29489367214276013,0.5863754203757426,1
26,2,1624,2149,1,2,1,2,1,1,1,370,442,0.04934476679033093,0.0824623738117892,0.9446899968044503,0.05582658907532817,0
514,1,99905,258,1,0,0,23,3,1,44,251,21,0.9020635490791863,0.46274370413538507,0.3548846827504206,0.7153974536786629,1
46,0,2433,2129,1,1,0,4,1,0,2,43,307,0.00636067560359509,0.06409970103480014,0.9219353373355769,0.01674670139022144,0
386,1,30797,330,0,4,1,18,6,0,39,388,46,0.6897649513366577,0.6891685609931026,0.009985381085951995,0.6046629300298032,1
259,1,77140,269,1,0,2,25,5,1,7,313,25,0.9006525319574826,0.910011425474121,0.10964906587657111,0.9235609701118481,1
8,2,2505,1184,1,2,0,7,0,0,0,275,476,0.08520896098053335,0.06080572492024464,0.9288769211350085,0.07514874916619559,0
7,2,682,3573,0,2,1,1,1,1,4,25,478,0.022544783477113518,0.06374451269024473,0.8488937339889667,0.05793358196441493,0
37,1,3634,2509,0,1,1,3,0,0,1,311,172,0.005565957392586741,0.02623450101125019,0.815426435751895,0.09684352403303641,0
9,0,826,1268,1,2,0,1,1,1,1,201,78,0.04921343140377996,0.08212681147979706,0.8428489114797147,0.06652320519007898,0
24,1,3530,1886,0,1,0,9,1,0,0,204,507,0.06982714572819691,0.09932181409544538,0.8846974762325099,0.07469036273115917,0
25,0,3555,700,1,2,0,6,1,1,4,58,112,0.08642589832568949,0.05627095650114597,0.8975732510262425,0.06537053822676026,0
3,1,4713,1645,1,2,0,1,1,0,0,436,465,0.03156650038896713,0.09985056777065666,0.9048984996785526,0.015921477397363906,0
31,2,2046,3183,0,1,0,2,0,0,2,215,510,0.020390088726953637,0.013771795297987267,0.8174763061549049,0.0788985154608707,0
246,2,28248,115,1,5,0,23,8,1,41,299,46,0.6035034824027665,0.8463025121927428,0.145685038338693,0.5252321216314824,1
19,2,4876,2846,1,1,0,1,0,0,4,308,68,0.05053451527916994,0.0271068319340522,0.9518237430268903,0.08042820855584738,0
176,2,84682,418,0,4,0,23,9,1,32,497,4,0.8711975698555416,0.6864954661350768,0.39491910052454865,0.9887694599405088,1
13,1,4532,2145,0,2,1,2,0,0,0,284,322,0.09482441888685017,0.09542412525261135,0.8529856362960426,0.052382420664734954,0
57,0,3476,964,0,2,1,1,0,1,4,27,467,0.027998397893653784,0.04263862246690936,0.8796597351858908,0.08730805757666867,0
50,1,983,91,1,0,1,9,1,1,2,203,217,0.02531789459588181,0.04220044122113378,0.878764144401379,0.010817846076512871,0
50,1,3267,1116,1,2,0,7,1,1,4,42,288,0.0252419473051384,0.06697127346510137,0.8388366965111775,0.0661825431068817,0
222,2,68935,362,0,3,2,29,8,0,43,225,2,0.6100994343617192,0.4185477545018028,0.25775187443068137,0.7946115570023635,1
43,2,2328,976,0,2,1,7,0,0,3,234,43,0.005343424382053652,0.01327644735968312,0.8050821733462441,0.04768379766831437,0
59,2,707,2999,1,0,0,9,1,0,1,268,324,0.0742122252052105,0.06825170839000282,0.9725972552398111,0.004117906935366,0
3,0,1190,3311,1,0,0,3,1,1,3,12,231,0.0674936602598996,0.09485880458844394,0.9543713055807479,0.03475750099884641,0
226,2,67239,134,0,1,3,15,7,0,14,435,40,0.8586578853686075,0.9783078417460624,0.2669676663817687,0.9896921369069946,1
46,2,2452,1473,1,1,0,5,0,1,2,118,57,0.04818906675811585,0.04390807303204423,0.80681426719129,0.0607365130794635,0
427,0,9614,161,1,6,0,23,7,0,37,343,24,0.6304738106230083,0.6340509904475982,0.22981387833882178,0.8577368721885688,1
488,2,8380,39,0,3,0,24,6,1,36,209,9,0.9481306285237198,0.6660010481164512,0.19887332803900143,0.5963890490684454,1
51,2,1081,2341,0,0,0,3,1,1,0,279,54,0.08422602753190661,0.048230893155065825,0.9716706422026301,0.09973602052289808,0
56,0,1760,1820,1,1,1,1,1,1,2,206,500,0.07316376718226571,0.07635022459081404,0.9913156124869753,0.005986794664933681,0
23,0,446,1280,1,0,0,7,1,1,2,173,381,0.07205449454774036,0.07240855905647964,0.8839018411793036,0.03963825091093773,0
14,0,268,1537,0,2,1,3,0,0,2,359,38,0.07974538300685902,0.07529478171902473,0.9526278808198227,0.0003721882865643678,0
11,2,357,2592,0,1,1,3,1,0,0,415,289,0.03585772605732699,0.04880309694607992,0.9588647167522111,0.021893973295530125,0
46,2,1265,452,1,0,1,3,0,0,2,3,64,0.003141469625578064,0.003384611358952805,0.9727725543548978,0.06253713198638655,0
38,2,4667,2476,1,0,0,9,0,0,3,195,13,0.09967649723712169,0.08129007748623283,0.9603876864324878,0.08403634727301446,0
40,0,3553,832,1,2,1,4,0,1,2,150,440,0.041718709236254196,0.029240604462438227,0.8110457411780323,0.034177519996256726,0
10,1,3098,1380,1,1,0,2,1,0,4,480,268,0.025963428042176762,0.04550453217762607,0.883004249741993,0.04885450535543058,0
342,0,79365,35,0,6,4,8,5,0,17,256,21,0.6873784082871808,0.3346114115079195,0.20461327946579788,0.6313649270262818,1
22,1,3898,131,1,1,0,6,0,0,2,72,319,0.06049434747744406,0.05995060671175652,0.975915151368991,0.09243517870516944,0
12,2,2689,901,0,2,1,5,1,1,4,245,427,0.03298797213637524,0.042316421129032535,0.8970683842311036,0.02719936131713513,0
565,1,8622,300,0,7,3,21,2,0,13,280,36,0.9514898751047822,0.33281210673512374,0.010484272395634564,0.5868282831702742,1
350,0,41070,413,1,8,4,12,9,1,36,388,40,0.9705247862986888,0.9709796784204265,0.29531386322375,0.6416741966858264,1
14,0,2157,1361,1,0,1,7,0,0,0,248,419,0.058741733668275835,0.03847890874911966,0.9642558650647646,0.051144734195469846,0
37,2,2261,2402,0,2,1,6,1,1,1,73,363,0.06407907871069414,0.09808444899917042,0.8442796985946658,0.09095379113639919,0
32,0,80967,1,0,4,0,13,9,0,28,294,39,0.7145113120444118,0.42196208652587397,0.11348462126899937,0.8233019067495742,1
23,1,4326,2102,1,2,1,0,0,0,0,377,167,0.05465036186486469,0.043202029838061685,0.9257516036135714,0.09301593329681392,0
59,1,4905,1488,1,0,1,4,0,1,0,77,11,0.042355123339465166,0.035118841029378935,0.950233607477959,0.06203019733680948,0
9,2,2546,2843,1,0,1,6,0,0,2,122,259,0.09417184117032204,0.031210275914927355,0.8960500455248425,0.0282148678847722,0
18,2,3479,264,0,0,1,4,0,1,0,332,165,0.006475175070008776,0.0346335784091108,0.8578326877188347,0.0509997739279503,0
36,1,4160,3246,1,2,1,6,0,1,1,85,168,0.04900984265557275,0.06610166345999664,0.8019510122416199,0.09153874895304812,0
411,2,48061,173,0,2,1,7,8,0,16,445,1,0.7716297068149831,0.5114778812215772,0.09116934776221274,0.9489790524257478,1
117,0,16715,36,1,5,1,16,3,1,44,336,46,0.5624394132390518,0.34400592583114264,0.37676598659304306,0.929823711599356,1
7,1,3413,3017,1,2,1,3,1,1,3,160,225,0.02188182686737863,0.006622254065601241,0.9690337961254152,0.040199510327721316,0
57,2,1492,677,0,0,0,0,0,1,2,376,384,0.015207892768195175,0.05399679096949411,0.8409956566683482,0.05816921236185388,0
589,1,42423,67,0,4,4,6,5,1,16,288,24,0.9233829530327103,0.7231525820049564,0.07373336421151015,0.5522093014422602,1
9,0,1438,3699,0,0,0,6,0,1,1,7,326,0.09207548104503314,0.07610050372389324,0.9629824222678245,0.014736869285085209,0
339,1,52383,29,1,1,0,6,9,1,13,391,7,0.8977675806876781,0.4141132898356648,0.017293634473004273,0.9484965390532941,1
585,0,14947,157,1,9,0,8,5,1,7,487,36,0.8236614803375135,0.45088584693735956,0.1043809315460425,0.9240474913349044,1
3,0,4604,1851,1,2,1,5,1,1,1,388,398,0.0520434539271141,0.03000437336756269,0.9778706522348499,0.015476196998877811,0
33,0,3468,3965,1,2,0,2,0,1,1,297,202,0.0506714097440715,0.021687730702224597,0.9966808988713791,0.023513653278017178,0
55,2,2952,138,0,1,0,8,0,1,0,324,476,0.046602114721888535,0.013903409928534727,0.804702288128112,0.056607313943606,0
21,0,1376,3543,1,0,1,7,0,1,4,171,306,0.09860384433898894,0.003972834359560995,0.8041713600949173,0.04370693888939045,0
106,0,83633,333,1,3,0,18,5,1,23,282,39,0.8194452085355008,0.7821780119051316,0.3536733563129155,0.5549720263741122,1
362,2,8932,461,1,6,0,28,8,0,10,494,10,0.7291562824217686,0.9823221850846773,0.02223925005512837,0.7757898802199068,1
0,0,3837,3940,0,0,0,5,0,0,3,213,508,0.001905398694656435,0.0590149162219073,0.8322595117532906,0.06434129978790544,0
518,2,15127,178,1,4,3,12,6,1,8,366,21,0.9080079639688827,0.6601339952708246,0.10409978436388659,0.8470715187375698,1
444,1,7083,184,0,9,4,19,8,1,9,451,14,0.7385622481649061,0.7728744597279158,0.26926648642640716,0.5316766691341464,1
43,0,4435,3348,1,0,1,1,0,1,1,118,231,0.05200486515187293,0.0901572966379542,0.8183524170312311,0.05641467509703664,0
340,1,9157,385,1,0,2,18,2,0,27,386,26,0.8321416701224087,0.9801118910298103,0.23372773911732445,0.7710137413598326,1
33,1,93331,136,1,8,3,20,7,1,8,335,21,0.7781137651650112,0.3488596047090251,0.35436240020549015,0.8294746689923566,1
31,1,941,1829,0,0,0,8,1,0,1,292,501,0.019799379879587378,0.08034086850625577,0.9602320850976293,0.09670930713904469,0
36,0,1962,2285,1,1,0,2,0,1,2,343,126,0.09185908399435398,0.0812912799207437,0.8053090713801929,0.0547726849904338,0
536,0,38089,258,0,4,3,13,5,0,23,368,40,0.9210477077781749,0.8576355647885183,0.16025694761942955,0.7125598680867256,1
1,1,4011,773,1,2,0,5,0,1,1,209,65,0.0678378613589376,0.07400695535638234,0.9044238092227668,0.07314216478290218,0
539,1,53178,146,0,2,4,12,3,0,43,222,16,0.9054218508825819,0.7567435530700517,0.21522511003147815,0.7990501284609262,1
235,0,12707,8,1,8,1,12,9,0,48,255,36,0.8855449625305019,0.836504333832427,0.2170131294704207,0.8109700769765258,1
4,1,2230,1940,0,2,0,2,1,0,1,318,433,0.04351467214778807,0.042844913687445446,0.9520897621628532,0.014714621509253047,0
10,1,2623,3684,1,2,1,4,0,1,1,250,118,0.03905847122961462,0.02646487686739507,0.9543797959901025,0.02922570730351941,0
8,2,229,1923,0,0,0,0,0,1,2,491,43,0.08177442641796127,0.06484841798642035,0.9603244575181317,0.0288699079009644,0
202,1,6345,396,1,0,1,19,7,1,22,266,38,0.6430987467894169,0.6257605471036867,0.09635665385944292,0.5049256732443799,1
480,0,78079,494,1,6,3,9,2,0,40,218,42,0.8500154313650883,0.3583823545746718,0.3739477002507266,0.5880248136324353,1
192,2,76209,8,1,7,2,20,4,0,8,269,43,0.7069385161220736,0.6556644373325484,0.3248996495786167,0.6792674022362397,1
19,1,86327,221,0,2,0,25,4,0,39,221,48,0.9620992547619659,0.34319723742851826,0.19248850897957862,0.5117720581460182,1
100,2,66131,172,1,5,1,7,4,1,24,428,6,0.6572818560617196,0.890915752007543,0.3987866948156202,0.8989239918901624,1
37,0,3392,2525,0,0,1,3,1,1,0,413,436,0.03342982763995161,0.05951893436337499,0.9020382794557372,0.0889189936282972,0
59,1,17595,352,0,2,2,26,6,1,19,373,8,0.8515617007939683,0.4585579465502261,0.23971679727586903,0.9783279900993538,1
43,0,3999,3354,0,0,1,7,0,0,0,38,175,0.03824455099377562,0.015791560522360283,0.9280632983709838,0.05751738851726529,0
55,1,3277,541,1,0,1,5,0,0,3,368,433,0.03384276094051554,0.020002516030194085,0.9870200004216725,0.06634202192278751,0
23,2,4698,3432,1,0,0,1,0,1,4,215,329,0.026790328808885124,0.0454991600094264,0.8478253431488473,0.04370899617627462,0
456,0,7470,462,1,6,1,7,3,0,16,421,22,0.8830003430633152,0.784928944268216,0.12864305040282087,0.8807670949638253,1
108,2,27368,457,1,7,2,5,2,1,26,493,15,0.8965902175465985,0.8603301638101888,0.350126737253264,0.6125742119266863,1
50,0,506,953,0,2,1,1,0,0,4,200,46,0.04961479329717455,0.0532535460612394,0.9684811372190494,0.0760325326363535,0
41,0,3998,1906,0,2,0,7,0,0,0,218,269,0.0449717067671902,0.050589376450651286,0.9987699968647398,0.03500665349515101,0
97,0,43439,329,1,3,3,13,4,1,20,412,23,0.5347645494028486,0.9988060379023629,0.382381041983322,0.8650427350097142,1
46,1,2152,3687,1,0,0,6,0,1,3,459,245,0.03662425634745649,0.047577690543415874,0.8401367382193339,0.0455511798208211,0
305,0,21723,400,0,2,1,7,9,1,25,279,44,0.5479826829327219,0.5199509834248734,0.15130669559231738,0.5342285165709034,1
310,1,63156,191,0,7,1,21,3,0,47,202,28,0.6992510428717162,0.7700190217347019,0.30861899528668135,0.7105647117677527,1
478,2,36952,207,0,1,2,17,3,0,23,315,2,0.898243545645056,0.6329380934083555,0.06201395467085705,0.6740872778558307,1
19,1,491,366,0,2,1,0,1,0,3,382,309,0.04721836720567757,0.04925489949622058,0.8960724788858888,0.07838777132659111,0
53,0,847,195,0,2,1,0,0,1,4,172,150,0.011734527197305457,0.05307894505284864,0.8964136044510748,0.08586773673044568,0
24,1,4981,2527,1,0,1,6,1,1,3,282,269,0.02525165797150243,0.05042665290472177,0.9808346345240444,0.017881950358705156,0
49,0,2079,832,1,2,0,8,0,1,0,162,357,0.0725812686661959,0.055761788599585194,0.8434211184484037,0.052262156279459696,0
28,2,2606,3339,1,2,1,0,0,1,4,9,53,0.09136869421436272,0.08931696593439083,0.8340098062095611,0.04477227201532361,0
6,1,1565,3928,1,0,1,9,0,1,4,431,185,0.0838032777409265,0.04425846841288074,0.9726183237795913,0.03970949110917668,0
12,1,3901,1561,1,1,0,1,1,1,2,185,348,0.08499349079066201,0.03109953178466536,0.8246920898101209,0.04455957606325628,0
18,0,3227,3256,0,1,0,2,0,1,0,208,113,0.05767858883648012,0.02621292254470188,0.9688351627568728,0.07088521363213986,0
38,1,177,1078,1,0,0,5,1,0,1,5,452,0.08532191794779193,0.011273817505876705,0.9870544409888222,0.0240109254251765,0
45,0,623,3117,0,1,1,4,1,1,3,207,144,0.08863167338837741,0.027005958755586458,0.8148100388263432,0.004710261224914226,0
55,0,888,3540,1,1,0,2,1,0,2,8,506,0.06283268468539964,0.03936891209752039,0.8353337502510022,0.04570393531310574,0
55,0,4665,1173,0,0,1,6,0,0,0,386,103,0.02946763110571006,0.052502748992681016,0.8330116819958789,0.0373518961952571,0
48,1,4337,3137,0,0,1,5,0,1,2,156,8,0.058501556940722746,0.08395266613690278,0.9746191785578404,0.09178688113383177,0
184,0,18468,412,1,1,3,19,8,1,19,365,21,0.561657939968605,0.7429815794737105,0.3246085834508409,0.8619809573141111,1
3,0,3167,3965,0,0,1,6,1,1,0,139,470,0.07747227410657531,0.08710914281374081,0.917076126913909,0.010741196061569936,0
3,0,1923,2850,1,0,0,0,1,0,2,479,126,0.039045225308061565,0.08577342362850314,0.9512348947782274,0.00037102386851073366,0
18,1,709,3012,1,2,1,4,1,1,4,277,381,0.06381781581462927,0.07071111052214814,0.9253456190229111,0.05559413500296732,0
57,0,3992,1365,1,1,0,6,1,1,1,315,349,0.07037499727375744,0.07980519513439963,0.8839875169180785,0.09623511779429234,0
11,0,2761,3821,0,0,1,4,0,0,0,401,213,0.0006308141300170877,0.06873350235332058,0.9528875595075661,0.04629392979949507,0
43,1,2985,3612,0,0,0,6,1,1,1,503,221,0.05369302668364189,0.05013942085798237,0.9241835678777666,0.011625018313978597,0
24,2,80447,200,1,7,0,27,3,0,21,480,19,0.9444556818566083,0.9165082803481519,0.24254533199245515,0.8257020658755023,1
12,0,419,3024,1,0,0,8,1,0,1,376,283,0.08318728906309021,0.004480530334506005,0.995916175533518,0.0754767002314133,0
58,2,1134,677,1,2,0,5,1,0,1,95,352,0.06815289535756225,0.0624185887327324,0.8095261955438552,0.07517191746162596,0
13,2,1217,938,0,0,1,3,0,1,1,72,128,0.026326014736299887,0.03009581361836765,0.8841705978549688,0.015784227968384978,0
8,0,4679,2350,1,1,0,5,0,1,3,306,352,0.03814208655676522,0.031933457873757225,0.92869221223629,0.07695065654298433,0
6,0,2243,1433,1,1,1,4,1,0,3,230,351,0.011774565363547951,0.08558657416785352,0.995858337403265,0.09331743326822102,0
33,0,4881,2291,1,0,0,8,0,0,0,63,487,0.08570718461246234,0.030999008812887186,0.9870931408731771,0.02174220392080697,0
38,2,2211,664,0,2,1,7,1,0,4,85,231,0.06571570021935533,0.04337509165064159,0.961850446255461,0.0632681630427665,0
6,1,4402,150,1,0,1,6,1,0,2,340,259,0.03918712480550527,0.044365113138951,0.9509874104049008,0.07283372206993109,0
375,0,94844,482,0,1,0,13,9,0,11,288,13,0.9655415920035986,0.30049618432063857,0.1326748155883509,0.5482717300373973,1
56,1,232,1288,0,0,1,6,1,0,2,245,266,0.034581626285830024,0.02924608242530823,0.9395066071939822,0.07791897743523202,0
55,0,2102,1794,1,0,0,5,0,1,0,463,438,0.06719721311708315,0.015259479840633961,0.8175206403676707,0.022409905255465247,0
24,2,3815,1755,1,0,0,4,0,1,3,260,190,0.07765269615292131,0.02266166155444953,0.9631017029768157,0.037350789738398595,0
15,2,289,872,0,0,0,8,0,0,1,499,508,0.07425403780879462,0.06459211555013719,0.9790658672352782,0.07366397338508417,0
11,2,2578,3012,0,0,1,2,0,1,4,123,406,0.01573461953981017,0.09851350870746386,0.9613335817369006,0.020616187858684812,0
555,1,44662,251,0,5,3,6,2,1,8,482,22,0.5847066122567233,0.5257938937232787,0.203625529397202,0.8419193329550516,1
359,2,58885,346,0,3,3,24,2,0,48,269,16,0.6537916857470543,0.9315447694160222,0.09439343943755141,0.7249883635694447,1
8,1,2664,1322,1,2,1,7,0,0,4,90,293,0.07315990604468636,0.059835047652694,0.9291874723489092,0.05558671062250697,0
439,2,72740,148,1,9,3,15,3,1,5,323,45,0.6351168525565606,0.3955249664376543,0.2547305620962036,0.7615475950242867,1
0,2,996,923,1,2,0,6,0,0,1,99,325,0.0996812795897975,0.043563676582286326,0.8666244619614657,0.08245804557073466,0
41,2,516,2930,0,0,1,7,1,1,3,369,91,0.028281900831094654,0.011808826547039842,0.8758156794621201,0.06985072001387214,0
2,1,3093,3966,1,2,0,4,1,0,4,137,446,0.04280843641898019,0.02342411367220605,0.879948316810383,0.06701553525144846,0
186,0,30174,391,0,8,1,11,2,1,35,305,3,0.8455788727408367,0.7365609408785512,0.2750379032079341,0.8294706608112953,1
33,0,931,1849,0,0,1,7,1,0,3,6,14,0.08705647383026277,0.01779410717573392,0.9097126120423548,0.09997777897962373,0
43,2,1845,3647,0,0,0,6,1,1,2,501,290,0.05110561205014259,0.02834792731281043,0.9916993331107592,0.03518028135478163,0
30,1,89026,362,1,5,4,11,7,0,24,229,4,0.8897760015057874,0.3220411275205358,0.08025940268834852,0.594260363729215,1
56,2,1533,1648,1,1,0,8,0,1,2,454,166,0.021675067056714615,0.0006163336151336907,0.9144752646305346,0.05129872305959169,0
14,0,2420,2378,1,2,1,6,1,0,4,369,152,0.014888891406185135,0.08326844392727085,0.960168636949657,0.05376283320981873,0
437,0,80612,401,0,5,3,18,5,1,40,267,9,0.660630915694876,0.9920960852613288,0.0006720810265081312,0.6882293111050375,1
510,2,37574,17,1,4,0,10,8,1,44,360,24,0.5065098592981272,0.5816432271398526,0.041268595573295076,0.5606439971835192,1
43,2,2282,2330,1,1,1,8,1,0,4,69,119,0.07441225144250456,0.094100932958674,0.9180948289355283,0.08601575580695753,0
56,0,1019,1404,1,0,0,0,1,1,1,508,181,0.02083201461299008,0.08282221317939328,0.9140274898280127,0.04939489595707598,0
456,2,18427,169,0,0,0,20,8,1,5,487,29,0.6262281443361057,0.6275516748274924,0.18502422323864132,0.6697809766568101,1
12,0,2520,2763,1,2,1,7,0,0,3,502,98,0.0205257355993029,0.015668416892865224,0.9930734369542316,0.05400436233611018,0
5,0,1920,1140,0,0,1,0,0,1,3,174,469,0.027266229518433827,0.02513940748596312,0.841712423318744,0.018710584367002372,0
114,0,47009,219,1,8,0,22,2,1,22,389,39,0.7839294004737453,0.7402489140656483,0.07686724153545446,0.8794176943248946,1
3,0,799,3032,0,2,0,9,1,1,3,404,400,0.05055087230150425,0.04690069443267101,0.9725589181030155,0.0018827886206110424,0
229,2,6294,347,0,1,0,9,6,0,42,317,42,0.7993547229352034,0.5792332665841079,0.01969144698828189,0.9600102216801538,1
175,0,27581,434,1,2,0,28,2,1,45,503,35,0.8597388378688304,0.5988364745806801,0.3726384097660153,0.6802199055607467,1
49,0,445,119,1,0,0,2,1,0,0,132,333,0.012605278824976585,0.021075807540172,0.9127745877349639,0.01327483893700946,0
28,2,3728,1777,1,1,1,5,0,0,0,277,19,0.08979126531983408,0.07424769818861826,0.902656182318814,0.005387850766084868,0
16,2,1318,1849,1,1,0,7,1,1,0,411,257,0.029886783342009695,0.03734156806998166,0.8307736578712244,0.07961328059793693,0
9,1,943,1309,0,1,1,4,0,0,2,489,168,0.046133760838185635,0.05422789072321486,0.818619917523536,0.05940591967110989,0
28,1,60432,205,0,2,0,29,9,0,20,408,43,0.9009942479673118,0.9738873007966002,0.3647576270633776,0.8510621909528912,1
14,2,3523,2490,1,2,1,3,1,1,1,237,470,0.003938528035924704,0.08400285439110201,0.8935991504481444,0.0026004918339222584,0
13,0,4778,3935,1,2,0,8,0,1,1,28,449,0.09698642760741001,0.08212172091079097,0.9167213248946231,0.06558582880659186,0
62,0,24057,479,1,6,0,25,8,0,14,301,38,0.764636820125063,0.8622888494258698,0.23464056773916792,0.9331133601177701,1
50,2,3883,3521,1,1,0,9,1,1,2,466,435,0.018946998357820488,0.05579849580904392,0.9834024658381919,0.035597969201349125,0
17,2,2854,851,0,1,1,8,1,1,2,116,164,0.018643688795116787,0.0951455889684596,0.9222570883554345,0.03970534149808044,0
26,2,1764,714,0,0,1,1,0,0,4,201,241,0.03325063048279521,0.0445410758896351,0.9789379523959825,0.04878903239684749,0
569,2,75369,352,1,8,2,16,6,0,19,331,41,0.5719914145318854,0.3140563147162814,0.34373633807570414,0.5492389832877581,1
37,2,4216,230,0,1,1,7,0,1,0,19,44,0.06396714352382278,0.03429352204926676,0.9720107203515759,0.07735601922340699,0
159,2,16732,30,0,2,4,28,4,0,34,369,49,0.5495848978672233,0.6833366084876811,0.21055636740528783,0.7176709036396511,1
46,2,332,3042,0,0,1,1,0,1,3,211,119,0.037000076444331266,0.08437501768847955,0.919589745802677,0.05176566330502248,0
11,2,851,3186,1,2,1,7,0,0,3,426,106,0.08445235022880092,0.008093583784082226,0.969241492912257,0.04914323170491001,0
7,0,4323,838,0,0,0,7,1,0,2,368,459,0.04931427835689918,0.06724685639254913,0.9884129899310367,0.07393918697493536,0
22,0,1003,3584,0,2,0,5,1,1,2,275,45,0.08923883649741769,0.08331664314994469,0.8367464435977428,0.051155506158972866,0
55,0,3444,3248,0,0,1,1,0,0,1,248,386,0.00694319094902518,0.07275865639626088,0.8123544048409955,0.026991239825779046,0
328,1,65339,139,0,6,3,21,2,1,10,357,31,0.9526581325594041,0.5984507770211153,0.27779038190557226,0.9116326626406857,1
6,2,3302,2107,0,1,1,4,1,0,1,190,261,0.06809427395242604,0.004241635858689185,0.9934385448634847,0.023412530901467356,0
5,0,3392,1922,0,1,0,7,1,1,1,111,213,0.0051311830453723345,0.046603983647078163,0.8129467721763334,0.03416610128379532,0
14,0,48877,77,1,2,1,11,2,1,11,408,10,0.5559485774176167,0.9857655381749793,0.0010800569152326302,0.916582569481001,1
8,2,2266,1829,1,2,0,1,0,1,4,333,315,0.04899229976460452,0.0007405684964307824,0.8541094783600754,0.021837130668169502,0
58,2,41967,258,1,8,2,9,7,1,25,296,14,0.5741083778195795,0.4175057201957751,0.3445381545095909,0.6499866005291718,1
23,1,2218,2650,0,1,0,4,1,1,2,367,83,0.08052257595087663,0.0008818270915637139,0.937503093712607,0.0934092247185924,0
47,0,2197,2321,1,0,0,3,1,0,4,110,186,0.05290973533999254,0.05914824873096686,0.804067245770641,0.04276379687037649,0
8,2,4955,184,0,0,0,6,0,0,1,82,402,0.03632639555947075,0.056019888658834074,0.8581672316607969,0.04656815244915829,0
20,1,1714,3678,0,0,0,2,0,0,0,427,106,0.018587087544380487,0.044557959035937816,0.995016762242172,0.03914320013591093,0
20,2,1842,2809,1,2,1,8,0,1,3,259,42,0.028269726244429173,0.06565516946425835,0.9595312002403003,0.0028391910406498026,0
19,1,4082,1623,0,2,1,6,0,1,2,250,406,0.08424312208082506,0.09441153505333783,0.8204413585197716,0.07874409724804896,0
141,1,23141,348,0,7,3,20,3,0,16,225,12,0.8729540578692531,0.5271822186299147,0.1520784230972202,0.8581645364577366,1
169,1,57727,167,1,6,1,23,4,1,47,425,44,0.7156234765838978,0.6839693191803868,0.056864408431564775,0.9243543723913226,1
452,2,59968,155,1,7,4,18,7,1,30,244,34,0.5811636162849954,0.3950809126182393,0.09017972934834147,0.8379178449527995,1
46,1,2987,3000,0,0,0,4,1,1,1,463,246,0.012273805462617138,0.010074431300163868,0.9338394441487718,0.08459158898665003,0
30,0,2442,1530,1,0,1,9,1,1,0,216,448,0.04082178747957527,0.022481947290539296,0.9020295369346809,0.024967796653688604,0
428,1,15751,254,0,2,2,14,3,1,21,200,9,0.5725673675208334,0.33513128882452614,0.01308041355408096,0.5667579111244035,1
29,1,3030,3972,0,2,1,9,0,0,2,238,90,0.006200534290361548,0.055722045942146886,0.8923370880161074,0.05573786907726446,0
28,0,2256,411,0,2,1,1,0,0,4,98,321,0.0264273132033494,0.07825043299791973,0.9781657205413624,0.057014792898562074,0
9,2,4418,3492,1,1,1,9,1,0,1,398,417,0.056135163385370924,0.0016102778040514077,0.943311439356193,0.0885064028020462,0
455,2,39485,150,0,6,4,28,4,0,41,245,3,0.8630732973967957,0.4854508714782799,0.15161000880865064,0.912496525062072,1
33,0,4589,874,1,0,1,7,1,1,1,92,35,0.07682609535576598,0.05874184757689008,0.8908783422391311,0.032601659570851586,0
39,0,2497,100,1,0,1,6,0,1,1,477,210,0.05958801403782715,0.05025769026162661,0.9307223518700986,0.09961464945264303,0
11,1,2595,259,0,0,1,7,1,0,1,115,250,0.04498636109441945,0.0018596031592460372,0.9772558958444322,0.006290432137141422,0
14,2,1908,318,1,1,1,2,0,1,0,247,336,0.04673778408700677,0.0716298828969613,0.8738598133137563,0.06964975966981825,0
39,1,21473,60,0,0,1,24,9,1,48,421,37,0.8969448807596547,0.8843836748697751,0.17873333599891966,0.5519777702605881,1
134,1,17474,19,0,9,4,20,8,1,12,333,21,0.5887983860508191,0.35285606962740174,0.06926866456593257,0.7103418305891028,1
27,2,403,2537,1,2,1,0,0,1,2,208,8,0.041785845941862035,0.09676453819373543,0.9824173236709709,0.04989855495469682,0
9,0,2766,1217,1,1,0,4,0,0,4,209,497,0.046276028462028496,0.07736484158772737,0.895048431034757,0.017597446074966827,0
6,0,4228,1829,1,0,0,4,1,1,4,31,305,0.020984514323139872,0.05273338162025535,0.8152067215401609,0.042973481472685815,0
184,1,94806,72,0,0,4,23,4,0,29,459,4,0.8298510599642004,0.42826934747561507,0.30444739019011013,0.7880753758796812,1
0,1,3547,325,0,0,1,0,1,0,0,43,136,0.03721460877100737,0.04811022909548693,0.9552195800721281,0.08240580920717328,0
100,0,22570,129,1,2,0,28,3,0,42,422,21,0.7795078128610413,0.9503943786998745,0.0769537334475317,0.9647339919074279,1
168,1,37041,30,1,0,0,7,4,0,19,400,16,0.7748704064384593,0.3360471886635773,0.16174919752670452,0.5678893398448428,1
8,0,1230,2099,1,0,0,6,1,1,0,431,151,0.05701957148097217,0.01788338083554151,0.832540762644989,0.05334890152910078,0
44,0,680,3071,1,0,0,0,1,1,2,344,139,0.02519355302558405,0.02442888784978924,0.9725817949453036,0.08285189559825124,0
25,2,2464,1200,0,2,0,6,1,0,1,326,403,0.08801225096104985,0.0664243287957294,0.9153292117561141,0.057175030711363366,0
148,1,64207,112,1,1,4,14,7,1,47,308,9,0.7745889978588263,0.316768855402863,0.23753684967310207,0.9171444919541731,1
107,1,90466,250,1,5,3,9,6,0,48,487,21,0.6688994771233951,0.6570454550537801,0.030009514214926505,0.5198256178847882,1
52,2,957,737,0,2,1,3,1,1,1,268,432,0.07063579112955096,0.03248821301345878,0.9765554427862531,0.06921440821124715,0
27,1,3748,2506,0,2,0,1,1,0,4,40,289,0.0831796154307461,0.025974141814225627,0.9577221528139352,0.039091761611956224,0
22,2,1211,1844,0,2,0,6,0,0,4,207,11,0.015722850262005407,0.05959759912465698,0.8935311673326438,0.026364237909595856,0
287,0,56893,125,0,7,3,20,5,0,44,268,6,0.8871253838003818,0.6663041108591246,0.03250612772327077,0.8000702453680206,1
260,1,49397,354,0,2,3,26,7,1,46,381,21,0.7268302489271696,0.7573379520931909,0.23481729817540398,0.7910251660905961,1
93,1,95670,413,1,5,3,5,8,1,6,293,28,0.8171479930520817,0.48747555111065344,0.31991574965574593,0.9679896484694983,1
48,2,22454,151,0,8,1,7,7,1,14,208,42,0.957125562524348,0.8455554795257265,0.23710997985188073,0.7941361443522847,1
52,2,4553,2685,1,0,1,9,0,1,2,291,258,0.019619004966843368,0.06395972693547712,0.8773929146151249,0.03652044597760947,0
29,1,4547,3977,1,2,1,9,0,1,2,488,298,0.06867135937559309,0.03452168248045946,0.9991191409948748,0.07425089858114216,0
9,1,1133,3409,0,0,0,4,1,1,2,142,299,0.08850999443135321,0.03202578724699508,0.9663451317206134,0.016279093664948684,0
28,2,82513,166,0,3,3,17,4,1,49,400,48,0.8293320858161524,0.8380219545688858,0.022911668272367083,0.9836128698249826,1
171,0,7815,110,0,5,2,26,3,0,40,439,36,0.7278816257272984,0.5981041904485793,0.3669826907239184,0.746104360012884,1
57,2,4540,713,0,1,1,3,0,1,1,488,428,0.05400405370755103,0.01952837154749041,0.9512486333524923,0.06757746719487076,0
34,1,2300,3855,1,1,1,1,0,0,4,492,291,0.06805315835611828,0.09798151998883224,0.896254777362477,0.0937311248760958,0
0,1,353,1987,0,0,1,2,0,0,3,347,363,0.013481901752005455,0.08981342811795512,0.9126506041928292,0.021699236993688777,0
97,0,83300,145,0,5,3,17,9,1,20,342,37,0.9078371652786952,0.607599485032462,0.23054805646788254,0.5509494115806151,1
50,0,4418,3100,1,0,1,0,0,0,0,128,302,0.03410895546151245,0.05913635241560272,0.8191638157985217,0.08401927835153289,0
2,0,3824,3402,0,1,1,9,1,1,2,85,414,0.07031584767130354,0.05711838994528508,0.8940045955288795,0.00047440291443604513,0
12,2,563,1730,1,0,0,9,0,0,3,142,501,0.03365873610237204,0.07786708312725127,0.9337767300311531,0.03988668752400705,0
335,0,31247,215,0,9,4,24,9,0,16,250,18,0.8866729661842507,0.9928659268196551,0.26943815346855304,0.904674727375588,1
139,2,88380,131,1,6,3,11,5,0,11,265,41,0.6317121726975035,0.9179552642520039,0.3076369293505361,0.822360498049489,1
7,1,3179,1889,0,1,0,0,1,0,2,374,399,0.06099174272638085,0.08071811045333833,0.974650186526947,0.0905070026622371,0
37,1,300,3043,0,0,1,8,1,0,3,83,334,0.015875962390917178,0.031013501438181892,0.9132622925569382,0.06155807594732238,0
59,2,1646,3804,1,0,1,7,0,0,4,152,467,0.028434597859615253,0.03563960647449869,0.8853839178833652,0.05272965310848219,0
473,0,75214,142,0,5,1,26,5,0,41,427,47,0.5627191590332232,0.7046618574308414,0.030961370142347858,0.82018492589311,1
526,1,17538,130,0,9,3,13,7,0,44,389,39,0.5220587920387911,0.48232809939420984,0.14072989953466447,0.6144420702408908,1
524,2,99491,277,0,0,2,20,7,1,18,478,46,0.5281059492503812,0.9664711679233919,0.12162418394967522,0.8298080579932965,1
324,2,31148,379,1,9,1,28,5,1,5,461,16,0.8331943116061375,0.8892009837211028,0.2712911993018438,0.6603822832764177,1
477,1,51139,488,0,9,2,6,9,0,9,380,31,0.8016839046493638,0.9322654033086726,0.20272451252684395,0.5569582703267171,1
42,2,2090,3748,0,2,1,3,0,0,4,358,2,0.0043074162689993424,0.06032349544246582,0.9969285613616411,0.07171192521316859,0
45,2,2288,2249,0,0,0,7,1,0,1,435,358,0.05599881996862173,0.03721134374162889,0.9520096771522275,0.06009937720369655,0
53,0,3274,2173,0,2,1,4,1,0,3,249,114,0.0985284582121861,0.023554656840288447,0.800208663414172,0.09459486324070229,0
17,0,3765,470,0,0,1,6,0,0,2,51,251,0.033823369646346614,0.027168803401622834,0.931759395234641,0.018128920849316454,0
21,0,241,3002,0,0,1,2,0,0,4,464,475,0.05480581723595351,0.0920699028961882,0.8256753908935066,0.06627313606283618,0
242,0,32342,422,1,0,0,16,5,0,21,327,26,0.6094011972465807,0.6142796194398477,0.2133347000732061,0.5725205741199793,1
518,0,44816,311,1,2,1,5,8,1,23,331,36,0.8530262000899573,0.6966674477048589,0.3667364699508966,0.7264435292545386,1
31,1,3943,123,0,1,1,0,1,0,2,252,82,0.08749210477285016,0.08650106541951963,0.8080658377616738,0.08541529294887945,0
433,0,22169,430,1,0,3,18,6,0,31,260,8,0.8579458485664071,0.4999238260024575,0.22324624205050966,0.9674865573277844,1
46,2,1658,990,0,0,0,4,1,0,2,358,314,0.038498675177937036,0.08768074562481272,0.8484430312332203,0.007471058679419751,0
342,1,93713,176,0,3,4,7,5,1,14,491,20,0.8431949552391471,0.32607598899604734,0.2681234131437535,0.5546919005896165,1
44,0,2891,2835,0,1,1,7,1,1,0,311,444,0.03814054411619432,0.01920234899026804,0.9258644476620528,0.09065046604808226,0
437,0,70373,320,0,0,1,16,4,0,27,373,15,0.8973884615738463,0.6825261205844774,0.17005151388482032,0.5834029553065998,1
3,0,2197,1399,1,2,0,1,1,1,3,23,21,0.07931719665755405,0.0017668795744489097,0.9202625938328723,0.03300026289377846,0
8,1,3465,3560,0,0,0,7,1,1,4,429,126,0.04502297528395458,0.0030683924801174103,0.8426215050158858,0.0877479505270697,0
224,1,51715,425,1,9,4,22,9,1,23,345,29,0.8440434821124938,0.8051897915261963,0.37692560416067283,0.5907880287461265,1
31,2,2827,1042,0,2,1,6,1,0,4,359,253,0.03478644308104034,0.05148069903799449,0.989167381690056,0.043396018252354555,0
33,2,2402,3654,1,0,1,3,1,1,4,179,463,0.07202661947472287,0.0661556462713785,0.8838299982452575,0.027378348951304945,0
20,1,4557,463,1,2,1,7,1,1,2,176,259,0.08153849962785588,0.0475638500776833,0.9032375253871475,0.08288418838367412,0
163,2,84480,79,1,7,2,16,3,1,21,422,2,0.5084555278365908,0.4016685141696882,0.06293509516605363,0.6885215903176531,1
2,0,1003,1162,1,2,0,8,1,0,2,126,368,0.09696261001940626,0.01503580694610225,0.8149537988190856,0.06802949954461417,0
34,0,617,1781,0,1,0,0,0,1,3,492,319,0.08895727667856264,0.022886826858211896,0.8391802746785436,0.03950404285906909,0
24,1,1914,1270,1,1,0,3,1,0,2,128,189,0.09389453237101401,0.05524191511419402,0.9117182580118546,0.09655735429707785,0
4,0,2703,3522,0,1,0,5,0,1,4,428,72,0.012195968250743018,0.054403642058855284,0.9376522680259165,0.07273681719780617,0
9,0,3490,3097,1,1,0,9,0,0,1,329,108,0.07770388341648828,0.08251604867115328,0.8947102920101737,0.08730438550450813,0
50,1,2172,747,0,1,0,5,0,0,1,493,453,0.004996863999890522,0.032006409442988014,0.9006044201295105,0.024640217132563303,0
32,0,1697,487,0,0,0,2,1,0,0,264,408,0.05201156183619984,0.08028072437503436,0.8432181937925601,0.03989557617233023,0
577,0,36921,38,0,8,3,6,9,0,28,202,3,0.9878571276797548,0.9732200985430706,0.3995340595607956,0.5044031832566482,1
19,0,441,3655,0,0,1,3,0,1,0,247,337,0.012944251893613867,0.07944373586942252,0.8371093756436424,0.05405011329602834,0
591,0,39609,97,0,2,3,29,6,0,19,235,18,0.6361375462952183,0.7226524961533263,0.04894121419643205,0.9028004108203456,1
404,0,32064,401,0,5,3,19,2,0,43,421,19,0.838224295863634,0.8717698387714146,0.21362157758783182,0.6043440673804015,1
338,1,64325,413,1,6,4,17,6,0,14,228,33,0.52208950451755,0.7536833798303135,0.16125119644443162,0.6060968738273067,1
250,1,36080,275,0,8,0,26,2,1,36,424,45,0.8086420931149985,0.343877133839149,0.2574797246078157,0.9068145316318761,1
47,2,109,2051,0,1,1,3,1,0,3,405,122,0.042890612074358375,0.002726023880878836,0.9676068557410388,0.05147215314117426,0
589,0,91480,250,1,7,0,7,8,0,19,384,5,0.5259616771484201,0.5418879883516662,0.39590122408458606,0.722819287760744,1
18,0,2231,913,1,2,0,6,1,0,2,363,248,0.09823967605473424,0.04486984623180851,0.8405139166673289,0.014439534273578459,0
505,2,6017,308,0,6,3,19,8,0,19,264,15,0.9544712696738238,0.8635098678442648,0.3782967917976499,0.5853973690332399,1
529,1,5733,335,1,1,4,23,9,1,7,325,26,0.7077664640861182,0.7640202508838574,0.1619651308428261,0.7828157064308207,1
34,0,4068,2009,0,2,0,7,0,1,1,379,254,0.04341232798508729,0.08569483895406795,0.8625573474261633,0.028677101486041436,0
269,2,68607,68,0,5,3,25,7,1,45,351,25,0.9171227400251358,0.6593556370255336,0.2008160706236963,0.9063572523844707,1
34,1,765,1045,1,1,0,4,1,1,2,500,422,0.05628390566601102,0.019504269828193102,0.93177768820246,0.08086245785124346,0
59,0,3122,1301,1,0,0,4,1,1,2,285,59,0.06162712097021783,0.06778918989590543,0.8061579975877287,0.024976311911528205,0
9,0,3966,1614,1,1,1,1,1,1,1,189,415,0.09167727407242131,0.06976145645633028,0.8926498352923993,0.025110690777970304,0
44,1,21925,441,0,9,3,17,3,0,24,479,28,0.7661704852771432,0.6281893587627178,0.19731649783808936,0.8225780759485781,1
47,2,976,1174,0,0,1,1,1,1,1,28,179,0.09871751556143196,0.002305583260948363,0.9341543881812945,0.09214681140506004,0
222,0,36885,288,1,3,2,28,9,1,33,450,36,0.7626976362829774,0.7856554881567431,0.12344548478123502,0.7610010558635751,1
23,0,3673,3365,0,1,1,3,0,0,2,117,211,0.0518377446276515,0.016455963015410392,0.8933149778641314,0.07312751038287045,0
39,1,2806,2591,0,0,1,4,1,0,1,275,163,0.05687673475699955,0.07208667113706058,0.9932437893767695,0.06383566956936244,0
49,0,2609,3272,0,1,1,3,0,1,3,234,313,0.010787213524592077,0.03946384938232616,0.9269042078183714,0.032290515818684105,0
29,0,4052,3284,0,1,1,9,1,0,1,476,407,0.07391933182406112,0.02728204841505586,0.8178981752746224,0.09272616263986072,0
51,1,4739,3539,1,0,0,0,0,0,0,341,65,0.035418896255781374,0.06614313911355982,0.8394539779234792,0.008549205356024681,0
23,0,36136,46,1,0,4,18,3,1,40,503,14,0.5509209453825492,0.3265877102575784,0.06227555733372175,0.7530975451950888,1
16,0,1326,454,1,0,1,9,0,0,1,457,82,0.05201993693995044,0.05721448922651189,0.89150100862009,0.006234991489426156,0
43,1,4068,3053,0,0,0,4,0,1,1,463,114,0.09695716314967438,0.011579494279367953,0.9952961741417484,0.07254899192277946,0
72,1,7577,265,1,7,4,18,5,1,40,392,5,0.8344271996416149,0.5589075362838442,0.3243142211396608,0.9274197831523874,1
7,1,4270,3007,0,1,1,5,0,1,1,375,462,0.04106402256611266,0.07874707756128664,0.9223364946172763,0.0546166088899504,0
24,1,899,1445,0,1,0,5,1,1,3,438,52,0.08095937864009382,0.02339838119395318,0.8835151607907364,0.000439101434612188,0
128,2,38745,152,1,6,1,22,6,1,8,466,11,0.6927846502993225,0.4606017355159592,0.07847482176638186,0.8136579788386851,1
50,1,3663,2216,1,2,1,6,1,0,1,16,253,0.06304745848799741,0.05408348746909514,0.9953992506775449,0.04625447173127071,0
88,1,73509,123,1,9,3,14,9,0,9,437,44,0.8640194875408485,0.9385569272239438,0.236938184883125,0.90181515110677,1
3,2,1622,3459,1,0,1,6,0,1,2,503,505,0.027458768002091384,0.033572431562477946,0.8978848136468855,0.02467239087277473,0
52,1,3758,649,0,2,0,7,0,0,3,48,189,0.04442473489453878,0.015357897801929567,0.909808840096467,0.0004867970757393425,0
328,0,33929,390,1,5,0,22,4,1,8,229,12,0.8851940604612341,0.441898509645985,0.1350399637524903,0.6829865502626631,1
49,2,963,411,1,1,0,7,0,0,0,42,156,0.030910154639536315,0.06093606526496096,0.8020195359176964,0.04922839590370775,0
4,1,3850,2255,0,0,0,8,1,1,3,254,238,0.0291919540977177,0.0930584704369059,0.9750567655433723,0.06221406521240891,0
324,1,83423,312,0,3,2,26,5,0,40,355,45,0.930038937520406,0.329520571243455,0.006623890925063192,0.7264573996251251,1
377,2,34993,297,1,0,2,16,4,1,38,421,1,0.6062338486622592,0.9380419696531328,0.1694568710451043,0.9505947629122995,1
264,0,88826,365,0,8,2,26,7,1,28,295,35,0.7490053671461547,0.4210696684716544,0.06546160522307046,0.7806124351294201,1
18,0,1566,1914,1,2,1,2,0,1,0,194,370,0.08901670328445081,0.04340407734325046,0.9808599060051029,0.029921982044833508,0
55,0,2900,2799,0,0,1,8,1,1,1,365,32,0.028331718012756458,0.06594819317692228,0.822471766923425,0.08465996285009753,0
7,0,106,198,0,1,0,7,1,0,0,54,128,0.013822636143825652,0.009579234901833301,0.9492730762354813,0.04344542985291705,0
25,1,3538,2051,0,2,1,3,0,1,3,227,345,0.045733656677190405,0.03125572115826878,0.8143389208223889,0.024581053234124087,0
356,1,67353,446,0,8,0,6,3,1,28,357,29,0.8666218386744096,0.5150424033440557,0.17322090475111196,0.6639291713628516,1
166,2,68097,252,0,8,1,21,4,1,10,293,20,0.6923621540464531,0.9293636215029417,0.0980949740931476,0.5037317603848142,1
38,2,298,2571,0,2,0,6,1,1,3,16,14,0.07640376759317266,0.03673084023571695,0.8292037982005331,0.04983895684035336,0
354,1,36128,325,0,8,4,8,7,1,23,486,24,0.9255515442847824,0.7498805292469974,0.34191709660761627,0.5670806541564855,1
31,1,3094,3133,1,1,0,1,0,0,1,408,87,0.013113073830969569,0.09469474561344654,0.8290184324858629,0.08970390413575839,0
52,1,3254,2414,1,0,1,5,0,1,2,255,456,0.05952833013972547,0.02121279398639633,0.911373016228711,0.07900557483384062,0
37,0,3123,3894,0,2,0,0,0,0,3,386,399,0.01828512544863391,0.0520968658238245,0.8036265478330099,0.014843726073359565,0
52,1,1606,2831,1,2,0,9,0,1,1,246,19,0.02601521515954949,0.023209671985754157,0.9931681075286403,0.007500299903086649,0
57,1,4069,3109,1,2,1,2,0,1,3,5,462,0.09209751212620601,0.08804118690452388,0.989534560605027,0.014528669578096266,0
17,2,3363,1799,1,1,1,5,1,1,3,296,459,0.052489929437833927,0.030447742486015873,0.9706551623879675,0.06545665365863872,0
14,2,618,1030,0,2,0,1,1,0,3,206,37,0.0967099172803488,0.08530795798859218,0.9747744619349489,0.06307133075353534,0
9,1,27354,113,0,4,0,27,5,1,32,250,48,0.8517802269559298,0.5979391500858142,0.22361544034626496,0.7801468327861177,1
53,1,441,2880,0,2,0,4,1,1,0,48,193,0.02621620516958454,0.02307615844194687,0.9234397081261775,0.047195410536444465,0
223,1,84597,283,0,6,0,6,7,1,31,456,48,0.7038274952267124,0.4066668251033103,0.3324001498066978,0.5317620421386251,1
7,1,3136,3047,1,1,0,2,1,0,3,322,423,0.06704838175701398,0.025228762552803687,0.9373065969568217,0.019266668859200878,0
45,1,4023,2654,1,1,1,3,0,0,4,47,104,0.011217735500947824,0.005533645526608566,0.9537181127976812,0.029695287084275802,0
4,2,4871,3697,1,0,0,5,1,1,0,314,256,0.024633869334362613,0.09576242210153021,0.8042293475767995,0.040365269725095326,0
32,2,1767,3635,0,1,1,4,1,0,2,303,20,0.01972944379567755,0.02705659417110976,0.9511399235219302,0.011645961209869327,0
48,1,1113,2823,0,1,1,4,0,1,0,405,219,0.08895570571156132,0.05029338629454562,0.8814221082803299,0.0632298074196667,0
22,0,1139,2076,0,2,1,4,1,0,1,306,154,0.042574723644158645,0.012926248249215977,0.8805243487932368,0.09615377218815997,0
9,0,585,2961,1,1,1,1,0,1,0,216,410,0.06464780891438107,0.0628081477037436,0.9715425965575378,0.020887052066412518,0
6,1,1409,2921,1,1,0,7,0,0,3,28,253,0.05996144943924173,0.0833951883945378,0.9827728164863481,0.05511108848080505,0
202,0,33049,426,1,4,1,11,3,1,26,505,23,0.9924197610829468,0.7218932033629855,0.27340590530996134,0.5513008609814987,1
37,0,2250,1887,0,1,1,2,1,0,1,169,12,0.035801791688284255,0.041544278895837033,0.8922504234045866,0.057047743421389456,0
55,1,1438,3698,0,0,0,7,0,1,3,365,457,0.07168149465887173,0.014553767462112954,0.8650747927634178,0.09836354807652765,0
44,0,2934,2031,1,0,0,4,0,1,0,312,420,0.03525820459635559,0.08834769458206605,0.8119397535317644,0.014776226728167164,0
5,2,1642,1981,1,2,1,8,0,1,4,241,463,0.06789576706353934,0.059969273238390325,0.9406942014314901,0.08388653137260171,0
341,0,54222,340,0,3,0,13,4,1,36,255,29,0.9043875613626506,0.7297964334175417,0.10074701998839175,0.6801799039590877,1
498,1,6919,236,1,4,2,8,3,1,40,390,14,0.5049919573304849,0.5780990004498041,0.2060083569888819,0.6691443813188749,1
7,1,4448,3517,0,2,1,3,1,0,1,119,72,0.04897788472473821,0.03920663518558411,0.9482632888220908,0.08219432654437243,0
16,0,1532,3781,0,0,1,1,1,0,1,112,432,0.040836658887510126,0.04723058410618465,0.8352412614378132,0.021702541121311536,0
23,1,2564,3648,1,2,1,4,1,1,3,9,488,0.011569120972852466,0.07126110168640719,0.979966476111452,0.04206290386581657,0
38,2,4636,62,1,2,0,8,0,1,2,259,346,0.04265179026666846,0.09729898587572691,0.8303478339469529,0.06723444626402385,0
28,0,788,1800,1,1,1,7,0,0,3,21,88,0.0980442234186039,0.020685940531898473,0.8460464987668871,0.05259205117168933,0
9,1,448,1119,0,0,1,1,1,1,4,213,115,0.039054243367208974,0.03659654634394845,0.883518417465804,0.02523968148557104,0
576,2,99682,99,0,0,4,17,9,1,30,388,32,0.6306318125798528,0.838429656147448,0.38978748839168237,0.5603299780701421,1
20,2,1846,2034,1,2,1,0,0,0,3,137,349,0.007431724799065231,0.03587386473551923,0.8204814538543244,0.013620685733804982,0
43,0,67586,303,1,4,3,5,9,1,6,353,2,0.5204153217783111,0.9848039227764085,0.15786686892341273,0.7297383972264508,1
141,2,87317,160,1,3,4,19,6,1,34,296,47,0.667577092302561,0.9925339798585924,0.031105293784156454,0.5926860753371431,1
4,0,59615,116,1,7,2,7,8,1,40,248,23,0.562320261123886,0.9467898376943302,0.10517343091088911,0.7845702895708562,1
90,1,49164,452,1,1,2,27,8,1,44,226,2,0.8998767111866245,0.7229580813497676,0.038120821725293345,0.6147949520615139,1
32,2,3125,559,1,2,0,9,0,0,3,479,321,0.08338407710232709,0.004040155675524027,0.952449565582262,0.0010181579282028009,0
44,2,1516,3201,0,2,1,3,1,0,1,434,199,0.03305330379279488,0.03922761425538891,0.8986150223805189,0.029181600873457184,0
34,0,3549,3916,0,0,0,8,0,0,3,88,37,0.018522934785044787,0.09341685112192077,0.9701397099074037,0.02261316197897062,0
24,1,4753,1572,1,2,1,7,0,1,1,228,294,0.03142851009015948,0.008841742411788455,0.9507404189660225,0.06800580063734189,0
9,2,3060,1351,1,0,0,9,0,0,0,263,351,0.07888001492240497,0.055485533509332045,0.836084327697904,0.07975487671554335,0
9,2,1398,1478,0,0,0,2,0,1,4,143,474,0.0381536129936878,0.027658313845245065,0.819458853790095,0.08192275442258727,0
26,1,2196,2061,0,0,1,0,0,1,1,371,231,0.036003230149926645,0.039361063076419955,0.9298341500464411,0.028606528465192727,0
179,2,6461,463,1,7,4,22,4,0,14,232,3,0.7644792989268518,0.9869971869650616,0.01645271550219416,0.9463000749798334,1
59,2,30434,80,1,3,1,7,6,0,20,312,36,0.9167932215303791,0.7946475069692083,0.34494379965942085,0.6002885175786163,1
31,0,1092,2220,1,0,1,0,0,1,3,101,440,0.07210992096417336,0.08599870965659939,0.9984406691302161,0.07733303754037119,0
419,0,19118,468,0,5,0,10,9,1,21,348,44,0.6535807999183381,0.7511890518568438,0.07575851255455351,0.5380123146584932,1
310,2,69486,90,1,3,0,14,9,0,48,394,20,0.5912474928491254,0.41143882227863926,0.266431128979649,0.9732076076650724,1
26,2,3394,1069,0,0,1,6,1,0,2,278,325,0.07422974569170884,0.02228807536562091,0.9229240507282782,0.07306376680055285,0
28,2,2374,1471,1,1,1,0,1,1,2,349,180,0.04380388478451426,0.08917261478666752,0.8066981112623156,0.05072937105556317,0
162,0,84946,372,1,3,1,22,2,1,8,258,18,0.8187020400407099,0.8104217471020239,0.1289580493491955,0.9040934848883087,1
5,2,2546,3966,1,0,1,4,1,0,1,226,457,0.09230008384772748,0.008771692549430254,0.8391189519917606,0.025360276920754335,0
43,2,2582,1834,0,1,1,2,0,0,1,442,151,0.026042183175060053,0.0842420951081169,0.9254765449798701,0.09783051138577918,0
51,0,4684,739,0,1,0,9,1,1,3,430,22,0.05259113715795641,0.004976325162657048,0.933252335462559,0.035157997450957705,0
47,1,3668,1696,0,0,0,1,1,1,0,67,90,0.04987115197189682,0.020816778250799375,0.8360568301404112,0.0716286737785434,0
46,0,1764,2477,1,2,1,9,0,0,1,300,33,0.01370435391320406,0.026278066571452374,0.9762083024497203,0.03185291268761053,0
444,0,79066,92,1,8,1,20,3,1,37,446,25,0.9222477601103858,0.9482494572014417,0.1495132201694865,0.84372135639336,1
60,2,70968,447,0,8,2,17,2,1,38,438,1,0.5499926266626982,0.444691226542028,0.1923466811184282,0.6248256929341808,1
22,2,1446,3924,1,0,1,2,1,0,0,400,182,0.017087805909247102,0.039751739341649175,0.8993543494964231,0.05738944301084834,0
7,0,248,1345,0,2,1,5,1,0,1,193,385,0.06425291300347243,0.004147090465977355,0.9961641551289011,0.0013023706559394223,0
184,2,19045,128,1,7,1,7,7,1,28,371,11,0.9633507931404436,0.8525000231442526,0.01580073889709164,0.9329024070269201,1
31,0,443,2770,1,1,0,6,0,1,1,414,504,0.007089526970814164,0.0997509348103772,0.8655211872658191,0.057376464122174876,0
10,2,1642,457,1,1,0,7,0,1,1,441,166,0.0037166120758105325,0.011890289533850452,0.9347635889211927,0.09840779545536825,0
3,2,1462,1375,0,2,0,7,0,1,4,256,323,0.09714990317625591,0.055674926040233996,0.9149747715595411,0.0009531153123940262,0
41,1,1163,1550,1,0,1,3,1,0,1,282,61,0.014437152810335564,0.07802835108169834,0.9930423262514796,0.07167413158728529,0
542,1,23848,153,1,0,3,14,9,0,33,328,12,0.5789182111756819,0.42828191570771623,0.29698662820269717,0.8673884181565007,1
56,1,878,3661,0,2,0,5,1,0,4,434,415,0.03211271655516739,0.03346224540833126,0.9858771889796569,0.03169867511960389,0
6,1,1018,930,1,2,0,1,0,1,4,88,176,0.06779315619207525,0.0683297266057598,0.9759131245053311,0.015198595701587315,0
42,0,2686,1323,0,0,1,2,1,0,2,132,172,0.01901160345200964,0.05638054327272889,0.8236380631776604,0.00034531070755282616,0
41,2,1273,3630,0,2,0,4,0,0,3,177,138,0.03594734820713387,0.08292116468463841,0.8812438326403766,0.08434580048468199,0
54,1,2596,2919,0,0,1,4,0,0,0,426,323,0.010081688539591106,0.08341662037220923,0.9670063043457693,0.02065634654577695,0
37,2,2459,65,0,2,1,9,1,0,1,60,240,0.055306467426576716,0.02370231660305726,0.9780077204535267,0.05978945795272594,0
23,1,2541,1570,1,0,0,4,1,0,1,154,79,0.0045534213713688265,0.013658318446675255,0.9908042131357077,0.06794810049163448,0
40,1,2411,718,1,2,0,0,0,0,1,100,50,0.02601553110299646,0.06551479420135704,0.823912615935028,0.07597372283665177,0
5,0,3616,3491,0,1,1,8,1,0,2,339,288,0.05293003699133031,0.024724232402525415,0.8631227129287031,0.07198237118107546,0
454,1,70507,11,0,0,3,29,7,0,27,279,9,0.6914411814224475,0.4997765366086127,0.16037316387417505,0.8067431119826203,1
29,1,2431,2145,1,1,0,6,0,1,1,475,366,0.07507428143285577,0.053736292518699935,0.8118283334437558,0.04762632220438928,0
447,2,92721,11,0,9,2,26,9,0,13,352,15,0.7218664379204625,0.972435925822025,0.3972218959854399,0.6239824232410575,1
52,0,2937,2416,1,0,0,9,0,0,3,439,48,0.04470386404302589,0.058750637355897306,0.8349829836146514,0.018021785295039672,0
201,1,62245,233,0,7,4,22,7,1,6,460,7,0.6172205605804449,0.7908469187460668,0.36842772195350415,0.7970269964416905,1
46,0,1651,3365,1,2,1,2,0,0,1,510,319,0.057939472770608326,0.09251794748478358,0.8362513638907458,0.06719927788698789,0
50,1,504,3759,1,0,0,8,1,1,3,465,290,0.045029357990957065,0.07238391605033258,0.8675053244572575,0.07232736057115836,0
44,2,2585,3906,0,1,0,8,1,0,2,155,134,0.09677740623464143,0.06911861289824858,0.9122521785465282,0.056360995032833455,0
53,1,227,2130,1,0,1,5,0,0,4,114,35,0.04703027402251736,0.049452212144353386,0.9588604568746368,0.09163268945162627,0
543,0,65436,309,1,1,2,10,2,0,35,364,46,0.9796628080302873,0.5530000090293105,0.31715999248704674,0.5035531576897041,1
283,1,16861,130,1,5,1,18,6,0,35,212,11,0.927374876298893,0.5010736736676562,0.39419616317964895,0.5281501827683737,1
57,0,2851,2382,0,0,0,9,1,1,4,440,160,0.0073165045244930615,0.06133528792158199,0.8201637689963113,0.005045956374039218,0
41,2,451,236,1,0,1,4,1,1,2,298,314,0.001738290109730889,0.030487821558305664,0.8129162943543216,0.015436101249652213,0
56,0,2861,239,1,0,0,2,0,1,2,14,336,0.08636989316402158,0.0034658882471783727,0.9880230528983309,0.03404948713805157,0
8,1,2080,573,1,1,0,2,1,0,1,321,463,0.05227624306198084,0.06881705096254272,0.9651792389140035,0.014366086835675607,0
269,1,55980,294,1,1,2,9,7,0,9,208,45,0.7706377225252905,0.9109645779628643,0.06474012524906972,0.5943273961620066,1
162,0,12058,277,1,7,3,18,4,1,47,408,46,0.6509323741846811,0.8191877968122212,0.23657442416506771,0.9248286818182635,1
11,2,1327,3198,0,2,0,6,1,0,3,37,39,0.05200987121404477,0.018068442682217214,0.9808079576537334,0.04096363522354232,0
526,1,29724,426,1,3,4,12,5,1,46,216,42,0.628462520682683,0.4479437318898134,0.17172344068893386,0.620909432678217,1
20,1,1138,2684,1,1,1,8,1,1,1,504,174,0.07639959815292535,0.07085554859689036,0.9941954800429648,0.0041775722213280185,0
63,1,70704,408,1,1,0,10,5,1,30,248,25,0.7616002279888878,0.4563168983020693,0.37413190344047553,0.9743793229324376,1
23,2,3591,2544,0,1,1,3,0,0,4,295,404,0.08755340908477251,0.07704269139193985,0.8625133918866045,0.007444874772262577,0
54,1,1441,1983,1,0,1,0,0,1,4,49,468,0.05164574356805434,0.08791949062361783,0.8045965777585756,0.011267284788597988,0
13,2,2604,800,0,2,1,1,1,1,3,321,246,0.013080432701283473,0.02607720537157331,0.8807376122448033,0.07997925013388382,0
21,1,2507,2743,1,0,0,1,0,0,4,380,168,0.08043930019338058,0.06402003629317263,0.9935835694798933,0.05756681103295622,0
241,2,72042,420,1,8,3,8,2,0,26,390,47,0.8527369752732807,0.8802815503998751,0.027087742715734244,0.753496972694088,1
55,2,51485,200,1,0,3,26,7,1,43,431,48,0.8137261418380133,0.6885910637560902,0.25547245704837945,0.6102695170186085,1
248,0,63501,183,1,7,1,21,7,1,38,235,30,0.5777798766326883,0.43607605805383093,0.30127618110550347,0.6454393067634991,1
33,2,3448,2841,1,0,0,0,1,1,0,356,509,0.026297517865806752,0.04817242206078777,0.8801345948749733,0.04138380882091063,0
0,2,2654,1480,1,0,0,2,1,0,3,439,129,0.0029372838860451723,0.0754809868093306,0.9876336513746036,0.025938735764965193,0
42,0,2626,3156,0,0,1,0,0,1,3,137,483,0.027034522633770854,0.025129799665230802,0.8749178128877629,0.08262677528310264,0
26,0,2657,541,1,1,1,3,1,1,0,234,366,0.09236026697626787,0.0009747792682962887,0.939804186853733,0.06091081376651386,0
53,1,1521,2533,1,1,0,2,1,1,1,477,437,0.03373934781909429,0.05028516843912108,0.9621719239070565,0.07700503197730921,0
58,1,3670,2782,1,1,0,2,1,0,1,223,134,0.030123229381555018,0.024113187816856608,0.8699092138045119,0.0768775805588646,0
0,0,4799,431,1,0,0,3,1,1,4,213,90,0.04635158686554183,0.039717780730076147,0.9176954638402501,0.045199188322062656,0
8,2,2418,3808,1,2,1,6,0,0,2,332,242,0.04976076082739115,0.08305456231088786,0.9486850732687344,0.07741468493198711,0
57,0,1481,874,1,0,1,3,0,0,0,473,496,0.021176269810866788,0.03194001178790801,0.944723294813081,0.05116565260050224,0
3,2,221,212,1,1,1,6,1,1,3,222,172,0.0919515378572632,0.07829884509607181,0.806833134472723,0.061740383423648494,0
530,0,33294,286,1,5,2,23,5,1,41,374,30,0.8513940782572895,0.4425968008787281,0.28213155588636807,0.6336960864264845,1
14,2,774,3328,0,2,0,8,0,0,4,100,23,0.09351399403070519,0.05700482943017479,0.9677303880818855,0.029159405191860388,0
14,0,2643,2798,1,0,0,4,1,0,4,141,211,0.016043388504493505,0.08614967183239489,0.8922692529786711,0.025334014009459296,0
456,0,39723,244,1,6,2,11,4,0,14,385,14,0.8376970637872525,0.40822307444164996,0.067413580355877,0.7640780045448975,1
434,1,46382,197,1,6,1,7,9,0,26,485,27,0.7043038238622472,0.5245956074303921,0.188600241956412,0.7150948342269194,1
198,0,57090,317,1,7,4,19,9,1,16,212,49,0.5206875831519162,0.5822928319729892,0.3786321999915958,0.9058040800639897,1
149,2,53661,183,1,4,0,25,5,1,28,306,35,0.5923844997069914,0.6381273343639767,0.0618873014680434,0.9845109562607534,1
1,0,1283,3481,1,2,1,8,0,0,0,340,153,0.026703670543798366,0.025877848873044174,0.9625224580446641,0.00953687395585695,0
353,2,68651,307,1,3,4,22,5,1,36,362,11,0.6421969018316415,0.4376263157924318,0.21936975672907982,0.5949540691591952,1
35,1,4267,3677,1,2,1,1,1,0,2,184,463,0.070283137288451,0.030023958887698644,0.9375953872063973,0.034133183616316,0
35,0,1642,370,0,0,0,7,1,0,0,456,2,0.03310930054628804,0.0572861475195293,0.9132863962122182,0.029473921773461254,0
474,2,9271,328,1,8,1,23,9,0,13,415,48,0.5129368290905261,0.8104555994823566,0.39917167910007034,0.8065604884590607,1
50,0,1701,389,1,0,1,9,0,0,3,486,439,0.053523147626904445,0.03924558744362368,0.8851883267528637,0.07798969125518711,0
55,2,942,2426,1,2,0,0,0,0,0,364,483,0.08402940644749077,0.04472116868845451,0.9691626384063832,0.0324833204208515,0
292,1,48560,455,0,4,0,20,3,0,34,299,6,0.8114321996470775,0.3513508971856252,0.37618055718540294,0.5421715340849256,1
38,2,345,588,0,0,1,6,1,0,2,89,280,0.05305213852260082,0.05225590717901583,0.8241614220259165,0.002429429370656433,0
22,1,4585,3587,0,2,1,0,1,0,2,471,144,0.06739220044652154,0.08774766443642194,0.8760310540986354,0.06533187457630339,0
23,2,4953,2624,0,1,1,1,1,1,2,454,441,0.04131040335130864,0.0759896525861144,0.9242291742666042,0.09090439506404485,0
59,1,1656,2939,0,0,0,9,0,1,0,135,277,0.019596789826376027,0.08363618424335882,0.8209639582625682,0.035150352565328905,0
11,0,3422,3276,0,2,0,2,1,0,2,257,186,0.011360437507032795,0.009788543220400592,0.9174014801025161,0.024690578156468967,0
21,1,3990,1951,1,1,1,7,0,1,4,267,292,0.062416604281347,0.034883382859886916,0.8275159528712795,0.07099101111301213,0
244,0,50229,27,0,1,0,28,7,1,30,325,37,0.5056980338823914,0.8291374167326235,0.18648535605733652,0.6259474323923949,1
139,1,48435,77,1,1,2,18,7,0,43,493,35,0.7220730751802757,0.4552960673996066,0.0007365979450016269,0.7041865605158502,1
21,1,2916,936,1,1,0,4,0,0,0,271,441,0.048306867768716934,0.0476094578007359,0.8315073658578773,0.06172576469916957,0
47,2,45938,399,0,3,1,10,7,0,27,297,16,0.6741894510479458,0.6599615646448966,0.36577386681465995,0.7162918957355449,1
14,1,4007,3894,0,2,1,4,0,0,3,24,239,0.0818232303781668,0.08205645270994849,0.888817063351231,0.008249696110211159,0
23,0,3062,2632,1,2,1,1,1,1,3,243,441,0.04818389065795099,0.011966545376805627,0.9735606205770375,0.05202691227337203,0
39,1,4799,216,1,2,0,3,1,1,3,365,99,0.03832442803455806,0.07762609581766916,0.9230338934103375,0.02313283888762793,0
359,0,96852,380,0,7,4,5,8,1,44,322,23,0.7925136382653911,0.8495165721613958,0.16640374756455564,0.6500814223363096,1
28,1,2600,996,0,2,1,3,0,0,0,133,435,0.05055826330507976,0.01256065166771715,0.9938559691728945,0.07594542386202581,0
41,1,2857,303,0,2,0,8,0,0,1,188,80,0.03041611745399493,0.09077453523866194,0.9393014464792262,0.07368314216096084,0
27,2,3518,2947,0,0,1,1,1,0,0,170,101,0.06828066316954666,0.0661558136326906,0.9020696062267075,0.09671995472755787,0
118,1,39622,120,1,5,3,8,8,0,32,350,12,0.7180380291833776,0.4447440738898061,0.15091288122296911,0.5298253009851307,1
17,2,2759,643,0,1,1,1,1,1,4,175,365,0.09174228051387152,0.003114692306915967,0.8809599857615869,0.04903947471870149,0
110,2,83813,241,0,1,3,25,3,1,44,282,24,0.7075488893727123,0.6317547940326043,0.3985855314900139,0.5757441994137249,1
5,0,3421,684,0,1,1,6,1,1,2,388,110,0.08791072710779312,0.056579860917587425,0.9086018364356448,0.06751274473067136,0
187,2,68866,52,0,3,4,21,6,0,34,235,26,0.5942879019561997,0.985982424131703,0.17438869193185394,0.6059482232925877,1
34,2,19969,363,0,9,1,8,3,1,47,454,26,0.7076624402719311,0.4224986913462344,0.009313630754369218,0.502200495085303,1
59,1,2430,2007,1,0,0,0,1,0,1,499,389,0.08723726974786018,0.052950295628349846,0.8158638105474226,0.09768554437214122,0
27,2,793,2303,1,2,1,7,0,1,2,55,500,0.05751454304439302,0.07879436691548569,0.9934860692173407,0.041349200726325475,0
8,2,2429,2766,0,1,0,2,1,1,4,270,254,0.05112402605537933,0.0503340441168699,0.9449031132892917,0.05323151447777883,0
28,2,3607,3915,1,2,1,7,0,1,3,499,1,0.09227325986658982,0.015872101126058937,0.8922727271169637,0.04391308369515036,0
14,2,2582,2603,1,2,1,5,0,0,4,206,367,0.04029577021134356,0.004616843682429805,0.8903662760630122,0.07485252906404742,0
45,0,2424,2997,1,2,1,1,0,1,3,444,481,0.07324062418938102,0.06778589110565958,0.92713937143505,0.09200967814704779,0
3,0,1436,3142,0,0,0,6,0,1,4,48,79,0.052242542606290576,0.05608167934848379,0.8952012654421242,0.009148284420593135,0
38,2,4995,573,1,1,1,8,1,0,1,255,457,0.08190794818137423,0.05591837717518198,0.9763653468988308,0.08206204552293567,0
27,1,4015,2648,1,0,0,4,0,0,0,207,359,0.003227855213599673,0.06433729922360085,0.9545213308838274,0.036726655529112806,0
314,2,61266,166,0,9,4,22,2,0,36,298,4,0.5723745681704879,0.7726155228361286,0.09102729981976863,0.9485205995449946,1
195,1,45170,59,1,3,4,14,6,0,13,479,32,0.8314117707061643,0.8069605269683708,0.08671109018394857,0.630458233132134,1
55,1,4079,3478,1,1,1,8,1,0,3,322,428,0.07613624928283792,0.0830078160066555,0.8233640757408462,0.06292819482634693,0
43,1,1841,2559,0,1,1,5,1,0,4,26,152,0.057622467972055114,0.09036476661204025,0.9084499990522981,0.06403079163734796,0
503,1,63312,495,0,0,0,6,3,0,21,277,21,0.5361471975843974,0.7506668228153703,0.06540040206864131,0.8186497528261174,1
36,2,1849,1312,0,2,0,4,1,0,2,58,118,0.03359761810848843,0.056166282002667045,0.9814907450059743,0.004698223771438437,0
0,2,1264,3067,1,0,1,9,0,1,3,446,61,0.021590139938561872,0.09386802153021416,0.904180029132066,0.07500629157335213,0
30,1,3332,1016,0,0,1,8,0,0,3,182,455,0.04419695483833898,0.08003982533783872,0.8932077278896906,0.06431906851980128,0
41,0,4352,168,1,2,0,5,0,1,2,285,163,0.08305523010594501,0.017911875441009074,0.9136066281580482,0.09418518945232511,0
29,0,3973,1613,1,0,1,2,1,1,4,2,55,0.014429702033927572,0.024853894696389812,0.840026810317197,0.0943128352155324,0
6,1,4409,1544,1,2,0,6,0,0,3,194,490,0.04142690293102802,0.017241146469623193,0.9682088225917297,0.05395521608177156,0
293,1,40205,331,1,1,1,24,7,1,46,456,37,0.6785957672280527,0.8395751120353598,0.3501422599199405,0.7490331340427381,1
44,0,4504,2059,1,2,0,6,1,1,0,215,19,0.09067655276084274,0.026749764735251803,0.9746561380178762,0.04622961651782408,0
15,2,1080,1242,1,1,0,7,0,0,3,260,395,0.09483737740040342,0.07234820054132544,0.9428738327715737,0.011388901265158326,0
19,2,466,3367,0,0,1,0,1,1,2,425,447,0.04065848801050645,0.050302685154480865,0.9184457679907947,0.08744852614519588,0
29,1,4011,2940,0,0,0,8,1,1,1,438,502,0.08132577251170767,1.387280025946236e-05,0.9439428546650144,0.021154710830308166,0
6,0,4765,2179,1,2,1,6,1,1,2,296,230,0.07685486070062542,0.013263623794458869,0.9732152606852194,0.0950411817480487,0
7,2,4158,1511,1,1,1,3,1,1,2,327,364,0.09656203346050848,0.02072013135989822,0.8235566724312898,0.04898990336574635,0
14,2,2391,1932,1,1,1,3,0,0,3,142,319,0.08291710239223571,0.053381408770985066,0.8766107611568813,0.04226915986447573,0
20,1,647,2404,0,0,1,9,1,0,4,77,248,0.023060572552470317,0.06407369749083215,0.9727614998303937,0.028832088972188308,0
73,1,89483,273,0,3,0,14,4,1,30,383,32,0.9755590703969237,0.8104605390133663,0.04797338548607897,0.5578916659928298,1
47,1,681,3001,1,1,1,0,0,1,3,46,333,0.04848912686460584,0.06344454573533458,0.9741186145892915,0.009721321642672021,0
26,1,523,1715,0,1,1,8,1,1,1,135,313,0.09999824884422391,0.059085889738933306,0.9017398988382628,0.010554699285847104,0
239,1,20114,161,1,9,2,17,5,1,38,224,34,0.7205452019491044,0.34726206403981397,0.06386432287324127,0.5828298626165169,1
39,0,3671,1584,1,0,1,3,0,0,2,263,438,0.07601662055006726,0.07637524957118728,0.946926635850319,0.03516083624174461,0
186,0,42783,259,0,7,1,7,7,0,9,380,5,0.6452248127462601,0.6655359531047533,0.048309200188917156,0.52894650327648,1
6,0,3438,1465,1,1,1,1,0,1,4,68,398,0.09328415337106806,0.04674734399377929,0.8593158146775379,0.006394516559661934,0
10,0,4753,2180,0,0,0,4,0,1,4,158,257,0.01081506589882837,0.08003843249126157,0.8075247051367361,0.06006428383382756,0
9,2,1180,2533,1,2,1,9,1,0,1,27,160,0.08857756356404242,0.07720925705254983,0.9712259343380077,0.0703998077279837,0
35,1,4775,223,1,2,0,8,0,1,1,442,399,0.03742122935316346,0.039966265272966074,0.9428589992019959,0.053131502854399874,0
27,0,3099,497,0,1,1,8,0,0,1,450,476,0.05030875119212769,0.07278254440036562,0.9257499982004573,0.08895209605295751,0
9,0,3575,3730,0,0,1,2,1,0,2,154,197,0.01648176724249606,0.02964182338633018,0.9318611809307946,0.03900477977116027,0
121,0,96822,55,0,6,2,9,6,1,5,503,16,0.8881244237709591,0.5079876849340912,0.3441841027383785,0.9899601114656058,1
20,2,1784,2741,0,2,0,6,0,1,0,61,379,0.03374818164162481,0.04032678775486196,0.9630305595059214,0.09512353818825771,0
574,2,45046,282,1,3,4,10,9,1,27,310,40,0.8383197175372413,0.3345939665477859,0.2706021143653369,0.5753567823039263,1
21,1,979,2548,0,0,0,9,1,1,0,480,73,0.08120990440371689,0.042145118478227765,0.9882020675437652,0.055748187635782355,0
438,1,47187,262,1,6,1,11,2,1,35,493,11,0.6075460969693667,0.5589419313206383,0.3756698813873314,0.8822181159903675,1
493,2,28320,289,0,8,1,14,7,1,41,338,22,0.965275746309872,0.8167984296041435,0.07604912190326361,0.8983472035591845,1
287,1,65423,471,0,0,1,29,6,0,35,254,41,0.9863420100563228,0.7059328277492912,0.3744874428443321,0.574120937100108,1
1,2,2687,3431,0,1,1,4,1,0,1,191,335,0.08825396498687832,0.04833611742315985,0.8155669730721122,0.08376519214088095,0
3,0,290,197,0,0,0,6,1,1,4,297,437,0.07419068287671424,0.006616372698129081,0.811350816717262,0.0623426400566589,0
35,2,2621,2311,1,2,0,2,1,0,4,20,308,0.05860285958064008,0.08186092257271674,0.8795780892109235,0.08046436641647865,0
18,1,2611,1581,0,2,0,1,0,1,0,119,237,0.011843882378939852,0.07604843319458843,0.9860171405249402,0.026796487327925292,0
45,0,2134,74,1,0,1,7,0,1,2,197,72,0.004456174448005179,0.015602365320764556,0.8938838224839377,0.068723218242216,0
10,1,4354,3588,1,1,0,5,1,0,0,412,37,0.02047066876477971,0.03500965669528522,0.8462135934936412,0.06294471970741926,0
14,1,3341,1527,1,1,0,8,1,0,2,190,176,0.06123214683021447,0.07396594774609956,0.8819539262848521,0.018086480065344347,0
8,1,577,1943,0,2,0,0,1,1,2,24,54,0.027668270751400437,0.014908937952083146,0.9890880974433056,0.02239704579885378,0
459,2,77426,249,1,7,3,23,6,1,22,322,19,0.897447946228652,0.38652072456155345,0.36782152579020955,0.7502181472884195,1
27,0,412,1325,0,0,0,7,1,1,4,365,399,0.017140876911667803,0.006377313151044151,0.8697744231352686,0.00021791983273001804,0
7,2,3113,475,0,0,0,8,0,0,0,328,447,0.09053681892953226,0.050709361921373014,0.8931649783064055,0.029976270814818684,0
210,0,30840,10,1,7,2,9,4,1,7,358,31,0.682423728864202,0.5939917526235167,0.2409548034940877,0.7338681462133604,1
393,0,15688,435,0,2,0,28,6,1,22,504,19,0.9749707674364005,0.4390111189536645,0.24348537683565544,0.6835357303539673,1
307,1,13419,458,1,5,2,14,5,0,8,454,26,0.8429752865015989,0.5722635147023085,0.38771911096123685,0.7675650045796735,1
40,1,4952,2319,1,2,1,1,1,0,2,317,350,0.06032237386136037,0.06681110770595343,0.8575967392988502,0.002725921712967605,0
53,0,4295,1399,0,2,1,5,0,1,0,9,355,0.02768516350747249,0.051929985813805035,0.9977761742947836,0.09011035760675143,0
34,0,2467,1831,1,2,1,7,0,0,3,463,101,0.08231789488269263,0.02302085880453707,0.9124070396956251,0.08096509953252783,0
53,2,3118,2485,1,2,1,5,0,0,1,238,188,0.020642304555443938,0.03968605619618629,0.9670565193936087,0.02486869197110351,0
22,1,3337,1084,0,0,0,9,0,1,1,493,268,0.08941118531581282,0.08154219684790973,0.9988675519072001,0.015953633095638877,0
198,2,92240,99,0,0,3,22,9,1,13,464,23,0.6718760413088329,0.8007857976512693,0.298048143892097,0.7548348552253459,1
282,2,56141,279,0,6,1,26,7,0,27,421,32,0.9581602912520872,0.8465051273858908,0.14437213237029498,0.6429988917319246,1
392,2,26009,107,0,2,1,27,5,0,5,438,30,0.635809660570517,0.9459546049752898,0.0050355211979608685,0.7244164345400026,1
407,2,19597,183,1,3,4,12,6,0,19,410,15,0.8555024290526725,0.5168879438353471,0.36574177747800085,0.5902692196727921,1
49,2,3301,2988,1,2,0,1,1,0,0,93,273,0.07166521279125397,0.03194973926906385,0.8497953346813569,0.04158923294694048,0
88,0,78419,481,1,5,2,21,4,0,34,503,5,0.8182111332695705,0.7869994409451826,0.17244951415914256,0.6157307923595918,1
17,1,3379,1868,0,2,0,1,1,0,3,306,183,0.07974666642989187,0.06497276610185962,0.9841292511843573,0.027718140776428035,0
53,2,1295,2428,1,0,1,4,1,1,0,208,293,0.07851563208214377,0.09218784949475825,0.8578793345055138,0.07883629109854436,0
364,0,73487,272,1,2,2,11,5,0,41,407,4,0.5685760072414561,0.7473919817603967,0.15452450235695758,0.9541686151385738,1
12,2,664,1080,1,1,1,4,0,1,2,230,111,0.09484405620876157,0.023086984934879706,0.9059076754429776,0.00038720106346674666,0
26,1,4385,2903,1,0,1,6,1,0,2,500,61,0.07820839880740763,0.03444228604972516,0.8588354567826602,0.027438127676120007,0
14,1,3259,3670,1,1,0,3,0,0,3,500,461,0.07807652043355565,0.07760623746890288,0.9518374146672753,0.020859566916957974,0
15,0,2576,3559,0,1,1,6,0,0,4,444,44,0.06207649226613337,0.044181215460992664,0.8184516785659427,0.025001267256759697,0
41,1,4126,1513,1,2,0,4,1,1,3,468,510,0.09592781835747755,0.09772969298648743,0.9445271217569271,0.02230083648285095,0
33,2,3883,3189,1,0,1,0,1,1,4,118,355,0.0736909459137326,0.03491203678457041,0.9238702463422677,0.07323733489896951,0
4,2,3253,662,0,2,1,1,1,0,1,236,247,0.004665474079879261,0.03182103279880862,0.9565176981868009,0.012205097431976931,0
6,2,3328,832,0,0,0,2,0,0,0,1,225,0.0157712740503158,0.0999191450394554,0.9393935361963309,0.06074401181956608,0
185,1,41268,342,0,9,2,17,9,0,22,419,39,0.8916650280710986,0.977576296396689,0.17735505635995574,0.6422523242490308,1
42,0,1688,1107,1,0,0,9,1,0,2,62,310,0.043492847610971254,0.0649978106140259,0.9023489885395932,0.06011504774197385,0
18,0,2728,501,0,1,0,6,0,1,3,507,150,0.04055597845872349,0.07734628110053866,0.9560142043712214,0.019442914512288023,0
10,1,2340,3822,0,0,0,5,0,0,4,289,444,0.07748467056650171,0.08114372938464859,0.8870740682628149,0.09370667113616343,0
0,0,1230,3540,1,1,1,2,1,0,1,330,434,0.0638023405115427,0.02998748935937541,0.8125738768911757,0.050210440687286785,0
25,2,4432,453,0,0,1,4,1,1,2,370,286,0.05449759602950425,0.021657319963903177,0.8810380503292337,0.04848500854034449,0
12,0,1786,1272,0,1,0,1,0,0,4,306,378,0.09413366441604656,0.004253092448437401,0.9305294674634352,0.009724021781001192,0
393,0,23458,208,0,8,4,23,3,0,29,307,37,0.8490370049745768,0.497641034313142,0.15116572300502354,0.8755771806032013,1
31,0,2831,2955,0,1,1,5,0,0,1,215,243,0.02223770647406975,0.07538195562388603,0.9819901951084622,0.07989106305725292,0
14,0,3754,2156,1,2,1,3,1,1,1,135,499,0.022210077078102422,0.08576105853743232,0.9924486713185819,0.047549554352080706,0
4,0,949,3949,0,2,0,2,1,0,0,69,182,0.05363384308807269,0.08080526003107558,0.8492949611326628,0.09358042932210331,0
42,0,187,2052,1,2,0,5,1,1,4,182,239,0.02357875732731364,0.02970334841736153,0.8036504722449924,0.09894308746987579,0
19,1,2796,1986,0,2,0,0,0,1,0,29,162,0.0306862042175731,0.012281061706550002,0.9454991989982567,0.052365527645714775,0
465,2,27170,308,1,7,1,29,7,1,42,451,12,0.8659115280302354,0.4764784475528083,0.13517729353930089,0.6984825579326862,1
30,2,4011,3701,1,1,1,1,0,0,3,82,31,0.07330244434240826,0.042239231531785305,0.8278925165184865,0.06328746605402367,0
56,2,2194,1998,1,1,1,0,0,1,4,152,69,0.057939018202840024,0.018741087703295356,0.9164090435964614,0.0015269059960770993,0
2,0,2424,593,0,2,1,4,1,1,2,485,92,0.07990052071924635,0.04542964249933615,0.8060117337189951,0.038287851652613315,0
7,2,4694,2346,0,1,1,7,0,1,3,307,364,0.005667957646999922,0.03557406051674202,0.9791121222523319,0.07104557094294389,0
261,2,15606,38,0,9,4,13,4,0,44,228,37,0.8107537620998337,0.8853351011172137,0.3821607749046197,0.8202296523786743,1
52,1,3603,3410,1,0,0,1,1,1,4,465,441,0.07538753313151063,0.008721639792057733,0.9546728444418635,0.04765864478634301,0
50,2,4666,2677,1,2,1,2,0,1,0,245,200,0.002698504704691862,0.0629825879658409,0.9349340776837322,0.022413600857768293,0
18,1,1556,3038,0,2,0,0,0,1,1,149,164,0.03554348825558603,0.05249948219283704,0.9227424363802867,0.003893259211068834,0
6,2,4215,2494,1,1,1,9,0,0,2,330,505,0.086608090462578,0.08429295737248922,0.8254346601551656,0.05554892906320607,0
36,0,187,346,1,2,0,3,0,0,1,479,188,0.058192225038306046,0.0782583300689207,0.8725643593129746,0.054372450396640126,0
58,0,807,85,1,1,1,3,0,0,1,293,75,0.0932194250218836,0.06150969161203632,0.9090485001043584,0.02506356558820614,0
40,1,3648,3254,0,1,0,0,1,0,4,104,493,0.08572150238206755,0.037656657181913335,0.8017269347675786,0.020061515048943292,0
51,0,3805,3664,0,0,1,6,1,0,4,20,476,0.027266191994398826,0.07612880526765488,0.8422846309823036,0.007258765858552696,0
40,2,2678,2573,0,1,1,7,0,1,1,396,148,0.061378023719491276,0.08498896418370207,0.8716285815933955,0.005613974816326417,0
309,1,97119,232,1,3,0,5,8,1,47,271,5,0.8043712774658706,0.8188342046421768,0.12854396681594502,0.5492047264862034,1
6,1,3862,1553,0,1,1,7,0,1,1,32,145,0.04154681225021828,0.02317793841122036,0.8508506121577515,0.09967250708549835,0
30,0,2770,73,0,0,0,8,1,0,2,70,504,0.034323920820934495,0.09146229896435629,0.891980408800017,0.02083699032574321,0
435,2,57024,204,1,7,2,21,9,0,40,427,42,0.8646998944446471,0.6023152582736762,0.10278302128333534,0.8856489208605423,1
32,0,2284,3025,0,0,1,8,1,1,0,428,423,0.04139692386603108,0.07920049728524003,0.8595311374894756,0.090067905854314,0
7,2,1365,320,1,1,0,5,0,1,0,41,470,0.050348235463347296,0.01970085780735638,0.9227225619391196,0.0786162264538068,0
40,2,2986,3091,1,0,0,4,1,0,1,334,442,0.007756477339942391,0.03213768049623957,0.9684859051557042,0.003500051097767887,0
15,1,495,3185,1,1,1,3,1,1,3,464,449,0.080556937926559,0.07916644833735974,0.8838695532475105,0.06200635377891292,0
437,2,53259,213,0,6,1,8,8,0,15,352,44,0.9866660454599723,0.7668451716357005,0.18650586249065612,0.9953406960279397,1
17,1,4418,2099,1,2,1,7,0,1,4,44,389,0.004266868555804604,0.04621177729658554,0.8801415355718074,0.08915575770624519,0
58,1,4225,3436,0,1,1,6,1,0,0,348,147,0.02747329884338953,0.0857302063569122,0.8844135470803504,0.08595953309018478,0
22,2,2047,1812,0,0,1,9,0,1,3,415,449,0.04063191263909474,0.09185744407169859,0.892883864809253,0.07394418998846743,0
11,1,3973,560,0,1,0,9,1,0,0,271,424,0.06236301992462796,0.026752203422461287,0.9225858024351086,0.08825241479790874,0
333,0,74482,280,0,7,4,21,5,1,27,343,32,0.5911993975975978,0.8126451280221405,0.15984382642048123,0.5170786757576007,1
3,2,1643,3560,0,0,0,3,1,0,4,81,412,0.0495061330959638,0.007513452161677226,0.9359960492755128,0.002001325845972146,0
427,1,31919,398,0,8,3,7,6,1,18,458,24,0.5913104194512016,0.7936625506661165,0.3089717331606546,0.645244032296691,1
33,0,4618,3463,0,2,1,1,1,0,0,175,233,0.049834959095922705,0.05611526805179822,0.8872689862771928,0.06222468596171504,0
4,0,1258,3647,0,0,0,4,1,0,3,79,8,0.02076830147769093,0.04584156738072412,0.9161575737795611,0.030732759718652216,0
55,0,4344,3107,0,2,0,4,1,0,1,465,499,0.08351981208843377,0.08655377020098515,0.8328152410695937,0.021188459356537848,0
44,0,1127,124,0,1,1,1,0,1,4,312,206,0.026406986230446673,0.09891436712385716,0.8315928697224847,0.004504939082183446,0
43,2,4743,1991,0,0,0,5,1,1,1,334,229,0.011889159027661146,0.05350237812196712,0.8871212965875224,0.04175509276826447,0
8,1,445,3738,0,0,1,8,1,1,2,294,5,0.09336953513521314,0.02408060405101824,0.8269030332735752,0.014707741800243125,0
28,2,4353,121,1,1,0,5,1,0,1,410,46,0.08872760542418459,0.04915156466608927,0.9953481174513761,0.06956768525633443,0
32,0,796,3542,0,1,1,2,0,1,3,279,412,0.0019034250925496266,0.014684532604880252,0.8254768911467948,0.04294048178686334,0
51,1,1934,3251,1,0,0,5,0,1,1,16,371,0.043104630464937156,0.02243011969506068,0.9826402554373881,0.04927004552289699,0
15,2,4425,440,0,1,1,5,1,0,0,73,324,0.0032764769889810697,0.02652495658052493,0.9352321536044207,0.054590186763984416,0
56,0,3579,2507,1,2,0,1,1,1,1,337,354,0.022325728988141447,0.061955920250055724,0.8533769168694834,0.06823561130554438,0
56,1,3087,306,0,0,0,9,1,0,2,86,461,0.04668471716841809,0.0874697885241124,0.833650699422086,0.024967025111122254,0
19,1,2074,1889,0,0,1,2,0,1,4,474,253,0.030047984286702967,0.07597323411984391,0.8255291238479762,0.04188489342674864,0
468,2,59807,401,1,8,4,23,9,0,9,252,40,0.8976998585626035,0.4434170459089184,0.14636690600278018,0.9054244445697273,1
46,0,593,2479,0,0,1,1,0,0,2,217,58,0.07338509375054766,0.0647016559831672,0.80687145679372,0.03291038432816747,0
75,2,24053,219,1,0,4,27,9,1,45,243,43,0.9098644347067627,0.980892118722889,0.014689898342583253,0.7030496695442435,1
57,2,396,1008,1,0,1,8,0,1,3,139,391,0.0498160238924562,0.08120649660360682,0.9276812046580984,0.03567384549439474,0
307,0,22844,191,0,6,2,16,9,1,24,377,40,0.7759939242101577,0.44579912408442746,0.1371781121730445,0.9815462861831543,1
57,0,2368,1887,0,1,1,0,0,1,3,42,493,0.08504539301383987,0.05603023355897843,0.972579675086854,0.04342807810702409,0
23,2,1474,2205,1,2,0,1,1,1,0,60,40,0.04150188974917263,0.06507167960704706,0.8198730424595757,0.07628182928971522,0
592,1,40958,207,0,5,0,22,8,0,5,429,36,0.6995656027988206,0.49240625002331684,0.185524325548674,0.6379893740331519,1
143,2,75748,229,0,0,4,28,8,1,22,404,12,0.8342178918305043,0.5068512132067927,0.25195714349737125,0.7727668488401098,1
9,0,3282,1986,1,1,1,4,1,1,4,210,79,0.07791134054357268,0.06959449910535787,0.9041941523830742,0.039231728241872044,0
3,0,4518,1291,1,0,0,6,0,0,3,364,393,0.07226983291280552,0.04080222862513205,0.9466977455693969,0.00760218598494088,0
49,2,110,3986,1,0,1,5,1,0,0,229,161,0.028541256298862484,0.05158584116774384,0.8621584716188299,0.0781104577410681,0
26,0,3784,3359,1,2,1,5,1,0,4,354,271,0.04014261049691771,0.06282915638587669,0.9781854723634674,0.021963638769397054,0
3,0,3628,2523,1,2,0,7,0,1,3,327,80,0.0017296511094167966,0.0993248537303465,0.8311338146443945,0.021742878848897543,0
37,0,4116,2639,0,2,1,5,0,0,4,134,506,0.0023947136365813472,0.04325150873450068,0.9155132662984985,0.06906862395400871,0
190,0,50215,171,1,1,2,21,6,0,28,352,28,0.5013448088927809,0.8643712924488218,0.31249469870828833,0.7187589943237527,1
121,2,45248,429,1,4,1,13,6,1,20,492,8,0.8886119851313922,0.6541215912170311,0.2768435517315015,0.9974768336641604,1
40,2,419,3201,0,1,1,9,1,1,0,186,190,0.09472519273788726,0.028866362669189672,0.8819898820990232,0.04064978094507574,0
43,0,4221,3614,0,0,0,4,0,1,1,416,62,0.08680968683429341,0.03212269764250153,0.8803791089280373,0.07286328552467729,0
271,1,43483,176,0,4,0,10,9,0,43,224,30,0.5036815819264319,0.30149531887269615,0.2508070168324496,0.511904328407312,1
57,1,3607,2244,0,2,0,7,0,1,3,186,342,0.0815869193409938,0.09339798995550713,0.9801109083113868,0.06584600174664322,0
30,0,718,3150,0,1,0,2,1,0,2,350,166,0.09600136250176744,0.07665412513652982,0.9584717503893355,0.061033689202295675,0
2,0,359,3545,0,1,1,8,1,0,3,262,165,0.09757411287029354,0.09845979482434264,0.8470490623087914,0.04321802367474806,0
180,1,56361,391,0,2,2,10,2,1,7,417,36,0.8557818729935821,0.7532224474967757,0.13604507451270728,0.5955145710228663,1
462,1,32411,229,1,0,0,16,8,1,40,349,13,0.950809100895031,0.44705278236115314,0.23317145280427304,0.7451005860836031,1
12,1,4646,1107,1,0,0,8,0,0,2,410,236,0.06216656952220426,0.08389400678583439,0.8751982438218472,0.05057506528568226,0
23,0,2780,1882,0,0,1,9,1,1,2,128,144,0.017018343674961436,0.04348886438616317,0.8776745592041317,0.018407459638331205,0
16,1,1557,3563,0,2,0,4,1,0,4,254,481,0.07340268272591297,0.0808038429083958,0.857514900510739,0.09812168109641622,0
302,0,34991,292,0,1,4,27,8,1,38,303,4,0.7378310020845369,0.5631925541616102,0.1806013949985526,0.5226065479203792,1
218,0,12342,175,1,9,3,17,2,0,45,289,44,0.8453782126211711,0.47724809806168883,0.35287841937833153,0.5466481312816092,1
539,1,85023,231,0,0,1,16,9,1,12,208,35,0.8063717799150008,0.7144608825588389,0.08042140933915892,0.7033587226801565,1
392,0,94917,50,1,6,3,14,7,0,47,379,8,0.9024436263656619,0.8789703800253417,0.08498891025538079,0.7791440464294529,1
254,1,62480,493,0,2,1,8,6,0,43,455,37,0.9938697670266389,0.3263254938239607,0.2511522719582808,0.669440653551215,1
6,1,136,3920,0,1,1,5,1,1,4,149,99,0.0865964618943008,0.042969421859630465,0.8047458059421028,0.09354785301973614,0
55,2,2139,3198,0,0,0,0,1,0,2,385,450,0.09348414940460628,0.04571392036758651,0.9229095735097126,0.02183237586887691,0
334,2,24561,361,1,2,3,13,6,1,17,432,5,0.9094404188265721,0.9631356724259903,0.17075800247941908,0.5434913181931855,1
88,0,22072,481,1,9,1,9,4,1,33,436,23,0.7725176199712883,0.3237552132905054,0.38238662277982016,0.7889066324244596,1
27,0,338,2626,1,1,1,4,1,0,4,252,347,0.020913224218232718,0.07760009585845286,0.9144563233010571,0.00294818188451782,0
36,2,3436,2052,0,2,1,3,1,1,4,328,230,0.05674881643370734,0.06775550404695273,0.9977292869902168,0.08844420799441607,0
46,0,3988,1547,0,2,1,1,1,1,4,79,265,0.09737674939855437,0.06698333210348278,0.9023601373731402,0.05983775165647925,0
156,0,22534,360,0,0,0,18,4,1,20,483,25,0.5847974004670551,0.6232523432403421,0.3139818965002181,0.7985309851380828,1
27,1,4147,2442,1,2,0,3,1,1,2,509,120,0.09206333289613843,0.06665449911701986,0.9224007573791335,0.06329848399730194,0
319,2,43713,373,0,8,0,5,7,0,26,213,17,0.7185846245916738,0.3620026616922727,0.021149958492166922,0.9854258860883811,1
250,1,22628,467,1,4,2,13,6,0,27,448,20,0.9819696995143081,0.9044193929390683,0.05385376922129362,0.6400726041712763,1
59,2,2538,1320,0,2,1,3,1,0,1,186,298,0.027402135522523397,0.06883215827990928,0.9600068053963292,0.09803309620780762,0
52,2,2436,2663,1,1,0,7,1,1,2,314,265,0.0015250376858487959,0.062043724848056175,0.886109844384193,0.047057859343537206,0
19,1,698,3963,1,0,0,9,0,0,2,294,89,0.038827673872586066,0.09818611352417056,0.8478979655863207,0.04698219635825849,0
334,2,9352,255,0,5,4,22,2,0,47,258,28,0.9094231465315258,0.6166468496931863,0.06601628489364511,0.728088156099024,1
81,1,39521,477,0,0,4,20,8,1,22,454,19,0.9862871249334035,0.5058282426855184,0.3393339891687625,0.6350693895745251,1
7,0,4988,3850,0,1,1,7,0,0,4,421,414,0.09289620239009358,0.05293314219542253,0.8824752273076618,0.0451391106460929,0
19,2,65361,381,0,0,0,18,7,0,12,231,10,0.7837517327893279,0.3265930277175437,0.36520157697506184,0.9327403466030494,1
41,0,2068,3723,0,2,0,0,0,0,0,470,323,0.054298338240411415,0.013048681786189887,0.8098143908510944,0.06190626540748281,0
442,0,29326,165,0,1,1,15,6,0,16,281,45,0.6198892635219183,0.5438098275923637,0.3454395541568011,0.5273459094519497,1
9,1,4616,3089,1,1,1,6,1,1,4,260,492,0.026857010614304136,0.06674056012669008,0.846101618595955,0.026498374412488368,0
36,2,4110,2827,1,1,1,1,0,0,2,143,389,0.007971103492529885,0.03001335581347805,0.9547347978190125,0.0788418792888661,0
544,1,40646,116,1,2,3,21,6,1,48,224,30,0.5945791919107049,0.45646708738089203,0.39653387453841893,0.5834714746068345,1
59,0,2635,1584,1,0,0,2,1,0,4,389,475,0.05309953212728703,0.02100265214323628,0.8585525580216812,0.06998381179612646,0
29,2,4646,796,0,1,0,9,0,1,2,311,402,0.09361674514742002,0.013469874135565297,0.960033307103827,0.030988269242260325,0
52,0,4204,908,0,2,1,5,0,0,0,174,50,0.04861811795794011,0.002721120169956903,0.857522582913795,0.09666457982724241,0
44,2,199,3252,1,1,0,6,1,0,1,80,343,0.09798359304170465,0.04610941447440142,0.8227376990569151,0.052720747512969214,0
43,0,2015,2313,0,0,1,2,0,0,3,367,476,0.05527685374189522,0.04831812384381132,0.811210758243492,0.014689041646598589,0
7,1,1015,746,0,1,1,8,1,1,4,37,60,0.08015903920186569,0.04929808492499003,0.8488564231462652,0.04429108066885379,0
3,1,4184,1994,0,1,0,4,1,1,2,153,259,0.003182316176397493,0.04951472296515948,0.9087782666322926,0.05402102278406471,0
41,2,3960,633,1,1,1,4,1,0,1,162,297,0.08099817769615279,0.0764240134690574,0.8139492821372166,0.08714546742396002,0
20,2,2877,991,1,0,1,0,0,1,1,451,197,0.023375439247272513,0.023738075235109103,0.8550215047660137,0.02687463108700533,0
30,2,4817,1262,0,2,0,8,1,1,3,136,187,0.0949362540663467,0.06727950545809568,0.9484917713179887,0.06644935498963292,0
5,1,4290,1911,0,0,1,9,0,0,4,304,420,0.05548989426025021,0.040070663776234354,0.809230193223757,0.010059008035000472,0
31,2,3142,754,1,0,1,7,0,1,3,382,324,0.0036551335399587328,0.04787864132481722,0.8750888490503315,0.0680514161353602,0
496,1,36503,198,1,6,3,21,3,1,41,317,17,0.6104178178243415,0.5640358665577572,0.12864674050705435,0.737257744750418,1
26,0,3359,3371,1,1,0,8,1,1,0,130,126,0.07685514629746809,0.08880174344843814,0.8753164332355111,0.00972045644645837,0
20,2,590,985,1,1,0,6,1,0,3,358,485,0.03021926920893141,0.08130809300195822,0.9930875644171162,0.052490074266906196,0
11,1,3962,3253,1,1,0,5,0,1,2,193,284,0.011611006073964215,0.05647880710378322,0.8243006721175883,0.025843016021575394,0
58,0,264,3523,1,2,1,6,0,1,4,321,414,0.04642767010028886,0.07166685913948188,0.98027352881128,0.05340190064036873,0
31,1,3554,1611,0,1,1,5,0,0,2,108,370,0.08974662823440571,0.01767797226510628,0.8037409410442526,0.05438395625105263,0
0,1,1813,716,1,2,1,3,1,0,3,437,90,0.037166277098593305,0.06765878035325211,0.8457525455194898,0.02134418285791132,0
38,2,1056,1460,1,0,0,1,1,0,4,200,364,0.013255990816180785,0.0739440695546931,0.9778471129913267,0.06373912902599024,0
30,1,2769,2837,1,2,0,1,1,0,3,19,119,0.0077205554617474255,0.09604706370350286,0.8901074664116536,0.08622901970327307,0
6,0,1816,1977,1,1,1,9,1,1,2,1,171,0.056241586832226104,0.0673440682623743,0.9214418109993396,0.050917657588734413,0
26,0,4599,3381,1,2,1,4,0,0,1,232,243,0.09321350348103119,0.07770069000246972,0.8697409990119517,0.009680857008100641,0
5,0,626,1588,1,2,1,5,1,0,1,385,442,0.05854894812852751,0.01982705381928276,0.9132511347625573,0.04695897634066253,0
59,2,228,290,1,2,1,5,0,0,2,285,484,0.09440636840859176,0.022178112568555664,0.8680244510825944,0.06635772983295811,0
401,2,44979,167,1,8,2,5,3,0,32,471,21,0.6123552669284771,0.4559474055449846,0.28511679981310584,0.8644022784591932,1
17,1,462,1077,0,0,1,8,0,0,3,136,205,0.05859902502085138,0.07282810410468923,0.9868771283818056,0.0566710576488484,0
7,0,3138,1327,0,2,0,3,0,1,0,467,213,0.02460502656822472,0.08659591484053698,0.8809900178762213,0.00959471642104829,0
0,2,1663,903,0,1,1,8,1,1,3,198,31,0.0032117976507208823,0.08064713707971911,0.964341652958361,0.04996830512261163,0
27,0,4394,3163,1,1,0,6,1,0,0,70,64,0.040917643206844115,0.08517309308360282,0.9432897314955079,0.05798748730025354,0
9,2,4830,2467,0,0,0,3,0,1,0,123,312,0.03127745245549925,0.07239382838746809,0.8401856531146986,0.011620417265678529,0
16,0,4845,2055,0,1,1,3,1,1,2,42,487,0.0601896265593443,0.0832325000854712,0.8667950343788626,0.06696806096094272,0
52,0,4469,2161,0,0,0,8,0,1,4,450,67,0.013724131447688949,0.06874524404918596,0.8537225236900373,0.08254972997674195,0
555,1,61836,72,0,8,4,19,9,1,23,439,48,0.9561557982381395,0.43301997664210534,0.20295614573409948,0.5942276987651389,1
0,1,4537,1529,0,1,1,7,0,0,4,248,136,0.00030093955283441167,0.039806437130228536,0.8665282094981898,0.09788791965199434,0
41,1,2185,1213,1,2,0,5,0,1,1,139,47,0.005986794731012702,0.08711574434262091,0.9021591680160622,0.0196414632682566,0
587,0,99158,185,0,0,4,5,5,1,23,449,7,0.6821801322170618,0.5775019791021772,0.1924216101356135,0.7787659133315082,1
22,0,2737,628,0,0,1,6,0,1,4,38,231,0.04291623747294772,0.007730976342441298,0.9492235792128078,0.06239115599639901,0
44,0,980,3423,1,1,0,1,0,1,2,62,342,0.06374542835383026,0.012991547148175199,0.8908191335003208,0.048351409640036674,0
353,0,56151,487,0,5,1,18,5,0,32,228,1,0.910300453941473,0.46164136016389296,0.12594845995300896,0.7315382564269802,1
35,1,2972,3088,1,1,0,1,1,1,2,257,195,0.03256580922252261,0.011347931295535341,0.9251409021811945,0.08722251453786994,0
13,1,1498,3391,0,0,1,6,0,0,1,419,86,0.030805570783652828,0.007313858241771676,0.9311172335996554,0.0561289952125674,0
11,0,4978,2076,0,2,0,7,0,0,4,352,85,0.026423222086492226,0.09156427971839691,0.8072236987223166,0.003016588570554013,0
46,1,730,3457,1,0,1,6,0,0,3,463,474,0.024228112793273693,0.012206144608297866,0.8983927782942844,0.0281484278408375,0
5,1,2196,2180,0,2,0,9,1,1,0,271,79,0.025482866931624017,0.05672856264132301,0.9817397499046124,0.0935217356404427,0
20,0,3978,3738,1,2,0,4,0,1,0,116,304,0.0196914123898303,0.07611647034498907,0.9620926168518247,0.01821154888779204,0
1,1,3275,2558,0,0,1,8,0,1,2,433,2,0.03221386034799474,0.025750063937952594,0.899647584692958,0.07608921974676777,0
53,1,3048,796,1,2,0,4,0,1,0,87,296,0.04236809159282939,0.012877713175742635,0.9485911051150228,0.0054761288148877044,0
53,1,2606,1059,1,0,1,7,0,1,2,345,508,0.06106438053453076,0.047273609725117294,0.8505145499849254,0.07676661608994399,0
56,0,3831,3926,1,1,1,7,0,1,3,131,398,0.06304707195885038,0.020084744300296664,0.8794931297783788,0.07084798620413643,0
24,1,3227,324,1,2,1,4,1,1,1,138,460,0.0885809958319717,0.01470274517982112,0.9794734500298785,0.009133411951104786,0
418,2,81904,126,1,0,1,18,2,0,9,383,46,0.7847199462687858,0.8761663064796135,0.2475940103838854,0.8820120965158473,1
403,1,94426,40,1,5,4,28,2,1,26,440,41,0.8712656492903497,0.7122147169561219,0.05906692048416336,0.6034224254238054,1
33,2,621,3509,0,0,1,6,0,0,0,156,60,0.0887879921492919,0.07535574448333374,0.8207703538867503,0.021916091443398667,0
51,0,2842,1324,1,2,1,5,0,1,4,115,177,0.07898317031064264,0.023768509930407057,0.8733060529084309,0.07264373768549347,0
56,2,610,345,0,2,1,4,1,1,1,387,440,0.044675449713278914,0.019191117910227807,0.829153033218412,0.08438728661336246,0
39,0,249,3077,1,0,1,2,1,0,3,378,41,0.06731826653667136,0.058224735312432656,0.8585111593863038,0.08595010767154644,0
43,2,3834,3193,0,2,1,8,1,0,0,372,373,0.06116930886692934,0.05027946953831855,0.9932533498637548,0.010438053423171258,0
51,1,2645,3981,0,2,1,0,1,1,0,56,399,0.003925812152232944,0.003576781407899199,0.9634645189095985,0.06257377882096221,0
4,2,289,1418,1,1,0,0,0,0,0,195,290,0.09567184483402928,0.041507806221212966,0.8872472189344943,0.050983878375522755,0
54,0,81420,350,1,7,4,17,7,1,21,279,3,0.827920110945321,0.9871086487764291,0.24840427172400467,0.7368898792261374,1
141,2,28704,433,0,6,2,9,2,0,18,341,48,0.540251695537321,0.8402791573380819,0.08553173094238536,0.5907958007322704,1
17,0,1739,474,0,0,1,5,0,1,1,153,86,0.05844863734132168,0.02727639462146858,0.8723281305783626,0.07460272007545221,0
49,1,91961,497,1,5,3,13,8,0,11,438,27,0.9842706166706994,0.9374341267528408,0.2320597443497936,0.5172213252201732,1
520,1,55294,469,0,7,1,22,5,1,37,237,42,0.92469221289381,0.6281407535885203,0.16623186002588464,0.9569286156233607,1
376,2,25912,3,1,7,3,10,9,0,14,475,34,0.8881247280370745,0.6584712827479883,0.3199471234231115,0.6371350847332291,1
59,2,1370,3064,1,2,1,1,1,0,4,364,311,0.059128192359057974,0.042204885053891444,0.9331914059522561,0.09635827266688368,0
44,0,422,2914,0,0,0,0,1,0,4,220,314,0.0452437224189052,0.05125923311150785,0.9776736559430612,0.0709015430591449,0
33,1,306,2702,1,2,0,1,1,1,4,246,1,0.07884124293129985,0.034248464886353414,0.8310089192589404,0.0214693708659372,0
25,0,450,2823,0,2,1,1,0,1,2,321,191,0.00772047208513752,0.045123805178114255,0.8527295383203489,0.06048738189300451,0
49,1,1065,2253,0,0,0,9,0,0,4,157,201,0.05840807517660912,0.020427724323973762,0.9117607396991766,0.012153109997286082,0
355,1,5927,152,1,1,3,17,7,1,19,299,40,0.8419223829102643,0.9366846623366141,0.2723479028428691,0.5597178700090766,1
552,2,39891,270,1,9,0,19,2,1,38,479,49,0.7611086910009148,0.31220733471623946,0.29560512803350064,0.9507898283242444,1
28,0,516,1480,1,0,0,7,1,1,3,392,90,0.04088904501478368,0.031143042212635787,0.8618904082926551,0.007380217033062664,0
379,2,91053,366,1,5,3,20,7,1,33,207,38,0.6437949411886699,0.3550189603748067,0.05673850124193498,0.8287783824684787,1
56,0,507,1371,1,2,1,7,1,1,3,141,405,0.03903407893342904,0.0319439671967803,0.923791631651996,0.04331425526615837,0
235,2,96586,136,0,9,1,25,7,1,44,244,10,0.7576712559011668,0.5907519506601349,0.1500598399154343,0.653708364491862,1
44,0,4775,612,0,0,0,9,1,1,0,324,66,0.01015573010474853,0.013867897858890088,0.8911367903344383,0.06395864201274629,0
19,0,286,3644,0,0,0,1,1,0,1,32,68,0.00014603075486518957,0.08325168388012227,0.8560918299907494,0.08511888625106323,0
58,1,1434,3415,1,1,0,8,0,0,4,206,313,0.02701618287331279,0.041265110148103856,0.846448888094852,0.03303480902107726,0
1,1,3762,2057,1,0,0,9,0,0,2,427,491,0.09129695914513251,0.054366845200103035,0.9865534580829098,0.03511398194272549,0
267,1,99419,362,0,7,0,18,6,1,40,399,30,0.6754764025204881,0.5988761628304662,0.07886741661412629,0.7750721469747908,1
35,0,4097,3485,0,0,0,7,1,1,2,224,424,0.06429271916942968,0.09058781046255253,0.940802644295158,0.0016953001695599991,0
18,1,2637,1007,0,2,0,5,1,1,3,498,279,0.030330862268411776,0.09952152345438801,0.9025856557558919,0.08641280514831387,0
13,0,2427,1075,1,1,1,2,1,0,2,510,179,0.05755019513296279,0.07059431948531236,0.8499137061216375,0.025384010509308663,0
209,2,58533,454,0,3,1,28,5,1,28,465,33,0.9186761699753851,0.3658220768934033,0.2289663950613132,0.7193235110407521,1
583,2,47784,234,1,5,3,27,8,0,20,319,12,0.7889824339245975,0.7825173035955089,0.06763535427139647,0.6886850729181002,1
25,0,12578,200,0,5,2,15,9,0,7,226,19,0.7066219569188738,0.7561763602133361,0.2923075466669123,0.5383344589404494,1
43,0,445,1920,1,1,1,1,0,1,1,419,339,0.07459440324271881,0.037622120317809815,0.8840178772730973,0.05159756380117302,0
11,0,3327,2619,0,0,1,0,0,0,3,360,251,0.04697579174852792,0.042307639719991734,0.8621705115781334,0.014953084560069675,0
40,0,4673,657,0,2,0,5,0,1,3,253,30,0.09777311117886761,0.023809365206569788,0.8619307467837054,0.020143040248352728,0
44,1,1574,2444,0,0,1,9,0,1,2,416,148,0.04451048783314987,0.09386958424005111,0.848017303389392,0.09608493645640394,0
10,0,2921,3552,0,1,0,2,1,0,1,163,36,0.010290899701169733,0.06597982156045681,0.9888571571810856,0.055108193848732105,0
308,2,52440,221,0,5,2,5,6,0,37,434,42,0.9322185367112342,0.8474434269194921,0.1707754942435778,0.5272264065585142,1
46,1,495,2356,0,1,0,0,1,1,4,36,54,0.04890984380224875,0.058221858754542166,0.8884175678763474,0.04202893832011703,0
51,2,2700,3515,0,2,1,4,0,1,2,197,315,0.07915752181336765,0.02419873005028741,0.9895570234575153,0.07821976089329902,0
43,2,200,72,0,2,0,5,0,1,1,159,366,0.07381457803655937,0.06020497796920025,0.9565634678165865,0.06142634289034246,0
49,0,3394,1440,1,0,1,6,0,0,2,144,230,0.09741035686177396,0.08420111223426924,0.9443239416312168,0.08375547597964435,0
33,1,197,2522,1,2,1,9,1,0,1,61,21,0.04713321064567534,0.03906869289010715,0.8639226873840604,0.00903740893844548,0
582,0,90634,8,0,0,1,6,7,0,7,239,7,0.5329040857288853,0.46270861610701997,0.1324448809794375,0.5427184231346153,1
143,1,21926,475,0,6,0,19,7,0,14,401,8,0.5029744485756427,0.8536602295103166,0.2756788448697287,0.5301129396964457,1
567,0,41163,378,0,8,3,8,9,1,18,421,31,0.5408326017781624,0.4413360825096613,0.17141626244298214,0.941818014871219,1
15,2,2238,1214,1,1,0,4,0,0,2,227,407,0.04795814196881526,0.005603867682052033,0.9767855406489165,0.09980708849098327,0
385,1,43408,347,1,8,4,16,3,1,42,487,13,0.59806310837822,0.7102026542817014,0.005077893980339532,0.8892727540002356,1
130,1,92425,376,1,4,2,10,4,0,24,350,42,0.5820633875056624,0.9249409650493143,0.23594692761538996,0.6336324314488084,1
300,2,60340,24,0,3,3,29,6,1,15,289,30,0.8600169800152667,0.6459802255567044,0.15577668822662463,0.5837776784513085,1
7,1,3597,3286,1,1,0,6,1,1,1,475,263,0.09193037603731688,0.07576439639948629,0.9314022007392939,1.5202940505454344e-05,0
7,0,2566,108,0,0,1,9,1,1,4,379,382,0.06862741289471429,0.03692145330049256,0.9735954160989693,0.033375624001654794,0
55,2,4896,3802,0,2,0,8,0,0,0,259,142,0.018496755698090107,0.09960838740691134,0.8577454254110222,0.01918177503134714,0
526,0,73029,236,1,4,2,13,9,1,13,383,10,0.6420107436542328,0.6893157049979886,0.026665024496187597,0.6074661756232262,1
56,1,4962,2680,1,1,0,9,1,1,2,354,497,0.08167097839288438,0.06396087735062922,0.8345072500170011,0.031918304746138514,0
477,1,61027,263,1,3,2,26,9,0,31,244,27,0.9654321575736267,0.6808871305487643,0.24217593947746627,0.839930552616629,1
26,0,3130,2686,0,0,0,6,0,0,4,109,245,0.0013690117263167269,0.07334304557740591,0.9615277795204467,0.055186680737795014,0
43,2,41360,413,1,0,3,23,4,0,42,464,9,0.9480958823421529,0.7545973884398296,0.3165606532279479,0.51635211900401,1
33,1,3007,2808,0,0,1,9,1,1,0,115,402,0.0693661451343367,0.09013620081101505,0.9747668209477142,0.020116253882959137,0
232,1,50876,391,1,6,0,17,2,0,16,421,41,0.9807816651348539,0.981016636510964,0.21485090747950455,0.965397839998974,1
24,2,4529,2290,1,2,1,0,1,0,4,401,187,0.021888593330306252,0.0682468828488809,0.959674797831706,0.07469527663309547,0
40,2,2738,1249,1,1,1,8,0,1,2,411,4,0.054282584253110666,0.08027374742555551,0.9291939437956435,0.09799233391009086,0
59,1,1784,1677,1,2,1,9,1,1,0,288,208,0.033982805362545145,0.07709548990052255,0.802014286499247,0.05345857250057177,0
62,2,66841,54,0,2,2,24,2,1,49,262,13,0.7816018878703642,0.5465025216375713,0.16293456829878605,0.5599084966464742,1
33,2,4949,1867,0,2,1,6,1,0,1,246,454,0.07661569657109282,0.06175050335811272,0.9154598026320017,0.08829539671994929,0
315,1,43915,327,1,6,2,26,8,1,31,246,7,0.7454160688535021,0.7595205900569336,0.22622767270136335,0.8845319396822793,1
30,2,1749,3101,1,1,0,7,1,1,3,117,407,0.06883984172295096,0.015661251912833764,0.9047797121179928,0.06894061998777704,0
87,1,34812,384,0,1,0,28,8,0,36,263,37,0.763050179469724,0.8920817463887307,0.23274935286252446,0.8408926881075189,1
58,2,2746,3080,0,1,1,3,0,0,4,334,480,0.05157487805903728,0.07250575884392711,0.8508181962091343,0.053722662725995976,0
232,1,26522,77,1,1,2,11,5,0,36,257,26,0.6735406380448726,0.7727931625445139,0.346659172655809,0.8240724969194245,1
12,0,38222,49,1,7,4,16,7,1,14,454,9,0.9635398196794305,0.7375943370840985,0.0020042186178829357,0.848165502661999,1
46,0,3488,2028,1,0,0,8,0,0,4,213,310,0.08259545699134302,0.057434949903148236,0.9286153400151748,0.011119251570624801,0
341,0,11547,46,1,7,3,11,7,0,39,310,32,0.8307429146366929,0.9765614515045027,0.11206185559913516,0.5450918585262747,1
57,2,2891,1309,1,2,1,2,0,0,2,237,435,0.027242386338325056,0.030024734533505737,0.9265533288873791,0.016084747035127078,0
28,2,746,3709,1,1,1,4,1,1,2,350,314,0.001243615587822944,0.0916693943156945,0.8409752887525643,0.024343203931278225,0
13,2,1410,1401,1,2,1,9,1,1,0,240,342,0.04763931213329338,0.010220930809770346,0.9778000564079109,0.04569157486695601,0
51,0,874,688,0,0,1,1,1,1,3,475,14,0.042295613478817974,0.05138817914240678,0.9219693491373255,0.06005490533862388,0
76,0,62502,116,1,5,0,21,4,1,28,265,29,0.6067564725151311,0.3153170539838132,0.049277172910806535,0.9819847093858056,1
44,2,2134,3494,1,2,0,6,1,1,1,435,148,0.02564397085985594,0.09825525014323322,0.8494656477443692,0.06534712891931459,0
174,0,95269,105,1,7,1,11,9,1,48,440,15,0.6229643178454279,0.5420308605003248,0.0181753081669918,0.6668190715143855,1
23,2,1247,1745,0,0,1,3,1,1,0,499,313,0.002784682790317361,0.08134057336063875,0.834636684977944,0.022155676270642344,0
58,0,3411,615,1,1,0,1,1,1,0,112,181,0.01516788230918762,0.08447716401964757,0.8049720084620936,0.015694332796747458,0
16,0,3726,2066,1,2,0,9,1,1,0,362,445,0.02214934100627949,0.06182102631607969,0.939856632686688,0.05781381109821754,0
43,2,2410,3142,1,1,1,8,1,1,4,10,464,0.07544350849353898,0.011265590368352285,0.9391834851219897,0.050618380334151364,0
237,0,12242,57,0,1,3,9,7,1,47,206,38,0.8811150717148863,0.710421826545822,0.2426384647883198,0.6966613297080558,1
30,2,3393,3737,0,2,0,0,1,0,2,247,323,0.09015735423209381,0.05368963476251111,0.9004397600813389,0.0762701736515593,0
115,2,31352,139,0,3,1,22,7,1,34,489,42,0.9677480484084198,0.9949178342262459,0.2755229616713826,0.5702310699026608,1
413,1,67708,381,0,2,4,15,3,1,35,508,6,0.9465020109479909,0.8881894492738802,0.09870653392236305,0.9513043685557596,1
55,0,1361,369,0,0,0,1,0,1,1,397,81,0.004821225625005332,0.06267923841493292,0.9299421215826458,0.005053768482770316,0
50,2,22830,283,1,7,1,21,2,0,46,394,32,0.6681485586302958,0.549340615253682,0.3212153047068361,0.9462484402987087,1
5,0,4747,1319,1,0,1,1,0,0,1,254,351,0.04307129041621121,0.008022929369489729,0.874125892254944,0.08730146783529795,0
15,0,1968,2803,0,1,0,2,1,0,4,17,379,0.08136568274160047,0.07022938343177329,0.8988730592842653,0.0801643732725707,0
53,1,1683,3065,1,2,0,7,0,0,3,479,455,0.018177986056178697,0.03452144497584662,0.9439778263614064,0.06508382101917022,0
23,0,4837,3979,0,2,1,4,1,0,1,209,155,0.07388676438036282,0.07992511964511854,0.9837791475106078,0.050220761186409835,0
51,0,4083,3373,1,0,1,6,1,0,2,464,64,0.00471618052607915,0.043040729905215985,0.8324544542746513,0.021708376962787893,0
31,1,2003,1313,1,0,0,7,0,0,4,236,379,0.015573136982991398,0.0008109895869524042,0.8082796614197846,0.09112534150643675,0
1,0,169,3768,1,1,0,1,0,0,1,441,494,0.004085790351009644,0.0105643126075053,0.9733489246088181,0.02496373109362501,0
234,1,9078,230,1,0,3,15,3,0,38,374,13,0.7790686074712003,0.8168852799928592,0.018955160017303775,0.8903769045691904,1
166,2,73524,497,1,0,4,29,8,0,32,349,45,0.7919612676075238,0.45329593646090804,0.008050481143214895,0.6571292621358837,1
7,1,618,427,0,1,0,2,0,1,4,399,340,0.0020211517060039655,0.043529835505240894,0.9489601748633989,0.06024331068946918,0
170,1,55148,262,0,9,2,14,4,0,30,406,42,0.651846468284248,0.8499445815515574,0.34979466200136583,0.9174489038525742,1
421,0,33933,137,1,7,0,13,3,0,47,322,17,0.69087230626528,0.7696799426384375,0.16360301231874996,0.5532609022211246,1
8,1,708,1137,0,0,0,2,1,1,3,494,207,0.0022387794678925266,0.06970890812787293,0.9923645641044891,0.041328335179546295,0
3,0,1253,3891,0,1,0,6,0,1,1,94,6,0.08699774626924048,0.08817437696669746,0.9376972624548161,0.08227476362205827,0
451,2,35286,237,1,7,3,27,2,0,34,353,24,0.840281925377149,0.5459823708628618,0.12074836100080147,0.8461647345345849,1
42,1,675,3389,1,0,0,4,1,1,2,323,84,0.0647569945321874,0.08364526202627492,0.826672493228615,0.09552535644054871,0
81,2,94156,73,1,6,2,13,7,0,40,507,29,0.5177735939576249,0.5637499789316041,0.15213650050914254,0.8042703282227617,1
69,0,63695,162,0,8,2,8,8,1,17,396,49,0.8881968379901364,0.953158504783832,0.27855883976983725,0.8861823826809798,1
14,2,2556,471,1,1,1,0,0,0,4,109,205,0.08283930240709148,0.03245068283265764,0.82299363229351,0.04649124597886069,0
57,2,772,716,1,1,0,8,1,0,1,391,291,0.09435369782558573,0.07621179007407941,0.8741309805317652,0.04746585688666898,0
58,0,757,3147,1,2,0,6,0,1,4,262,183,0.06469533856486369,0.09322256949632785,0.8616519744714874,0.03908887910482413,0
207,0,41357,79,1,4,2,21,6,1,17,483,27,0.7339370341968654,0.8226122863819176,0.2215080159742906,0.8520032673453277,1
46,1,1177,152,0,0,1,5,1,1,1,325,289,0.035280183036130695,0.000382294705711661,0.9392771583069468,0.01306277706362402,0
50,2,4488,745,0,2,0,8,1,1,1,56,68,0.009844833288382938,0.002241598606202988,0.8604096013420002,0.03272666222898484,0
52,2,865,3046,0,2,0,9,0,0,4,138,408,0.09701926629594651,0.07129846892242139,0.8696292919072846,0.031574281293747,0
52,1,2326,2628,0,0,1,9,0,0,4,246,219,0.05919314621049798,0.020276287568730646,0.8529142066339511,0.09703640236057998,0
16,0,4095,429,0,0,0,0,0,0,2,21,318,0.07864173155046061,0.0841217558425238,0.9454034088489542,0.09012848057710635,0
17,2,4934,1280,1,2,1,6,1,1,0,181,348,0.0168991628355324,0.03294069243642569,0.8634321196723491,0.06055769975981717,0
350,0,65307,156,0,3,3,12,5,0,43,358,6,0.9310603785629912,0.7922282807905452,0.03218516365529669,0.604337690426767,1
45,0,2300,1298,1,0,0,7,1,1,2,377,326,0.05667192577926577,0.07013883951648932,0.9661117471723184,0.08942857194252296,0
34,1,3916,3166,1,2,1,0,0,0,1,453,184,0.0023106181818359217,0.07433299991014204,0.950383721079838,0.05433571460472769,0
24,2,1619,342,0,2,0,2,1,0,3,26,330,0.0864257820170776,0.011396804447339471,0.9302190306899965,0.0184927431678502,0
18,2,527,2248,0,0,1,6,1,0,4,25,59,0.08287962827514478,0.05238123316210395,0.9376325038330143,0.06230842694762843,0
28,0,2660,3871,0,1,1,1,0,0,0,35,104,0.056300388391423976,0.07936981004239292,0.8904575032426594,0.009596148463910527,0
1,2,3803,2303,0,1,0,8,0,1,0,14,210,0.0960782172022048,0.03383091954350146,0.8637750674219714,0.06750796376622932,0
51,2,3898,1840,0,1,1,3,0,1,2,287,432,0.045567971440913825,0.04598491030676591,0.8743428137343939,0.037219626677302796,0
442,0,80458,434,0,2,0,14,4,0,48,455,5,0.8581420430688316,0.8577517878266088,0.23464172349807155,0.5513351266409371,1
41,0,3700,3727,0,1,1,7,0,0,2,167,122,0.08855113948021845,0.06766605401314599,0.9394584313687296,0.002899381681031588,0
31,0,3805,1090,0,2,0,4,0,1,3,271,126,0.09642506695710107,0.02540515360115351,0.8970385266624379,0.04135207288605391,0
42,2,973,2430,0,2,1,0,0,0,4,156,255,0.09267861301740757,0.07303005658328213,0.9472844774671116,0.0846578880344703,0
35,0,2821,2165,1,0,1,1,0,0,0,179,289,0.03893136718459657,0.029269166879973885,0.9081191456408223,0.05713055467045615,0
21,0,423,3552,1,1,0,8,1,1,2,4,275,0.03738466006554471,0.0026317536182891344,0.9026444281200574,0.05092585924258955,0
2,0,1218,3761,0,1,1,4,1,0,2,379,204,0.05862595523830682,0.09436744168460875,0.9920793428010932,0.04485386819113535,0
0,1,910,3361,1,2,0,6,0,0,2,43,441,0.08784060140676272,0.04660614926306722,0.9055002299267872,0.09256507025515404,0
412,2,24344,388,1,6,0,19,8,0,6,448,44,0.8291658477638633,0.3510597405688396,0.079322277894599,0.8574839883093623,1
23,1,4680,2397,0,0,1,6,1,0,3,62,302,0.08727025109053593,0.06168993910204476,0.9704512749738302,0.02048220908601074,0
32,1,4611,108,1,0,1,5,1,1,4,370,250,0.09928773782230786,0.08442020632264503,0.9058346809665969,0.04771181153157248,0
56,0,4159,3348,1,2,1,1,1,0,2,334,503,0.03359236287367658,0.0031185750496611655,0.9578596913511188,0.0505005930734575,0
17,1,486,3436,0,0,0,9,1,0,3,41,267,0.008148115657673705,0.0824782815385893,0.8987268676914576,0.039516374765662166,0
397,0,51444,495,0,1,0,28,9,0,41,447,39,0.8719668688744128,0.7252416953668909,0.3885978049821798,0.7469903911366931,1
18,1,476,1220,1,0,0,4,0,1,4,312,117,0.09242347693904343,0.05220250585900587,0.9134322530052001,0.022931646529298688,0
6,2,2329,708,0,2,0,6,1,1,0,184,169,0.025710836301634944,0.052414029873141324,0.8166145997990802,0.0487871761795506,0
31,1,639,3522,0,2,1,8,0,0,2,102,161,0.09880072328490794,0.07477901813084435,0.8616231002503818,0.06157896630825865,0
45,0,1609,200,1,1,0,4,0,1,0,274,302,0.020568933285733917,0.06750764257161755,0.8459602676210397,0.007618168642350209,0
4,1,4420,1578,1,2,0,1,0,0,1,435,161,0.052936417449426336,0.09476565117582825,0.9237669409182262,0.03729049682957375,0
501,1,91645,364,0,8,3,14,2,1,26,486,49,0.7792353811054846,0.4925728913868114,0.010146260923150586,0.5734316704831801,1
256,0,34071,131,1,9,0,17,7,0,22,432,31,0.665714546956075,0.48574290909076207,0.01628000297208838,0.9288716349926321,1
4,0,678,477,1,0,0,0,0,1,0,279,118,0.06325730157274954,0.02093919602619637,0.9718684767209833,0.0027106458297427418,0
58,0,4836,837,0,1,1,3,1,1,3,331,306,0.020817723037019478,0.09743423853769856,0.8403427491235578,0.01201965787389253,0
294,1,67873,288,0,5,4,28,5,1,7,443,3,0.6991232621674688,0.8712193480833528,0.15070649531066974,0.7555119135849417,1
40,0,54305,27,1,4,0,8,8,1,41,369,13,0.7752950753922583,0.7312319489733643,0.38794058395229364,0.5674863443832396,1
33,1,2351,3099,0,0,0,6,1,1,0,142,475,0.035628686187047544,0.05977577250817561,0.9101389704510923,0.07118316997951107,0
509,0,14994,344,0,4,3,13,6,1,14,387,32,0.5863877028713346,0.36264759066597696,0.2970196674180028,0.9772425610570576,1
55,1,1839,3651,0,1,0,8,1,0,0,420,274,0.01557835399297649,0.08270199362141915,0.8567358708216866,0.005790525568477889,0
19,2,2379,3151,1,1,0,7,1,0,1,198,250,0.07327180517503236,0.08858902174383468,0.8632102766240088,0.00377859258701172,0
51,1,659,67,0,1,1,9,0,1,1,330,248,0.06018784974804436,0.06770790630404502,0.8867433158978568,0.05153212932591725,0
43,1,2552,123,1,2,1,8,0,0,0,82,302,0.08574502776695622,0.09717029786157642,0.9406890242743522,0.0332729016169887,0
15,1,3677,2763,0,0,0,0,0,1,4,202,287,0.0692027913701495,0.09574428232508723,0.9957952723431904,0.06872660855801913,0
56,2,3548,833,0,2,0,1,0,0,3,449,89,0.05264893765901808,0.018944042945065565,0.9884747045064122,0.042863130154219026,0
46,1,2527,3660,1,1,0,8,0,0,3,54,35,0.08803686062028643,0.05142686302608562,0.8881107886291371,0.04047600101283819,0
23,2,12452,401,0,6,4,12,6,1,5,216,44,0.5725564436641394,0.6708542628812155,0.19686672439959982,0.7086743282276198,1
37,2,4630,2302,1,0,1,2,0,0,0,160,35,0.02311757813734916,0.09902433474069508,0.8170408091931752,0.06258682751870827,0
17,2,2808,3454,0,0,1,0,1,0,2,214,122,0.07595920357518501,0.0925928454140468,0.9060701399781814,0.025758395833259562,0
477,2,99248,368,1,2,4,15,9,1,42,417,22,0.8796931227051166,0.679078872105424,0.0475434413321314,0.8250403618961266,1
55,1,2565,3729,0,1,1,2,1,0,0,255,316,0.07044891996676121,0.07595603388152818,0.8378044887914483,0.07912800286047222,0
18,2,3358,406,1,0,1,1,0,0,3,369,474,0.04207383826161126,0.03534474386221068,0.8520266673020721,0.06316705168895291,0
58,0,593,3128,0,1,0,1,0,1,3,463,12,0.030557221565804926,0.043809496782042816,0.8839461255058535,0.06155528369782531,0
16,1,253,3509,0,2,0,1,0,1,4,221,6,0.009773018349210428,0.08530082386279997,0.8506838921096057,0.0022643644519567798,0
454,1,5416,228,1,2,2,27,4,0,32,408,13,0.9562896005323787,0.3583044260302333,0.10468285867976493,0.5455399533201031,1
33,2,2168,3344,1,2,1,7,0,0,4,425,168,0.04370651664620541,0.014945522094913778,0.999318780802472,0.09696803201360721,0
42,2,3336,321,1,0,1,2,1,1,0,38,312,0.04409007492065778,0.04037175967361839,0.9419777158355342,0.049440813663921584,0
111,0,16971,129,1,9,3,20,3,0,27,468,8,0.8061789995243689,0.5163742044171632,0.3540515167811609,0.9491161976006177,1
0,0,201,521,1,2,1,1,0,0,0,368,376,0.09591114274329678,0.054137435993049876,0.8437366224372413,0.07037561268313834,0
23,2,3225,1333,1,2,1,4,0,1,0,5,286,0.052261980220428286,0.02591048241708155,0.9757568253843836,0.03774662973591713,0
18,1,2887,266,1,0,1,9,1,0,0,416,463,0.08376269317752104,0.027777377085752432,0.8015451194231529,0.005748432415792527,0
5,1,1155,410,0,0,1,0,1,1,0,60,172,0.0724247323291148,0.025373559007169835,0.9143716782973456,0.015805045063621393,0
3,2,219,2659,1,1,1,1,0,1,0,251,22,0.047536540691365085,0.06589917137562411,0.877619080292255,0.02664207288276742,0
13,1,3933,739,0,0,0,4,0,0,3,456,313,0.03345552052535775,0.034850751865046846,0.9133685422468887,0.025728740349250292,0
46,2,486,1408,1,0,0,6,1,1,0,235,362,0.04956961629001121,0.09994972093565507,0.8459094898157243,0.035350432342221454,0
386,1,15518,75,0,1,1,16,3,1,21,483,43,0.7697761083258785,0.4708753795484384,0.39637915437847626,0.5937618777627591,1
18,1,511,1426,0,0,1,2,1,0,0,410,174,0.0718515234359992,0.026919467891025284,0.8573864462689536,0.08339411804987432,0
39,0,1578,1363,0,0,1,3,1,0,4,192,266,0.09449686754234814,0.010565174507732823,0.822330225416517,0.043793452209115194,0
376,0,93709,129,0,6,1,24,2,0,47,424,13,0.7306482337639235,0.7224065973673667,0.3837056790608971,0.9923289994236196,1
78,2,5168,263,0,3,1,24,8,1,16,235,38,0.7629922052333445,0.4552305003382687,0.02246800457597402,0.9641099456911214,1
458,0,13782,55,1,8,1,9,6,1,7,234,24,0.8475910212436615,0.4685757352423818,0.14158130724144788,0.8868388724859024,1
499,0,84562,313,1,5,2,27,8,0,33,318,17,0.5697246822621876,0.6953844308121893,0.3870182945804508,0.9535379161412149,1
491,0,10865,462,1,3,2,25,9,1,29,245,14,0.6626916396183198,0.5227227368582416,0.21718884812729727,0.5944736087369362,1
341,0,98233,174,1,9,3,20,5,0,41,276,7,0.673307760644634,0.3792759104707275,0.07940805419980285,0.6104767755650067,1
394,1,65263,446,0,9,1,6,8,0,19,273,23,0.9873425070167126,0.7396793175051701,0.09021703814412795,0.7662924439618913,1
461,2,8027,39,0,3,2,12,8,0,23,452,3,0.9359087062265905,0.5900423354691309,0.3760276420907244,0.935409833204011,1
204,0,96217,209,1,5,0,25,8,1,38,448,3,0.9028384215267196,0.7972242851955058,0.27372262104273215,0.7050631970516694,1
88,0,75134,266,1,9,4,10,9,0,27,343,42,0.9238102863421715,0.668319944846188,0.011598096996686458,0.5715638607872331,1
5,2,550,3279,0,1,1,7,0,0,3,452,325,0.06286633848354367,0.09169413006688895,0.8230090077181368,0.06446185067264217,0
15,0,58484,16,1,7,0,18,3,0,13,463,22,0.9635665825170134,0.9833548411534645,0.06933147001165084,0.6747234839757177,1
2,2,1919,3512,0,0,1,9,0,0,3,334,168,0.03038713143809966,0.01073691707776321,0.9626420546904522,0.052974396791332916,0
18,0,3545,1412,0,0,0,9,0,1,0,121,404,0.00034542248571275416,0.009960272576137175,0.8596947585265089,0.033731470418191724,0
17,2,2342,2253,1,0,0,7,1,0,3,211,427,0.012422575540377635,0.04962236977102661,0.8367352100042973,0.0028273503058037,0
23,2,797,857,0,2,1,9,0,1,1,367,463,0.08842310168468376,0.018935258969070848,0.8734655597966141,0.08503742475537761,0
18,0,3827,3018,0,0,0,7,1,0,3,39,201,0.008963500193551289,0.02338299846790888,0.8431779701505449,0.01753536508623559,0
422,1,35890,481,1,6,4,14,4,1,35,475,7,0.606266160497144,0.6590742193104953,0.19855718632395225,0.7322266113381077,1
29,0,409,3703,1,1,0,2,0,0,2,363,318,0.06265904221798123,0.028847661435732377,0.8287922156666219,0.044023645304747616,0
560,2,17243,232,1,1,3,21,7,0,30,385,31,0.9973414374861289,0.44508523585702475,0.09897261772574142,0.8035769316732192,1
59,2,4053,3371,0,1,0,3,1,1,2,459,235,0.03389687519924398,0.011391637031113256,0.9074819205462176,0.0563251080540544,0
48,0,2428,3404,0,2,1,2,0,1,2,116,102,0.02668863295757298,0.07445233289559613,0.8829963178516731,0.006053060753336903,0
305,2,63100,470,1,4,1,17,9,1,32,216,20,0.9885067012611739,0.6821755462806007,0.26592406244534017,0.9961654005755545,1
11,2,2675,1151,0,2,1,1,0,1,2,253,455,0.06842625427409482,0.08713691962129326,0.8461890151757241,0.07364495962651996,0
49,2,4581,715,1,0,1,2,1,1,0,384,349,0.00857205267388529,0.0037430532365628766,0.9259409528428197,0.07489322759777904,0
14,1,2410,2048,0,1,0,3,0,1,0,79,411,0.013667454608113406,0.043232665455949365,0.8439740875899764,0.07556963216004113,0
28,0,4525,3416,0,2,1,2,1,1,3,250,422,0.0468945142912567,0.06175224550669062,0.8065233402593796,0.0026658889980550327,0
232,0,64543,454,1,7,1,12,5,0,12,242,6,0.7109095247306823,0.6524474523379683,0.27694046131917266,0.6360821467090558,1
8,2,3683,3171,0,0,0,6,1,1,3,356,213,0.045604279416242614,0.06082433220995706,0.802250155819787,0.022741326491326055,0
211,2,13439,417,1,5,1,6,4,1,38,257,22,0.6387927327042333,0.4735073468386376,0.2625864807627921,0.8382108551138454,1
432,0,28092,37,1,9,0,7,3,0,12,473,16,0.7964749880349108,0.5064837174989261,0.06492231574741957,0.7627853512291606,1
514,1,20741,393,1,2,3,8,6,1,19,244,36,0.5967383173209226,0.6805675432269296,0.18086209786545349,0.52410056700788,1
594,1,51403,42,0,0,3,13,5,1,15,498,34,0.6049731664496774,0.6810905532247695,0.1798469062680996,0.8008696776841071,1
35,0,3270,539,0,0,1,1,1,1,1,142,443,0.045725123595873635,0.046971586581968865,0.9695986714304328,0.05669544097142252,0
83,0,14749,108,1,3,0,19,9,0,36,275,21,0.893046006931886,0.4995955129407343,0.2847752854672216,0.8488478350592985,1
5,1,696,1203,1,0,0,8,0,0,4,332,331,0.08436574812572441,0.01945051832207728,0.9644233622304926,0.06561951981172588,0
17,1,4486,3971,0,2,1,4,1,0,2,5,185,0.09212618414437289,0.09873449120923883,0.8301532594065653,0.053667009426517566,0
44,0,42073,14,0,2,4,21,2,0,17,263,19,0.8833702993970183,0.9864156629809948,0.2130312580543462,0.980975753041145,1
535,1,75053,347,1,6,4,11,6,0,26,312,42,0.9796870671083678,0.3901782200600242,0.1828818296511636,0.7334306138052428,1
20,0,585,2488,1,2,0,1,0,1,4,406,119,0.039603882829294036,0.07936476511084367,0.9536955569735303,0.016685315351707565,0
142,1,72252,111,1,8,1,24,4,0,13,398,6,0.7661959417246342,0.8285826967419943,0.01835188558057994,0.8077907286733206,1
192,0,19798,176,0,2,0,22,7,0,48,232,14,0.8780206724692804,0.9329735387890163,0.020437053070287804,0.697974415122523,1
485,1,67998,403,0,4,4,13,7,1,19,431,35,0.9985543711516791,0.9523493441650339,0.23627717203473392,0.579274030818987,1
28,0,1487,674,0,1,0,5,1,0,0,82,318,0.022434120963101267,0.07962878743261553,0.9017806969770437,0.02422314242663396,0
17,1,3172,2516,1,2,0,7,0,1,4,136,429,0.0723163899106161,0.07207271743072166,0.9846203245377009,0.08846166206042427,0
2,1,1388,3772,0,2,0,1,0,0,0,20,290,0.09482415257562582,0.01435615546325113,0.9000705666902244,0.05432644214659205,0
580,2,62742,468,0,0,2,16,3,0,30,345,22,0.6642881060094221,0.34867292066233063,0.10626009688622236,0.584057672851356,1
45,2,1471,680,0,1,1,8,0,1,3,472,169,0.06637608141129633,0.061330373390171805,0.939240074164235,0.08639961151588385,0
26,0,2325,3726,1,2,0,2,1,0,4,302,274,0.09534147370177012,0.08712304710634183,0.9838130437340551,0.07404650202548597,0
32,1,388,1850,1,2,1,8,0,1,4,202,155,0.08328212143804857,0.06833174550263098,0.8871701692718582,0.09293101372302114,0
39,2,2724,3794,1,0,1,4,0,1,1,413,241,0.05290291234184641,0.08139525778255888,0.9817035779040086,0.016252061871435852,0
40,1,2112,3454,0,1,1,8,1,0,1,324,354,0.006846591864615493,0.011740574133756277,0.9256501197613696,0.0845381083396517,0
13,1,331,1192,0,1,1,6,1,1,4,72,464,0.016144210582278707,0.00011397380900641797,0.8987919868595864,0.07917249620774151,0
31,0,2234,568,0,1,1,4,0,0,0,328,103,0.043212611639720136,0.012918487328245177,0.9023263209996049,0.017872871651145927,0
524,0,25082,469,0,1,1,16,3,1,46,329,23,0.8754116176194089,0.7341521213568127,0.18853860317390203,0.9908069320808868,1
2,2,3404,760,1,2,0,0,0,1,4,276,461,0.05310306943695038,0.002214626675670295,0.8850542975190523,0.09279691405742815,0
44,2,3317,2117,0,0,0,0,1,1,0,363,432,0.0050872640211197424,0.05723551737346675,0.8814718166346278,0.005363876061683559,0
387,0,44641,86,0,6,3,20,4,1,19,272,22,0.6119925508704862,0.5157246871665015,0.1549516044729432,0.6346596154487761,1
3,1,4929,1490,1,0,1,3,1,1,4,113,304,0.03655936371634172,0.022187149342044566,0.8034433266363026,0.030622051187156107,0
443,2,42523,429,1,4,4,27,4,0,33,392,6,0.6596623364494782,0.4516737769202756,0.296538570169004,0.6348721833153117,1
56,1,1393,2076,0,1,1,4,0,0,1,371,327,0.03532770072359468,0.08802822135572529,0.9370836818740073,0.06213266721881865,0
23,0,1474,213,1,1,0,4,1,1,2,72,478,0.044294910728113396,0.06871622466654119,0.8726729027145596,0.08523206409458789,0
378,1,95904,440,1,9,3,22,8,1,16,384,16,0.6985219564606373,0.8711698700801154,0.2317892221868666,0.606513108010124,1
488,2,73272,25,0,8,2,11,5,0,17,286,38,0.5168822621174578,0.5235828163096429,0.20163363063452344,0.5206746341455326,1
85,1,21224,252,1,1,1,23,9,1,48,475,42,0.5735127983713033,0.5726187341761674,0.13429739334553395,0.9153476960168123,1
4,0,3018,1506,1,2,0,1,1,0,3,339,250,0.00895053257846481,0.06467672837423061,0.9052201303674285,0.00822904257601288,0
2,0,3209,2753,1,0,1,8,1,0,4,9,294,0.0552589531399274,0.05706770127843457,0.9704685105291988,0.0034353699151400633,0
8,2,3634,386,1,0,1,4,0,1,1,484,462,0.04929449916388078,0.01292308897989668,0.8950703202275573,0.09398437523305538,0
40,0,4960,2447,1,0,1,3,1,0,3,364,507,0.037658455451850203,0.00139867734763105,0.9593506239992089,0.08265997022268218,0
49,0,2720,72,1,2,0,5,1,1,0,155,506,0.0163584430066003,0.09753280632112894,0.8044776693734407,0.09873955414795771,0
50,0,4954,2364,1,2,1,1,1,0,2,108,39,0.007673803532520918,0.09570262017050907,0.963971031212686,0.06822463436546904,0
0,0,8114,333,0,3,4,8,2,0,22,392,41,0.7285943403642132,0.578074386308408,0.3483925837154172,0.6265733493322492,1
7,0,298,439,0,1,1,3,0,0,1,268,235,0.013866057184189973,0.006452301833069974,0.9253373933738764,0.05710999814447007,0
59,0,4668,3930,0,2,0,9,1,0,4,334,219,0.04929512288190442,0.0109194813578405,0.9732450114444814,0.07360569212676812,0
20,0,3159,3730,1,1,1,8,0,0,3,463,34,0.036081902933926706,0.026375681444820356,0.8627460086564552,0.061037311163804925,0
52,1,4041,51,1,1,0,2,0,1,1,189,243,0.022473085827947305,0.05393180742588684,0.8341067344637,0.06704262815715206,0
391,0,33486,471,1,7,1,26,5,1,16,392,41,0.6920375822359484,0.4815901250979465,0.12875876859887697,0.8338278906052732,1
221,2,26345,259,0,1,4,10,2,1,14,406,23,0.6043297279735795,0.5942111156507455,0.00015910643436294338,0.6266603669506727,1
40,1,2886,2869,0,2,0,3,1,1,0,92,415,0.08873878588674326,0.06993427291707674,0.9417959245862046,0.06537533802963229,0
10,0,1922,3242,1,1,1,6,0,0,1,173,398,0.015624731677137772,4.7209829221461774e-06,0.8909864218653227,0.02873113315550937,0
31,1,3438,3207,0,1,0,7,0,0,3,95,325,0.019382545179054012,0.06078475005356222,0.8500909670950015,0.08645146638853929,0
12,1,788,2788,1,1,0,6,0,1,1,294,81,0.045307347610535356,0.07759010958512354,0.9734270879309727,0.0738648035442385,0
106,0,62830,332,1,6,1,24,6,0,30,386,12,0.6207422056308973,0.9356404628343571,0.32633226771385343,0.6551006340489414,1
459,2,46468,128,1,1,4,23,4,0,9,508,29,0.6301059828569333,0.8286877722772015,0.06678846925455187,0.7219664496930975,1
494,0,64088,42,0,2,0,6,3,0,10,319,24,0.7928903818127974,0.5220039343095972,0.3310836039974798,0.7810656104714782,1
18,2,2073,2808,0,1,0,6,0,1,1,36,8,0.07899918183852644,0.0904721945730014,0.9233628053270836,0.043840424509648236,0
3,0,783,3594,0,0,0,4,1,1,3,86,406,0.005953558261894632,0.09764528691372665,0.9251978278666186,0.01819400044020745,0
78,0,81067,333,1,6,0,16,4,0,40,208,8,0.9795529927498212,0.31817750468361927,0.040734691747244735,0.7992247063994034,1
52,2,637,589,0,0,1,4,1,1,4,261,340,0.011935330855215066,0.01719590138125976,0.9162198009190456,0.013237539511535458,0
196,1,93374,112,0,7,4,24,2,0,40,318,19,0.7748291803099725,0.5279109686559192,0.2007297129051362,0.8226060797870505,1
49,0,3665,3850,0,1,0,7,1,1,3,499,68,0.011816150429593409,0.06259043713487447,0.8701063313715512,0.09973372148340608,0
5,0,3900,2637,1,2,0,0,1,1,3,364,436,0.015273932007014823,0.049916432922374826,0.8494904797745995,0.03516444866188902,0
7,1,3050,2358,0,2,1,6,1,1,2,126,305,0.0668240143687243,0.019713309580584516,0.9774266030679878,0.09500904694624061,0
50,0,1913,2649,1,2,1,9,0,1,4,35,231,0.07925389321530762,0.0913220382715675,0.9479711882668929,0.0070072367021242424,0
219,2,68496,461,1,5,0,18,6,1,15,406,22,0.6835032918078169,0.5545257592358354,0.32366625910494307,0.7040455505112921,1
7,0,2240,138,0,0,1,0,0,1,2,50,272,0.030756149421119185,0.012529498253409755,0.8559305359951788,0.0701229996390497,0
9,1,3009,251,0,2,1,9,1,1,2,363,130,0.03048781989215237,0.0424155955792124,0.9287292208449316,0.06218234908255517,0
2,0,885,2463,1,0,0,6,1,0,3,288,300,0.06632181254508265,0.01629724265061241,0.8062749049066804,0.07715326173584768,0
16,0,1287,2548,1,2,1,6,1,0,4,96,367,0.07034395258722033,0.09146664001708346,0.9778792121853146,0.017320586043144372,0
32,2,2444,3467,0,1,0,0,1,0,3,297,387,0.09429926375799738,0.0329309412544202,0.8303771807403448,0.05135613107741967,0
28,0,2605,1276,1,0,0,0,0,1,3,96,23,0.025316915967979293,0.09479523182076012,0.9042091938781506,0.029911136279629172,0
39,0,3052,2281,1,2,0,7,0,1,1,15,438,0.02431215451290826,0.036048929191832516,0.8284033478062839,0.035111187474075094,0
410,2,94444,295,0,1,1,5,8,0,15,477,49,0.8108276423413681,0.7060721636267101,0.3042152455212039,0.6909259613727116,1
5,1,1472,385,0,0,0,6,0,0,0,62,335,0.05319886377455273,0.01950654710769947,0.8937434019404683,0.049873664885759394,0
27,0,4409,3070,0,1,1,0,0,0,1,10,119,0.045364455661327345,0.09919707795609883,0.8106757682330575,0.06380173624595817,0
22,2,1038,2590,1,2,0,6,0,0,4,40,472,0.058182439396458265,0.009778709717921575,0.9198962512078586,0.04312733133949127,0
58,0,4446,3818,1,1,1,6,1,0,2,177,113,0.0948435429069111,0.08844085274607531,0.9254482167742532,0.04291943081520541,0
220,1,31561,419,0,0,0,14,2,0,41,365,36,0.9555167060868848,0.343867048201346,0.12041943273231209,0.7498718701889961,1
298,1,35380,319,1,5,3,16,4,0,12,496,49,0.8622301507271111,0.47399486064429736,0.37629503223534716,0.9883113433802602,1
58,1,47895,45,1,4,0,25,8,0,49,299,38,0.9538366827554657,0.833881578918316,0.20111245594685423,0.6026315579321715,1
37,0,346,146,0,0,0,4,1,0,4,456,179,0.03130178609460667,0.017847009380712774,0.8516499313268306,0.021572032799443766,0
15,0,6340,374,1,7,4,21,7,1,26,427,49,0.6666364299342972,0.6837069822954064,0.20864338026937945,0.8113794095324747,1
103,1,69735,388,0,2,2,19,2,0,13,418,10,0.8965881413910906,0.3155797986079868,0.08255728317363471,0.6043415960231409,1
296,0,98292,51,1,3,4,27,4,0,48,398,38,0.6539216627931212,0.8847288187954718,0.21246302268670814,0.7969537217437516,1
170,2,69160,180,1,9,0,6,3,0,18,467,44,0.7991978877026901,0.4592836088728639,0.08610312584347067,0.7658624470578295,1
59,1,637,3868,0,2,1,3,0,0,3,110,506,0.06463863531031831,0.01590622017480774,0.9295073365595409,0.08567122070000063,0
18,2,3297,608,1,0,0,2,1,1,1,45,249,0.06818764131118148,0.03763583997998006,0.8359870786264053,0.058364338591312494,0
551,1,8252,11,1,0,2,17,7,1,25,488,13,0.7106339707215446,0.3346733835301297,0.10861814157568582,0.9539773975043438,1
55,0,847,1711,1,1,0,3,0,1,2,363,227,0.08489935605851753,0.09220999711072429,0.9945793323984251,0.03765404555737997,0
527,1,63825,32,1,8,1,13,2,1,9,345,43,0.6959923362373095,0.9608342638192309,0.004117278438227601,0.8270642422014405,1
53,2,1231,2469,0,0,0,1,1,1,1,176,298,0.052039230741655784,0.07588037312372031,0.8062064915082249,0.0986610321183937,0
49,2,2398,2662,0,1,0,0,0,1,1,497,383,0.023429067645527792,0.052062102021832424,0.8606775717344197,0.07286479814540282,0
28,2,2163,1580,1,0,0,8,1,1,2,130,148,0.011026328847084745,0.09290359714858777,0.9743702299681445,0.07805872370179019,0
47,0,1789,2474,1,2,0,6,1,1,2,3,385,0.00321563294030387,0.053644833591984256,0.9669305999748349,0.04485140085296318,0
529,1,63178,411,0,7,2,21,9,1,31,385,43,0.6028118868252081,0.41554608252511804,0.26273823724145456,0.9508803464287515,1
580,2,48252,214,1,5,3,13,6,1,6,246,29,0.7050678243392003,0.6448631734431054,0.04694368937238611,0.6037713621677794,1
4,2,3151,3341,0,2,0,9,0,1,3,219,205,0.08381492116687897,0.07390922017481,0.935592712881827,0.06329341915393509,0
566,2,45346,148,0,8,1,28,7,1,38,442,9,0.8083518300298334,0.42262943533815384,0.3075855369304566,0.8834745582930186,1
24,1,1341,2099,1,1,0,4,1,1,1,114,271,0.040486077575589655,0.007891038485984325,0.8429378238375602,0.023389194087117607,0
33,2,413,3440,1,2,0,3,0,1,4,270,302,0.00559677734729277,0.0777172237154336,0.8695747931754583,0.08248459411890505,0
54,2,4523,884,0,0,1,6,0,0,1,476,295,0.09656287973326132,0.014794089458643578,0.8964157390696755,0.027104964857384273,0
12,2,3901,2410,1,0,0,6,1,1,2,492,28,0.03612694002545167,0.07362110364035988,0.8273019372872924,0.07721741639116136,0
409,0,24174,205,1,8,2,23,5,0,38,219,27,0.6258564035030235,0.967135052829166,0.31165526208905464,0.8066910783715807,1
318,1,48840,341,0,7,1,23,8,1,27,405,25,0.6757563463282967,0.545660818521038,0.34057690617126557,0.8902016207850931,1
12,1,3912,1129,1,2,1,6,0,0,2,246,242,0.09778259211693259,0.0014123409145684884,0.920905128192811,0.08498553013486808,0
48,0,1081,2658,1,1,1,4,0,0,2,437,434,0.049046903017469945,0.08171611189049709,0.9337224095664634,0.0878148451800089,0
45,0,1565,1278,1,1,0,9,0,0,3,358,256,0.07714638089361774,0.03673329605212,0.8935136910905913,0.05161022805203866,0
109,0,43130,216,0,6,3,29,3,0,14,446,24,0.8632655589258476,0.5312720983403884,0.20390354245808534,0.5232840576834129,1
23,2,4160,1642,0,1,1,3,0,1,2,415,490,0.04338026661507016,0.006668272103829354,0.9945621034325549,0.01169487076713467,0
49,1,1479,2433,0,1,0,1,1,1,1,392,126,0.04076496541921209,0.07944477438412281,0.8551899554612226,0.06664987634099871,0
0,0,4086,2510,0,1,0,1,0,1,3,329,162,0.09145557476282101,0.03989373464707318,0.8275559456182747,0.048533682808875225,0
38,2,451,2795,0,0,1,7,1,1,4,358,215,0.05151751250097514,0.09725407428893966,0.8674276123476191,0.0425683233380908,0
4,0,859,1514,0,1,1,0,1,1,1,361,379,0.07756040477496773,0.04759142441371374,0.8393697877743633,0.07125382496978054,0
246,2,89154,63,1,4,3,16,6,0,40,207,36,0.6855461948840957,0.5595951685676384,0.009420733889439516,0.8457561704628598,1
350,2,93348,136,1,1,2,13,7,0,10,428,11,0.9474779751771005,0.4358045360888631,0.029608106653399347,0.735290737463244,1
543,2,28942,1,0,6,2,7,9,0,27,220,21,0.87491444518195,0.5952757610378387,0.3707453966427279,0.5021422936358699,1
43,1,2670,678,0,2,0,4,0,1,0,474,69,0.07159665882356737,0.07728367672295638,0.9176750594244347,0.08685302105770626,0
8,2,4263,3476,0,1,1,3,0,1,1,478,303,0.026399593592511664,0.050218988000789805,0.8353573868283775,0.0742540531712083,0
55,2,1620,1489,1,1,0,6,1,1,1,203,491,0.01052508453205956,0.09406471355323916,0.8099407068035245,0.03574626326362542,0
22,2,1237,1000,1,2,0,8,1,1,3,49,159,0.07237491916538147,0.027003811317705174,0.8187867231799205,0.010522572507436235,0
21,1,2876,3657,1,1,0,4,1,1,1,203,211,0.056157060457796705,0.07341361560881791,0.8962941754796908,0.08088380376907299,0
34,2,3297,1193,0,0,0,8,1,1,1,122,250,0.08266008003132645,0.06903936263070738,0.9594151427279278,0.021689402070674758,0
37,2,2546,2416,0,2,1,7,0,1,3,247,488,0.08474744417280394,0.047302961709252744,0.826909227704647,0.06945246417906713,0
14,1,525,1423,1,2,0,8,1,1,3,243,365,0.06631022765288973,0.09869230848149078,0.9559596633487131,0.006857423877272895,0
551,1,69174,45,1,5,1,7,2,1,22,380,9,0.853126452124684,0.9916937396154615,0.1914749261826501,0.8647114309881713,1
39,2,592,224,0,0,1,5,1,0,4,82,405,0.07900972375949855,0.09320929815832296,0.9025817584303042,0.06829367389502776,0
6,1,2542,510,0,1,0,8,0,0,1,119,144,0.04393628990686843,0.09183306145094003,0.8379445077049393,0.09893540330839332,0
5,2,4462,1778,0,2,1,3,1,0,3,179,496,0.014328161053436884,0.011343288888265435,0.8980943861997255,0.07648857933964358,0
10,0,86646,72,0,3,0,22,5,1,44,265,41,0.9063657858144478,0.33309175458617224,0.0987053187854564,0.582352622303922,1
5,1,4799,3193,0,2,1,8,0,1,4,217,236,0.007768671976020269,0.008852169309077762,0.9483990152675441,0.022277658488318076,0
316,1,21243,400,0,8,4,22,7,1,41,487,14,0.8573028350806686,0.32391633586467117,0.09429013141553276,0.8574579031532299,1
53,1,742,559,1,0,1,1,0,1,2,119,257,0.05458062927547156,0.015230767473058371,0.9661136205549763,0.014779184751329845,0
10,0,2843,348,1,2,0,1,1,1,2,405,223,0.08608175117308633,0.06047081403026763,0.920109852517081,0.06365190517692085,0
46,1,143,1211,1,0,1,0,0,1,2,327,116,0.06441154478304989,0.03078368198392957,0.8307268217557034,0.09489992384955717,0
25,2,4448,3287,1,2,1,5,0,0,3,329,298,0.07010875235684093,0.08407851899402023,0.8901612810786887,0.0670784439249159,0
34,0,3544,2435,0,0,0,6,1,1,3,459,432,0.0611786471057059,0.026932582154517205,0.853123994820665,0.07542526868494698,0
4,2,3594,3395,0,2,0,8,0,1,2,481,478,0.09576037289729428,0.0472941922472217,0.9924357180996496,0.06802729631291497,0
133,1,94172,370,0,6,3,29,2,0,8,268,25,0.967584979419612,0.9775061708164232,0.08261753413884998,0.643542141197583,1
370,2,61509,165,0,4,1,15,2,1,24,429,18,0.5083435031990247,0.5694459334644201,0.3936245250492265,0.6193810343667248,1
52,1,4657,1246,1,0,0,3,1,1,2,173,445,0.06026138618291498,0.05024105829147393,0.803188766059178,0.08109150382401176,0
1,2,1042,1162,1,2,1,6,0,1,2,279,472,0.07855225142746414,0.02553582256852941,0.8746023755772062,0.022395398722530394,0
27,1,1204,1858,0,0,0,5,0,1,0,149,81,0.0786593016666276,0.058050582445710444,0.8262591005559865,0.00750701635066886,0
315,2,62635,155,0,3,3,19,6,0,34,263,36,0.5577771858820894,0.5513576222245207,0.04772248331941782,0.9628203064227303,1
10,0,322,2581,1,1,0,7,1,0,1,467,376,0.08380580437124707,0.0688561222173296,0.8721004324895463,0.0261380462049589,0
90,2,45094,330,1,9,1,5,4,1,16,312,36,0.8314933270090595,0.6481951297511072,0.26910086506898845,0.8693780339557018,1
412,0,49616,75,0,1,1,9,2,1,12,395,32,0.9091809634432468,0.7849744888350936,0.14328276411129598,0.615023940204283,1
54,0,178,669,0,1,0,6,1,1,1,439,393,0.08715941073811406,0.043141857407542596,0.8349961818391847,0.04212685075173994,0
122,0,31200,448,1,1,3,12,9,1,27,363,3,0.9959147182494814,0.9439535024026136,0.15913247999067798,0.7003166633436326,1
501,0,76021,384,1,9,0,12,5,1,28,334,39,0.9228147125272712,0.7698471737517933,0.20069650676121156,0.8296188716243241,1
30,2,4483,3853,0,2,0,3,1,0,2,450,183,0.00014151483292579314,0.05923991148391684,0.9162248139006628,0.0485726332337076,0
55,0,18188,260,0,1,0,26,2,0,16,437,38,0.9205793853089936,0.8519426244064077,0.26863026861556594,0.7540790463127343,1
20,2,2828,2822,1,2,0,8,1,0,0,52,85,0.01635484165611332,0.025096600326647157,0.9005488498808883,0.017016951459135444,0
26,2,57969,311,0,7,3,23,6,0,33,344,23,0.8738416573332336,0.5485766173956548,0.11458950774501915,0.5807790651339868,1
340,1,66890,331,1,9,3,16,4,1,25,389,9,0.7814743343570509,0.3747878590502879,0.1851889049834506,0.7218235456813431,1
150,2,36648,494,1,3,3,22,2,0,33,392,22,0.8995764137003781,0.8492815476755988,0.048051297425095556,0.9058316301195938,1
567,2,88282,225,0,8,0,12,9,1,42,337,38,0.8677372297506407,0.780762598353848,0.3482940415302691,0.7976711911052743,1
398,0,10707,495,0,2,1,25,7,0,38,353,41,0.707198859757596,0.872630102630759,0.26981314124425737,0.5378365236807194,1
295,2,77684,243,0,8,0,26,5,0,49,313,29,0.654928067170774,0.7199842980678297,0.27748930024509355,0.7964280465029694,1
537,2,54641,68,1,5,0,23,3,0,20,257,8,0.8036703936223416,0.6787516421273156,0.21307356710155836,0.6753568113671629,1
0,1,2165,1459,1,2,1,5,1,0,1,293,389,0.06339255382669025,0.02595459382411477,0.8940629527698054,0.010888654473181181,0
162,2,21275,401,0,3,3,9,2,0,48,249,37,0.6710190477895888,0.6437880455671554,0.09915953340939065,0.5095693508842445,1
92,2,48321,301,0,4,1,13,4,0,6,491,14,0.6716305123627555,0.9050277744882977,0.046294391823425096,0.5455020218395183,1
34,0,1003,3616,0,1,0,6,1,1,0,282,353,0.0517065611863466,0.0818319144289184,0.9064696141335419,0.010127098690364511,0
0,2,4837,110,0,2,0,3,0,0,4,119,17,0.04466664121451012,0.06932038567302683,0.9586715477750138,0.07678775767555246,0
368,1,62942,82,0,8,4,10,8,0,39,352,23,0.6809372598044542,0.6309218338063385,0.29485803714016995,0.666028488643259,1
46,2,480,689,0,0,1,1,0,1,3,470,237,0.046361073795634644,0.09978852268893312,0.8542976059011526,0.034997825945282515,0
34,1,3395,503,1,0,0,7,1,1,4,42,80,0.04735963489241425,0.045017123147523964,0.9537090671058857,0.01313340382513425,0
33,0,87064,152,1,4,0,20,8,0,22,387,44,0.6486396037668596,0.5390453825457766,0.33780975241972233,0.851498750479976,1
29,1,3200,1492,0,2,1,3,0,1,2,42,500,0.0878028052620899,0.018700713858752573,0.997552160893567,0.0020432804918571247,0
22,0,71909,33,1,6,4,28,3,0,38,417,9,0.8068062183599769,0.8713647027098606,0.10155805183388003,0.6973149991232583,1
22,1,561,2745,0,0,0,5,0,0,2,385,370,0.032199048609415186,0.01646302831982163,0.8305902955697803,0.03519970785172897,0
44,1,2411,1227,1,1,0,0,0,1,0,156,438,0.06865144929354994,0.016720237983778852,0.9430874468911037,0.018120906404430148,0
23,0,4612,3403,0,2,0,7,0,0,4,363,173,0.078269749216079,0.06587812726318705,0.9471094097602647,0.05125745145950548,0
539,0,96158,237,1,7,2,10,5,1,11,250,5,0.583698438187547,0.7190217534878098,0.012794323192737211,0.8833085180549015,1
392,2,79595,96,1,5,1,6,8,0,48,313,24,0.8027054938585005,0.34253719905098534,0.21034258762737226,0.6956085113804221,1
1,0,1181,3143,0,1,0,3,1,0,0,74,83,0.0826242724836157,0.05404520770290098,0.9494484715219037,0.05065259154805393,0
6,2,139,2523,0,0,1,6,0,0,3,428,429,0.05490453198046305,0.0032040573793701067,0.994590103802347,0.013343512085798915,0
38,0,278,3530,0,0,0,9,1,0,3,309,339,0.008950686260889252,0.0847103943819571,0.9870988669547089,0.019072503388851438,0
45,1,1185,2812,0,0,0,0,0,1,0,462,392,0.08542263510583245,0.07776370487606177,0.8703522203141009,0.03129529875485522,0
56,1,4699,3753,0,0,1,8,0,1,0,11,108,0.02752547502523324,0.06779330406984332,0.9778483004701297,0.05734263864465399,0
16,0,12154,354,1,8,3,25,9,0,38,220,6,0.8345050043485798,0.5696293571286417,0.27473570302048217,0.6778010709520879,1
151,1,84165,134,0,3,2,18,2,1,10,253,31,0.9157741982269515,0.5440530412564287,0.1325063094098966,0.8792939236915914,1
515,0,11801,486,0,2,1,11,3,0,36,258,46,0.9569529456794618,0.679347460118905,0.05144419825135325,0.5308211128411495,1
50,0,3175,3315,0,0,1,1,0,1,4,250,507,0.049948228517075755,0.02639168304463918,0.9311905461946421,0.09679143087448028,0
11,1,1707,2047,1,2,1,9,0,1,0,198,38,0.04576443274891703,0.005468761040020565,0.8046975856338845,0.09469406698149568,0
37,0,4405,1082,0,1,1,3,1,0,3,109,83,0.035617852384345575,0.06968502884239247,0.9962685575283998,0.035627255291872065,0
562,0,46704,66,0,7,1,5,4,1,15,444,21,0.678314316002988,0.9183593757403801,0.11601949091013286,0.6262242293671513,1
25,0,1398,3655,1,1,1,9,0,0,3,103,111,0.0804949984798683,0.06614589874019015,0.9847633099204418,0.09095701335786015,0
1,0,4296,3403,1,2,1,0,0,1,0,7,509,0.0173544847079229,0.007575574498717453,0.9181685012568386,0.09634168337982398,0
15,1,2308,2168,0,1,0,5,0,0,1,53,413,0.03417490767064853,0.037358759058337514,0.9161567629776909,0.00951022063374698,0
33,0,2261,3543,0,0,0,3,1,0,4,75,223,0.01665822444473315,0.04598044353575224,0.8522615953631866,0.0008738236922341103,0
31,1,2773,257,0,0,1,6,1,1,4,110,472,0.052830357175682845,0.0962374506870704,0.8344822873765227,0.029881860468048527,0
322,2,55619,444,0,1,4,5,9,1,32,477,44,0.8071394908194689,0.33253473225118596,0.3144783672103278,0.8113670519535416,1
9,0,3138,1524,0,2,1,6,1,0,3,419,208,0.06984765852563367,0.06436224407080703,0.9037035661591222,0.05376183874888642,0
190,2,46195,432,0,1,0,22,7,1,21,498,20,0.7851428459344165,0.7988549156881896,0.24663988064752643,0.8778486310603376,1
28,1,2176,2907,0,0,1,0,0,1,2,378,71,0.046379133953459696,0.0028125861393177632,0.9450200712543626,0.06773594047780074,0
473,1,94144,111,0,7,1,12,8,0,6,391,18,0.6189739299481241,0.800386853370114,0.03192954077550283,0.92194151465679,1
356,2,51222,473,0,4,3,18,4,1,39,451,33,0.754761465973065,0.9278911499840983,0.28456732197537754,0.7637363341337124,1
56,2,340,2829,1,0,0,2,0,0,1,493,429,0.039243474510539215,0.06531380313889011,0.8331883035597595,0.030794668944264903,0
34,0,3968,3146,1,2,0,7,0,1,4,115,4,0.039402436978193456,0.019783405566396475,0.8750300008424131,0.024208549205032792,0
349,1,95836,410,0,6,2,27,5,1,26,414,36,0.919609971219197,0.7888501439596514,0.08184510845269632,0.9142504622046699,1
19,2,4252,2927,0,1,0,8,1,0,1,433,408,0.02809419283531881,0.010856697519213698,0.9214241366241802,0.09319312779276234,0
553,2,73425,44,0,7,0,27,6,1,8,319,32,0.7993020036957996,0.8526975488214636,0.09304281935527361,0.5514997261179997,1
307,2,18864,467,1,4,0,22,8,0,29,507,17,0.5818528655916276,0.578545853388668,0.17224151385223374,0.5302670466229154,1
0,0,872,1170,0,0,0,8,1,0,2,446,377,0.04246137185666408,0.044275316485965735,0.8835862365354862,0.06341608916842122,0
27,0,3237,3207,0,2,0,7,1,0,2,35,354,0.07079889103795149,0.06310774200180806,0.8568338746774005,0.09031319830227409,0
135,0,69808,295,1,4,2,23,3,1,27,507,16,0.6494930974169595,0.5362020570693488,0.1426738752536898,0.7794736487454491,1
54,2,2921,3061,1,1,0,6,1,1,2,499,479,0.05678451933174161,0.011999091571497722,0.8675531611554466,0.01581866718185554,0
6,1,4512,2353,0,1,0,1,0,0,1,353,237,0.04065442485052389,0.08910206052785415,0.9634287063529517,0.08659674312547044,0
12,1,161,3212,1,1,1,0,1,1,4,423,503,0.07981938437755791,0.09731375259619968,0.8537880127679729,0.015739414761331984,0
45,0,2538,740,0,2,1,7,0,1,4,4,349,0.008783017198281317,0.061507737052577616,0.8683614806287155,0.024283972618993677,0
58,0,48320,433,1,8,2,5,2,0,46,260,40,0.8139563384880616,0.949388409867415,0.286064821611558,0.9108635065172923,1
21,1,302,2175,1,0,0,4,1,1,4,297,206,0.09505971797134383,0.04483429355353751,0.8602472825529016,0.06141507977388139,0
44,1,4021,1165,0,0,0,3,1,1,2,276,180,0.07754426702065115,0.03331351687617752,0.968807276343539,0.02779276988208265,0
19,1,4515,646,1,2,0,5,0,1,2,438,58,0.0458351751808963,0.05904488650949305,0.9809507268221719,0.050336427163638064,0
5,1,1976,1438,1,2,1,0,0,0,0,348,318,0.013661592437973092,0.011393690987779493,0.9314967346183223,0.09346606277646188,0
201,1,66658,157,0,5,1,26,5,0,49,467,27,0.9222999346431437,0.9523910052376652,0.39571550136719963,0.5492403985927024,1
48,2,4957,249,1,1,0,5,1,1,1,506,244,0.0868916666839154,0.07594440803844571,0.8040037376658136,0.017531315297813876,0
495,0,82397,312,1,9,1,13,4,1,21,400,47,0.8455745357994628,0.5179088134789891,0.23377273180043254,0.5876169212625151,1
27,1,1467,1995,1,0,1,5,1,1,3,179,168,0.08275593271711472,0.07428291190220826,0.9262282399216739,0.054824177694957614,0
56,2,3639,3065,0,0,1,3,0,0,3,85,253,0.07375956553365053,0.006134164131560139,0.9776180911238288,0.04092692683332492,0
51,0,1174,939,1,2,1,0,0,0,1,161,123,0.020134482006278098,0.06773488018254895,0.9242882409926674,0.03000802362566677,0
9,0,4590,201,0,0,1,5,1,0,2,474,218,0.04590091144279007,0.054127204874678175,0.9869994956216186,0.010525122873599524,0
58,1,3229,1878,1,0,0,3,1,1,3,437,127,0.055531678793997265,0.08055158462241901,0.8896822729029542,0.05555747323573258,0
56,2,920,1904,0,2,1,1,1,1,4,209,175,0.06842123352322807,0.025091715954403095,0.9585671471865405,0.09771713707512691,0
237,0,64395,350,1,6,3,9,5,0,19,446,37,0.8408274821400639,0.758938037977253,0.2155985019265502,0.9240950127735235,1
312,1,75319,429,1,1,2,20,6,0,33,246,1,0.9248539020159385,0.5886235939682228,0.2902257711930719,0.736780765069563,1
49,0,986,2342,1,0,0,4,1,0,4,41,257,0.09358502958006945,0.050496921708625464,0.8721695917150987,0.033032559968892795,0
56,2,1603,3527,1,2,0,3,0,1,0,152,482,0.07719239526128563,0.0073718467857253,0.8102029532954138,0.03385499244317567,0
26,1,78932,312,0,9,4,23,6,0,24,493,30,0.5027887150374225,0.8263444850814634,0.20272365184337834,0.5919604492941408,1
19,1,2937,1486,1,0,0,6,0,0,2,60,264,0.08210683536514637,0.00303930859079643,0.935761381436592,0.0639530286042393,0
177,2,98374,218,0,5,2,11,4,1,6,371,47,0.6289379196588265,0.8918033382921484,0.10234651661615919,0.7308601069895516,1
25,2,1724,626,0,0,0,9,1,0,0,308,81,0.03361123620149046,0.07159353752792312,0.8122524613431541,0.0820587695260441,0
47,2,3847,3313,0,1,1,4,1,1,4,256,405,0.029317014598305505,0.09033876868035526,0.8981039557443025,0.03645423351868415,0
368,0,64066,408,0,4,2,24,5,1,45,312,48,0.6953171969620193,0.7886232514779552,0.07469719939544017,0.7479449335629824,1
32,1,3254,3317,0,2,1,4,0,0,1,221,124,0.08705318859467906,0.00020265337300942046,0.9335958065977946,0.05976638869997256,0
39,1,4258,989,1,0,0,3,1,1,3,46,321,0.05646166740198727,0.05672650091412709,0.8345352388017037,0.08651896809179466,0
3,2,625,3459,1,2,0,2,0,0,0,342,76,0.08847506982673647,0.06247460929073976,0.8245437587806768,0.003911984225361787,0
51,2,85340,386,1,1,3,19,4,0,6,473,26,0.5243764134386169,0.7692626712276694,0.24808827402190606,0.8439020663482322,1
8,1,2855,1445,1,2,0,4,0,1,3,53,185,0.013410573167990714,4.335851857250051e-05,0.9566914391755792,0.08722566186588712,0
33,0,487,2257,0,2,1,6,0,1,0,154,419,0.07055853363077216,0.07733734529015679,0.9394990820372505,0.010538732145233577,0
326,0,9214,309,0,7,0,6,7,0,46,344,38,0.7396037761984873,0.7235045610583346,0.16990432192850558,0.6791068650883856,1
32,1,1311,3837,1,2,0,5,1,1,0,433,181,0.050473544703977184,0.004384820434218973,0.9440320571247263,0.004536901801962013,0
32,1,4499,3506,1,0,0,6,0,0,2,32,261,0.011874457458987976,0.07611401089485897,0.8604829630366643,0.0020767341297064368,0
58,1,1562,428,0,1,0,3,1,0,0,135,60,0.09753643638403078,0.057628497267244096,0.8712028870206812,0.05358401500338991,0
89,0,18499,243,0,0,0,25,2,0,27,269,9,0.8571250048537749,0.6900180903374251,0.2897164594266768,0.7008426068973698,1
375,2,74331,269,0,9,2,11,3,1,40,269,24,0.82842223388981,0.8820014774476075,0.22180988740746344,0.9003653775080679,1
11,1,34538,257,0,6,2,29,2,0,46,501,4,0.9775861405483113,0.8881706310428696,0.10293193072570946,0.6498980245537751,1
313,2,23566,232,0,6,4,5,7,1,23,468,2,0.7073718576146777,0.6401420733499135,0.2731320139507591,0.5448847378654313,1
54,2,2875,2808,1,2,0,8,1,1,0,408,411,0.08783815092768527,0.021525774800459377,0.9770561446715718,0.018035720786275956,0
124,0,29945,146,1,0,4,10,8,0,13,292,25,0.7612889362138083,0.3594506991628834,0.1412492416575351,0.9906226028946219,1
205,2,82496,38,1,6,0,7,2,0,7,426,5,0.5931348540134456,0.5130434113732769,0.17018262153418867,0.9722065414580735,1
21,0,2613,3988,0,0,0,6,0,0,2,148,75,0.09628202613223726,0.056103350660403443,0.8485489663314207,0.09524145559191942,0
416,1,5453,454,0,2,2,25,5,1,41,435,27,0.5177852836600185,0.4081662081687756,0.34672369212814685,0.9375811766430594,1
55,2,270,79,1,2,0,8,1,1,3,154,423,0.07161210042500564,0.08109735085268453,0.9503081665468346,0.03553002971671887,0
516,1,44132,18,0,8,1,17,2,0,32,419,18,0.9453357166158922,0.4748923579671089,0.2721052295748349,0.9037802914725912,1
504,1,27368,201,1,3,4,16,7,0,30,201,47,0.5631702958223043,0.3048078827636702,0.24808703692938872,0.537580030892822,1
39,0,4296,3147,1,2,0,7,1,1,4,267,341,0.0482059946850147,0.07164321030146041,0.8154910042654853,0.008952330879104287,0
251,1,27229,410,1,4,4,24,4,0,21,440,36,0.5639683282480086,0.658895502016611,0.3132721244573409,0.9047175775590186,1
9,0,3712,1430,0,1,1,9,1,1,4,321,484,0.08299688306809562,0.048254985714343945,0.9767381470599047,0.027381222483885692,0
344,0,7192,136,1,5,3,15,8,1,20,426,26,0.6756797058075508,0.5652117497352447,0.29538711299844594,0.6232858830922734,1
564,0,84784,6,1,8,0,20,2,1,15,279,25,0.7171123743111598,0.3395996683635622,0.16597942534156035,0.5198801273084664,1
42,2,1134,3809,0,1,0,5,0,1,3,193,274,0.05157818407635076,0.0316530575924223,0.9036033706325841,0.009401690797086372,0
55,2,4982,2025,0,2,1,7,1,0,1,327,85,0.08778721750125322,0.05994575027262153,0.8306944302446669,0.0932857649516768,0
179,1,27520,93,1,0,3,6,9,0,13,484,44,0.9006704376751389,0.7210201264832204,0.25829404163937203,0.8641791266472093,1
311,2,69472,285,1,5,3,8,5,1,38,291,26,0.8906516355575833,0.3425026268213061,0.0783125058533655,0.5767934847871822,1
45,0,1013,3869,0,0,0,5,1,0,0,242,60,0.020225543500027723,0.08911687748642724,0.9864908476132592,0.05363383579118911,0
477,2,51855,319,1,7,2,7,2,1,45,423,13,0.9249642339066573,0.7351172779089297,0.3578150534837447,0.9072223759126758,1
289,0,90183,99,1,9,1,8,8,1,20,385,31,0.5099936015146438,0.41628524899368013,0.2599545635761276,0.6119719807736892,1
27,1,2518,3646,0,1,0,6,0,1,4,340,152,0.09475720468613336,0.028849476979236146,0.8046766990820361,0.06959564190154255,0
35,1,546,2029,1,1,0,3,0,0,1,213,36,0.015993733766265363,0.06849608032252304,0.9342840902127751,0.09213076922126771,0
59,0,2464,2764,1,1,1,4,0,1,4,122,93,0.017108231070449963,0.033471651316518435,0.8792428920296886,0.057457185554974956,0
566,1,50484,447,1,9,0,24,6,0,6,473,11,0.68051683569598,0.9772795210276597,0.14644242776486652,0.8407195008159656,1
34,1,4275,1144,0,1,1,0,1,1,0,249,115,0.09239801913213697,0.01363407215290976,0.8371904432040347,0.048567217730749235,0
467,0,94740,46,1,6,0,19,7,0,23,482,4,0.595258351992984,0.38387892663172185,0.2543209151505883,0.5793464503842733,1
54,0,4358,3661,0,2,0,2,1,0,4,411,316,0.026058149120298604,0.08196581841549296,0.8637802550657024,0.002175866762838763,0
45,0,159,3987,0,1,0,2,1,0,4,146,167,0.05469011350468796,0.023068320089856955,0.920179673635959,0.09812352707518453,0
562,0,84145,388,1,6,1,8,2,0,28,206,14,0.9220417762696166,0.6832624320603513,0.11080643416534702,0.6924438918608236,1
34,2,2630,821,0,1,1,2,0,1,2,471,424,0.023696659739720252,0.07395251255214806,0.8656683692152085,0.06600058638019735,0
17,1,68215,325,0,2,4,5,3,1,19,351,41,0.7250149518798814,0.6449100680127248,0.07785364155492253,0.6410261665971013,1
30,1,3978,1592,0,1,0,5,0,0,2,329,208,0.04860531252416142,0.08571657376911757,0.885696969818795,0.06889543417313908,0
8,1,3816,2795,0,0,0,5,0,0,2,156,91,0.07444367341932216,0.011140066133917204,0.933396247955591,0.07057333402691236,0
2,0,125,89,1,2,0,5,0,0,1,188,324,0.030301257057941445,0.07421064822594045,0.8136237161383458,0.07525387781208366,0
36,2,2635,3264,0,0,0,6,0,0,0,315,203,0.01456050571222175,0.06424465356009676,0.946709673934347,0.011231386662431243,0
7,1,4584,339,0,1,1,6,0,0,4,16,411,0.04259321983513246,0.011824691330529435,0.8965498326108636,0.0060118263644867165,0
388,1,67368,371,0,6,1,26,9,0,9,289,28,0.5273080883170402,0.9082648202031245,0.051560695720621476,0.7497501522984518,1
4,1,4586,1591,0,2,0,6,0,1,3,419,50,0.010237955048288139,0.014699784793311533,0.8469974638706816,0.07003578648859919,0
38,2,3917,862,0,0,1,6,1,1,0,456,74,0.034216717514462806,0.07058345307266549,0.8884102447284171,0.01101279401244426,0
25,1,1501,204,1,0,1,9,1,1,2,266,153,0.08275166895834013,0.05767308244638719,0.882183832724921,0.04445492679582755,0
257,1,45861,258,1,6,2,13,3,0,28,490,40,0.7692627873585566,0.8485343534211547,2.4853337006414122e-05,0.6492164206340534,1
12,1,26220,386,1,2,4,19,9,1,20,326,48,0.8874095256253147,0.30171223666221103,0.3482660788550159,0.7532246559137681,1
331,0,45827,302,1,6,0,13,2,1,20,207,38,0.9328195204492273,0.7960555423420294,0.1471708375569052,0.734862763170378,1
544,2,71879,48,1,2,1,5,7,0,39,207,10,0.9334578103025847,0.9057547532234742,0.06472866601573472,0.6985770999309266,1
59,0,1367,364,0,2,1,7,1,0,0,26,151,0.025142759505407276,0.07121885168863853,0.8885398205393943,0.07870259810672217,0
130,0,34653,158,1,0,2,5,6,1,49,237,37,0.8922806977288827,0.9075999151931544,0.37648213037157685,0.8412661173026423,1
31,0,401,1364,1,0,1,6,0,1,0,411,390,0.022196847868461836,0.04170799610890165,0.9563746645672915,0.011521626636043725,0
47,0,4702,2229,1,0,1,9,0,0,3,492,320,0.010848570257039692,0.07935894365617972,0.9976243900019361,0.034313525872661024,0
22,2,4505,3560,1,1,1,3,0,0,3,419,490,0.08973778396089142,0.040596967113783945,0.9443767999987606,0.033824690912188926,0
95,0,60470,270,0,3,1,23,6,1,49,266,17,0.8269103550353415,0.31653988089610247,0.1631335842643499,0.6294847143973206,1
44,1,4485,1841,0,0,0,8,1,1,0,476,133,0.06398111814232847,0.09184399446151131,0.8640610740215269,0.04821999802956415,0
50,1,242,262,1,0,1,7,0,0,2,214,464,0.05094275988867245,0.007642028131303347,0.8497205529503133,0.003066606909976644,0
15,1,3411,1517,0,2,0,2,0,0,2,386,382,0.07984157228222212,0.015773729504460588,0.8200821887825228,0.030209067763132303,0
10,0,1555,3757,0,0,0,8,1,0,0,392,250,0.018721073419209356,0.08408403195926133,0.8310672126946268,0.08047000658511583,0
3,0,1794,1086,1,2,0,1,1,1,1,415,304,0.03379730577258446,0.03036540380291989,0.9986973809743797,0.09679826973607485,0
278,2,61269,52,1,8,3,17,4,0,41,381,21,0.7008290491220444,0.8366998466371387,0.1656141060005657,0.7068473377824905,1
44,0,2862,2669,0,1,1,2,0,1,1,457,191,0.06781904953913194,0.09878251614399698,0.9378238524217817,0.06257973370253454,0
38,0,401,3778,0,0,1,3,0,0,2,111,11,0.06601872500318644,0.04076158763654153,0.8758394358800801,0.032149491215322235,0
28,1,3887,2240,1,2,1,9,1,0,3,123,193,0.005939061047320327,0.031951768628138234,0.9400797578669229,0.07329402452605882,0
47,1,4840,451,1,2,0,7,0,1,0,495,477,0.08527077404518651,0.08503145185919958,0.994732566847727,0.0037088138137460038,0
4,0,62585,104,1,2,1,7,9,0,6,449,14,0.9327668055157031,0.7571128619508343,0.05452325547229053,0.7286255241997553,1
27,0,4788,3261,0,0,1,3,1,1,2,50,340,0.04790264083801581,0.023212197093694754,0.8902137387946378,0.014913127691076656,0
6,2,872,1536,1,0,1,8,1,1,1,384,186,0.02239529436753499,0.0222102762957377,0.8341794424552689,0.001922772687172447,0
255,2,69054,358,1,8,2,26,9,1,9,510,11,0.6466040346791064,0.6236359275858948,0.12721134221641991,0.6853099010013008,1
41,0,2495,1580,1,1,0,5,0,1,0,78,501,0.03209673917226561,0.05557882040685287,0.9182159455594405,0.012102609881243854,0
49,2,26767,256,1,4,2,26,8,1,16,502,25,0.9431181816012545,0.5977302386962662,0.019428843699936672,0.690783147859435,1
50,0,2034,3471,0,0,1,3,0,1,3,154,292,0.06511499390451568,0.040690139144491634,0.9919190727537339,0.017200836936765586,0
17,2,3166,3929,1,0,1,7,0,0,3,206,343,0.06211956758553016,0.013508315655412285,0.9171850180501343,0.09521527379546942,0
499,1,21051,96,1,2,0,8,6,0,32,476,11,0.7542562910209343,0.7395614149505262,0.32255545852820855,0.7479936660052007,1
53,1,280,774,1,1,0,6,1,0,0,284,125,0.004497294762396387,0.08895221982134599,0.8734517113034725,0.0680726444658139,0
43,0,4128,2361,0,1,1,4,0,0,4,389,158,0.09353455586557802,0.0969646465769069,0.9320121289774975,0.06900706992738619,0
47,0,1784,915,0,1,0,5,1,1,2,71,212,0.09759005463219281,0.06242308144488959,0.9837190239507423,0.02342437280396813,0
7,0,2308,3988,0,0,0,9,0,0,1,13,415,0.024034004518407315,0.019152991060532355,0.9506534379096371,0.0666460578307248,0
66,0,13679,89,0,3,3,24,6,1,19,485,30,0.5215436045936475,0.6690122886592311,0.20423826295456743,0.7727126298495977,1
26,2,1390,2566,1,1,1,8,0,1,1,205,426,0.08754764039856991,0.04641329885602424,0.8291996593517047,0.0483555869602833,0
46,0,4651,1342,1,1,0,0,1,0,0,118,299,0.06657810997228229,0.029294139708999224,0.9081290616561913,0.0622731417630569,0
57,0,2691,1465,0,1,1,5,1,1,0,108,420,0.029843105064332742,0.003485296973590435,0.8903916274623004,0.06866845012774525,0
18,1,325,1610,1,2,1,0,0,1,2,324,412,0.002468436803447882,0.09124332954520727,0.8979385900827853,0.0006940436990507393,0
18,0,2393,2444,0,0,1,7,0,1,0,83,251,0.040128448236157625,0.025577791910000813,0.9233875599361312,0.0791135443659693,0
5,0,3460,579,0,1,0,9,0,0,3,225,196,0.06172719795652379,0.015436845600483452,0.9118850560655918,0.08299948068065569,0
129,1,12221,354,0,9,4,27,5,1,11,271,9,0.5425973573766285,0.5679583986510566,0.3717302366218185,0.7723607083542492,1
38,1,1455,246,1,1,0,0,1,1,2,366,278,0.015479395968245258,0.024731248269556652,0.958055993789086,0.002877061880178511,0
43,1,4982,3871,1,1,0,4,1,0,1,183,345,0.03379242483124728,0.07262357109929343,0.8500696134899051,0.09521458587753619,0
505,2,60765,362,0,5,1,14,7,0,46,286,2,0.8358857375647795,0.8778179029711428,0.28053583343743305,0.8714336709413035,1
330,0,33270,345,0,5,2,27,9,1,49,510,28,0.8638437856079373,0.8549040089493753,0.3019702862115811,0.9218223242226207,1
9,1,3041,208,0,2,0,6,0,1,3,12,351,0.04730847396688014,0.06915667076040961,0.997882266176964,0.06823158575917723,0
49,0,3756,1708,0,2,1,4,1,1,4,95,427,0.07372777929785301,0.029874605536695176,0.8576449092996985,0.07851596885670362,0
26,1,3300,1569,1,0,1,7,1,0,2,468,310,0.07792587252094815,0.09764325184233377,0.8450604836798885,0.07169294553928994,0
392,1,77488,452,0,3,1,23,2,1,7,248,27,0.6245400223571982,0.7338002030587243,0.023777252773074055,0.8335240241623363,1
9,0,3801,2504,1,2,0,7,1,1,3,324,457,0.012427519145223432,0.026526566433748167,0.8412539550649325,0.04851952799097123,0
510,2,5558,193,0,3,0,24,4,1,48,229,38,0.9168240779348922,0.543673270626822,0.05112694343115401,0.9626861825746116,1
497,2,92973,58,0,8,3,24,2,1,38,474,42,0.7509538962514171,0.9160739486274203,0.1841298680926775,0.5317638604480356,1
171,1,95973,454,1,5,0,27,4,0,16,496,30,0.6246850131617276,0.6617614750435166,0.16653831567808464,0.5020506298508263,1
34,0,2551,3660,1,0,0,9,0,0,3,165,95,0.04402350320320447,0.029454778035632168,0.9285845533907051,0.07240437624964877,0
50,1,293,1811,0,0,0,9,1,0,2,116,461,0.06173498162163165,0.05067928470727804,0.8518831267132498,0.07792542748282462,0
56,0,1561,3913,0,2,1,8,1,1,0,378,258,0.07323022201742937,0.00825856714398684,0.8288323423172027,0.04355342850246996,0
51,2,3868,177,0,2,1,6,0,1,4,388,367,0.054732636730525655,0.042508976904718714,0.902812396868479,0.0542637100526501,0
533,2,42322,338,1,9,3,11,5,1,35,443,19,0.6099315767036106,0.7645182800924867,0.3772495740630958,0.9268201343297651,1
30,1,1777,957,0,2,1,5,0,0,3,50,159,0.08671963442858314,0.054771606598093873,0.868921995329524,0.089930897901159,0
46,2,4608,2588,1,0,1,3,0,1,1,385,190,0.028578730743357164,0.010536857774407339,0.9090169073456323,0.07510125764435616,0
29,1,2806,941,1,1,0,5,1,0,1,67,325,0.09752054462437351,0.04544809405350898,0.9299716663818316,0.030091508283602065,0
26,2,2007,3349,0,1,1,3,1,1,3,247,245,0.06186574673845501,0.01241402365974621,0.8313580491295242,0.0898671100487104,0
14,2,4050,2762,0,2,0,5,1,1,0,300,242,0.06419434770911145,0.07568125698134053,0.9903505559011003,0.08823208157660566,0
507,0,48435,208,0,0,0,29,6,1,40,444,15,0.6337700017450412,0.9526141648281661,0.09119997662206743,0.7733518658695696,1
40,2,84740,153,1,1,2,18,2,0,25,501,26,0.5596287019470194,0.849674266041111,0.3435629208174078,0.6314310171433377,1
25,0,4493,578,0,1,1,5,1,1,4,269,229,0.032272964247161806,0.03637378603138276,0.8064032808855618,0.07183048890549308,0
6,0,529,1533,1,0,1,1,0,1,3,150,39,0.08083753405217362,0.06594551313728957,0.9417074541735067,0.07575002055352321,0
14,0,2186,336,0,0,0,4,1,0,4,308,501,0.03459128126786724,0.02586890944161474,0.9364168705591729,0.03354214525955747,0
19,1,1275,1303,1,0,0,4,1,0,3,115,440,0.025986771906091024,0.003553774070871496,0.9145116943429082,0.09408881423381407,0
2,0,891,330,1,0,0,8,0,1,3,18,102,0.04477865498672051,0.09240294653358455,0.9397925877937694,0.08417539198536386,0
35,2,2910,1695,0,2,0,5,0,0,3,123,350,0.06522701322317147,0.07934388816752619,0.90585990666605,0.0828040394824245,0
325,1,78046,308,1,2,3,13,9,1,45,504,43,0.6913123801664407,0.9836441054509417,0.0693156293724103,0.6676047098347222,1
54,2,2284,1395,1,1,0,2,1,1,2,223,393,0.08485261962914996,0.08146603928328214,0.8098528030233606,0.016721744217375035,0
43,1,4053,2305,1,2,0,6,1,1,0,206,459,0.0409610539503753,0.007336557510105324,0.9252750267179111,0.06732644146387168,0
439,0,91601,81,0,7,3,17,6,1,19,218,11,0.9210377272884103,0.9640468633673858,0.0557783785747203,0.7564691384004547,1
22,2,2127,3104,0,1,1,1,1,0,2,354,134,0.06078810832752484,0.06841945279627867,0.94256273740219,0.028840724681661146,0
364,2,95305,220,1,8,1,14,5,1,30,392,29,0.8061967917415579,0.6229565662672989,0.10461971286011806,0.6751986978836332,1
16,1,3077,1968,0,0,0,0,0,0,4,65,439,0.023054704190987697,0.046922423150376716,0.9985373921449039,0.02004719205539426,0
53,2,3913,3362,1,1,0,6,1,0,0,426,12,0.09520154068301837,0.07890447785770954,0.961589993205939,0.03147532286992285,0
592,0,52290,4,1,2,2,27,9,0,39,201,41,0.7046351797111066,0.4941561823091527,0.024188802369586294,0.5587262515271909,1
3,2,4853,1747,0,2,1,2,0,1,3,33,244,0.00019816055738378636,0.029481150005793034,0.8608818692655335,0.08634684243299,0
445,0,63521,447,0,5,3,24,4,1,20,437,49,0.8287347126014295,0.3186752279501018,0.06554233572982855,0.6642437377004778,1
200,1,39746,291,1,0,1,23,2,1,25,364,41,0.9608362128682497,0.7327330831560845,0.14661574429159993,0.6008585650264879,1
14,1,2513,102,0,0,1,3,1,0,4,76,463,0.0528162904923863,0.0038662942782555776,0.866458601876914,0.04120910315199633,0
389,0,86875,203,0,3,1,22,3,0,29,505,47,0.6398789852236808,0.8106570612088817,0.22524976244011313,0.6062907395260533,1
52,0,1721,1746,1,1,0,5,1,0,4,290,474,0.03579034492472264,0.08396337006370012,0.8440645427765763,0.08404660548178111,0
14,2,1020,2513,0,2,0,4,1,1,4,91,474,0.0759832160846402,0.030366107121767263,0.9367654882305707,0.037001081624584056,0
57,0,1929,340,0,1,0,8,0,0,0,328,206,0.00829045525276777,0.0698130786098167,0.82168438877243,0.07792563689106839,0
23,0,1256,2435,0,1,1,8,1,1,1,283,71,0.0945641091800912,0.02247715870117698,0.9275559305740848,0.08279300170143881,0
20,2,840,2256,0,2,0,2,0,1,0,101,487,0.02386026957309566,0.07696847289500237,0.9275322350304804,0.09919045848545631,0
59,1,1798,3326,0,2,0,6,1,1,1,118,443,0.03848996818521925,0.04161866522183233,0.8168388180526907,0.029624821809565872,0
388,2,92901,96,1,6,1,27,4,1,29,466,29,0.8746420323143671,0.5640997085631692,0.14120576316838837,0.6726977807818602,1
10,2,1630,3278,0,2,1,7,0,0,1,479,419,0.07574868264630448,0.039670929129445476,0.8162264657065186,0.07697220760542661,0
231,0,78262,88,0,0,2,13,7,1,10,305,20,0.8256035910950954,0.8099806034982231,0.31362371563810526,0.5507944873715732,1
525,1,18083,25,1,9,4,18,5,1,17,327,6,0.7995076722519527,0.5573708540063627,0.10108185539208431,0.599479473073686,1
38,0,1996,1767,0,1,1,3,0,0,2,500,304,0.06435768210038421,0.011852772288246882,0.8854725292228527,0.08280699868554843,0
35,1,3678,3206,1,0,0,2,0,1,0,86,222,0.0854378765461995,0.06709072893216465,0.8284945863945817,0.08357252536523352,0
455,0,78941,321,1,9,1,17,7,1,42,344,14,0.7336453737255115,0.7425720247889402,0.24584696866462719,0.9301062306047198,1
46,0,900,3976,1,1,1,3,1,0,3,504,346,0.01379249082845807,0.07173860317194351,0.93490211960868,0.09808211468183534,0
366,0,57294,387,1,3,0,26,4,0,12,431,6,0.5803684710107694,0.8414448368564811,0.08650239132245874,0.9954734490847561,1
234,2,20363,482,0,2,1,27,2,1,35,364,43,0.6742639177244099,0.7035158902549536,0.3608822926062322,0.7082626739055388,1
485,1,17326,66,1,7,4,23,8,0,31,395,38,0.5663802993762621,0.5697735588745938,0.32561013635164665,0.7732809079639262,1
37,2,2255,2756,1,2,1,4,1,1,2,139,285,0.08266614865868077,0.04116338078041555,0.9035196354859177,0.007025408308455706,0
293,1,43043,463,0,8,1,10,8,0,36,510,23,0.8973915776124117,0.6236452060619126,0.37387554328331635,0.7606845017085445,1
56,0,1153,1139,1,0,1,6,0,0,4,458,402,0.07923276323818026,0.012041891657122229,0.9465787070480411,0.07411252711995522,0
35,0,2689,871,1,1,1,1,1,0,3,78,204,0.004779356718745242,0.09839282472345143,0.9422169884213142,0.025946420606138644,0
23,1,1594,1583,1,1,1,7,1,1,2,429,357,0.04624065924235985,0.08144395794168169,0.8996412722556908,0.023381778821050095,0
52,0,1034,2048,0,2,0,5,1,1,2,382,141,0.014618708290073579,0.07463572657266074,0.9124279069678133,0.028027297337273906,0
188,1,5314,220,0,4,1,15,4,0,42,412,10,0.5894349843364193,0.41202051846933874,0.3422686764875921,0.9611437245078294,1
51,0,357,1929,1,0,0,0,0,1,1,274,343,0.04706954267336343,0.034992102930160675,0.9923507532031974,0.0015029941116904144,0
41,2,1914,3892,1,2,1,8,1,1,0,89,221,0.04200133889638339,0.09647134816494923,0.9215235367888261,0.04364199510351299,0
356,1,43558,431,1,3,4,14,3,1,12,386,5,0.8119913196510906,0.4434375864934317,0.05256008303505322,0.7911869236728503,1
275,0,87442,357,1,5,1,15,8,0,42,496,30,0.6876502636397043,0.8315478922886961,0.2224884056721002,0.8299820761339385,1
24,1,2120,726,1,2,1,5,1,1,0,185,484,0.04102563774642892,0.041636925519020464,0.91890923747624,0.0641849777030773,0
12,2,1835,1768,0,1,1,6,1,0,2,430,306,0.09253879969665826,0.01691315423909392,0.9615338270293838,0.08162675803104066,0
17,2,4427,3955,1,1,0,9,1,0,1,417,356,0.020284787310671206,0.0012629620994715097,0.8690150165919592,0.0001021577517613781,0
578,0,66762,433,1,2,3,6,7,1,18,201,23,0.8383577334138812,0.8039797966658737,0.1300348891426749,0.9699629057785827,1
50,0,4455,2947,0,2,0,6,1,0,4,8,69,0.06927078843826669,0.016114336374329987,0.9787970511230357,0.09517302131140533,0
27,2,4483,2075,1,0,1,9,1,0,3,341,171,0.03801434342948299,0.07932011413250853,0.969330115296662,0.035154816939668154,0
3,1,2025,1199,0,2,1,1,1,0,4,412,139,0.08168680434911438,0.03645140775436341,0.8599418625156703,0.09081532774182287,0
38,2,2846,2003,1,0,1,0,1,0,2,119,77,0.012626520794575958,0.09499052593851011,0.8512828902397288,0.09944952565853343,0
42,0,2912,3688,0,0,0,1,0,1,0,284,248,0.0779656548614697,0.05276185551407014,0.975127736199183,0.0839529938539704,0
19,0,4079,2453,0,2,1,2,0,1,3,476,100,0.08992753294862739,0.01556667254399493,0.9625518676147069,0.04021243665026458,0
569,2,41665,225,0,7,3,15,4,0,27,376,25,0.8268634403843729,0.7253422787534891,0.24434128083564027,0.5031755388458263,1
33,1,4053,1184,1,2,1,0,0,0,0,123,282,0.036375971835726065,0.005127648823515463,0.9362840447643432,0.04947587760547523,0
24,0,2466,1758,1,2,0,8,0,1,4,153,165,0.05430896185627217,0.04656582369942484,0.8357790037846223,0.015140728213113587,0
25,0,4439,679,1,1,0,9,0,1,2,425,477,0.08189064172277383,0.0205356639024358,0.9905851345082385,0.061522181624488276,0
286,2,18752,297,0,8,2,29,8,1,15,379,23,0.8895762153338562,0.35455701412610824,0.2661845316751543,0.717247598264559,1
172,0,28151,212,1,8,3,20,8,0,46,405,6,0.6734949356819963,0.6990545879975155,0.21887382584757054,0.7883636225204318,1
15,2,3151,2711,0,1,1,9,0,0,1,425,64,0.00017173413479111278,0.039328197552414124,0.8533642064712416,0.09662828163785177,0
163,0,51014,387,0,6,4,11,2,0,10,374,42,0.8150660820536382,0.3317679999379755,0.29424240205585583,0.7064023795246573,1
11,0,542,1735,0,0,1,5,0,0,3,167,205,0.0627468725543668,0.08474458606055017,0.9784841637186119,0.08749894388982477,0
35,0,1966,3582,1,2,1,3,0,0,0,434,321,0.022213093801535355,0.05922147892006929,0.9407959397831884,0.07581828878052922,0
300,2,54428,248,1,9,3,28,8,1,7,358,12,0.5862711805513479,0.43403619315116393,0.07475511855100452,0.7417079743926698,1
198,1,14616,215,0,8,0,12,6,0,19,407,42,0.9954464471746508,0.34323270003208733,0.20486495839623903,0.9178577577969823,1
312,1,97323,99,1,9,0,19,2,1,48,336,10,0.9771238100927417,0.7458837433189994,0.3050575873838557,0.6446304848947899,1
58,1,4568,1190,0,2,0,9,1,0,3,454,440,0.045654143106925796,0.08791682018403435,0.9689958783120677,0.02161377171142851,0
330,0,84540,26,0,8,1,6,5,0,36,409,46,0.6336872088252172,0.7247101228363595,0.16393043372575763,0.5132853717227964,1
14,2,20957,140,1,4,4,15,3,1,5,315,31,0.8310091029236888,0.5059118490280345,0.2272775161581374,0.9396832445863605,1
77,2,11586,250,1,7,4,29,2,1,28,494,32,0.9004681511337855,0.42628794419127736,0.20944480981144153,0.8750281381484109,1
17,2,3656,2921,1,2,0,3,1,1,3,277,152,0.005815855250916613,0.023716690570594324,0.8932365607576397,0.07785902070641265,0
40,1,981,482,0,2,1,5,0,0,3,59,54,0.04047242555122496,0.06256052011296895,0.9087612771032312,0.02348051622524724,0
315,1,82935,28,0,6,1,26,4,1,44,353,38,0.9534913321363696,0.6908513223065788,0.30276994253874573,0.906158972060387,1
17,0,4202,2715,0,1,0,2,1,0,4,201,396,0.02506841205542594,0.08730264770345492,0.8332056343760493,0.05663260069851919,0
515,0,69887,338,1,0,2,18,3,0,14,488,9,0.5511935801486241,0.8153989040616714,0.04253474925429095,0.6907262313897577,1
7,1,60971,330,0,6,4,10,8,1,38,399,25,0.9686237498626449,0.47729232539302746,0.2932482595710079,0.9401064588870924,1
44,2,1889,1566,0,0,0,4,0,1,2,422,81,0.0016096111593682074,0.032038045067194154,0.9486692807410038,0.045656714289038516,0
56,1,4987,3296,0,0,0,1,1,0,1,349,309,0.09571743488553465,0.09614650350480358,0.9874735787080562,0.05225959258624907,0
559,0,16554,452,1,2,2,6,7,1,31,292,36,0.9201572468483217,0.5651571935722612,0.20942887510475053,0.5790653848271459,1
44,0,3773,1764,0,0,1,2,1,1,0,223,383,0.09186216391356654,0.07544504152521464,0.9066496233536456,0.004797408471209897,0
567,2,78700,488,0,8,1,17,4,0,33,248,25,0.7136270877383025,0.3846462599556602,0.37136049300836044,0.5815475660941726,1
42,2,871,3194,1,0,0,6,1,1,2,143,305,0.048397926111446714,0.07085396089308055,0.9301234283000227,0.09349275571071793,0
34,0,4351,3113,0,1,0,8,0,1,0,243,355,0.03343313525872689,0.015590757336955209,0.9665283087885298,0.0011280948695762683,0
25,2,3019,2354,1,2,0,3,1,1,4,116,139,0.04387637560817908,0.005123015270506782,0.8743710226041117,0.08461349351314608,0
450,1,95952,89,0,8,3,5,5,0,49,343,4,0.6260763631395698,0.3690170586422905,0.21079496641357612,0.670159220326475,1
32,0,3443,2009,1,1,0,9,0,0,0,351,132,0.02927172620775951,0.09070859519185057,0.9300647923760977,0.07786933398539819,0
31,1,4651,3845,0,2,0,5,1,0,2,225,460,0.08778350039035832,0.04546529348145974,0.8460731219313766,0.042082457162067946,0
8,1,4010,3490,1,0,0,1,0,1,4,260,104,0.012325611750061173,0.013225733678841212,0.8086119202900799,0.0674984926071048,0
10,0,2806,847,1,1,0,5,1,1,1,50,230,0.02208134938737898,0.047588735152417565,0.83366607102851,0.01978238356196943,0
26,0,2075,741,1,2,1,5,0,0,3,363,314,0.09786395773365032,0.03540828310372919,0.9983508459209948,0.09618144673655156,0
42,2,44121,34,0,5,4,5,9,0,20,392,2,0.7127298490257581,0.41657332300129024,0.12175617166604323,0.5323953618348254,1
38,0,78197,456,1,7,1,11,6,0,37,391,18,0.9324241827259736,0.3998443172715167,0.17834543262185185,0.7161002366561984,1
51,1,2711,1244,0,0,1,0,0,1,1,100,356,0.017106515967605974,0.024926496362654583,0.8158914880965715,0.003046385745440461,0
5,0,83633,102,1,7,0,19,8,1,44,469,12,0.7076161024736318,0.7179044486653401,0.09407354552053726,0.7287348948973046,1
4,0,49623,176,0,3,3,7,5,1,24,305,40,0.8901883303757341,0.3400331842496395,0.22630803850250392,0.5437432516812604,1
179,1,44010,371,0,2,1,27,4,0,15,274,6,0.6661805681206652,0.9130254654726728,0.2709794196964865,0.9104633601390404,1
145,0,40474,87,0,1,1,20,4,0,10,204,11,0.6753991609889324,0.7475572632343607,0.37448434423822785,0.5787440298399105,1
48,0,4851,1604,0,2,1,8,1,0,1,55,329,0.09481025509468992,0.09785173324126996,0.8335139801108111,0.04847366321877347,0
46,0,4332,241,0,1,0,2,1,1,1,16,277,0.08498210181212254,0.06006938946539719,0.983740814196043,0.031534509439151315,0
38,1,3444,592,1,2,0,2,0,0,4,413,35,0.050483737051896474,0.07126197696971642,0.9526197446138193,0.09449229903817213,0
187,0,15008,490,0,9,3,25,7,1,20,443,31,0.8936353015696195,0.9682647010205583,0.26673505004907166,0.759046998229957,1
51,0,2672,3062,1,0,1,7,0,0,3,37,247,0.04162440954656826,0.02177510008855591,0.8364824118173902,0.09874512398145048,0
141,2,52489,367,1,9,3,23,3,1,36,355,32,0.7224187793053127,0.6160456706146875,0.1398455725818446,0.6174250123525005,1
30,1,2630,3795,0,2,0,1,1,1,4,444,151,0.027563068081564435,0.06855340324326067,0.8680703854922495,0.07308408639120417,0
444,2,97907,409,0,9,3,18,8,0,20,238,38,0.5367886943358675,0.35879840001170527,0.34615318368056847,0.9453677559461079,1
10,2,2212,668,1,2,1,5,1,1,2,481,426,0.04737124628727982,0.09215960230170907,0.9067188737095453,0.08673949385993159,0
37,1,3408,2691,0,1,0,9,1,1,1,121,59,0.0001492960828345158,0.015717583235464162,0.8340185571610339,0.07675157086734012,0
40,1,3471,3596,1,0,0,3,0,1,2,361,308,0.0905393715497356,0.06402375084642357,0.9353832576354111,0.04596245441211886,0
7,0,4294,2991,0,2,1,4,1,1,0,377,16,0.013882925388476587,0.019448161871182548,0.8316037457505452,0.06500440144920851,0
289,1,28718,378,0,7,2,12,9,0,25,421,33,0.593997190373674,0.8801465634637919,0.1513219834184244,0.9186068646471905,1
48,2,3350,745,1,2,1,9,1,0,1,364,4,0.027215470420688437,0.03077308784134295,0.8487709602511743,0.09710054903333377,0
50,1,3965,3515,1,0,1,0,1,1,0,355,22,0.014968030466644855,0.04245197006337347,0.9307433019116139,0.017397118704423852,0
269,1,12742,304,1,8,2,13,4,0,30,214,49,0.9226665426287399,0.4769993474350791,0.3653252178421113,0.6163136550447432,1
56,2,2053,722,1,2,0,8,1,0,0,150,201,0.005178761792172304,0.013040575343969331,0.9981165971724872,0.07448078382521905,0
461,1,53297,38,0,1,4,23,7,1,36,332,28,0.8944854175592047,0.3666022536114671,0.28675920837977503,0.7578422602190493,1
6,1,908,990,1,0,1,3,1,1,4,307,37,0.09112694033600838,0.04330926926671741,0.8295929080832348,0.02277093490483393,0
537,0,86607,477,0,2,0,29,3,0,26,262,3,0.953180601041157,0.599477416686717,0.3081955694103225,0.9075827306882093,1
40,0,1489,1944,0,1,1,7,0,1,0,362,9,0.03531698801646299,0.009124796757439291,0.8850713624016909,0.08948766531832424,0
47,2,3756,3025,1,1,1,2,1,0,4,347,487,0.03638867009180639,0.08365773396064273,0.9045600598924157,0.08140262380529627,0
480,1,65025,64,0,4,3,28,6,0,49,256,8,0.5827210226674692,0.6555343564318584,0.20250347178915928,0.6239266564251593,1
1,1,2092,3303,0,0,1,8,1,0,2,284,418,0.06782748098624485,0.05203690536440904,0.874114062061491,0.007446836762475329,0
205,2,32454,357,0,2,4,28,2,1,11,325,34,0.9818262018086732,0.6778487842874612,0.02171535303977086,0.6072793413052607,1
283,0,7927,56,1,6,2,15,7,0,20,350,6,0.7665156467044628,0.969132716807245,0.23635045264021795,0.6370598728719336,1
58,1,856,139,1,0,1,6,1,0,3,334,361,0.06923231274883913,0.018794947564024736,0.8200085736518395,0.032077458609060576,0
31,1,3849,846,0,1,0,7,0,1,4,280,182,0.06524284310412831,0.008043351019359924,0.9433899700761689,0.08145107391449706,0
39,0,245,2429,1,1,0,0,0,1,0,430,290,0.08490009728258549,0.08692221349258522,0.9403221074346455,0.0025705161155711535,0
25,0,1779,1487,0,2,0,7,1,1,3,374,57,0.061593573491663056,0.019606239920059932,0.912476781876117,0.07532453388817156,0
53,1,4824,1870,1,1,0,4,1,1,3,92,290,0.06913037289790341,0.023624971070463286,0.9768196396377126,0.027238136174803265,0
341,2,48674,424,1,8,2,10,2,1,8,322,43,0.8431078877770045,0.5717483784494628,0.2520393746810694,0.5763325881474151,1
21,1,558,2917,0,0,0,7,0,0,4,34,293,0.0018054266783106843,0.01864426495135213,0.8003313660151149,0.0162404581235442,0
50,0,2486,776,1,0,0,1,1,1,3,212,69,0.06694136450732134,0.019869334376106742,0.8135502534362794,0.025667773186535483,0
52,0,3201,1929,0,1,1,3,0,1,3,11,398,0.09034881326389217,0.03134704037866768,0.8209127643593669,0.08033549956660284,0
21,0,1616,2409,1,2,0,0,0,1,3,217,343,0.08630591021027095,0.011658641392009485,0.8823307741920311,0.02437920487304364,0
17,0,3336,2419,1,2,0,0,1,1,0,276,288,0.05188608485495089,0.039543983384694906,0.9344822120105506,0.054333559286877865,0
3,0,2652,3348,0,1,0,1,0,1,4,143,88,0.05766261570835003,0.06577731864301078,0.8913184937812909,0.09930714913245442,0
26,1,1440,3733,0,0,1,1,0,0,2,341,321,0.0287772579854234,0.09431141172957404,0.8227395657479684,0.016134442454901678,0
47,1,4955,1537,1,1,0,6,0,0,0,50,227,0.026487486935888316,0.09157473407878686,0.8172972484502468,0.06941754651027002,0
251,2,26824,239,0,2,4,11,8,1,23,290,26,0.688811149739659,0.717254674018444,0.3068949111703148,0.6111573194647304,1
27,0,1167,3283,0,2,0,2,1,1,0,291,103,0.07619098985810853,0.06996742944044905,0.9802299404221058,0.004238431094827899,0
0,1,1209,2064,0,0,0,1,0,1,0,53,16,0.0006394216253686746,0.09581432009300254,0.8311958534586549,0.0855663081324663,0
257,2,5260,350,0,7,4,9,9,1,31,393,49,0.6133970582700516,0.5851320071044865,0.0426539957137861,0.9226681350446608,1
40,2,615,2855,0,1,1,6,0,0,0,395,345,0.05399054259028982,0.0068527638152310446,0.8583242954019149,0.09711859670139777,0
2,1,1298,2149,0,0,0,9,1,0,0,258,300,0.028262662786805018,0.07315293251718841,0.9470613367015788,0.024780993151837107,0
57,2,1353,644,0,0,0,5,0,1,1,35,435,0.07734772530167998,0.0007567329334598361,0.8528764348215271,0.011329784535821875,0
16,0,3540,828,1,1,0,1,0,1,2,394,83,0.02508188562140681,0.02692859065282436,0.8954885489549291,0.00407062329027822,0
127,2,96147,470,1,8,4,22,2,0,32,379,35,0.9167631341798438,0.6602229921636519,0.17271658577262558,0.9852889063273846,1
25,0,3140,2817,0,2,1,3,1,0,1,294,83,0.05222747601595221,0.02180787500332272,0.9285152592408233,0.01999831944257561,0
23,1,2644,2366,1,0,0,5,1,1,0,449,480,0.08479681023750618,0.019440734886640488,0.9402454137729587,0.06812471479143702,0
54,0,4708,3424,1,0,0,7,1,1,2,112,291,0.050295336425883956,0.04560988390858716,0.8991337207471722,0.02373265526225431,0
31,0,129,1882,0,0,0,5,1,0,2,469,461,0.08459514851892143,0.0559808650710176,0.9180729124026336,0.003709733230613255,0
41,1,911,1538,1,0,0,5,1,0,1,347,55,0.04750438370060198,0.04313038468370678,0.88797625364989,0.019059060249129692,0
55,0,165,1232,0,1,0,7,0,0,2,100,2,0.07956395647745967,0.06793704605063836,0.9554596558902629,0.0039556716195993545,0
22,1,607,173,1,1,1,8,1,0,0,159,147,0.08639927475497063,0.06006745131307139,0.9083402809645068,0.07113232348040226,0
4,0,1138,3520,0,1,1,2,0,0,0,444,273,0.08029057274132438,0.07333465042892065,0.9594780736825096,0.0690780652307438,0
39,0,467,3119,1,0,1,0,1,1,4,348,452,0.04084094486007546,0.05268853830332353,0.9274975096233632,0.01570558114107209,0
25,0,2993,3284,0,2,1,2,1,0,2,315,274,0.05371916517753879,0.023000667967629743,0.9824134981953179,0.045021176036655314,0
8,2,18047,314,1,6,1,28,8,1,19,226,36,0.9739925502020351,0.6365564115777557,0.12108107948519652,0.7042073369821931,1
35,1,4449,1079,1,1,1,1,0,1,1,296,6,0.06578393705710704,0.07584041919597147,0.8196063579320308,0.07940227239423482,0
561,1,44953,327,1,0,3,16,6,1,20,448,35,0.8746529126474842,0.4128307498933418,0.07171222255984348,0.773849870377459,1
589,0,35119,307,1,1,2,20,9,1,9,476,36,0.5660221257602785,0.7735778893882932,0.35578092029766606,0.7163495237918751,1
175,0,10923,259,0,0,1,12,7,1,14,408,32,0.8001417696583437,0.6751915040908716,0.10204192475412888,0.7480774400196817,1
48,1,4332,849,0,1,0,4,1,1,1,344,259,0.05899790636562155,0.00996183647976886,0.9734469457439903,0.02946420590810385,0
210,0,88789,200,1,9,2,19,3,1,16,333,19,0.8204892340831464,0.8143799203875974,0.06358781792375781,0.8682244830234714,1
57,1,2880,833,1,1,1,6,1,1,1,270,37,0.04069728361119623,0.01648259689120396,0.9694031707589291,0.04444449592613166,0
28,1,501,59,1,0,0,7,1,0,1,392,283,0.09847235220563966,0.040222036652313255,0.8121272784035874,0.07622369098733979,0
496,1,49886,292,0,4,0,23,7,0,22,486,30,0.5152367966696002,0.5771211740282898,0.23936833839149255,0.7509389513979975,1
10,0,3195,2407,1,1,0,2,1,1,4,484,37,0.020323973186725675,0.09157666489053418,0.871511497009701,0.08296161250818855,0
27,2,4076,2792,0,0,1,8,0,1,0,247,17,0.01571788030023924,0.017034620739099348,0.8716889890796282,0.07251410148265361,0
35,1,4761,456,0,0,0,3,1,1,4,458,366,0.016801681422130923,0.013858319641897932,0.806125441367187,0.06121700584847303,0
50,0,4406,1934,0,2,1,8,0,1,4,434,366,0.06937825615694014,0.07993685339229281,0.8443751473112081,0.0536488547579049,0
310,1,70672,63,0,2,2,7,2,0,19,462,34,0.760677997277245,0.3193339357536181,0.06802688994723494,0.9249275914132561,1
210,2,38374,73,1,4,0,14,2,1,19,226,25,0.6185883605790197,0.6408313500056402,0.2080281612220125,0.6256544770169218,1
18,2,943,3296,0,0,1,3,1,1,4,491,144,0.0802484361334184,0.0785109341798435,0.986701155674853,0.06401617375201864,0
43,1,3965,1387,0,1,1,5,0,1,0,355,332,0.09342662525412714,0.05113812234450953,0.9340839559508511,0.040327617055625126,0
0,2,3344,1881,0,0,1,7,0,0,2,470,365,0.012646775972522263,0.08762229709546548,0.9153233910645047,0.07370988464683104,0
191,0,96446,499,0,9,2,29,9,1,6,348,2,0.8812800393940974,0.9996242467131427,0.28638730446583244,0.7481443574771085,1
47,0,3655,2241,1,2,0,4,0,0,3,433,367,0.0829846984023332,0.022660958820268664,0.8010433770289905,0.08777766587891789,0
16,2,2627,3413,1,1,1,0,0,1,1,497,360,0.02563710590370888,0.08845095131116901,0.849503280288034,0.05987654267602055,0
21,2,1084,281,0,2,0,7,1,0,2,252,431,0.07258928480498171,0.0880521684807963,0.9824594453971327,0.032632855135436824,0
38,0,3371,3813,1,1,1,0,1,0,1,510,327,0.07841976404168795,0.07779042336323559,0.939959273754756,0.005112687656072978,0
54,2,1189,73,1,0,1,5,0,0,4,139,131,0.05853835177445659,0.09137400566477884,0.9487635421234848,0.051299797153845986,0
20,2,4609,1749,0,0,0,5,1,1,0,346,192,0.017371536844498714,0.07445897093530578,0.9564460702848753,0.008285422296363799,0
550,1,97647,435,0,4,1,7,8,1,41,273,37,0.5082958248303558,0.6318222457876492,0.22721415226563166,0.7856755381557702,1
37,2,4047,1204,1,0,1,8,1,0,4,180,15,0.042868860122620214,0.043727375543429536,0.870380615098721,0.0888561368087372,0
3,2,489,2390,0,0,0,3,1,0,0,56,136,0.09231747908348029,0.06174929558885,0.9343851415873793,0.02315547382385426,0
57,0,4422,1110,1,1,1,7,0,1,2,235,410,0.07469132917135422,0.026176998341248526,0.9449656665703329,0.07269753151757527,0
7,2,161,2287,0,2,1,1,0,0,3,141,506,0.004510522892188629,0.07747108789539796,0.8152585665887734,0.05872408763647866,0
48,1,714,1024,1,1,0,1,1,0,1,126,87,0.09075322549713224,0.049073357458287226,0.9201997167727596,0.013775277168337763,0
322,1,37022,364,1,7,3,17,4,0,46,448,36,0.9571837581262022,0.505944940425953,0.18663199870710773,0.7976746604388711,1
126,0,47671,57,0,9,4,25,6,0,12,504,30,0.8456227415644553,0.36274527470897233,0.22644004564923526,0.6160666040894209,1
54,1,2123,371,0,1,1,8,1,0,0,160,138,0.0814094621650504,0.044184201924110766,0.9068068362739725,0.03543741234257071,0
26,1,1847,3502,1,0,0,0,0,0,3,36,290,0.0805466547017286,0.024041268737702327,0.821923827639456,0.06978253888646258,0
31,0,1937,3898,0,0,1,7,1,0,4,35,213,0.025923969449490658,0.01295687722425496,0.8284561604877414,0.09781320100568011,0
524,1,13326,283,0,7,4,16,2,1,28,293,13,0.5884749987940985,0.9510774586592303,0.3657722059469788,0.7567081586195163,1
5,2,2996,690,0,2,1,0,0,1,0,420,488,0.062191293565348076,0.01746356563161473,0.949112060495717,0.07626242120709736,0
533,2,69290,166,0,9,3,9,4,0,42,345,4,0.7097620474635153,0.6802927775690069,0.3163647112481972,0.8952164703857091,1
50,0,1437,160,0,0,0,1,1,1,0,15,252,0.02270054871773122,0.025756473460580333,0.9511609705114705,0.0014484178878052647,0
53,2,2856,1135,1,0,0,4,0,1,3,95,83,0.07205259761657977,0.07179988171437236,0.9312965733300604,0.04743821564773887,0
38,1,710,3102,1,2,1,2,1,0,1,387,187,0.0967708396852188,0.0860199463295584,0.8488735112252107,0.00016743163778879522,0
36,1,486,681,1,0,0,3,0,1,2,505,257,0.010532024692005882,0.040192716834774184,0.9202408625408912,0.07995516928300585,0
235,0,59088,329,0,4,2,7,2,1,6,377,28,0.9398727191167133,0.8780631466235147,0.26193604725397684,0.5662416953106204,1
29,1,3733,1858,0,1,1,6,0,0,2,472,348,0.055437499310393615,0.07935419334084871,0.9416738954342334,0.0041732256171963305,0
21,0,259,3046,0,2,1,3,0,1,4,38,483,0.05951671639290778,0.023565362550096294,0.853609897352406,0.07104572336206232,0
57,0,3551,844,1,2,1,4,1,1,3,217,178,0.017658501163977814,0.0033169126191820997,0.9194286906635236,0.026103822530420873,0
10,1,876,3328,0,0,0,3,1,1,3,248,440,0.03559566037213562,0.0007687241920479427,0.9036285654300977,0.027656144744680533,0
43,1,3929,2341,1,0,1,9,1,1,4,189,341,0.0349026963756198,0.06761504299177078,0.8571261933661093,0.08912700319290706,0
35,2,3281,433,1,1,1,7,0,1,0,355,58,0.016786643444441685,0.02459968880177882,0.8876851695430323,0.005529390281125802,0
19,0,2518,1415,0,1,0,4,1,0,1,432,387,0.061743620772210565,0.03637105180489491,0.923751890792414,0.006580436820374791,0
57,0,734,2794,0,2,1,5,1,1,0,324,394,0.0793117218732323,0.0684991815146954,0.9403695045521814,0.03813471713810149,0
85,0,97148,210,1,8,2,8,6,0,41,328,13,0.6934753092005317,0.8664437132835494,0.13133138555262633,0.8734479134023361,1
523,1,20222,93,0,3,3,29,7,0,38,299,41,0.5584159294510973,0.8778783959748777,0.2938139199221465,0.5956303203413615,1
49,1,3738,1174,1,1,1,5,1,0,0,52,232,0.06982898854151857,0.006202655174554961,0.9054853600521691,0.047225830201360265,0
43,1,1489,914,1,1,0,7,1,1,3,510,279,0.036618571039493765,0.06683949116493773,0.9023733161607472,0.046285753614023234,0
38,1,1208,944,0,1,1,4,1,1,0,52,138,0.0008591268731870217,0.05869800447109518,0.8225433347128172,0.00759644231574288,0
18,0,2508,3685,1,0,0,8,1,0,3,303,288,0.025452061578585917,0.0460474527941964,0.9698505637916985,0.06378362250496765,0
28,0,1745,1675,1,0,1,1,0,0,0,203,31,0.0311886487495064,0.02669668195787559,0.8808023078517884,0.0623860440369835,0
47,2,1884,1866,0,0,0,7,0,0,3,378,307,0.03537648662251375,0.09014452041653026,0.859621859443525,0.021518855411281002,0
40,0,2045,3434,1,1,1,4,1,1,0,247,221,0.09683092727130595,0.07993662099954794,0.8729967575415237,0.04374095366962062,0
44,2,1766,3441,1,0,1,3,1,1,0,160,11,0.007342852829736768,0.08324205936752171,0.8943200386161886,0.004998047892624902,0
47,2,2868,3083,1,1,1,4,0,1,2,232,335,0.04979457204538717,0.005845563828038403,0.93845574010613,0.06980338773094442,0
55,0,3875,311,1,1,1,9,0,1,1,65,388,0.04166250961197265,0.05108187272082102,0.9864362140203388,0.03217974205346785,0
57,1,3071,1207,0,2,1,4,0,0,0,149,133,0.060462268943017955,0.04534503646988125,0.9300183144697435,0.000428589466738305,0
29,1,1712,1106,0,0,0,7,0,1,3,330,91,0.007463679374126298,0.016130765585758166,0.8360426702942136,0.006318443117151129,0
39,0,4804,427,1,0,0,4,0,1,0,268,245,0.05095452359860633,0.03826961199025086,0.817586197940855,0.08507182183831898,0
46,1,660,235,1,2,1,7,1,0,1,467,307,0.028481081704101963,0.09066421591399748,0.9353379124807057,0.0034529164845061968,0
34,1,58199,50,0,4,0,13,7,1,33,298,36,0.8059996546386032,0.6051340164676748,0.1608484003453084,0.9369722112023942,1
30,2,1130,2055,0,0,0,9,0,0,3,1,298,0.05383727928389845,0.012358069365470493,0.9376701256075711,0.04581812891417414,0
84,0,15318,37,1,2,1,29,7,0,47,309,44,0.635393394870178,0.5462882250240572,0.25076097446669493,0.667421103094511,1
47,1,3825,667,1,1,0,5,0,0,1,316,510,0.06166448221012272,0.09610830929347303,0.8177004395690368,0.01809284070040751,0
2,0,3166,3934,1,0,1,1,1,1,1,11,138,0.04578444563439169,0.08601013302443462,0.9051377918566369,0.03562029811291706,0
488,2,83058,150,1,3,4,21,9,0,48,380,26,0.8004134170725501,0.4736266277011212,0.14449121682743407,0.8784341907162572,1
49,2,2642,3302,0,2,1,3,1,1,2,154,318,0.08461980475259695,0.04135722136315463,0.8387478094190444,0.05658254632674839,0
174,2,32794,112,0,2,0,26,3,1,7,256,23,0.9597911555199246,0.9365686052495796,0.34995938628366685,0.9547655984252251,1
11,2,775,2448,0,2,1,3,0,1,4,397,486,0.07129502841202989,0.033905951301659874,0.8970829981511184,0.06250746822476343,0
6,0,2329,1017,0,2,0,5,0,1,4,71,502,0.03254098602976827,0.035075282185179905,0.8958927457925214,0.015206741544666502,0
567,2,57622,498,0,6,0,7,9,0,16,237,47,0.5301256266481951,0.6278308805890986,0.20742930736349058,0.9462598433765126,1
51,1,2718,1505,1,1,0,9,1,0,2,229,73,0.021501813789442017,0.06871237309964494,0.9610068029413129,0.08627093488844176,0
131,2,26964,25,0,9,0,28,2,0,15,498,13,0.5040514365625053,0.5816383305020931,0.07091176872295146,0.8347701541128243,1
59,0,95472,14,0,1,4,20,6,0,6,357,14,0.7179809476095285,0.9415577922074907,0.2654507014463684,0.6249319214437227,1
584,1,59561,454,0,9,4,29,4,0,14,443,9,0.9438126900690273,0.8637036402363618,0.24530677639684262,0.7062567657974823,1
13,0,2198,2742,0,0,1,5,1,0,2,214,131,0.054723824505249555,0.027543609290192117,0.9995100020909693,0.051011162387823994,0
234,1,44639,108,1,5,3,26,6,1,19,206,4,0.5268538597667533,0.7571956044134869,0.11447232614907521,0.7820073383990969,1
48,2,4049,199,1,1,0,7,0,0,1,84,499,0.07963362141268814,0.08567795098398732,0.8659312562596173,0.049576237269881474,0
36,0,1727,2865,0,1,0,8,1,0,3,154,334,0.05791029457467309,0.005616115669595523,0.8549360908522191,0.07162338425065536,0
244,2,92037,187,0,4,4,9,4,1,24,431,13,0.7696900903240185,0.7187286869897742,0.016502056016310364,0.6623554688434726,1
391,0,44705,169,0,2,4,19,7,1,12,321,25,0.800075800372274,0.5293514236316523,0.04748665659295055,0.9264772501152188,1
44,2,444,107,0,2,0,8,0,1,4,78,81,0.03911836883696312,0.030591538091286997,0.941751688368435,0.0017094361318076958,0
47,0,43785,221,0,8,2,28,2,1,29,398,32,0.8240831931391754,0.3120618881704345,0.15942570257636937,0.5404715254537505,1
4,1,730,3568,0,1,0,5,0,1,3,14,127,0.06305114899593965,0.016137114252591078,0.898046054140008,0.037113145885003966,0
31,1,3089,262,0,1,0,2,0,1,3,189,106,0.0539999316051791,0.0829006819526861,0.8057793670853992,0.014595896390761899,0
56,0,841,3899,0,2,0,8,1,0,0,130,145,0.06605585700933898,0.033802790654458514,0.8476056645047367,0.023922032287939154,0
37,2,3026,2602,1,0,1,4,0,1,0,438,215,0.0037617300729214545,0.07850278700870228,0.9638597489171592,0.07543163851746451,0
465,2,69997,484,0,4,0,18,8,0,37,457,20,0.847622550900435,0.4315334617500347,0.36341697518859506,0.8564542363318628,1
5,2,2513,1502,1,0,0,5,0,1,4,429,412,0.03594596643866719,0.09425856785932885,0.9579371369642825,0.06060505308552039,0
7,0,3596,2939,0,1,0,4,0,1,4,395,319,0.04780078428306942,0.006185104947958997,0.9813383533884557,0.08337471775451735,0
8,0,4799,2025,0,1,1,5,0,1,1,90,393,0.08467867489989576,0.0026793405318112475,0.904468576292401,0.06524798309067455,0
11,1,3053,2124,0,0,0,1,1,0,2,185,389,0.005178251782599497,0.0935084305233137,0.9115204651893876,0.014823096691699268,0
53,1,4386,3964,1,1,1,0,0,0,2,24,96,0.0644851250230437,0.044546044198304616,0.8079126678736012,0.03618972117173846,0
420,1,67586,145,1,3,1,16,5,1,7,314,35,0.7134560726591963,0.33852252077374023,0.2849769444820019,0.5832930251798428,1
15,2,3695,453,0,2,0,7,0,1,1,395,315,0.05191889016889813,0.028101783065543173,0.995583177871137,0.0007570342690037979,0
50,1,354,683,1,2,1,9,1,1,0,63,460,0.06719608612842089,0.010395329813520683,0.8458099778570386,0.08323606602911215,0
379,1,39930,63,1,3,4,27,3,0,25,289,39,0.6827101485379549,0.3274903158606874,0.013353984620209003,0.7320896209399563,1
394,2,52437,14,0,3,2,18,2,1,46,340,44,0.6906659951160026,0.989113837516407,0.3707417003075948,0.8185938362444465,1
167,2,45637,155,1,4,2,14,9,1,19,389,41,0.6372556507184759,0.8521120184476647,0.022401201326200184,0.9256967006824891,1
7,2,4126,3132,0,1,0,4,0,1,2,234,390,0.07490894634834958,0.055111719269977044,0.9840110826029242,0.07789033764440102,0
13,2,1002,1714,0,2,1,5,1,0,0,117,63,0.03377863274974664,0.03405274236924535,0.8696342839639633,0.04412958944229677,0
10,1,2118,1032,1,0,1,1,0,1,1,445,321,0.03647251600046976,0.0015541615160076573,0.8610922954102269,0.0431117806648916,0
39,2,1996,1066,1,2,1,3,1,1,1,421,298,5.578519329870746e-05,0.08432109135784926,0.9365210809688063,0.037061319691086295,0
69,0,84002,56,0,3,4,21,3,0,21,308,42,0.7190386375967905,0.6627142524546974,0.22154704961176852,0.8134799682430961,1
28,1,1647,2779,1,2,0,6,0,1,3,437,394,0.055062830621967124,0.09699470895037976,0.8149907135664828,0.052004967289094886,0
46,0,472,269,0,2,1,5,1,0,0,419,211,0.01679064748106488,0.021106345043666475,0.9646299729030474,0.021554991270419568,0
164,0,65730,218,0,5,0,29,7,1,28,321,37,0.7530627444936157,0.3121963733404614,0.3740018428652079,0.9092844572848475,1
14,1,1671,1961,1,1,0,2,0,0,1,213,274,0.037543785325461244,0.03827350225333877,0.962148999809133,0.034223693523382684,0
167,0,92481,308,1,0,4,12,4,1,38,234,4,0.714660137290188,0.6516100115055283,0.05446223848427292,0.8691392753798479,1
5,1,516,3941,0,2,1,1,0,1,3,208,142,0.07790791283429757,0.09095326069076415,0.8077478446036205,0.05860451657600089,0
27,0,3528,2467,0,2,1,7,0,1,1,49,436,0.0054504664740176794,0.01718976574791703,0.9264707496896203,0.0037149433877668447,0
340,2,9718,342,1,6,1,27,9,0,17,289,41,0.9344582049706918,0.6160653044412028,0.376324426813568,0.9941593116211414,1
41,2,1535,1523,0,0,0,8,0,1,4,342,107,0.0006789223380095022,0.03931458662923914,0.8789019627963025,0.020065329559519108,0
13,2,2070,1216,0,0,0,3,0,0,4,414,74,0.09551731806308746,0.052474905441020916,0.8354564115808342,0.02764922397495452,0
50,1,1137,2530,0,2,1,7,1,0,3,210,487,0.010843880012945652,0.0912652577932754,0.8479567695038596,0.08843399115892775,0
11,0,2348,457,0,2,0,7,1,0,4,387,207,0.07687386495488498,0.0869755260556845,0.8718771361245599,0.05794296547215414,0
457,2,23751,73,1,5,0,17,5,1,24,280,9,0.718727437214774,0.33438395428230744,0.39688616486416883,0.6849114845699822,1
58,1,4590,2043,0,2,1,7,0,0,1,352,368,0.0025823044982275726,0.09586253018281232,0.8740535908750656,0.024713094822075055,0
470,2,91691,295,0,8,4,26,5,1,8,210,21,0.5353148684767939,0.8094198914786312,0.22047220860578662,0.7523749489509995,1
33,1,2732,2221,1,0,1,4,0,0,0,241,36,0.022067278177737473,0.00499215837381668,0.8264341933860655,0.029294173093175738,0
29,1,2961,2312,0,1,1,6,1,1,2,373,59,0.09581320321704097,0.06151995101121802,0.9471560727617226,0.05327460481186428,0
259,0,55171,16,1,5,1,13,9,0,38,249,11,0.6235060832474321,0.8909215664241892,0.3496632353805695,0.9715022262989739,1
287,2,38791,63,0,3,0,21,8,1,21,373,11,0.6640400230379107,0.5031849697412739,0.21261653957521884,0.8858526487365297,1
17,2,2885,1181,1,2,0,1,1,1,1,280,278,0.011702088894450603,0.09714547070609464,0.9277428478727556,0.01327836992090169,0
175,0,65360,193,0,5,1,23,4,1,28,318,22,0.8266548079905385,0.8999884252298909,0.0703585067495617,0.9885180539000908,1
2,2,3986,3397,0,2,1,0,0,0,3,59,493,0.041070461615316835,0.08873468960895525,0.814765954875842,0.08367683844159723,0
44,1,61609,56,1,3,3,18,7,0,8,282,45,0.9680915816493207,0.9777906345114882,0.3057673599626667,0.6997187355942123,1
0,1,2882,1354,1,0,0,9,1,0,0,330,447,0.09236955800012667,0.04569305692563391,0.9849428943472782,0.08159951295516771,0
22,0,2468,1956,0,2,1,0,0,0,1,17,425,0.046939628671466255,0.07665204539256015,0.8063584599393576,0.017811149633020995,0
16,1,95536,100,0,1,1,8,8,1,25,280,9,0.7315978338216655,0.3177839162177236,0.0029301407632118526,0.8620059745992257,1
104,1,82055,374,0,0,1,12,9,0,7,442,44,0.8917711930795826,0.8978827003685612,0.06811552750011166,0.5932520748028501,1
35,0,750,2398,0,1,0,2,1,0,3,93,90,0.0982281768810534,0.06546775699193005,0.8815452144177706,0.09011770555659304,0
38,1,124,3547,0,2,0,5,0,0,1,148,229,0.06138710443936849,0.04738428614125317,0.9145446269678561,0.025809742809195325,0
7,1,2047,2063,1,1,0,0,1,1,2,156,146,0.09130210027673476,0.09119243115480631,0.8310321837668079,0.05065206767399741,0
7,0,1576,1407,1,2,1,9,1,0,4,176,467,0.0217737010806646,0.09065467482209277,0.891276468368203,0.0634309126909644,0
43,0,209,1315,1,0,0,0,1,1,0,74,473,0.040243425515488346,0.047901005937188934,0.9648063836572759,0.09204124472917076,0
31,1,4924,2221,1,2,0,9,0,0,4,224,291,0.01666115757134462,0.053401090015814646,0.9045253843605687,0.09746576668697711,0
19,2,4258,3959,1,1,1,5,0,1,2,191,248,0.007492122602622143,0.08911271286448086,0.8466949396860282,0.009726170930198341,0
51,0,1718,77,0,0,0,1,1,1,0,2,141,0.08954170200529271,0.07872029101804652,0.9073247580556805,0.07838654607180996,0
499,2,55603,440,1,5,3,12,4,0,12,364,8,0.9981833010579995,0.3289114736751986,0.1656915558333163,0.972288343460721,1
169,0,83821,208,0,9,1,22,8,0,8,380,49,0.5591304826553445,0.4483076587667447,0.08216660948633572,0.519610661077246,1
18,2,84290,426,1,5,2,13,7,1,21,256,25,0.5417364493809214,0.9428710121114741,0.2561926350711357,0.7246100061878658,1
8,2,271,1432,0,2,0,6,0,0,2,114,33,0.06417540912866135,0.04942651779030173,0.9156015788913665,0.05857701800405382,0
53,0,2112,2155,1,0,0,9,0,0,1,57,435,0.08292667794441383,0.08548235002460886,0.881216881843282,0.007995282495521594,0
5,1,2773,2366,1,2,1,7,1,1,4,48,291,0.021252822252442006,0.004657649765756189,0.8725757244945946,0.016830643924777455,0
0,2,3722,2596,1,2,1,1,0,1,3,292,420,0.017951440078801274,0.016198675614715708,0.8172813506695387,0.06901423944245859,0
10,2,3971,2269,1,0,0,4,1,1,4,51,115,0.00014732697202091138,0.08076310684475324,0.9760833202189014,0.0007635283973146612,0
4,1,748,2109,0,1,1,1,0,1,2,441,283,0.025710190639517017,0.006869167935308751,0.852421330335372,0.01719676471829512,0
273,2,13586,133,1,6,2,15,5,1,35,420,40,0.8800337392538831,0.8668323644388936,0.018338668251977587,0.7628522961795539,1
367,0,86272,88,0,1,1,26,8,0,42,439,15,0.7386314784802058,0.7055796479372267,0.30630871267294524,0.7268888749744427,1
507,2,94809,294,0,2,2,28,4,0,35,471,20,0.7935772512745536,0.7261952824948166,0.2917174785267584,0.842303367129702,1
40,2,2992,1189,1,0,1,4,1,0,1,384,399,0.09958882134889806,0.0995565014084787,0.8099283915040788,0.07924061734480115,0
50,1,2900,2917,1,2,1,7,0,1,1,105,285,0.048017736599671124,0.09080648804961847,0.861287575929067,0.059252727359679014,0
33,1,749,3494,1,2,1,0,1,0,1,40,188,0.054230641572827566,0.017433206473368847,0.8779197055315255,0.08706309899409387,0
10,1,911,3451,0,1,0,2,1,1,2,335,349,0.04539732505280023,0.08799432508777962,0.901204967912707,0.016182560780568067,0
27,0,45189,251,0,0,2,12,9,1,23,312,21,0.5007962901598664,0.6614485694410882,0.21398517349167961,0.9638108949349347,1
308,0,7225,61,0,0,2,27,5,0,49,333,7,0.5522573924274137,0.343590176017534,0.31832600885836393,0.6611788931143314,1
380,2,32798,102,0,5,2,13,4,1,16,274,41,0.5869689840256427,0.4482266388063196,0.24462597234373962,0.6305499819724893,1
150,0,84051,159,0,6,3,16,7,0,12,466,25,0.6580872675848253,0.5770492582848997,0.17816070633043415,0.751572033311595,1
40,0,2951,525,0,0,0,5,1,0,4,97,271,0.03582216752017275,0.08294153007705789,0.912238353406963,0.007903390067543448,0
58,1,2362,3145,0,0,1,9,0,1,0,475,130,0.052139129099003326,0.0669405779355967,0.9199610788308052,0.062400969969026915,0
373,0,35038,113,1,4,4,21,3,0,15,252,15,0.9122008479635981,0.4379956234860187,0.2463656336577451,0.9652416902100682,1
522,1,38938,222,1,0,0,5,9,1,14,450,41,0.6484646586461762,0.614688745138835,0.008127781939547375,0.6089734745269828,1
79,2,91000,189,1,1,4,28,2,1,45,293,35,0.8952201067206247,0.4126671275612117,0.380160984575074,0.7941221962740315,1
6,2,3999,675,1,1,1,8,0,1,2,311,502,0.0959453074386708,0.06289601803163565,0.8443876599715412,0.05370096215866286,0
25,1,1808,3947,1,1,1,5,1,0,4,164,86,0.053271223385268865,0.008532625341785205,0.9871319024374594,0.017507905869611883,0
22,2,201,1681,1,0,1,1,1,0,4,340,249,0.07731228495022513,0.09728415494855364,0.8120471521318958,0.09454378014250099,0
285,1,95785,323,0,2,3,8,3,1,27,205,48,0.8232076719686154,0.8135625868731169,0.2772256816262698,0.625141792457176,1
348,1,29034,350,1,1,4,20,5,0,10,211,11,0.9321148398158102,0.4455317817155162,0.1353232451021456,0.8023181192829532,1
47,2,2285,2642,0,0,0,9,0,0,4,201,112,0.03223012708891703,0.030616606341853758,0.8070985081661392,0.04136051140688345,0
439,1,43372,422,1,5,2,8,9,0,42,294,3,0.9164756603177775,0.8757452039110551,0.3821820007473892,0.6175393299700211,1
23,1,71404,290,1,2,4,11,8,0,12,363,41,0.5439795432725215,0.896195784544487,0.1843427076310573,0.9987465794027093,1
0,1,4138,3844,0,0,0,9,1,1,0,69,436,0.03992171515354956,0.007562656548788638,0.890712403556468,0.047033963113766834,0
30,1,3293,2214,1,1,1,6,1,0,4,251,208,0.0019593770562901904,0.06666693671189167,0.8295128754087686,0.07812878558732277,0
226,2,94271,297,1,8,3,26,5,1,21,357,21,0.5193943667526832,0.9377653408614934,0.2647915047357143,0.5805494377053633,1
3,0,4032,880,1,1,0,3,0,1,3,12,257,0.0841518335440631,0.07389986223395537,0.9613805162618425,0.08379045617097142,0
42,0,1898,948,1,1,1,3,1,0,0,297,282,0.04255485050947904,0.035959972853670544,0.817091491779261,0.026325037702359888,0
22,1,76539,24,0,5,0,11,3,1,31,442,4,0.5832304720467826,0.5414560915619022,0.2670547102666994,0.7741364219671956,1
4,0,4630,2645,0,2,1,2,1,0,0,306,42,0.00791978177690159,0.0910669329623709,0.8623637350405109,0.03684182435998419,0
475,0,56195,272,0,9,2,12,2,1,36,380,23,0.9854818632795486,0.6978284695644258,0.3264382739586571,0.9242457269608113,1
54,2,1412,2892,0,2,0,6,0,1,4,390,422,0.011114028071965222,0.03845341969723373,0.9796305352589849,0.03354721753429696,0
209,0,92632,444,1,8,0,15,5,0,48,243,2,0.7714197655148531,0.6826587338989238,0.17623287636418072,0.9516386285977967,1
407,1,12114,18,1,2,1,15,8,1,25,400,19,0.8277846008921228,0.65258938337503,0.037794559471651515,0.9926116290244542,1
150,0,44432,77,1,4,3,21,2,0,15,468,15,0.7988676854656854,0.5817072195100772,0.06646105297712852,0.926191046439562,1
52,0,1350,3215,1,0,0,8,1,0,4,243,509,0.0905699950139437,0.09408012399561519,0.9575999896524067,0.07200818438061748,0
22,0,776,3403,1,0,1,6,1,0,0,312,329,0.00951822509928637,0.04187504597301117,0.8944363151176165,0.01770068292225333,0
9,2,2395,466,0,2,0,5,1,1,3,197,280,0.06185113656068471,0.07403111675421657,0.991605974367416,0.05550813952444253,0
10,2,1395,3745,1,1,1,6,1,1,3,476,44,0.0008003545273850943,0.011642352902812092,0.9796856059627361,0.0005238795328262436,0
0,2,4623,1743,1,0,0,7,1,1,2,277,444,0.04747532434816172,0.010352728911520392,0.9679190448333647,0.08641700706021398,0
152,2,16876,449,0,5,4,12,3,1,24,365,30,0.5985700608026194,0.7682956458530541,0.2806806642246482,0.6547834194645819,1
7,1,1766,1075,1,2,0,9,1,1,0,1,8,0.01460539307945985,0.06783560000952656,0.8999971498428332,0.05688213689679962,0
0,2,497,3298,1,2,0,0,1,0,1,304,306,0.05387911049071253,0.024681842157974476,0.8507422931821268,0.06692130326475308,0
35,2,42801,227,1,2,2,22,2,1,35,242,1,0.7353295002873612,0.4147659572044674,0.0764219315386122,0.7224330035590989,1
78,1,73741,394,1,0,4,15,6,1,11,343,14,0.6683668973427843,0.7887786199017971,0.10743292456393623,0.6945912481532364,1
46,1,1736,2820,1,0,1,6,0,1,4,150,301,0.02427803871396831,0.02883251017038302,0.8257294242585318,0.047936494373462646,0
550,1,97042,497,0,6,0,22,9,1,22,459,9,0.8226722934064241,0.6828721668082678,0.07273410851039529,0.6490748049022045,1
212,2,85038,92,0,1,3,25,8,0,46,380,4,0.6940906363113217,0.9505213457641593,0.37023336209499585,0.5171813042603941,1
17,2,3694,2770,0,0,1,7,1,0,4,189,200,0.053868467236550845,0.04429594039964894,0.8631560977336347,0.05436317464754129,0
21,2,15785,496,0,8,3,11,8,0,48,397,49,0.7803713747432408,0.9636097732405358,0.10730247318716364,0.7335177206195175,1
539,2,86210,283,0,4,1,12,2,0,17,474,32,0.7490565095900061,0.3091410685578245,0.2992537463452349,0.6917019131494229,1
1,1,4798,619,0,0,1,3,0,1,4,317,270,0.004422539373850798,0.029418409299062722,0.9816631279203836,0.018798945948104308,0
54,1,2016,2580,0,1,0,0,1,0,4,43,201,0.07233969011224191,0.06875856593668202,0.8294085636951972,0.05763801670754372,0
0,0,3753,2156,1,0,1,7,0,0,3,294,500,0.018494510854174664,0.07393723747314716,0.9524241081011608,0.0892750963066915,0
56,0,3612,761,1,2,1,1,1,0,2,380,88,0.03754931015252003,0.041583294172827724,0.9635838956948886,0.012865612843314889,0
445,2,22398,354,1,5,3,9,8,1,9,316,40,0.6511174490560148,0.6195844652911968,0.36842069983014714,0.6787480449686785,1
45,2,3146,2629,1,1,0,9,0,1,3,400,199,0.08399018967262603,0.03561906371890657,0.9409749566100576,0.005102917301173394,0
44,2,983,3578,0,2,0,5,0,0,0,237,413,0.021533868480646746,0.011146935892864319,0.9104829106813892,0.052229184992077675,0
5,0,1909,2997,1,1,1,9,1,1,3,7,48,0.009831997389501568,0.09320870702858935,0.9739673739032684,0.09831182441654887,0
6,2,4987,136,1,2,0,6,1,0,3,185,493,0.008251802882082793,0.07382905470899914,0.900345126936642,0.07293547064325893,0
266,1,47767,44,0,6,0,29,2,0,30,316,12,0.8295461215405482,0.8447972785464468,0.22493757280027307,0.792670464515857,1
30,1,4246,2126,1,0,1,7,0,1,0,367,367,0.032119233711213016,0.016099112552377604,0.9684139456258721,0.08378969362530832,0
14,1,3619,3907,0,1,0,6,1,1,2,274,211,0.02997661911090717,0.08794837773982929,0.9787694985158115,0.022197066594229077,0
50,2,3271,398,1,0,0,1,1,1,3,144,154,0.0668421890179792,0.09022583360271143,0.830955661024124,0.015615808439123791,0
59,1,2797,2668,1,0,0,8,1,0,3,416,258,0.09025609653993583,0.016707880682700762,0.9031694986944342,0.026892928119201298,0
527,2,45558,410,0,0,1,23,8,0,33,268,15,0.8096549016898826,0.9060305308311183,0.19979308615126437,0.975827243877863,1
0,1,4002,771,1,0,1,5,1,0,0,97,398,0.028028430599836552,0.04115710696455467,0.9802726549520122,0.0011612761792375915,0
560,0,63795,60,0,6,2,28,3,1,48,459,13,0.7209677892686259,0.6346025850063193,0.0964365317359405,0.7808354218577462,1
2,2,4999,2730,0,2,0,3,0,1,3,353,220,0.011178403188695996,0.07367522762068905,0.9706395838664417,0.08739645295658138,0
48,1,4300,1109,1,1,1,4,0,0,2,493,341,0.07338855232683493,0.021561813909342475,0.8235993025325562,0.0964186280065267,0
210,2,36327,166,0,3,2,26,5,0,20,488,45,0.5882774791348129,0.48990625290510603,0.10814193485121693,0.5899985882442127,1
16,2,724,611,0,0,0,5,0,0,2,309,299,0.07469279572267308,0.0045885089018577905,0.989023459478583,0.0679898873931812,0
28,0,2136,1735,1,2,1,2,0,0,0,157,249,0.04908212758833034,0.08034981001651363,0.9342283731313675,0.0865179790449541,0
526,2,56297,160,0,8,3,23,6,1,28,304,14,0.9959309885581717,0.8406902982802487,0.37375123396534093,0.8297341604270244,1
513,0,73086,295,0,6,3,29,9,1,25,330,21,0.7625378547996648,0.6793573688326042,0.32372873913935557,0.7738897854211773,1
41,0,2310,1683,0,2,0,9,1,0,1,83,181,0.09461472043997438,0.02293483685594814,0.9796971668022444,0.013892183081354426,0
28,1,4690,1486,0,1,0,3,1,0,3,59,400,0.02569791159710282,0.041951043252724786,0.8346917437105583,0.05925280219913312,0
369,2,24723,435,1,0,1,16,2,1,19,336,16,0.9017133070745162,0.7935310099000505,0.3901074088028802,0.9759789533755706,1
36,1,583,3137,1,1,0,7,1,0,0,300,40,0.045662291175093545,0.029303403107294936,0.9330899134913346,0.07286066143419342,0
59,0,380,838,0,2,1,6,0,1,2,397,172,0.019393780151596263,0.08139897401621037,0.8333330368168754,0.09503025160361454,0
19,0,4799,3929,0,2,1,4,0,0,4,331,72,0.006046721938640465,0.08722858923578852,0.8762011191069895,0.08678972492247722,0
20,0,4643,2484,0,1,1,5,1,0,0,506,387,0.08097893747467326,0.09386129683420591,0.9978543503212796,0.061157433732663885,0
50,2,4104,3096,0,2,1,8,1,0,3,207,407,0.0758752394254019,0.07893958582842375,0.9242325612340001,0.06568286828091609,0
19,1,4249,2137,0,1,1,1,0,1,0,275,407,0.03155283367748759,0.04460788169462074,0.8950664353723824,0.042506164123028226,0
10,1,4422,702,1,2,0,4,0,0,1,259,109,0.04949170951961588,0.09620966200143713,0.929643551936082,0.09700846966130755,0
12,1,3482,1009,0,2,1,2,0,0,1,121,497,0.09330339056594968,0.036050817175881815,0.8364191655226304,0.06648575925606248,0
479,2,73633,6,0,0,0,27,8,1,45,412,24,0.5778544302250114,0.7900388407076565,0.29657996042590906,0.6360528603047977,1
18,2,4126,3938,1,2,1,8,0,0,1,231,319,0.07849113307642983,0.08263348977270209,0.8422489851734524,0.03776322233400362,0
16,1,4535,1720,0,1,0,8,1,1,0,195,75,0.013091710580477468,0.04311433333803484,0.9367646931249565,0.0066551282270442165,0
26,2,1262,2184,1,2,1,2,0,1,3,228,193,0.09410550540649722,0.004199735272473704,0.8991615876503776,0.04210994751816878,0
352,1,16397,56,1,1,3,8,7,0,18,496,34,0.6217509826144865,0.6359251363312854,0.3321524554007552,0.5062979642270905,1
37,2,2672,484,0,2,0,6,1,0,3,188,54,0.05096153141001376,0.04941272761165843,0.9307153727698189,0.09816639350590523,0
29,0,1319,3890,0,2,0,5,1,1,2,87,497,0.04742995289911322,0.05217374676407273,0.8047513376538956,0.06005672030356495,0
30,2,3273,1059,1,2,0,6,1,1,3,294,160,0.0076084531309098535,0.08234277875544976,0.9491016503055814,0.017051804685769858,0
449,0,53708,347,1,7,1,29,2,1,21,441,5,0.9593651430097575,0.6793029327464359,0.03672580287915528,0.5915964618303544,1
43,0,2277,951,1,1,1,7,0,1,1,151,397,0.07187331733278222,0.08975180329715393,0.9181123057814738,0.003273868963399551,0
32,1,2369,986,0,2,0,8,0,0,3,333,226,0.005954987468042395,0.047314579228665735,0.9446842662113142,0.03411092443975692,0
8,0,947,3515,0,2,0,9,0,1,0,160,502,0.08118555599682414,0.014285088717343564,0.9265567293806465,0.08293994867616422,0
597,1,40668,123,0,1,4,20,8,1,10,301,3,0.6402855415979134,0.7263966509138857,0.39397219206548706,0.7190026261487937,1
50,2,3520,2922,1,0,0,9,1,1,1,8,170,0.012147605670243478,0.0007216575213368049,0.8464902255000298,0.09873050996960482,0
54,1,2874,2737,0,1,1,7,1,0,3,62,502,0.09846160233328939,0.04484903505194707,0.9977576430816388,0.07412171754625084,0
161,0,92931,491,0,8,4,16,4,1,21,261,18,0.518447220590042,0.9787029128403635,0.19876399263697714,0.9615765144806341,1
46,1,317,534,1,1,1,9,0,1,2,121,488,0.0507217575673398,0.07229118908018943,0.9854981346011872,0.06635596409365446,0
16,0,957,2930,0,0,1,7,0,1,3,224,396,0.0622798522705721,0.0300536257299585,0.9461623200928487,0.034657846681459485,0
54,2,3833,3898,1,0,1,8,0,0,3,209,472,0.03557773685633401,0.07043432573095242,0.8141699863118051,0.044628683540267645,0
37,2,3453,346,0,0,1,7,1,1,1,362,398,0.002338396349959704,0.058873471821313306,0.8099242652980558,0.02497577631202105,0
27,2,3055,3461,0,1,1,5,0,0,2,237,487,0.04953471381254463,0.07132746219689481,0.8038021776008457,0.04335811865185522,0
24,2,2581,992,0,1,0,1,0,1,0,8,19,0.020680426451421964,0.033327493129079344,0.9777917699711836,0.009157577976188902,0
227,1,75133,484,1,1,4,22,6,1,46,406,6,0.8346404025418682,0.8610721019252945,0.011013374428374823,0.8165755979882193,1
142,1,33974,38,1,2,0,6,4,0,28,414,7,0.6969088319292394,0.5660843409508484,0.38326758632248686,0.9159405650897272,1
317,2,18942,219,0,3,3,21,6,0,18,297,38,0.5175415113691728,0.5754289081724691,0.3726646957824395,0.5067543613857811,1
416,1,86704,124,1,1,4,8,6,0,41,349,49,0.665824399548659,0.6130470188838286,0.1322871411354822,0.8929555201633378,1
175,2,74135,415,1,1,4,22,9,0,29,498,22,0.8453598946960925,0.5778314895579642,0.3650826391277742,0.9319783338662717,1
37,2,4973,1704,1,0,0,7,1,1,4,84,292,0.09194452737849663,0.051693895094117405,0.8757072094967835,0.08610119888920778,0
9,1,4406,2037,0,1,0,5,0,0,0,135,393,0.05596517144253649,0.03609060565579544,0.9858615634680339,0.048832996646726815,0
25,0,217,573,1,0,0,4,0,1,1,134,311,0.07406117038427333,0.06753635416335829,0.9896298151156084,0.004809057838564713,0
557,1,82929,422,1,3,0,12,4,1,23,472,38,0.7215206712103481,0.8562218053041564,0.39845754136168376,0.7708138570967371,1
546,2,13090,394,0,2,3,9,3,1,19,424,23,0.9616374389229863,0.549518881584214,0.375227618175325,0.9605222749391136,1
0,1,1551,1003,0,1,1,3,1,0,0,174,424,0.04288113570774141,0.05280088004989336,0.8557507198505241,0.004470352436649028,0
11,0,3088,357,0,1,1,3,1,0,2,148,185,0.07208794037554325,0.00895449339373663,0.8835519384482633,0.041627886272413775,0
48,0,4834,1589,1,2,1,7,1,0,2,123,447,0.02304916631505032,0.0047479033894226585,0.9876834403422605,0.02076766374135396,0
373,0,32031,306,1,3,3,10,9,1,33,422,7,0.546878983310684,0.6934181256425845,0.21426746451936998,0.6033775676734265,1
47,0,3311,2708,0,1,0,9,0,1,0,398,294,0.014922058589316578,0.036201854441529645,0.8668175648671207,0.02967487564949969,0
11,1,2096,2800,0,0,1,3,1,0,4,185,91,0.030792824494037432,0.0563622790382374,0.8544224502720977,0.07362961774371019,0
478,1,45243,257,0,5,3,13,5,1,43,480,44,0.9341117721649999,0.811437272913514,0.1819662331971962,0.6727091688259621,1
51,1,4903,3406,1,1,0,4,0,0,4,14,136,0.05999275589038128,0.021688521779317373,0.9734684665071703,0.07065231425961704,0
34,0,659,1807,1,0,1,4,1,0,3,356,62,0.06516072259936909,0.005647716231733002,0.8249727011926662,0.0005829144762904526,0
8,1,849,3856,0,1,1,9,0,0,4,425,497,0.06848552859838013,0.04437709850671021,0.8043901344943197,0.018691480391457117,0
40,0,2398,429,1,0,0,8,1,0,1,337,136,0.002785214816144044,0.03531879153058509,0.9715544175268914,0.03244427905854413,0
50,0,3750,2511,1,2,0,6,1,1,1,78,426,0.03787985529855103,0.03682700108413439,0.8731436815515978,0.09326016603399874,0
54,0,1221,2780,0,1,0,6,1,1,3,114,122,0.006632036957431142,0.07313683345618767,0.9164298262653788,0.0715772585271132,0
541,0,24817,456,0,1,2,6,2,0,5,388,49,0.7620612858106841,0.3055007554408695,0.36044476822045945,0.7478692668096252,1
25,2,761,1453,0,1,0,1,1,1,2,145,125,0.07230860277436099,0.006667420114520928,0.9255453386174187,0.09231615809772317,0
18,2,4228,3142,1,1,1,2,0,0,0,486,79,0.08016784609203269,0.0729469283088183,0.8667722078244129,0.007155592868685979,0
300,0,11097,214,0,6,1,18,8,0,28,417,32,0.6136695217831551,0.8758722503429666,0.04478322104051644,0.9540007701476809,1
45,1,2196,3256,1,0,0,4,0,0,4,109,246,0.004111814285119919,0.0784538299629407,0.9216140755301532,0.013467543749694355,0
2,2,2246,2218,0,2,1,6,1,1,3,140,19,0.0051761815961741675,0.05152414266721428,0.8345920773948362,0.05918056771446413,0
56,1,93545,474,1,4,2,28,3,0,34,470,18,0.9232030567645312,0.7937685636630274,0.19310492563712703,0.8674653993255939,1
24,0,1447,3441,1,1,0,2,0,0,3,342,207,0.02646462107705774,0.03104042751065783,0.8804458094819277,0.02010998753754392,0
517,2,96954,344,0,7,3,26,9,1,39,479,34,0.6120703852874012,0.566533340766534,0.11460774944030497,0.6399444319156746,1
519,2,72988,363,1,4,0,29,7,1,19,326,46,0.9124477436868271,0.5150682343550356,0.3567952224894139,0.8078799995531825,1
213,2,49648,256,1,2,2,12,7,0,5,463,19,0.7837877265451217,0.5787027809158529,0.1212124604236661,0.9371741462382439,1
438,0,92817,336,0,1,3,12,2,1,6,201,26,0.8760501895941891,0.566724822756588,0.309030608528861,0.5935836593114234,1
15,0,3899,504,1,1,1,0,1,0,2,118,335,0.031451148096393766,0.05473992989457265,0.8187750701175796,0.09085289216160125,0
160,1,38805,57,1,9,0,6,7,0,34,413,19,0.9505402121547994,0.82922730032744,0.28005591817390824,0.5703446153708112,1
302,1,67937,79,0,9,0,10,8,0,42,204,5,0.5200933715629601,0.6254599674881338,0.2990576422438511,0.9492947520527595,1
39,1,130,3982,0,1,0,0,1,1,2,297,467,0.0342403895400794,0.06199422665049123,0.8912064564795119,0.013771937984291927,0
325,2,24527,231,1,3,2,25,5,1,17,246,24,0.6283626193586842,0.37594985428313066,0.31912881523024084,0.8883320327796209,1
462,1,59481,324,1,4,4,14,2,1,44,341,49,0.6373474854892558,0.5552581456664203,0.3068528677253702,0.9739104195573187,1
16,1,4666,3767,1,1,1,7,0,1,3,79,62,0.07699823811868399,0.08877541467350031,0.9938757121072792,0.07960424195472832,0
59,2,41474,243,0,7,0,17,7,0,23,370,11,0.9848762310377175,0.47974614716426955,0.27040524145485273,0.7915002502367594,1
27,0,177,2004,0,1,0,6,1,0,2,15,370,0.03105571308596322,0.07165133649548962,0.8282017177440744,0.003210627705268965,0
37,0,7455,86,0,0,1,16,3,0,35,325,42,0.8642635798575327,0.8991367790486673,0.2502593864380886,0.8446219893583904,1
93,1,94401,84,1,0,1,19,5,0,8,210,45,0.9575677561520505,0.7100723516327134,0.11023537142618074,0.8653001067556425,1
132,1,50624,383,0,4,1,27,6,1,35,312,44,0.7119911048872988,0.6918096945475157,0.08678780554471995,0.8748515814020554,1
32,0,1516,819,1,2,1,5,0,1,3,398,98,0.0106102440146567,0.09011118297111295,0.9961369630765118,0.043529319333224126,0
3,1,4556,1673,1,0,0,9,1,1,4,238,206,0.08205706697103134,0.07262130734193518,0.9507300790345995,0.01868302234435242,0
58,0,2452,2521,1,2,1,6,0,1,1,384,358,0.04577168412803491,0.08242151521428454,0.8755992349750192,0.07664685254205944,0
45,1,4802,1949,1,1,0,6,1,1,4,482,100,0.023542056806648316,0.09583449044906837,0.9310129764381749,0.03349666672384825,0
32,0,2475,1449,0,2,1,2,0,1,4,389,202,0.09700770767284456,0.054838343980662674,0.8473544261211483,0.06205395969149472,0
421,0,75109,56,1,7,0,12,2,1,46,279,13,0.8218418148232349,0.9827201713876899,0.2357540848971565,0.7842670754992376,1
43,0,2653,1048,1,2,1,2,0,1,3,27,380,0.06340974411832016,0.04422430336974356,0.9368414027116889,0.03966265609577533,0
38,2,277,715,0,0,1,0,1,0,3,326,365,0.0425426829671945,0.01961386793058414,0.9882612367238737,0.04659059105234902,0
24,0,2209,2225,0,1,1,1,1,1,0,418,197,0.014418808484438106,0.064552824779872,0.9400963594804004,0.06729314570966927,0
18,2,2781,1511,0,1,1,5,1,1,3,280,18,0.02304702926702448,0.08719125938796854,0.8271556482016968,0.015784931760293986,0
24,0,2202,3818,1,2,0,0,1,1,2,348,373,0.04101926977975288,0.06126430420180711,0.9251405361007234,0.09415842185788012,0
338,1,28062,286,0,2,4,28,9,1,41,473,44,0.6201510222809511,0.46513390924630943,0.09805614938408264,0.700931015825323,1
56,2,2907,2727,0,2,0,6,0,0,2,11,261,0.023770876272579424,0.07683235517333938,0.9611433481512526,0.012732625998541691,0
10,1,1505,1786,1,0,0,3,1,1,4,389,372,0.080847589885968,0.03775441705191377,0.9069234281192854,0.0016729693068413766,0
12,1,3155,3311,0,2,1,8,1,0,2,230,490,0.015314165959616089,0.05196369593476883,0.8210412519961058,0.02835315015802299,0
5,1,1174,446,0,1,1,6,1,0,4,82,439,0.09209811342229506,0.03599246300932353,0.9961746074267672,0.09363628632405263,0
46,2,3876,2688,1,2,1,2,0,1,0,353,463,0.03506882238617696,0.0009452053005786555,0.8725178699424997,0.05354429323294904,0
201,2,64942,83,0,4,0,14,7,0,14,486,30,0.7447650421687083,0.768777351822228,0.278099807453602,0.81680297196835,1
51,1,1737,2190,0,0,0,9,1,0,2,122,154,0.07211447272885667,0.05130956339223413,0.8490458233413631,0.024531404740660234,0
6,0,1800,1501,1,0,1,9,1,0,4,395,27,0.026653180171948357,0.09289152715749857,0.8211129572548037,0.09029480546018065,0
48,1,1173,747,0,0,0,3,0,1,1,199,13,0.015741053551402484,0.05515336859506076,0.9783499993213438,0.03579624477770895,0
29,2,3411,858,1,0,1,0,1,1,4,47,289,0.0350921277961059,0.08642514051678475,0.8867505219166525,0.014021732123075836,0
38,0,1488,646,0,2,0,7,1,1,2,236,116,0.01987870119352414,0.05917436110805564,0.8131964892563649,0.08809983202038757,0
54,2,2801,531,1,2,1,4,1,0,4,423,460,0.011718993174794391,0.08685077463989199,0.8860207634596073,0.09703419187184831,0
44,2,4753,3619,0,1,1,3,0,0,2,13,481,0.02372094747850949,0.09436892906475733,0.8676199836473506,0.025448819915161538,0
264,0,49540,429,0,0,1,5,8,1,41,333,19,0.8952611909965295,0.36758361293082104,0.1291235949880973,0.6319127438854908,1
420,1,65283,449,0,4,4,17,9,1,23,508,16,0.5177481704898073,0.8740597789721118,0.09691867207506265,0.6788703793819366,1
17,2,1540,147,0,2,0,4,1,1,2,125,393,0.08008122223582614,0.08347139553997653,0.8145222059892651,0.03794176413683743,0
50,0,2328,3875,0,0,0,7,0,0,0,244,238,0.0034157054452887527,0.06271302183482254,0.8447301272446668,0.07353673702178001,0
241,1,41527,392,1,6,0,26,5,0,25,219,8,0.5736743163876665,0.4082832914772076,0.023786948417514654,0.7401432208961627,1
133,1,48088,29,1,8,1,17,7,0,47,401,41,0.7524444895639967,0.32125447029939735,0.024038031278645323,0.8358256989242416,1
548,0,43883,484,0,8,3,22,9,1,38,449,46,0.6099122860331959,0.43427012964934125,0.2681712205370746,0.5125062606452013,1
43,0,182,134,0,0,0,1,1,1,4,41,161,0.03823531570886766,0.0470353893857459,0.8445516209563807,0.08754040384449635,0
491,2,40824,59,0,9,2,21,8,0,10,328,45,0.7008829800173573,0.8099789422060444,0.15176244633257882,0.8818844648337327,1
30,0,793,1754,0,2,0,7,1,0,4,246,213,0.010464563978109754,0.00045474495357329393,0.9983003363851832,0.08829250779417419,0
383,1,27341,450,1,8,1,18,9,1,30,464,37,0.9551746770967553,0.8043581406609259,0.12315092453896895,0.808448604672533,1
28,1,2727,831,0,1,0,9,0,0,3,212,213,0.030075101115001848,0.012004429901609714,0.9336315676646993,0.08079513885249995,0
56,2,4297,653,0,1,0,2,0,0,4,321,297,0.018761758620585933,0.0535075450485389,0.9387987297261955,0.07695769246910883,0
360,1,92397,204,0,9,3,27,4,0,20,491,4,0.6419074326313134,0.5694590154427726,0.39832842764901694,0.947051063251784,1
120,1,60489,174,1,2,3,10,8,0,43,430,3,0.5834057497203085,0.6496814045795334,0.006722646119975462,0.6192531767823344,1
33,0,58213,443,1,9,0,22,3,1,32,384,20,0.6606796672257428,0.4616715883509805,0.21793899035248365,0.508750853763939,1
77,0,36702,263,0,9,3,15,9,0,49,455,7,0.8630327264873638,0.5362665962540598,0.12976605409891434,0.9207624557166887,1
6,2,292,449,1,1,0,9,0,0,1,293,115,0.0720378438848298,0.06605500830729558,0.8932938822646849,0.08548138785614046,0
48,2,770,3789,0,2,0,9,1,0,4,265,101,0.04801999888796502,0.04198708721969933,0.8207233495665766,0.09059555421154811,0
560,2,51699,163,1,6,1,20,5,0,11,274,4,0.592550153799628,0.39334285056472074,0.2752019745578544,0.8904117859583327,1
54,0,2288,2794,0,1,1,5,1,1,1,416,65,0.06380035171659602,0.0657664536001321,0.9589435784666291,0.06587559969079367,0
181,2,49264,425,1,5,0,28,7,1,27,243,4,0.9227776289739702,0.6339646573575146,0.2739571750215445,0.861282882104595,1
56,1,2072,678,0,0,0,2,0,1,2,319,112,0.09187956166815633,0.024316156473045983,0.988421186474365,0.05038595626310968,0
386,0,24385,481,0,8,4,8,3,0,12,312,38,0.6628470052356791,0.36343694429509255,0.22780108599780197,0.7570488312676606,1
383,0,37665,72,1,3,4,6,9,1,24,253,40,0.5106115350868332,0.7508662946457049,0.36323994668487,0.9757700735538528,1
40,0,3234,2215,0,2,0,1,0,1,0,405,89,0.03312153341398977,0.06793936751994115,0.8745103910097359,0.012185273208982229,0
393,1,29911,350,0,5,4,14,4,0,44,210,8,0.9200652722972767,0.968320105818669,0.3772891850415083,0.7486595803372555,1
40,2,735,2296,1,1,1,6,1,1,3,32,352,0.08739602998501998,0.03111082202025981,0.9620876288342588,0.05557664158493652,0
45,2,3669,1225,1,0,0,9,1,0,1,497,122,0.04456158955655218,0.00327925709952136,0.8065506299248109,0.010416566924371484,0
10,0,1326,2026,1,0,1,8,0,1,4,354,43,0.029723503205329516,0.07834476191589748,0.898285308012151,0.005441886050368195,0
26,1,3950,871,1,2,0,0,1,0,0,479,303,0.048505363050535044,0.08544141710253643,0.8347602169932842,0.05797444786459321,0
21,1,2155,993,1,0,0,7,1,1,0,389,411,0.02297007867526646,0.0021092704200882163,0.9445549917242475,0.06109180827077572,0
36,1,2446,1489,1,0,0,7,1,1,4,108,82,0.05995484620529204,0.04489414141370282,0.8121618576923109,0.03911769325784638,0
32,0,4264,1195,0,0,0,1,0,1,2,418,85,0.08161661674624936,0.0954367672154945,0.8565244110856183,0.09499841541966558,0
283,2,98794,117,1,1,2,15,3,0,25,349,10,0.8881042307518179,0.9752457382602793,0.13043691502424956,0.830308329550936,1
537,0,84197,140,0,3,3,10,8,0,43,339,9,0.8154233013989421,0.8310187125735251,0.1374004897657394,0.974284151321209,1
123,0,64085,350,1,3,3,15,5,0,9,388,37,0.7353522630210578,0.8993670852717759,0.225882366707437,0.9926644862581302,1
10,1,3427,1682,0,1,1,1,0,0,4,283,354,0.07199589197317201,0.0033034893488120055,0.8136418276274768,0.03988525516600773,0
401,1,82312,315,0,9,4,12,5,0,28,221,38,0.9155271560490957,0.917531233996908,0.005980270445431524,0.505923432214046,1
41,2,2285,1028,0,2,0,7,0,1,4,57,492,0.08876080360386805,0.0750263356605312,0.8395262259067146,0.0723880256700617,0
6,1,2948,2411,0,2,1,1,0,0,0,365,330,0.008069391088423838,0.06340525117054005,0.9845617687658132,0.05106348250941788,0
32,2,4073,3717,1,2,0,1,1,0,1,435,429,0.06194165199013111,0.07983909668263897,0.8269108131260741,0.011962515003750063,0
34,2,224,3160,0,1,0,7,1,1,2,43,455,0.006764087059553548,0.06139801740497163,0.8833671820958646,0.038556662194018924,0
45,1,2666,2963,1,0,0,2,1,0,3,80,8,0.04086386990552422,0.09664106049897918,0.9081870778709772,0.08190247337193743,0
24,2,4248,2203,0,0,0,2,1,1,4,109,36,0.06000379468331496,0.059464018036778844,0.9799727795558506,0.00218571673070167,0
33,2,4226,2117,0,1,0,4,1,1,1,2,474,0.08744916863450265,0.05174145651414516,0.9439953548304841,0.046968304578438216,0
58,2,1462,3669,1,2,1,6,1,1,1,268,106,0.03382848270572134,0.09865547408704561,0.8713818873709221,0.05732301088573304,0
46,1,3421,2725,1,0,1,8,0,1,0,402,189,0.0516048008004837,0.07096838043210828,0.8237153151855364,0.04841019213914195,0
578,2,34305,304,1,3,4,9,7,0,20,422,4,0.6533982522669486,0.757573731239467,0.35937848618075074,0.8047442716867326,1
383,2,76724,83,0,8,1,7,8,0,49,230,40,0.9165775301999463,0.48144085204993436,0.040028495852961046,0.7001115779718676,1
54,2,1426,2319,0,1,0,4,0,0,3,475,118,0.006438994432760393,0.021920668123390465,0.8013903677525892,0.02654101649942721,0
181,1,20617,225,1,2,4,6,8,1,16,348,31,0.9210493937588775,0.5425462638777614,0.3010143897675161,0.531062536278116,1
9,0,1686,3519,1,2,1,1,0,1,3,95,318,0.07742097595242467,0.03985716003641311,0.967133578989342,0.06523268280074226,0
17,2,86201,294,1,7,2,13,3,0,44,451,44,0.7691906502096677,0.5395291568273105,0.12405733173434688,0.6131838051979627,1
270,2,53407,486,1,4,3,18,9,1,42,411,5,0.6515438803220908,0.9902164336123707,0.18176191880069292,0.8442570597424788,1
289,0,72450,335,0,5,4,16,2,1,39,247,44,0.8463394234668047,0.5215107997450639,0.3976980483784228,0.7255261219389444,1
47,0,4339,3161,1,0,1,5,1,1,0,228,28,0.0945132039062838,0.02606898862442868,0.9329945608302582,0.060487221140965476,0
17,2,3666,1928,1,0,1,7,1,1,2,113,289,0.025415116362123916,0.015842514305740196,0.8836070523582699,0.015543813356723547,0
389,0,41021,78,0,7,2,16,6,0,29,308,9,0.9581201500098104,0.6159244062290203,0.36797072549816,0.615642281891548,1
25,0,649,1081,0,1,1,1,1,0,1,325,226,0.09438405104606475,0.04298564448830185,0.9239578962693171,0.02188961021106677,0
26,1,3096,2069,0,2,1,1,1,0,0,278,56,0.058920035696778894,0.07263917726908736,0.9926122422501,0.09124021544580699,0
40,1,3939,1096,1,1,1,2,1,1,1,315,274,0.018651472248396982,0.008312784936912199,0.9654542959336516,0.005235756763634903,0
108,1,45702,55,1,4,2,10,4,1,17,330,31,0.8200039035572968,0.3051400739492658,0.143420215926399,0.8428288882008181,1
130,2,72855,215,0,7,0,19,4,0,25,215,30,0.9484095019676275,0.6913382698747821,0.278147072300992,0.726525007452616,1
34,2,1178,812,0,0,1,7,1,1,0,8,434,0.06656101454625324,0.05978464708832673,0.9897047036695308,0.014078246538937257,0
22,1,17999,222,1,5,0,9,6,0,49,253,18,0.7734074486507178,0.6495166767742928,0.2927051989307452,0.8230323130595991,1
23,0,3279,1983,0,1,1,6,1,1,2,16,428,0.02443326139046098,0.021184559939834036,0.94021203012375,0.07338202928773228,0
41,1,57076,240,0,5,0,7,8,0,38,312,26,0.8653856744847281,0.4843309780769687,0.21727190122878817,0.7571335486890607,1
57,0,2081,1110,0,0,1,3,0,0,4,125,418,0.020438097948210145,0.023990812513420667,0.9630511229070582,0.06173222920818366,0
187,1,28623,216,0,2,3,27,2,0,11,396,23,0.5440621128584164,0.7812670915406705,0.21617878983025007,0.5450998079503979,1
27,2,249,915,0,1,0,1,1,0,4,74,178,0.0807249724857459,0.09173869255386209,0.8778222529085895,0.028554908427731285,0
49,2,1269,3640,0,1,1,1,1,1,3,16,239,0.03853922373495161,0.04052793288514542,0.9203071837913237,0.05363264438004385,0
20,2,461,2968,1,1,0,6,1,1,0,416,276,0.018722987812743074,0.04367476884233708,0.9158866744917722,0.016000241039923802,0
34,1,345,3009,1,2,1,8,0,1,4,209,439,0.03285969163415975,0.08112763995686095,0.8371996393972126,0.08921808306904838,0
16,0,1459,2062,1,0,0,2,1,1,2,360,297,0.03049066350268034,0.027041545349622487,0.9176786560584997,0.017277872540603312,0
453,0,93625,83,1,3,0,17,8,1,33,344,29,0.9313361817834414,0.7036526481243782,0.03739075527776188,0.8584222137575326,1
55,0,2308,2900,1,2,1,0,1,0,1,233,21,0.09124763695257383,0.09707308442411777,0.8403979309309064,0.06688084042983705,0
4,2,3405,627,0,1,0,2,1,0,2,265,308,0.00014123871371518604,0.04654900375393837,0.8876789613769858,0.07418238075664384,0
24,0,4457,1517,0,1,1,8,1,1,1,383,178,0.022800259814882786,0.05186004163984054,0.9139357222569349,0.003335012844050911,0
66,1,47353,287,1,8,1,22,6,1,37,270,42,0.705787920134277,0.529662075313969,0.0652369376706178,0.820696510148021,1
12,1,445,3962,0,2,0,1,1,1,1,118,34,0.05978853018073489,0.08284787925969524,0.8860555445440198,0.02518835917957564,0
50,1,2863,856,0,0,1,9,1,1,4,467,2,0.05754343202505799,0.09850790160008205,0.8675621409638525,0.015085591341116533,0
46,0,1916,1039,0,1,0,8,1,1,4,355,437,0.0421685754610899,0.03301876603428757,0.9930735619315739,0.05019593392187417,0
54,0,71912,69,1,3,3,23,8,1,31,399,25,0.6317555212079655,0.714699180281335,0.2607301282990708,0.9159807420571571,1
218,0,98431,113,0,7,4,9,9,0,20,333,44,0.9870683828705724,0.945702655131152,0.07031670502889024,0.5929327952454166,1
533,2,33496,393,1,8,2,6,6,0,39,349,23,0.9190761693610908,0.5827009508489742,0.18235502068928097,0.6087447197873948,1
57,2,2941,319,1,2,1,6,1,1,2,419,21,0.008829673438296826,0.021801116204478367,0.8089967845745587,0.001128379903508403,0
265,2,77795,264,1,4,0,11,2,0,17,364,42,0.8565270437418019,0.9229294495624465,0.1216231052984433,0.8469878898993028,1
30,2,4858,1420,1,2,1,8,1,1,0,391,333,0.09620394389605902,0.06749386252993443,0.8244159212385511,0.07697098238798941,0
47,1,1956,563,1,1,1,7,0,1,0,340,405,0.01892035191945809,0.07722561246618936,0.9275031226012249,0.0015134757138796973,0
592,0,58737,291,0,2,4,7,6,0,46,358,37,0.8840442968763254,0.3007065356169714,0.3081792597957473,0.5464606953380622,1
6,0,1651,3155,0,2,0,1,0,0,0,18,68,0.0823526204575288,0.01830362308329633,0.9480003031339699,0.05014529306552323,0
131,2,94815,220,0,2,0,6,8,1,8,510,48,0.5195248194649923,0.3089547200287072,0.010663275726847622,0.7569672436776693,1
292,1,44122,191,0,5,1,19,7,0,7,309,38,0.6335330039781477,0.9815703373985962,0.344489189575781,0.6234661604584602,1
557,0,29410,81,1,2,4,29,9,0,36,379,9,0.6311558968077673,0.8479509168553658,0.3897723520233564,0.533413774265268,1
58,1,4097,139,1,0,1,9,1,0,4,264,500,0.06139012102124128,0.0010452152416624229,0.975996310626303,0.02054120101631851,0
458,1,25829,216,0,3,4,6,7,1,17,353,28,0.87489004449425,0.41408107372050484,0.06240556434522837,0.6394269068587755,1
28,1,744,573,1,1,1,9,1,1,4,113,99,0.027697336169382802,0.016110279704566723,0.9135935919443826,0.07383766557905132,0
551,0,38149,243,1,9,3,16,3,1,18,451,8,0.7022680314698377,0.7315924752677658,0.24561937067772854,0.5802015883316739,1
23,1,3878,649,1,0,1,7,1,1,2,83,356,0.08723048304371021,0.08952205487269271,0.9165793086160423,0.0046980006638910115,0
50,2,1679,2194,1,2,0,8,1,0,4,53,147,0.04303641163395036,0.07032339407340113,0.9363104992051018,0.083211612985777,0
41,1,2179,3964,1,2,1,8,1,1,1,178,129,0.04095749744453872,0.04200929018990486,0.8169409417921786,0.03463502913493346,0
201,2,96284,331,1,2,3,9,8,0,16,275,33,0.5717859610525516,0.9597432997231008,0.30611048744103564,0.704993938988306,1
62,1,83897,200,0,7,3,8,7,0,27,356,17,0.7385373037294666,0.5307054239969035,0.16954991174201917,0.6194588105678782,1
66,1,69507,320,0,7,3,23,5,0,26,451,44,0.6598955271726591,0.6208361788329162,0.09898140796905075,0.5283867829661479,1
324,0,47887,102,1,7,3,5,8,1,31,497,48,0.9672615004313166,0.4078073710507317,0.1133638213457529,0.8912328189088005,1
44,2,1673,2992,0,2,1,6,0,0,2,485,409,0.09116615792341454,0.05033069763386947,0.9824728675481093,0.08081867607498511,0
38,1,4962,3483,0,1,1,9,1,0,1,288,439,0.07104252084799802,0.035512034303332364,0.9147238736014818,0.042708886942824945,0
58,1,4995,1056,0,1,1,6,0,0,3,284,386,0.02769289114137992,0.0552168064852006,0.8022347206400214,0.08779207917776843,0
15,1,4964,761,0,2,0,9,0,1,3,278,420,0.09338858487702642,0.03798458809867661,0.8662294927176192,0.026083259942528494,0
38,2,3507,2415,0,2,1,8,1,1,3,434,257,0.02661094380292041,0.01049725337323012,0.9250616377929597,0.050928303803863706,0
34,2,3585,2130,0,1,1,9,1,0,3,20,80,0.015821527567568806,0.06994201130105263,0.9039646314344175,0.08698564141027502,0
184,0,25915,195,0,4,2,29,5,0,45,461,30,0.8089968326711845,0.5377326682163045,0.2970773322426225,0.5006308617697796,1
16,0,2787,1539,1,2,0,1,0,1,3,344,108,0.03198481575327874,0.03823268208889305,0.923651188548882,0.0885692448870286,0
2,2,3019,313,0,0,0,0,0,1,1,464,373,0.05450163620948184,0.05268890820409903,0.8139145456408469,0.057781902776994555,0
414,0,74784,417,1,8,3,25,9,1,39,222,8,0.8199149573769136,0.5442743545901993,0.06730520122721768,0.7756897274978221,1
312,2,45239,180,0,3,2,29,6,0,24,320,45,0.7246738656338403,0.68093158097563,0.1752018090958301,0.6864692470845166,1
58,0,590,1151,1,1,0,1,0,0,0,407,303,0.029988775913970023,0.004219421476293928,0.8306669038156721,0.014571764383126929,0
62,1,18897,390,0,9,3,14,7,0,41,306,17,0.653465007920648,0.9813340551533658,0.04199312713952397,0.8651554196046551,1
46,2,3550,3179,0,0,1,9,0,1,1,220,411,0.00490773833685646,0.02901971219804035,0.8333057531965057,0.06930018104323753,0
573,0,8052,136,0,6,4,8,7,0,5,401,34,0.6638965455619183,0.3629105392485892,0.13388195612109768,0.6777618201686195,1
318,2,34345,370,0,0,1,21,6,1,38,364,17,0.8427057895076702,0.8260787757255887,0.1899968453990173,0.7666537527583217,1
40,1,4398,697,0,0,1,5,0,0,4,184,487,0.07922456451919524,0.053987331964749946,0.8342720447451153,0.060086786169361285,0
45,1,1054,482,0,1,0,1,0,1,2,183,168,0.013843527537019486,0.039287522131701606,0.9667090887066588,0.04751970085473113,0
35,1,1206,2864,0,2,0,8,0,1,4,327,141,0.07378985720646467,0.07490181184202553,0.8191683400107563,0.018335976647510865,0
485,0,56927,15,1,7,1,27,8,1,28,276,5,0.7613299142058076,0.8209636861616434,0.14286787851698732,0.6995821225181682,1
40,2,3336,3367,0,1,0,3,0,0,1,479,510,0.055746041331400334,0.026440816506133905,0.9879775312180648,0.0678850555848997,0
590,2,29504,425,0,1,4,19,6,0,49,259,33,0.5434633392214421,0.45539935019594735,0.014894544452304004,0.5609351818594067,1
37,2,920,402,1,2,0,1,1,1,0,341,461,0.06375112409506102,0.0021723174530953074,0.9432218373435068,0.06760985883499702,0
50,0,386,3839,0,0,0,4,0,0,3,228,298,0.0005953144249166487,0.029286619464777154,0.8719037670290167,0.014105987090493589,0
33,0,1703,1003,0,1,1,4,0,1,4,278,243,0.020861349173396517,0.09061200297635517,0.9149260349555619,0.0962654851721939,0
140,1,40772,296,1,0,1,15,3,1,12,361,26,0.7107655209588801,0.508669639544008,0.03861892790091895,0.6899968386467114,1
183,1,86034,272,0,1,1,21,8,0,29,454,15,0.635623751527084,0.626754892125551,0.008793102077202342,0.9506023275142857,1
179,0,54847,217,1,6,2,20,4,1,41,336,20,0.5086169512139351,0.8861014197205703,0.21454636353150872,0.8363479098591711,1
548,0,71617,223,0,1,1,20,3,1,32,368,10,0.8536105723780979,0.832815515315805,0.061689312271200204,0.6171271631536398,1
412,1,26366,171,1,7,0,14,9,1,26,223,45,0.5713637038611629,0.763782976710629,0.10507534331747684,0.970518652691654,1
577,2,18621,463,1,3,2,21,2,0,11,427,25,0.5039049248323102,0.48704751685293557,0.2565971348762646,0.5042911535915438,1
149,1,8642,134,1,6,4,25,2,1,33,315,20,0.8383211485155591,0.4431055631068791,0.2884808254980176,0.8168908957714348,1
393,0,73526,437,0,5,2,22,2,0,7,368,17,0.7346542012264304,0.5180268917089197,0.2954990012986433,0.82262097926977,1
31,1,2419,3889,1,0,0,8,1,0,4,417,337,0.02064338077965261,0.02651125071643914,0.9127719324056492,0.09826356393263647,0
14,2,1035,666,1,2,1,9,0,0,1,137,338,0.04293314879377618,0.06376317250921196,0.959466194619895,0.051036844044337795,0
138,2,39080,303,0,6,0,21,6,1,15,502,11,0.8243396979340165,0.41890537636747827,0.2334563016856099,0.7589403643848152,1
17,0,1547,1337,1,2,0,5,0,1,0,294,369,0.0764588336173779,0.05512474815693811,0.8171482398782001,0.07009691354796659,0
38,1,3556,3780,0,2,1,9,1,1,0,434,148,0.08164839821445224,0.078861919787933,0.8879538633357468,0.04370074058901662,0
0,1,648,2904,1,2,0,5,1,1,2,205,298,0.0015214717426955127,0.09977373538155192,0.8910125513591789,0.03843856037363777,0
287,2,33770,106,0,0,1,25,3,0,9,385,10,0.9326568754533204,0.9532757770391629,0.09435922018164195,0.5442221860624341,1
28,0,479,1321,0,2,0,3,0,0,3,296,38,0.06430382252087388,0.07640090375847255,0.9609862537540818,0.05177588050443718,0
18,1,2387,1183,1,2,0,7,0,1,2,209,508,0.0779357714519841,0.01110793326706061,0.9448472085627385,0.08371854056173873,0
568,1,26204,338,0,9,4,7,6,0,18,474,16,0.8442534779519308,0.9809417432120926,0.23411282919380139,0.8421264955539558,1
3,1,3840,1796,1,0,1,7,0,1,0,492,80,0.02120678730078677,0.06368899219870745,0.9648523470767089,0.05144063432090471,0
250,2,35779,171,1,2,2,8,7,1,14,277,29,0.6197326519564963,0.9102091741508544,0.02452054100426415,0.6271608870396626,1
15,1,3106,429,1,2,1,1,1,1,1,145,507,0.024998992965781064,0.09701399917725004,0.9038962764987866,0.08910716402791255,0
291,1,10397,239,1,9,3,24,4,0,11,314,37,0.6596875482603461,0.4398269311955489,0.004388131448567823,0.8854969354338595,1
12,0,246,159,1,0,0,9,0,1,1,1,154,0.04562338457421009,0.07087124930674264,0.9282862829264535,0.027738700445143916,0
8,0,2972,3348,0,2,0,7,1,0,1,398,510,0.09176228320811174,0.04986313344032244,0.9881538891334904,0.014159284954427665,0
135,1,67207,368,0,7,2,10,8,0,21,469,30,0.5477434670898124,0.43608162233981473,0.2596090812879525,0.9478963910689089,1
54,0,3589,1798,0,0,0,5,0,1,3,261,90,0.08167922359448654,0.07782465030007936,0.8093083061196386,0.027583388156480315,0
9,1,855,3921,1,1,0,6,0,1,3,261,371,0.060034288348038325,0.038531248583803426,0.9411112159818205,0.025095907125506592,0
1,2,4282,3273,1,0,0,2,1,1,1,293,334,0.04265669286537124,0.03616769449682209,0.9177213807739681,0.029357387907478428,0
36,1,4892,1806,0,2,1,2,0,0,1,119,350,0.07340866273984559,0.07729410103345417,0.8331371625908889,0.01706485140200543,0
138,2,55665,65,0,3,3,26,8,0,21,251,32,0.8458630352262908,0.35836881335369036,0.3976326775717061,0.9294429706765488,1
599,0,58292,370,0,7,4,24,4,0,23,242,40,0.7753063139759557,0.5054116711693483,0.2948472151361498,0.9873718440999646,1
0,2,594,833,1,0,0,0,0,0,0,455,196,0.0931814486043558,0.0772252945107343,0.9265725055669519,0.03773945933302578,0
94,0,13822,475,1,9,1,28,7,1,31,206,17,0.9014279867724285,0.3794188277515809,0.20672377336398307,0.9056602611768905,1
25,2,810,3665,0,2,1,3,0,0,4,93,395,0.09562860967060902,0.010862138724468551,0.9919688856749784,0.09734440339362822,0
31,1,1298,1795,1,1,0,8,1,1,4,31,138,0.09565795295312901,0.004063201151315821,0.8419754797887486,0.0014666393303226389,0
34,2,4623,3100,1,0,1,7,1,1,1,252,321,0.0979033702182294,0.005285838356619388,0.9459357699500142,0.015883481316566982,0
26,1,29939,196,1,6,2,7,3,0,15,378,13,0.9122118470531594,0.41886172942082245,0.17644571093134737,0.5578516983037598,1
1,2,1486,268,0,0,1,2,1,0,4,399,172,0.0790144356111975,0.037722874846220604,0.8029876794632808,0.0013777914187126927,0
42,0,4258,324,1,2,1,2,0,1,4,262,242,0.041950234381821286,0.017773619131741004,0.8320128822647083,0.0931819002144043,0
39,2,1150,1353,0,2,1,3,0,1,3,184,406,0.04727237538783359,0.08117150993249407,0.8956055797295985,0.06652425283094617,0
465,1,98704,191,0,4,3,20,6,0,18,301,24,0.7898757160950994,0.3780378326061005,0.20110472424232007,0.5302989170454826,1
24,0,4951,2912,0,0,0,8,1,0,0,508,55,0.03371643330781471,0.059282338961545215,0.8589847696611532,0.03597176302254445,0
176,1,40466,400,1,0,0,26,8,1,9,505,39,0.9827343592756201,0.8760904997143597,0.2741388146579135,0.7581566300123724,1
16,2,2734,1370,1,2,1,1,0,0,1,172,57,0.04904507360035068,0.026047102875230623,0.8502333550167352,0.0017185925392267155,0
8,1,780,745,1,0,0,4,1,0,0,355,154,0.06422625968137279,0.022027411013681553,0.9005611006116497,0.046140731146754835,0
54,1,4314,3267,0,1,1,7,1,0,2,3,234,0.08190881651328065,0.08421322660363867,0.9915114196574885,0.037910581277079275,0
1,2,3325,556,1,2,1,6,1,0,0,183,183,0.06397499276857341,0.07638888353687888,0.9039883936018474,0.08802787425208221,0
55,0,3529,3354,0,0,1,0,1,0,4,426,322,0.04755760816511717,0.07716821599304712,0.8743402237176787,0.006570482491539265,0
58,0,1701,2240,0,0,1,4,0,0,3,164,397,0.043880157581208945,0.03209119391372065,0.9174809737110786,0.0014587907740918338,0
32,0,2249,604,0,0,1,6,0,1,0,136,488,0.08954022625942132,0.00865961475370235,0.9119707801483405,0.03726798144841057,0
54,0,756,3588,1,1,1,4,0,1,3,278,453,0.07810275835867574,0.0029176756950691886,0.9121729644298052,0.0414318509366611,0
45,1,2819,2862,0,1,0,9,1,0,1,418,174,0.09233944617888293,0.0649379307614472,0.8799537216200001,0.027459546108165103,0
55,0,1310,860,0,1,0,2,0,0,2,18,362,0.09787261490448633,0.026677959957343747,0.9048555220458885,0.02942401387730467,0
566,1,41115,108,1,3,0,12,2,1,49,500,12,0.5747083688738968,0.6464529661722697,0.04391453855674757,0.5635246302298533,1
26,0,3457,497,1,0,1,2,0,1,2,433,272,0.06924340843100016,0.03212510645088921,0.923006671131456,0.08575821227903989,0
46,0,472,139,1,2,1,5,0,0,3,453,175,0.08443650029928225,0.06590826512183856,0.8046265452412594,0.0071126125459143215,0
313,1,47392,126,0,6,1,26,9,1,5,442,21,0.964461051450477,0.6668150825746413,0.30514716360775035,0.5296705296355899,1
527,0,90551,100,1,0,2,7,3,0,18,221,42,0.8203532268543181,0.614197299247471,0.0773934553011913,0.8759667791451241,1
553,0,8733,138,1,8,1,14,3,0,6,239,6,0.6781931493653901,0.39875499047512075,0.05319402904411468,0.7425590481305806,1
27,0,4948,2651,1,0,0,3,0,0,4,213,481,0.07522576542076449,0.07933180458135015,0.9856029054254007,0.0020950784931630605,0
14,0,3749,3701,0,2,1,9,1,0,0,386,394,0.00040963695278866123,0.03128088551159602,0.9018406075481273,0.023437124383717103,0
26,1,247,468,0,1,1,0,1,0,4,455,281,0.02494613655940632,0.02430925185093672,0.8299524798489195,0.0717868674109023,0
286,2,32639,356,1,3,0,17,9,1,37,242,14,0.8711923741041306,0.5129642948074769,0.18476614217666817,0.5632931871984055,1
7,1,3811,2957,1,1,1,1,1,1,1,358,507,0.07943703208565303,0.021215486017573407,0.9269837754468847,0.06103260238044968,0
347,1,77290,110,1,8,4,26,9,1,7,222,16,0.892718586348046,0.6166609146374074,0.3663557647732418,0.5300976361222082,1
5,2,4955,2004,1,1,0,0,0,1,4,25,331,0.050983184421961404,0.0777657567494499,0.9279231029885852,0.0633827118027082,0
2,0,1737,807,1,1,1,1,0,1,4,297,428,0.002455599887579252,0.0033140100470409276,0.803111076245602,0.02038004976119393,0
23,0,3889,1339,0,2,1,3,1,0,3,435,409,0.022103140168414227,0.04452716944258749,0.8416670902622336,0.08798913313911637,0
55,1,39500,450,0,0,0,12,4,1,31,436,19,0.5420360779921177,0.6767664678810551,0.39496209790350373,0.7513100862023541,1
27,2,4532,1366,0,0,0,0,0,0,3,497,96,2.929218249128063e-05,0.06802418233218625,0.9210265933619626,0.05032896798604204,0
196,1,81473,364,1,7,1,26,7,0,9,439,11,0.8743326748594944,0.35412392323743846,0.34734630526179444,0.7689312174164478,1
42,0,1632,276,0,2,1,9,1,0,1,498,277,0.08449347694783975,0.02900336944884954,0.9866884656805158,0.03968021082719186,0
55,2,611,2025,1,0,1,2,1,0,3,112,62,0.031222417246677972,0.009940594702402451,0.8528927841610057,0.0008448381515933634,0
348,2,88664,149,1,1,4,19,6,1,31,254,22,0.6400421111513719,0.9375297390936401,0.04151358634663822,0.7374625328087123,1
53,2,4188,1767,1,1,0,0,1,1,1,301,144,0.09590869588706773,0.01621072705303438,0.8744365422182493,0.09846771489512712,0
190,2,9622,416,0,0,1,13,7,0,26,493,8,0.8883816176986659,0.8467851107630753,0.311606298975569,0.8979175925164659,1
584,0,36594,35,0,8,4,24,9,1,15,471,29,0.9022666306309088,0.5186051204431112,0.38149213467475485,0.8251691749177043,1
35,2,3169,1368,0,0,1,5,0,1,1,494,510,0.09418790198772953,0.00022995718348346462,0.9943679091068816,0.00983826958534817,0
11,1,3995,2972,0,2,0,2,1,1,1,238,207,0.011689683853528844,0.06096472029964441,0.8257103092667314,0.05387973248387319,0
57,2,455,2543,0,0,1,4,1,1,2,175,246,0.002329716320756892,0.0794404188540422,0.9433212991244544,0.06015687213678658,0
55,2,848,445,0,1,0,9,0,1,1,487,466,0.03549837587494597,0.042928445510069795,0.8332032991042965,0.05337758719094581,0
5,0,192,1305,1,0,1,5,1,1,2,427,269,0.0013018503152552041,0.0757492891655783,0.8513767718681361,0.0493252948114056,0
12,0,1178,2858,0,1,0,4,1,0,0,350,232,0.05563190270838873,0.09693754345623756,0.9933778846317212,0.08442599218151482,0
361,0,29297,111,0,9,3,6,9,1,30,433,29,0.583191014131222,0.4042376699017307,0.1571820456195243,0.960907253867461,1
234,2,37524,409,1,4,2,8,3,1,17,414,48,0.6650113834461504,0.3928339297481476,0.07645013853232921,0.7736457266831209,1
31,1,2274,2527,1,0,1,3,0,1,1,406,484,0.08706405934280971,0.04041462757002884,0.825922689575646,0.013474427066316276,0
4,0,1636,1641,0,0,0,2,0,0,2,264,371,0.0841128886394696,0.09017673533229759,0.9363178615425206,0.046324282737068005,0
24,2,4687,3716,1,1,1,3,0,1,0,3,91,0.03313105289787099,0.00884295143432815,0.9464193369210087,0.031151090752526034,0
11,1,2059,2421,1,1,1,5,1,0,2,159,448,0.06474533076906853,0.062023881061708155,0.9205670346397967,0.08050971109278392,0
42,0,3634,2527,0,1,0,2,0,1,1,444,412,0.0032832121708286535,0.017344939508777937,0.9755687054544071,0.041867318794446065,0
37,0,4246,1159,1,1,1,2,0,0,3,255,397,0.05218819306638737,0.06327095764814036,0.8925412753797373,0.05238406140648755,0
51,2,1087,2625,0,1,0,4,0,0,1,402,183,0.05249153123806438,0.0039074732187123875,0.849478394675722,0.08477990787291212,0
510,1,99591,422,1,3,1,19,6,1,47,234,25,0.6059269027164125,0.5584677481080627,0.17555671547464802,0.683322451180097,1
2,2,3420,3139,1,0,0,3,1,1,3,225,234,0.07256530157515804,0.07873694128638864,0.8127455271453413,0.0407716250279923,0
531,2,52127,455,0,3,3,23,7,0,7,305,17,0.531237026199695,0.4293263548886991,0.09816321370375523,0.869291597320742,1
32,1,2257,1745,1,2,1,2,0,0,4,7,382,0.00942215246336472,0.0938181424741487,0.905312165121143,0.012732934217368952,0
46,0,3182,1006,0,0,1,2,1,1,4,132,308,0.005235366752392412,0.019040829768287238,0.8992862375616454,0.06639995383365642,0
33,2,3619,697,1,0,1,7,1,1,3,370,449,0.0005279020955689995,0.012408599705780777,0.9880327335958494,0.03554996655390476,0
59,0,1607,1717,1,0,1,4,0,0,4,75,404,0.06403873792637772,0.02003361907778585,0.868093688351261,0.05919257539778845,0
30,0,2320,3810,0,0,1,0,1,1,1,400,499,0.07728795577272927,0.053894318729904814,0.9037083363192603,0.06147978816760365,0
32,1,4095,1815,0,0,1,0,1,0,2,130,36,0.03245726945417158,0.09529477004377454,0.8247707872282749,0.03768309532393487,0
175,0,25960,464,1,7,3,10,9,0,23,386,32,0.7913816656761372,0.33151430815425953,0.20824721034416266,0.5498138026739043,1
514,0,28861,392,1,8,4,15,8,0,13,246,37,0.9585717107329494,0.5926755609919762,0.3465573902609298,0.9616227220612852,1
12,0,4280,1825,1,0,1,5,1,0,3,441,430,0.09003115951320873,0.055652154571404246,0.8097823179034154,0.051929500558436315,0
33,0,3789,2587,0,2,0,4,1,0,0,49,327,0.02108114913371656,0.019207952789276263,0.8100710684918023,0.08505575438051652,0
267,1,8062,180,1,1,2,5,7,1,21,287,8,0.613467656463756,0.8310589606662999,0.13923505926955407,0.5228820417637734,1
39,2,1142,493,1,0,0,0,1,0,0,236,25,0.09807730037062759,0.033356447693392854,0.8041479057800865,0.015551214631035638,0
331,0,85196,17,1,6,4,7,5,1,20,378,31,0.8040106315542507,0.9148233591189592,0.3375415626141057,0.6494994718153662,1
13,0,3761,1356,1,2,1,2,1,1,3,259,344,0.04923890534881347,0.08490557526582135,0.8467139876744942,0.015950664504034897,0
467,2,50441,437,0,2,1,25,8,1,24,401,3,0.5793763920008896,0.38129930057545336,0.3486039433265154,0.627104458718462,1
58,0,3942,2972,0,1,1,4,0,0,1,482,113,0.07293540835945105,0.09838279591054995,0.8971186585591642,0.05378135706371126,0
48,1,4303,2107,0,2,0,5,1,1,2,172,460,0.01908536535714407,0.04854272192169817,0.8377471945239776,0.021988154071699496,0
408,2,16815,69,0,5,1,22,9,1,9,373,5,0.6785177762710907,0.48866511900730625,0.03881328298077933,0.9786240605320933,1
50,0,1055,2819,1,2,1,3,1,1,1,347,479,0.04062672654902636,0.09873824226476845,0.9700003626083046,0.001437783398440884,0
37,1,4559,3429,0,2,0,3,0,0,0,241,268,0.08174190976257856,0.08392723664020782,0.9760460065388514,0.021031183450568237,0
40,0,1617,277,1,0,0,3,1,0,4,455,129,0.010811364603720841,0.08323989527345078,0.9788963209681476,0.021824645057863704,0
36,1,3613,1261,1,1,0,3,1,1,3,163,328,0.06462699822537848,0.023518394855297553,0.8494681034797468,0.044306448322335504,0
42,0,4622,2700,1,0,0,5,0,0,3,166,213,0.04036731099900164,0.0683668841820787,0.9287753761478641,0.037401454356558415,0
377,2,74049,426,0,2,0,15,4,1,5,451,31,0.5430677189805038,0.982243217453628,0.3037436439744556,0.9695854151800052,1
263,2,55036,74,0,7,2,26,4,0,17,325,7,0.534122054261331,0.9628059569576628,0.142522880399204,0.7866697463057676,1
151,2,11565,215,0,8,0,11,3,0,42,283,32,0.8948881108717569,0.38877206799136216,0.04126450118719904,0.930912693394425,1
558,2,8119,319,1,8,2,8,2,0,12,276,47,0.8368520140571734,0.9841837887807194,0.014488933985043185,0.5552843223444803,1
35,1,525,1206,0,1,1,5,0,1,1,195,271,0.07774444947807967,0.005192293149027006,0.8528057052215468,0.058523999769252155,0
556,2,83758,333,0,0,1,7,4,1,39,414,24,0.7581968309491938,0.6947352990835653,0.023297260190455395,0.7105941966864816,1
14,0,3308,1569,0,2,0,5,1,0,3,440,229,0.03941794681349262,0.05549837921807014,0.8095683292058043,0.021362247587161876,0
181,0,90196,94,0,6,0,27,7,0,26,351,10,0.8591419836038039,0.7558032870746632,0.05745273930388879,0.5324533785742369,1
322,1,42135,341,0,8,4,11,6,0,7,364,7,0.7197857449433069,0.5276389114489498,0.2281056032976316,0.98223444552534,1
31,0,2376,3324,1,2,1,6,0,0,3,460,305,0.019484128382638577,0.0675292681943378,0.9541245107737039,0.09767019166390936,0
27,1,1715,473,0,2,0,0,0,1,2,468,307,0.0757399458259638,0.07248874993286175,0.8986309265682906,0.025023434141198987,0
50,1,2766,3997,0,0,0,9,0,1,2,142,374,0.03862328511121689,0.06706902380016286,0.9281045770102775,0.06139503318657285,0
5,0,1993,1509,1,0,1,7,0,1,3,340,386,0.0003046752970858879,0.07536788472226202,0.8883875200835455,0.01893377952271036,0
25,1,458,2759,0,1,0,8,1,0,2,274,300,0.03504470714389834,0.07353120318804314,0.9206382064879944,0.03510188281438074,0
16,1,4020,704,0,2,0,1,0,0,4,40,133,0.07117175161853959,0.0754569123079129,0.8695228298436153,0.01582881854233742,0
31,1,2578,2932,0,0,0,5,1,1,1,12,85,0.028167391296107458,0.03842141243871755,0.9083011728287688,0.09007195386610772,0
414,2,45747,406,0,4,3,15,6,0,31,444,13,0.976906291140492,0.5418820517854968,0.33478728396286517,0.6389860516926316,1
12,2,2593,556,0,1,1,5,0,0,3,55,481,0.06978703420702284,0.03222289536308533,0.8684482031929932,0.0673588037521129,0
455,1,48355,486,0,0,2,17,4,1,20,379,48,0.9232995492371242,0.8218196960976429,0.3755974537853892,0.9881828818231477,1
54,0,1440,3249,1,0,1,6,0,0,4,478,242,0.009913926525147188,0.027466585960941148,0.8372088725921188,0.09362922638523487,0
127,1,72187,153,0,4,4,28,8,0,27,453,20,0.7186677479500077,0.7495750314789908,0.37438910219649785,0.9637013814692729,1
36,2,4043,222,0,2,1,8,1,1,3,157,59,0.07311096664942628,0.04517310202750357,0.9226376626761053,0.05060913439420335,0
304,2,93593,212,0,8,2,24,6,1,42,385,9,0.8772397233360006,0.5524851607803635,0.06920344953441969,0.6090601613122096,1
554,0,22467,365,1,9,1,29,4,1,40,349,37,0.7595370660713269,0.9878720420131788,0.06642422408885951,0.8652522796238398,1
395,0,32645,446,1,2,2,29,4,1,11,358,31,0.9138205716709884,0.4604503688919812,0.28818136098151953,0.8333175947668048,1
469,1,19545,340,0,8,3,6,9,1,27,230,5,0.680773609807779,0.5560749929047479,0.24058018430797265,0.6423270646529695,1
23,2,989,1397,0,0,1,5,1,1,2,442,397,0.03787621482452719,0.005400070471591501,0.9399123210315997,0.003435025645952694,0
259,0,89870,113,1,7,4,16,3,0,18,430,39,0.7632436497075332,0.6023628006530651,0.3355601358351896,0.9579742656672723,1
55,0,2144,1009,1,0,1,3,0,1,3,100,222,0.025836341087118145,0.09897709847863015,0.8316855911584355,0.04699618719574447,0
37,1,1503,1089,1,1,1,4,0,1,3,245,460,0.028174006841313937,0.07238110943377715,0.9311847741451073,0.027730399378303395,0
48,1,458,3654,1,2,0,0,1,0,1,128,17,0.00723433889918218,0.08518260061370103,0.9884305094037557,0.012452044900683879,0
42,0,2937,2688,1,2,0,5,0,1,1,201,376,0.06936508973210471,0.06653658613029172,0.9955577358920166,0.011425261497651197,0
29,0,1286,3436,0,0,1,2,0,1,2,58,192,0.09568941262017452,0.08008695121758835,0.8608045442429009,0.036792607888582705,0
52,2,3095,1358,0,2,0,7,0,0,4,27,28,0.02831284049916425,0.07414028712082661,0.8632102082387967,0.07203128538169913,0
17,0,457,1026,1,0,0,4,0,1,4,307,174,0.048833701720064064,0.005953510888428349,0.9766545703568086,0.026075957934196894,0
26,2,3617,3288,1,0,1,6,0,0,0,425,368,0.04825875703895702,0.06082385377483514,0.9179744225100447,0.0694553559774293,0
20,0,3797,1308,1,2,1,5,1,1,2,480,416,0.023707195249220547,0.052697831766780605,0.8618874652150826,0.05487727787046412,0
31,1,1483,3614,0,1,0,4,0,0,0,109,33,0.03177642901667823,0.08617898580254786,0.8097034376711936,0.09111601074888463,0
34,2,2238,2133,1,1,0,8,1,0,2,313,74,0.04037985089607691,0.09812720422786743,0.8278874176719807,0.05577891901639889,0
33,1,1253,2261,0,0,1,7,0,0,1,196,304,0.07687371501956883,0.0010092931495056412,0.9653579818645028,0.0035157874487586117,0
146,1,97956,106,1,2,1,20,3,0,40,372,38,0.8449341600603004,0.84251491956538,0.36482447746298646,0.9790211397353166,1
340,1,77124,7,1,2,1,20,5,0,39,268,11,0.7945691857300066,0.5037959756482315,0.3243069483067152,0.8167568281689681,1
42,2,2175,391,1,1,1,7,0,0,2,452,334,0.006860981772029384,0.09735818101140807,0.9948385893132664,0.059615502937977495,0
32,2,4600,924,1,1,0,2,1,1,2,40,250,0.026412453663562086,0.06287280563447788,0.8185320907072449,0.06906714327254601,0
540,0,11632,466,1,4,2,7,2,1,17,435,21,0.8973629299513978,0.7974748780690899,0.016622530278361494,0.6191560006888994,1
21,1,4558,2665,0,2,1,9,0,0,0,434,380,0.06210876502288179,0.02465834250672072,0.9218051880796284,0.05193865039718747,0
33,1,4545,2388,1,2,1,7,1,1,2,285,464,0.010950621941550288,0.04346984130535088,0.8377937099483863,0.07820527871913607,0
36,1,1910,1687,0,1,1,6,0,1,3,219,47,0.03703745371585304,0.03201644383265517,0.956788704548513,0.08930263385812548,0
31,2,841,312,0,0,0,6,0,1,2,432,41,0.06709763524111559,0.045660459018404764,0.987009658500742,0.010571196979431508,0
425,2,84653,465,1,9,1,6,8,0,13,205,28,0.7443395650019953,0.412881513293755,0.052782684428338736,0.9741665563887429,1
35,2,2780,1419,0,0,1,1,1,1,2,443,168,0.06499580902226491,0.038792060954874766,0.8111059123720468,0.08069791548687717,0
191,2,77360,404,0,4,4,5,7,0,30,323,27,0.7930307546990254,0.4307521020365035,0.33374285435222834,0.8188220247712367,1
6,0,973,1943,0,0,0,9,1,0,1,78,263,0.04387630746394203,0.03426426375909799,0.9388928702241606,0.006912242918397083,0
57,1,2762,1617,0,1,0,6,1,0,1,130,55,0.07041896847082146,0.020008975645313877,0.8070694974403996,0.06099702054055944,0
51,0,4101,949,1,0,0,3,0,0,2,291,113,0.013199846000598238,0.06838384923536699,0.8766981245215106,0.034435376433337064,0
17,0,2273,2652,1,2,0,6,0,0,3,113,147,0.05396799104493077,0.011878869021031357,0.8224930053064945,0.09183256673670132,0
4,1,2864,3208,1,0,0,9,0,1,1,205,290,0.02008802119037837,0.007823105909188189,0.9604029955386599,0.0704392923225294,0
452,0,76163,94,0,8,2,17,7,1,40,355,36,0.8117375228276684,0.6023513363902286,0.10009970509350802,0.9613925920138323,1
22,0,3296,2560,1,0,0,2,0,1,1,385,449,0.06501851993537575,0.0434097117841732,0.9503209957025118,0.05809611445208185,0
2,1,2388,3448,1,1,1,1,1,1,3,168,77,0.06895077229722929,0.09366403909244768,0.978475607356211,0.02314482970580971,0
24,2,1860,3797,1,2,1,2,1,1,2,114,402,0.0776044156830853,0.034186055624808885,0.9469992167865087,0.03712475339219875,0
11,0,1487,2043,1,0,1,8,1,1,0,145,313,0.07134159437120147,0.031126307635501727,0.8827796680037253,0.07449853759787764,0
28,0,4728,857,1,2,1,5,0,1,1,234,441,0.05661051207231574,0.09940564377993397,0.9425829720126244,0.02308117999756011,0
36,2,732,2049,0,0,0,2,0,0,0,359,117,0.04535833956822985,0.03860896175103047,0.8542120296171742,0.08696088748523045,0
44,2,1751,3914,0,0,0,5,0,0,3,110,204,0.014478762776088595,0.04363066918647264,0.9788687204720686,0.011484656707737673,0
17,1,4751,2996,1,1,0,6,1,0,4,78,350,0.08722284940547849,0.0349976966005171,0.8826463666858096,0.07780384635750057,0
566,1,99788,310,0,6,2,29,6,0,49,430,37,0.6996701018267788,0.4302338155404984,0.3446075228028613,0.7622484171977555,1
44,1,3192,2366,0,2,0,7,0,0,2,243,405,0.015325254784920295,0.008087462101852438,0.9363127154050161,0.02192369085628575,0
447,0,85608,148,1,0,4,14,3,0,20,348,35,0.5952740646335399,0.5380228745820463,0.23662525321674388,0.670281581563211,1
545,1,69645,435,0,1,0,6,4,0,19,430,38,0.9814310110854939,0.7084475716744963,0.35640895535549955,0.9682085349409423,1
44,0,2250,1464,1,0,0,8,0,1,0,216,415,0.09001737694387923,0.02930403259685036,0.9639705399942452,0.05181810521299112,0
55,2,3266,3025,1,1,1,5,1,1,3,261,258,0.04090044187934641,0.010866685238325924,0.8133093462907169,0.004480647447643693,0
191,2,85644,130,1,0,4,19,6,1,31,447,46,0.6732542011804395,0.5162324977737005,0.04391811663378147,0.8931625431324637,1
25,2,612,528,1,0,1,9,1,1,3,427,346,0.01877342634901784,0.07049274282288524,0.8430013259263179,0.06827225777580424,0
18,1,4389,1715,1,0,0,3,1,1,1,286,368,0.06751662952455648,0.08727881468358373,0.8482076164526358,0.05617062692972211,0
20,2,82989,35,0,2,1,27,6,0,44,459,9,0.9132255728621179,0.3869651729768858,0.12064278595019401,0.7656120662283626,1
29,0,777,1200,0,2,1,3,1,1,4,306,135,0.05112070126556567,0.0878969393484121,0.9782794012263918,0.03945575585430519,0
77,0,11584,74,1,1,4,26,3,1,47,405,9,0.6934961894653735,0.9089873725452438,0.24116062527298904,0.604602963561536,1
42,2,2684,3358,0,0,1,1,1,0,4,279,199,0.08805880266982273,0.03491418782150984,0.8056451618215178,0.09175823704296829,0
262,1,89098,240,1,8,3,7,8,1,9,209,27,0.7489236834706092,0.632053374628488,0.14644334396601205,0.8281439587093258,1
55,1,4528,1184,1,2,1,7,1,1,2,140,290,0.04022202260481153,0.020793713111670012,0.9479359129379005,0.07001244808996823,0
49,0,1999,3492,1,1,0,4,0,1,3,83,462,0.07354895215326968,0.005067017689950793,0.899622337258566,0.08001755353878356,0
37,0,14068,282,0,6,1,23,6,1,21,413,48,0.9150868987816202,0.6011670340318533,0.3928297316727461,0.8738179398957351,1
44,0,3077,3244,1,2,1,8,0,1,4,443,181,0.008840071771311386,0.026612273672910393,0.8821174592565652,0.08995711696602524,0
352,1,74679,444,1,5,2,8,5,1,30,367,5,0.8103360510775381,0.9977223557160215,0.12237028910941534,0.5121787562362987,1
8,2,2620,264,1,2,1,8,0,1,0,325,245,0.048203538731331645,0.016639970095773428,0.8772451156036649,0.05384915250436417,0
275,1,32656,365,1,5,1,12,3,0,25,298,26,0.5204304362659244,0.7161003289759151,0.05434043746980675,0.647547977229334,1
27,2,2787,61,0,0,1,3,0,0,2,98,138,0.06348123344361918,0.027514736040588284,0.8189313429563458,0.03347084997408186,0
18,2,1144,295,0,0,1,9,0,1,2,488,109,0.02350856636004627,0.02254551692915955,0.877583961698608,0.027636043565142168,0
278,0,45205,93,0,3,2,12,2,1,39,328,8,0.6261973752533184,0.5078969981524284,0.35569605463667936,0.5459340145591514,1
32,0,1545,2655,0,2,1,2,1,1,1,478,122,0.06469999109014543,0.04426333068943186,0.8248196023284334,0.06702449154334354,0
36,1,4125,879,0,1,1,0,1,0,3,185,204,0.07407008758068273,0.030206888672243384,0.9587418226798147,0.0757183866357018,0
13,1,2912,299,0,0,0,6,1,1,3,483,310,0.01874002246540919,0.05939531029652596,0.8297328290896429,0.05889600747634297,0
42,0,2762,643,0,2,0,0,1,1,0,393,218,0.02013377985187418,0.04374299937818643,0.9308547927416608,0.08601170154532344,0
36,2,4307,583,1,1,0,9,0,0,4,244,451,0.005750454825193075,0.01401182443155935,0.9104727146786581,0.09748264081345089,0
18,0,2940,1552,0,1,1,5,0,1,3,475,270,0.012167977896634131,0.055533576971204285,0.999228742692243,0.019633486804619207,0
412,1,92188,256,0,5,2,22,4,1,19,334,10,0.6339719783139444,0.752614762097858,0.28893377534562886,0.8394720914479716,1
31,2,4821,3846,0,0,0,7,1,1,2,260,171,0.037209191580887625,0.08716637524796744,0.9230568452931774,0.09590903366514864,0
14,2,2698,3820,1,2,1,3,0,1,4,324,432,0.08958131888170179,0.05863322269513203,0.9389528126823345,0.06629677810079393,0
27,1,834,2449,1,0,0,0,1,0,4,28,39,0.026770000177164768,0.06804369386306056,0.8920935871276743,0.07727618398394509,0
142,2,11981,276,0,5,1,24,6,0,20,484,42,0.7326531306297315,0.5075614511151416,0.1647711321582056,0.6835597743892079,1
22,2,3001,546,1,1,1,3,1,1,4,505,462,0.01610524094220972,0.027374999999678587,0.8998215469373326,0.0639487275246714,0
210,2,26136,149,0,4,4,26,2,0,20,222,9,0.8212695102780403,0.5803141127074587,0.08711217889970464,0.5858643938894155,1
368,1,65739,338,0,9,3,15,2,0,44,317,11,0.8875208789325,0.3293183735891045,0.002332736115319056,0.9326880965944884,1
11,1,45431,142,1,1,3,20,4,1,9,416,31,0.7830596404519925,0.9562628235460842,0.059430369092413615,0.5913672384255683,1
59,0,2407,1680,1,2,0,3,1,0,3,227,469,0.07345300852272553,0.06469350515548318,0.9183805662079159,0.05070366637838519,0
36,1,14390,68,0,3,2,8,7,1,29,405,28,0.9369316033348614,0.6413554077384422,0.009332076843743842,0.7945769069742394,1
517,0,86746,180,1,6,1,6,9,1,45,267,43,0.6406789134101601,0.5955436246238666,0.38935679113660565,0.502427639833966,1
44,0,2609,857,1,2,1,4,0,0,4,420,495,0.07581663674604794,0.077401620531732,0.9596262324113776,0.0611925777439445,0
55,1,3715,2547,0,0,1,6,1,1,1,378,508,0.0026599051874856452,0.07323383725357016,0.864605880537646,0.04115954108978379,0
12,2,13440,481,0,2,0,18,6,1,20,377,16,0.9246530312435012,0.976314130047998,0.20782042118208022,0.6556245726020167,1
28,0,1324,198,1,1,1,4,0,1,4,215,126,0.009293410589470853,0.0831128490901458,0.9474489000091055,0.05019130277122226,0
23,2,1121,463,0,0,1,2,1,1,1,69,270,0.044628123890043093,0.07577072048279465,0.9672440128085066,0.07679787242241057,0
38,2,4286,1193,0,2,0,1,0,0,0,3,458,0.03627786999691487,0.0024503790424069472,0.9694125298499365,0.04163453826897562,0
51,0,2921,224,0,2,0,5,1,0,3,480,448,0.02410102998346099,0.07431756970907931,0.9052620377795233,0.04470688541127982,0
35,2,1093,1641,1,1,0,3,0,0,2,61,391,0.03830588805377806,0.03266337129212395,0.927140867103794,0.053075367118350925,0
21,0,4869,2311,1,0,1,6,0,0,4,424,358,0.06574188452491182,0.054740937807290474,0.9951312724350996,0.01810723339287017,0
49,2,2506,672,0,2,1,9,1,0,4,347,277,0.04738510825049419,0.03918709059063798,0.8806907747220186,0.03820684470575636,0
33,1,4698,3015,0,2,1,0,1,1,1,279,469,0.09024022649842794,0.07463934888582054,0.979783153828397,0.049579440241484335,0
14,1,3226,455,0,1,1,8,1,1,2,401,218,0.08760850052978678,0.07312706092799738,0.8700391565089037,0.05414537252881248,0
21,1,4272,1338,1,1,0,0,0,1,3,5,11,0.05771035015888703,0.01607300938867783,0.8168275035099402,0.03855522514762717,0
6,2,2865,3310,1,1,0,1,1,1,1,107,376,0.008592572255510555,0.009415035004094041,0.9870873803073748,0.07021243265849789,0
57,0,1065,2319,0,2,1,8,1,0,0,76,444,0.013720980208901569,0.060126211970210036,0.9772040551165297,0.05935982756155183,0
26,2,2228,1836,1,2,0,1,1,1,1,148,507,0.09221190142294242,0.08060022956236833,0.8780664249375562,0.0570416922510597,0
27,0,3537,1817,1,0,1,8,1,0,4,457,449,0.05762397732508459,0.09410055790982452,0.9307763297896535,0.0866756160724444,0
397,2,12125,340,0,2,4,6,3,1,11,460,36,0.6852864828590207,0.7833362119637313,0.0775685677913903,0.8294966750772093,1
571,2,76819,123,1,6,1,17,3,1,15,498,6,0.6161107493188248,0.6843713600230079,0.23996817911553026,0.7981577735780382,1
54,2,2812,1028,0,0,0,8,1,0,1,297,23,0.08966156518554624,0.027672031944743092,0.8794815628141917,0.08267634353460152,0
49,0,2437,1605,1,2,0,1,0,0,0,434,435,0.08584454286001958,0.013702073439064889,0.9320069741258608,0.08922710007733373,0
390,2,8075,148,0,5,3,23,3,0,27,494,45,0.9696001436103582,0.6483691659438857,0.32388815077275207,0.9337820509398886,1
121,0,67473,136,1,5,0,13,8,1,46,494,36,0.977523127553995,0.42142347984055395,0.3617341416110924,0.7283343438126331,1
11,2,1961,2689,0,2,1,1,0,1,2,174,22,0.02279571773487117,0.039502854139076,0.803418936391034,0.08222188327381955,0
128,1,8228,377,1,4,2,21,3,1,6,268,40,0.8312484282638604,0.5509697104052728,0.3575038426586959,0.9500005417837567,1
47,2,178,3931,1,0,1,5,0,0,0,381,298,0.06867735568448488,0.09224429572381843,0.9346325508003391,0.040987173384688796,0
103,1,72228,344,1,4,2,14,5,0,41,278,14,0.9786628946798166,0.5188594347008932,0.028452057259415665,0.9469808024567281,1
52,0,2895,1785,0,2,1,2,0,1,0,154,377,0.05305211180459597,0.0908476708530152,0.8538190513996596,0.055682320219750475,0
59,0,1665,1960,0,1,0,1,0,1,3,8,448,0.09545012443013139,0.06182988196630356,0.8255911510307431,0.08347971210662078,0
476,0,85887,296,1,9,0,6,4,0,42,407,44,0.6401106078915715,0.9736094466158336,0.2500387135133883,0.7729438033175178,1
0,1,1646,1170,1,1,1,6,1,0,3,318,146,0.010498538336456609,0.010920718465865398,0.9725164713092367,0.02625770981007444,0
15,1,2822,1685,0,0,1,1,1,1,1,108,332,0.021759863559089144,0.09775762175636278,0.8637470927327131,0.023302700631496556,0
2,0,4655,2860,1,1,0,7,0,0,4,413,138,0.0806145726203189,0.05520112595462449,0.9900284350818448,0.032586866261917084,0
5,2,4173,2303,0,2,1,3,1,0,0,170,263,0.08959823126310174,0.04971466418757409,0.8674330673615943,0.07427450445140545,0
234,1,77430,428,1,6,1,25,8,0,6,451,47,0.5712356573969813,0.4101300439012642,0.30607661445832146,0.9934596617453972,1
45,0,2495,1293,1,2,1,0,1,1,1,33,314,0.06552174480455362,0.027121997423788725,0.9886383560857712,0.0536823499232899,0
21,1,2181,1433,0,2,1,7,0,0,0,448,197,0.0802246502594059,0.09555570378196465,0.9388935576879629,0.09108387465769689,0
25,0,1509,1891,1,1,0,4,0,1,0,122,260,0.08365877358739195,0.02273314528517222,0.9429495692115704,0.07006000025545202,0
53,2,2272,3631,1,0,0,1,1,1,1,443,399,0.052240432093406765,0.003964501526007092,0.8514049964650505,0.04531115042103191,0
196,1,24427,318,0,7,4,8,8,1,40,261,45,0.6354741656397309,0.3143986998076529,0.06771636599175923,0.9871945982882608,1
26,1,300,3486,0,2,1,1,0,1,0,357,478,0.07408005691165347,0.02417453611403536,0.8338487309369497,0.0756425332391033,0
311,2,52213,117,1,9,0,22,9,1,39,370,35,0.7790221797460375,0.35645635112942003,0.2910528084035505,0.592561110126872,1
30,2,2428,1227,1,0,1,4,0,1,1,375,113,0.07463600851961037,0.06316081209088827,0.8851183727537633,0.06850963035834999,0
95,0,37323,36,0,9,1,13,7,1,42,388,45,0.8294148907220938,0.7541238430498767,0.01692278573214692,0.585938562302681,1
169,0,44566,265,1,8,3,22,4,0,46,256,21,0.7715938959191269,0.3676147057968522,0.27030181021606514,0.5981085691667116,1
23,0,2372,189,0,0,1,4,1,1,3,95,8,0.03631446000537998,0.0021381626485794006,0.8142943215903172,0.006596935361291312,0
56,1,388,1505,0,0,0,8,1,1,0,275,402,0.08008214470330771,0.07725310530482171,0.8570171006601004,0.03944213328522425,0
513,2,56739,238,0,2,4,24,7,1,21,339,25,0.7281834238883351,0.3160639088739687,0.3682700021219235,0.5142868107189558,1
596,1,90279,83,0,7,3,28,3,0,40,291,48,0.9671035006666251,0.34223158431442086,0.07629259414962411,0.9433611093659289,1
304,0,13303,327,1,4,4,27,7,0,24,373,4,0.8978746921854803,0.9781715364724062,0.1606474627804393,0.5545066239277234,1
19,2,299,3079,0,0,1,6,1,1,0,81,369,0.04818801371926721,0.008664022409022698,0.8006764290912763,0.04224711177671084,0
55,1,4602,3378,0,1,1,9,0,0,0,163,217,0.015313458235462164,0.015194595140692858,0.882985608851349,0.0868863194823873,0
438,0,52417,155,1,9,3,28,6,0,12,484,8,0.748023183668011,0.6709501088458155,0.38830385023049635,0.5748138375410912,1
14,0,2871,703,0,1,0,6,0,1,4,50,229,0.09371614251565445,0.015315929876804425,0.9940893019087005,0.02654074249773968,0
2,1,4874,2386,0,0,1,4,1,0,2,490,383,0.07392208902190904,0.04540323047400638,0.940084216535876,0.07502393678858368,0
26,1,872,1307,0,1,0,3,0,1,1,281,154,0.09095179554576355,0.053866720165561835,0.9325632834657007,0.07016551958583933,0
35,0,29637,4,1,7,3,6,7,1,45,288,6,0.511569032210785,0.7806278174959936,0.29430666090334295,0.7305669225031474,1
10,0,864,2246,0,0,0,4,0,1,3,53,223,0.00901843817411171,0.03133059605119536,0.8972518946002019,0.006757391773168187,0
163,2,92928,246,1,0,0,8,5,1,34,219,27,0.5499011880368107,0.5741636746323446,0.31399372222083116,0.511596247969865,1
11,1,2231,2131,1,1,0,1,0,0,1,278,63,0.07869919257020047,0.0952747418253097,0.8985293376064388,0.00991273692755278,0
28,1,3227,3483,1,0,0,6,0,0,2,48,59,0.07614795757026174,0.07355805076060844,0.9845284603264084,0.07241321016400268,0
30,0,4773,2552,0,1,0,3,1,1,3,37,21,0.042907432541848915,0.04066354062008132,0.8471834264392412,0.02379888656344874,0
284,2,71997,418,1,4,4,24,2,1,40,281,39,0.6351152789786925,0.3002610789595463,0.1404757571886875,0.5132713140616663,1
408,2,45337,420,1,3,4,15,9,0,7,292,34,0.841264454588129,0.9498564794068334,0.34723870437188004,0.6900489439262876,1
1,1,2318,3146,1,2,1,8,0,1,2,360,396,0.07140275378886224,0.07731898828157815,0.8857109699443695,0.09506704424023099,0
251,1,86576,188,1,5,1,20,6,1,30,280,19,0.5286788779722218,0.48861822167659374,0.2805332747828986,0.7791597777234995,1
40,2,4935,2171,0,0,1,0,0,1,3,260,4,0.057552914512806655,0.050405306441673285,0.8605596394587874,0.051321350036361325,0
40,2,1283,1502,0,1,0,3,0,1,3,426,421,0.0030595693118689485,0.0797512131296931,0.8250711490031165,0.004211416689967007,0
30,0,2644,2041,0,2,0,5,1,0,4,426,349,0.08853403299465953,0.06268415541366767,0.861970851018755,0.09753765088242317,0
91,2,89811,487,0,1,3,19,6,1,7,278,26,0.5900680535545717,0.5766345896099339,0.11881509299630372,0.8196465716648145,1
52,2,4814,2394,1,2,0,7,0,0,3,46,481,0.01510926597672163,0.019934836620888886,0.8878188945858786,0.03333006035821106,0
10,0,4178,3877,1,0,1,5,1,1,0,310,280,0.040124736481128215,0.03378629357671038,0.9259784473790581,0.09701219913802828,0
36,2,1319,2648,0,0,0,3,1,1,0,290,165,0.07222588157830619,0.09029956181586364,0.9805290890849622,0.064339627194795,0
34,1,1893,3571,0,2,1,1,0,1,3,357,200,0.012041829179843545,0.034524295845856326,0.8710807027852394,0.017574859754736383,0
347,1,47915,124,0,3,4,28,7,1,18,294,20,0.9445876105088926,0.7741435962537144,0.24685889806439631,0.7770815958963209,1
280,2,14573,40,0,7,1,26,7,1,6,281,6,0.7413464957528517,0.3278436200029939,0.197691593940458,0.818703975892694,1
190,0,79446,409,0,1,2,13,2,1,13,422,35,0.7407027239784196,0.7563153398514768,0.2641583150424885,0.7272726691292133,1
186,0,53490,239,1,3,1,16,4,1,43,246,35,0.9176228086853444,0.667215601569479,0.07175984663781461,0.8675934229116111,1
58,1,2840,1977,1,2,1,3,0,1,3,225,352,0.07641375549748654,0.06116111453942788,0.9003348809101918,0.07945157464926139,0
38,2,865,3846,1,0,1,6,1,1,0,42,227,0.03121290578928153,0.09648764429692805,0.8181644110637115,0.09593652384366985,0
411,2,59839,171,0,8,4,20,6,0,49,436,4,0.597288726042791,0.9751781625250544,0.03828317423763852,0.7567275233651405,1
20,2,2731,2951,0,1,1,6,1,0,1,437,292,0.07601066433109224,0.010256292437221683,0.8315459016304639,0.06118655255750748,0
30,1,2937,2523,0,2,1,6,1,1,0,316,394,0.01164103941509248,0.09335675437232821,0.9296610201535966,0.09695162570585897,0
48,2,2169,245,0,2,1,6,0,1,1,137,330,0.08148188850736438,0.040743468110389404,0.9297901115650411,0.018048402670221408,0
20,0,756,1036,1,0,0,1,1,0,4,509,138,0.05092111319558982,0.024004451495104107,0.9663870516947677,0.03117463645439569,0
219,1,24838,305,0,1,4,7,7,0,30,364,11,0.7952387894157782,0.5500506641251577,0.12136821364268298,0.8865445735066594,1
13,2,529,3691,1,2,1,8,1,0,2,411,149,0.030546705652130437,0.08635991194450898,0.9096006413911715,0.070049882548795,0
17,0,3420,3577,0,0,1,0,0,0,4,437,353,0.012752445666955436,0.08608971768086152,0.9384596259621669,0.0029978643284362064,0
49,1,2818,2028,1,1,1,8,0,1,4,413,26,0.031403745239871085,0.04098490100066354,0.8602617869775777,0.05802390384708787,0
97,2,68325,85,1,6,2,23,9,1,38,504,12,0.6637223648733791,0.948665087972657,0.039100952223870514,0.733403242207818,1
42,0,2988,1912,0,0,1,8,0,1,4,468,121,0.006320845285650911,0.016985367738062807,0.9438971487510118,0.08382343237165585,0
30,1,3988,3608,0,2,1,3,0,1,2,48,229,0.0874270739790284,0.09921562936902784,0.996324434696912,0.013299309702327856,0
290,2,81861,197,0,5,3,26,2,0,19,221,34,0.6858478884066179,0.7734718028308836,0.03915090614145705,0.8706936037192403,1
33,2,1115,1587,1,2,0,7,1,0,3,84,152,0.07240576712682807,0.07328231924600695,0.8811377500695174,0.08612643910736462,0
5,2,1658,3592,1,1,1,8,0,0,4,484,493,0.08567197245192182,0.0959219447278048,0.8773893942813392,0.009280748694426067,0
3,0,3755,1425,0,2,1,5,1,1,4,433,329,0.08887764033224418,0.0927863063032565,0.8992420837266647,0.03359879900898882,0
597,0,98934,236,1,8,1,22,5,0,5,396,43,0.5291184173351775,0.7476973387976712,0.24848599402286375,0.6912696679043779,1
19,1,2404,3477,1,1,0,6,1,1,0,296,116,0.006186147522828967,0.05849582078472862,0.9258656362036723,0.0683966516338098,0
40,0,4081,79,0,1,1,5,1,1,1,139,345,0.04934312655030474,0.07735817330190618,0.8333422831332457,0.005409767293730283,0
30,0,4017,3090,0,2,1,4,0,0,3,158,74,0.014072286403234758,0.00843052705663746,0.8788452907396669,0.06432920277572272,0
35,1,22532,33,0,4,2,14,3,1,30,313,14,0.6291796569081967,0.7644271044942983,0.24051440337961344,0.7371506829591791,1
443,2,94721,498,1,1,1,11,9,1,33,329,27,0.5645305140221345,0.92145227599261,0.3729163010038428,0.6374374862103275,1
55,2,3618,820,1,2,1,2,0,0,4,58,131,0.014039580417774823,0.05807471490036328,0.9624904405994232,0.06585882140500086,0
18,2,2539,2935,1,2,1,9,0,0,0,368,102,0.08608388635647467,0.08041356662972435,0.8325007012894413,0.0699141943319339,0
32,2,168,3128,0,2,1,0,1,1,3,368,492,0.03215273341915364,0.019675699747400223,0.8512181001944721,0.005010616934550494,0
5,0,3738,3501,0,2,1,5,0,1,4,370,111,0.0990446097223001,0.01722685524667683,0.8683348717786492,0.09569475174727049,0
24,1,798,3093,0,2,0,5,1,1,1,20,234,0.08821205660026245,0.07006548003210186,0.8693314127248852,0.09183291856078199,0
7,1,656,1919,1,1,0,7,0,0,4,28,213,0.07708631869101126,0.00042749871977062483,0.8253310238067167,0.034584085955738066,0
10,0,1226,2454,0,0,0,4,0,0,1,134,53,0.033935454712561555,0.0146917109281256,0.9666468792277865,0.011661655552394524,0
9,1,3375,3296,0,0,0,7,1,1,0,147,52,0.019446708109428334,0.08216336706112504,0.8969099667763283,0.06936083521208147,0
530,1,12808,165,0,0,2,7,6,0,48,239,27,0.9188608766035926,0.6618113265204085,0.14065472116041675,0.6498860267183271,1
3,1,4406,3492,1,0,1,0,1,0,1,384,93,0.08749119459578175,0.06063947825526801,0.9079807159823375,0.051801840617207474,0
359,2,52262,407,1,0,0,9,4,0,17,310,19,0.8732625059878403,0.7234728898813307,0.20174494679876523,0.9861060621061231,1
95,2,37228,348,0,0,0,22,9,0,27,345,22,0.6753656105100878,0.7952449891877292,0.05271384305549947,0.5229409471162917,1
567,0,28187,197,1,8,2,5,6,0,22,258,32,0.9326447687810515,0.5872471463116644,0.3571223293295751,0.9695952830053959,1
114,2,16025,370,0,3,4,18,5,1,24,339,11,0.9428176550791797,0.7227466773513018,0.23882101265118358,0.7833679035671595,1
14,0,182,1826,0,2,0,5,1,1,0,243,211,0.022000139334947478,0.06356002351680941,0.9841652819008458,0.057279559180785256,0
18,0,1612,2910,1,2,0,8,0,1,1,434,503,0.094762440887685,0.02185291433752239,0.8227314055375312,0.07335382561900365,0
37,0,4617,557,1,2,1,2,1,0,4,234,444,0.03421339812724194,0.048070907301835754,0.914464252309783,0.014170629844226358,0
17,0,3676,1690,1,0,1,4,1,1,3,189,377,0.05764291924631171,0.005776750348369154,0.9253693416048759,0.016688479284517888,0
45,2,597,2407,1,2,1,1,1,0,3,166,348,0.011284948992637968,0.003559662224106386,0.9064227563962848,0.08785162863972618,0
7,0,1805,1041,1,0,1,4,0,1,4,165,223,0.051786179461663064,0.006339554747092991,0.813702554968725,0.0625941073879665,0
23,0,3833,2289,0,2,0,0,0,0,4,253,390,0.02461470084731663,0.029384311285980392,0.9957990863770871,0.02098138608357324,0
58,0,3764,2324,0,0,0,8,1,1,4,337,454,0.01592278225083974,0.053778744790647474,0.9461677104737848,0.0651105511883557,0
57,1,2203,2654,0,0,0,2,0,1,4,104,133,0.05310783866712191,0.004335985746601878,0.9608966334875261,0.06070325214866498,0
519,2,86729,228,1,1,1,13,3,0,25,284,33,0.5911388216021477,0.821659066851117,0.28484045801274854,0.8060606602817268,1
0,1,4955,2883,0,1,1,5,0,1,0,505,201,0.045784324034152474,0.06226265370900831,0.8231820888511773,0.09070560666400941,0
506,1,85314,213,1,8,2,21,9,1,40,500,43,0.6200788553581721,0.5624979208363272,0.003496388687904384,0.799273469728121,1
162,0,15593,308,0,0,3,28,2,1,15,397,46,0.8184384516443637,0.7401615918551998,0.37380066208476626,0.77885788758509,1
58,0,1711,3256,0,2,0,7,1,1,4,447,287,0.09786068342296789,0.07080741036951563,0.9781981853888089,0.07695132165131478,0
368,1,31058,208,0,9,0,15,2,1,10,491,45,0.5812376953418747,0.7489288948726983,0.3954811822016225,0.9406253791881571,1
50,1,1541,2985,0,1,1,6,0,0,1,296,151,0.0466797981733934,0.021325912167690298,0.9108818571579016,0.05889039177873506,0
238,1,39974,56,1,8,2,15,7,0,22,232,49,0.7400702541593693,0.5919961995297363,0.13918724293987927,0.5635497540039253,1
7,0,4338,2750,1,0,1,0,0,1,4,497,235,0.09717964314155138,0.0022149333266808014,0.852037395377845,0.060312737895679314,0
450,2,18222,175,1,9,2,11,7,1,16,234,18,0.7069147767088262,0.5761013472925773,0.2591410928703619,0.7690167195520876,1
16,2,1744,2140,0,2,0,6,0,1,4,99,227,0.05201972713663894,0.031693060580959866,0.9555409448668949,0.008282229535556162,0
155,0,43098,372,0,3,2,15,6,1,35,248,17,0.8407456168816814,0.8406630560440478,0.026782916283542547,0.6101637402739185,1
139,1,33509,54,0,8,0,21,5,0,13,491,14,0.8424589232729958,0.6021150957429098,0.3301246564157761,0.6164155968663276,1
50,0,3646,1235,1,1,1,8,0,1,2,367,402,0.0687293042803752,0.09970227319044243,0.9318572544128376,0.06623766534785473,0
44,0,3588,3551,1,1,0,9,1,0,4,57,94,0.000660245377947899,0.02965848066126413,0.8032125512630193,8.93082049042815e-05,0
102,1,12102,423,0,0,3,27,4,0,33,218,11,0.670252704109942,0.7194238444094678,0.2508757145482432,0.5831998187339813,1
55,2,57592,65,0,9,3,23,3,0,45,241,25,0.7200979157171223,0.8839492679244205,0.3061152216162607,0.7964935269163606,1
49,2,3427,625,1,1,0,7,1,1,4,488,437,0.010165413371271248,0.057324519625348874,0.932157153704463,0.045474549012861604,0
57,2,802,2300,0,2,0,4,0,1,2,32,482,0.061519414061573685,0.04570385841539237,0.8830125048472851,0.048353332172602674,0
19,1,2605,1577,1,1,1,9,1,0,0,458,369,0.05380736118916079,0.0705424674116215,0.8604106557144301,0.04977518091982679,0
45,1,2418,2064,1,0,1,7,1,0,2,43,39,0.055529837668837095,0.08293075853983005,0.8389437360251255,0.04018530288168026,0
49,2,3462,2264,1,1,0,3,0,1,1,436,3,0.02056017343919664,0.04716848600071232,0.8403315002175508,0.01821726597684309,0
66,0,57066,345,1,7,4,17,4,1,16,215,22,0.5193241521726613,0.9760632106317733,0.3343306486877018,0.685094582956683,1
7,0,2301,2074,0,2,0,5,1,0,2,264,365,0.037908838312146566,0.04951579296864128,0.970296577226724,0.07907249027428304,0
10,0,178,2986,1,0,0,1,1,0,0,260,56,0.08105134346232395,0.06379356161889506,0.8470335417466553,0.04793891511050942,0
58,2,39811,39,0,5,1,13,9,0,49,505,20,0.8998125168158168,0.8762261023063109,0.12581095574509837,0.6950278350092429,1
43,1,4389,3136,1,0,1,7,0,1,2,491,157,0.06309970689692206,0.023816300670249937,0.8667793302548633,0.04094501009066335,0
52,2,76177,363,1,9,2,25,2,0,23,490,20,0.9056462943908092,0.43194316641302255,0.3561909996151495,0.8547967157109397,1
343,0,95686,244,1,3,4,21,8,0,32,226,2,0.90327786386667,0.5389323694511577,0.2760911212006733,0.6417804708857305,1
40,0,2802,2985,0,2,0,9,1,0,4,14,217,0.047908876933006675,0.02489219001359202,0.8451887726134725,0.01384846970505007,0
48,2,1512,3752,1,1,1,1,0,1,0,215,124,0.09695904942326182,0.07088879366364993,0.8202888247853297,0.025047090884397175,0
425,1,30471,100,1,5,4,18,4,0,37,452,22,0.9425548328557118,0.9470121520132873,0.0905129490974117,0.872902207839704,1
47,1,1354,1965,1,1,1,1,0,1,2,468,295,0.012758529381399309,0.09220492950491083,0.968202946047916,0.0032229053315675606,0
17,1,3256,3047,0,1,0,5,0,0,4,359,342,0.09530827942971615,0.04704645001246717,0.8414783390300341,0.05016807424559447,0
16,2,4865,242,0,2,1,4,1,0,1,70,454,0.031178795725329535,0.06615921620267838,0.9170961104454327,0.03740773489591888,0
58,1,4217,1270,1,2,0,1,1,0,0,175,356,0.008382489796229442,0.03805533660191736,0.8957453552000202,0.012287707946892868,0
10,0,82157,388,1,8,0,26,7,1,40,498,24,0.906748788445231,0.4730952443059841,0.1069452268882114,0.6774482430774157,1
49,2,2486,1661,0,1,0,9,1,0,2,179,86,0.06273722227728666,0.009237004794976,0.8521042481142914,0.0817431613228366,0
50,2,461,3387,0,2,1,8,0,0,2,129,271,0.01872359205532531,0.04418792028899299,0.9100672407065051,0.011815629039145471,0
59,0,2268,683,0,1,1,1,0,0,3,158,123,0.07868815014136003,0.013286694955046197,0.8854317153937317,0.01706312089580121,0
39,2,1491,1536,0,1,0,9,0,0,2,454,178,0.09641754218689419,0.06415118530914204,0.885116242933626,0.02392079723905929,0
59,2,2072,1360,0,0,1,2,0,1,2,53,420,0.07433824774608046,0.06030619463638701,0.9711741066516522,0.0012239958692540243,0
101,2,16353,17,0,0,1,9,4,0,5,469,17,0.5934190854362971,0.43356835859984927,0.3480925482637057,0.7391037485187936,1
54,2,4704,2206,1,1,0,2,0,1,1,217,243,0.02401732296296688,0.05865983797952179,0.8475578598413379,0.034735907223044336,0
20,2,3204,2167,0,1,0,1,1,1,3,58,249,0.03290742607284325,0.01160621566637119,0.8957543269101845,0.016488337601509362,0
19,2,1170,3152,0,2,1,2,0,1,3,52,422,0.016300563042489447,0.07893303032493076,0.9643463898080835,0.02663577920500798,0
4,2,801,119,1,1,0,6,1,1,4,115,195,0.06318401125291809,0.046093214932303686,0.9227598921390323,0.01463762465212295,0
188,2,52518,381,0,6,4,5,9,1,7,503,22,0.5586816085607631,0.7534101267381001,0.19501563519306725,0.7994606451542885,1
17,2,2560,3883,1,1,0,9,0,0,0,75,72,0.062022833901315216,0.07552131922553032,0.9535833966951965,0.024775089049138402,0
46,2,4859,2239,1,1,1,0,0,0,0,49,468,0.07516026271882577,0.012955107723374505,0.8330613873014006,0.07568348854931525,0
110,1,85021,326,1,2,4,18,5,1,13,462,42,0.99705820477254,0.8485377763000232,0.19372911226018089,0.9089509286128417,1
194,2,14627,31,1,5,2,19,3,1,29,508,44,0.6121550091464589,0.6840568723101121,0.3667457399032778,0.563775602153228,1
36,1,4376,3979,1,0,1,8,1,0,1,152,380,0.08495869963066426,0.008739789386164088,0.992068412778252,0.0667591220716383,0
56,1,4028,3481,0,2,0,6,1,0,1,98,3,0.03393468069020472,0.09442186737530309,0.8974239531928229,0.02202186294839381,0
460,1,96101,497,0,8,4,26,4,1,40,331,37,0.6489375260336336,0.4749395848889266,0.05991904529361434,0.8305133366863447,1
37,2,849,430,1,2,0,9,1,1,2,99,472,0.05994038461780721,0.09159019994604788,0.8742274599786017,0.07798283154915543,0
197,2,93304,300,1,9,2,9,8,1,29,507,34,0.8874684340275432,0.5040196181238378,0.1127179252443133,0.8734849926045187,1
2,2,198,2423,0,2,1,8,1,0,0,260,431,0.05702295615994481,0.002458994963802619,0.9537908809822369,0.03105924201173943,0
2,1,31730,176,1,2,0,13,6,1,24,243,20,0.7678183559086671,0.5026866500531486,0.0011353831237482126,0.6908790278310459,1
54,1,2407,2879,1,0,0,4,0,0,2,376,92,0.022186408140525263,0.0031054738394238114,0.9781511913807781,0.0393838066379085,0
40,2,3146,320,0,2,0,7,0,1,2,421,501,0.031326272435959014,0.08613127202908277,0.971059023589581,0.038763757742659416,0
179,2,85876,75,1,0,4,5,2,1,35,466,14,0.8042789159049406,0.5413984724009484,0.08702467566189852,0.6210828132393398,1
46,1,383,1368,1,0,0,7,1,1,4,209,295,0.07251764310290247,0.0015147951119022453,0.9424838694305679,0.07072908901724054,0
583,0,37469,311,0,4,2,16,4,1,40,405,3,0.6068733239408928,0.966053070066093,0.0892379532851499,0.5119249138635298,1
231,2,98622,366,0,9,2,20,2,1,46,447,48,0.7401746778510284,0.827554912924767,0.3044852406260968,0.9863481460196196,1
32,0,2709,546,0,2,0,7,0,0,3,34,498,0.03938802206154281,0.08784832790836963,0.9990333570774874,0.07096629774058313,0
458,0,54229,20,0,9,4,10,9,1,18,218,38,0.5030237673442912,0.684622677199576,0.3012674660926238,0.647488266338015,1
26,0,2846,934,1,0,1,6,1,0,3,280,486,0.08200821714832536,0.002880621014925622,0.8708367817922511,0.0557128518907702,0
16,2,2572,3347,0,1,1,1,0,1,1,136,88,0.09138057704629919,0.028853039589415708,0.882245081705918,0.006930211736066761,0
47,2,4739,1331,0,0,0,3,0,0,2,118,291,0.025353875069931933,0.08482208314449231,0.9948575356141703,0.007858264460412257,0
118,0,47902,31,0,7,3,13,4,0,36,500,48,0.5258559886129146,0.7145612495803162,0.14685315792553277,0.7370020519913532,1
44,2,2444,510,0,0,0,2,0,1,2,377,83,1.711756244947571e-05,0.0732880446786845,0.9349491952190413,0.07642293713073772,0
16,2,277,1766,0,1,1,2,1,1,4,150,54,0.05609542087543681,0.06115194562185346,0.8438189784798109,0.009282617536659732,0
497,0,8678,339,0,9,2,29,5,0,13,287,22,0.5702075119639103,0.6798818782981831,0.06654001115872084,0.5860223576581467,1
71,0,48847,92,0,9,3,20,3,1,48,284,2,0.5255704503004259,0.6279107423798203,0.0108185730387651,0.6186430719575144,1
457,0,14991,493,0,7,3,10,3,1,34,468,43,0.9520230085824806,0.7730705667453532,0.13690363592063717,0.6816059169773514,1
36,0,2776,576,0,1,1,1,0,0,2,183,30,0.06628571993602883,0.030320762225743016,0.9348528200326098,0.015078940166926558,0
48,1,228,1009,1,1,1,0,0,0,4,479,102,0.08794160870529588,0.02682869494507928,0.9991953537631433,0.04534517248753346,0
521,2,9577,128,0,3,0,13,5,1,14,263,5,0.8432186395125107,0.666855241271831,0.35163478591183617,0.8604259959937463,1
474,1,69582,414,0,7,1,6,4,0,46,228,8,0.756139108311169,0.6128204901211592,0.3118302896680891,0.7513679799500148,1
305,0,10459,151,0,6,1,18,3,0,37,492,11,0.8800339236919428,0.40642790217864194,0.11904098578204003,0.9623146148664843,1
34,2,4347,3887,1,1,0,6,1,0,3,64,491,0.013267694921208674,0.0035406557114343487,0.9779662541313973,0.06682737383392383,0
55,1,249,932,1,2,1,4,1,1,2,318,82,0.014107050520669207,0.050123005690423245,0.8693290035041898,0.008744043447698746,0
57,0,2789,2150,0,0,1,9,0,1,1,441,361,0.08755995150398307,0.05500641092659132,0.9209272982257577,0.04310680117341203,0
11,0,3229,526,0,1,1,1,1,1,3,385,437,0.024589047905749797,0.08208024548924167,0.8357671614828928,0.06071839258499193,0
444,2,71846,453,0,9,4,8,7,1,25,476,5,0.9112095356755034,0.6006395944902954,0.22532028877169621,0.5281042767960527,1
59,0,852,633,0,1,0,9,0,0,2,405,55,0.018585848391828686,0.016210257761345315,0.9231595128353443,0.04058603447795872,0
43,2,3526,953,0,2,1,7,0,1,0,126,432,0.08858614340697749,0.005928018655546663,0.9279772564658283,0.04495047487658813,0
3,1,2766,1497,0,2,0,7,1,1,2,494,335,0.017721214681431376,0.062175544023548926,0.9947996094004303,0.00951680912804126,0
27,1,276,2697,0,2,0,3,1,1,2,162,460,0.07738402948469364,0.012166711107490248,0.8908610318379269,0.05253617142369599,0
192,1,66068,326,1,4,0,18,3,0,7,385,47,0.5687687370019927,0.6763272654662587,0.11693097491116494,0.7337377714063296,1
387,2,46076,322,0,8,2,16,8,1,16,340,46,0.7487676015217679,0.8537542072970588,0.15017369760401175,0.53317865464011,1
28,1,2112,3275,0,2,1,9,0,0,3,49,474,0.09707859412435538,0.08454575179349844,0.8672346200463441,0.09564304676618655,0
18,2,1382,2801,1,1,1,8,0,0,1,41,326,0.0756642450583838,0.06813836109762071,0.8257987552274632,0.07892173103140653,0
58,1,92182,325,0,9,0,22,2,0,35,426,6,0.5659323626879207,0.7286926034846778,0.24129819123838284,0.9659066157070673,1
57,1,2696,1219,1,0,1,7,1,1,1,199,374,0.02212034060290609,0.0881463595296748,0.8777893702619077,0.01203972851374059,0
412,2,9085,35,0,3,4,25,7,1,17,265,20,0.9646611357502034,0.8559650599753208,0.358803581819297,0.7854623613937906,1
187,0,40318,233,0,8,4,18,4,1,25,385,11,0.840510579121722,0.5903445354393699,0.37232093598375543,0.761533576960918,1
301,0,5719,328,1,3,1,10,6,1,8,422,41,0.7574523725402473,0.4559864045731698,0.05022536643313633,0.8445781793540432,1
36,2,3171,614,0,0,0,7,0,1,0,248,374,0.0813069459451703,0.055188866063918034,0.9046141189848051,0.02606236964282953,0
7,2,756,2732,0,1,1,1,0,1,4,461,389,0.08784487245006502,0.03723650829749383,0.956619688729097,0.0414903056904124,0
48,2,2151,3505,0,0,0,1,0,0,3,340,52,0.09528091406754693,0.07238202640188586,0.8560207409343034,0.03118344947084515,0
322,0,58917,263,0,6,3,21,4,0,14,491,32,0.6498153111469436,0.9274637178694451,0.2369594770531232,0.9999457436849986,1
30,2,3645,519,1,1,0,0,0,1,4,502,39,0.03162409556935577,0.008169882710586008,0.9023722791604598,0.008437783259682663,0
56,2,1083,3361,1,2,0,1,1,0,3,470,304,0.07587311006521065,0.07323073856113584,0.8113162767729822,0.0216508352906903,0
371,0,73575,11,0,7,2,27,3,0,46,505,9,0.5720592261550448,0.9567533062781894,0.19670090487723357,0.8779997563280955,1
55,1,1299,3433,1,1,0,2,1,0,3,335,14,0.049344997966664944,0.00819543731182616,0.8827542804973917,0.008841187664357942,0
134,0,10451,328,0,7,1,7,4,1,20,471,14,0.6288353489645546,0.6769367887801929,0.173473832797936,0.6732551262544828,1
35,1,4836,2034,1,2,1,5,0,1,3,258,388,0.042254623413783714,0.05739361898808774,0.9638270753574718,0.08973654952792368,0
44,0,134,622,1,0,1,1,0,0,2,203,68,0.06911110710782391,0.07323869325042659,0.936326049714168,0.02863543575057148,0
51,2,4535,1190,1,2,1,7,1,1,4,450,427,0.05215060826982759,0.09137143059334504,0.9233866941854824,0.07540396426976304,0
260,0,92513,330,1,8,1,18,9,1,12,490,2,0.5352946288487901,0.3191869305277018,0.04900309946640529,0.8683735819856215,1
49,1,260,2346,1,0,0,9,0,0,4,284,166,0.07605585801759555,0.05391117247571667,0.9107708661779559,0.04936522719986883,0
555,1,46300,304,1,1,0,5,7,1,21,369,18,0.718878558766813,0.4140094960854082,0.2638795671626049,0.6494916778218528,1
10,0,1794,2577,1,0,0,2,1,1,4,275,439,0.02390150310417657,0.04799209542134644,0.8024963356439302,0.025788597906072463,0
27,1,1870,251,0,1,1,3,0,0,3,428,500,0.031770312284672544,0.06533673977922598,0.8612084060574678,0.09728591692970591,0
34,2,510,299,1,1,1,9,0,0,4,52,231,0.04903743351453543,0.09879896582568015,0.9536401211785911,0.050198172290668176,0
241,1,99349,395,0,0,2,9,8,0,17,479,21,0.6104465771753609,0.7002946453571123,0.08791054520786755,0.8984153953653942,1
12,2,4546,1229,0,1,0,6,0,0,0,338,33,0.09615394625572535,0.09308791575475424,0.9097617998605149,0.016161822369156666,0
30,0,1841,2091,0,0,0,5,1,1,0,444,389,0.007457397770408537,0.0255525908997859,0.9817737088914298,0.025451564825688444,0
48,2,3301,2582,0,0,1,4,1,1,0,97,102,0.04799454215720366,0.07268620453712626,0.8742116714176846,0.08173888891045675,0
35,1,1462,3504,0,0,0,4,1,1,0,493,281,0.008769419218029229,0.03169530213293188,0.811180030918698,0.0684408465082628,0
393,2,57876,498,1,7,1,6,3,0,20,476,36,0.6091353036937828,0.7784550600132707,0.31751495575720945,0.8971007423052759,1
291,0,23544,49,0,7,0,7,2,0,25,471,33,0.6021039116560897,0.770781093089878,0.3450591627819608,0.9196328719931111,1
10,0,1513,3810,0,1,0,7,1,1,2,248,395,0.056138322138065466,0.032853762682703805,0.9312566509934364,0.007308688467534952,0
33,2,1691,173,0,1,1,7,1,0,2,136,53,0.003031368223071518,0.056390227420139785,0.8418564307849056,0.029266934727245744,0
104,1,29874,446,0,7,0,15,2,1,10,220,42,0.6296566881797945,0.7347096368741441,0.07117778357837726,0.8482554354322949,1
248,0,47489,198,1,9,0,10,6,1,38,222,17,0.5315940976694902,0.7325118821948822,0.369687978913261,0.9086726463151888,1
543,2,47548,81,1,0,4,8,7,1,23,336,46,0.5935431010382735,0.6570659635470909,0.32146388435781265,0.5821984557363811,1
57,1,286,899,0,1,0,6,1,0,3,75,401,0.010550854845592261,0.05181251818607538,0.9107557166955272,0.039648307706029146,0
57,1,2946,396,1,0,0,6,0,0,4,163,154,0.04963074279074791,0.026536456447611892,0.9010121408399188,0.018937850441425833,0
27,1,3803,3827,0,1,1,3,1,1,1,40,425,0.04958311599746559,0.07686438229308491,0.9381252438731713,0.029059261446597442,0
43,2,1464,2646,1,0,1,2,0,0,3,139,70,0.05330345200821096,0.061575728841756175,0.8297884876192565,0.0887871725790772,0
562,2,42149,92,0,4,4,11,7,1,26,288,15,0.5474404763588194,0.7317810413745836,0.22213753389484442,0.8458947007567357,1
51,1,4930,3053,0,2,1,8,0,1,3,76,437,0.09158614802431245,0.020227128871904077,0.8448812621461096,0.0834897867638246,0
246,2,84352,328,0,8,0,5,2,1,16,261,42,0.8616704708268764,0.450121410962819,0.2625197622166335,0.9408568395708252,1
39,0,3213,2339,0,1,1,2,0,0,1,112,208,0.05125785184951383,0.03684673248913034,0.9335887375074837,0.08962547981931246,0
0,1,1537,2675,1,1,0,4,0,1,1,410,236,0.09041522580553261,0.011747040668925735,0.877024162451587,0.03418942016277304,0
210,1,53118,57,0,9,4,12,6,1,47,506,12,0.637770199246344,0.8056675544211889,0.3247604713131927,0.7409522056628506,1
405,0,31920,17,1,6,2,19,6,0,12,378,38,0.5738701848273118,0.9298322594454658,0.3532964926573647,0.5675093301139102,1
421,2,55084,235,1,3,2,21,3,0,19,322,37,0.698514187589468,0.8808763869694582,0.022054433681487896,0.7213589505712753,1
5,2,1340,715,0,0,0,4,0,1,2,184,75,0.07508174336409373,0.05814396658429408,0.8902230551063814,0.0960727193438809,0
3,2,327,1899,1,0,1,4,0,0,4,127,489,0.043912819478244484,0.06267916368944985,0.8884840613184493,0.005454565243690513,0
58,1,9870,48,1,2,3,14,7,1,9,467,45,0.97792911333823,0.9840242385973403,0.21356459516738063,0.9160452784786524,1
145,0,62730,374,1,0,1,13,4,1,25,224,38,0.9733047694644921,0.46274809580881093,0.2829211487913307,0.9318723292229619,1
49,2,3630,3007,0,2,0,7,0,0,1,256,365,0.07009829803127558,0.08298681647517768,0.8460995815982907,0.06093322878257499,0
26,0,543,3832,1,2,0,7,1,1,0,402,210,0.0019358124908109842,0.03472231300267022,0.9588784834514436,0.06859068226598829,0
32,1,1346,2880,0,0,1,3,0,1,0,461,217,0.020406451607917354,0.03597914098299528,0.8196574501658468,0.0370728129991204,0
30,0,121,554,1,0,1,7,1,1,1,127,45,0.008977253182676559,0.05336840050996222,0.9372384999651748,0.01615532153864534,0
109,2,61182,365,1,0,3,14,5,0,16,507,41,0.6370524429019789,0.7972787530068793,0.252753318858016,0.8304058528180143,1
54,1,1153,2395,0,0,0,6,0,1,1,377,316,0.011038105466536897,0.07331946606750643,0.894507529756843,0.05919597678065241,0
8,1,7814,11,1,3,3,9,3,1,15,406,26,0.6011799460269638,0.4714109605032694,0.30098359253151036,0.7950384499033342,1
14,1,982,2841,0,2,1,2,0,1,2,358,36,0.0938013593099349,0.07075210263570451,0.8012383777133777,0.09799325180594741,0
14,2,1018,2134,1,2,1,9,1,0,4,415,229,0.00048268022563433547,0.04673646983666894,0.8219015561887678,0.05975895923836139,0
50,2,2128,1988,0,2,0,2,0,0,2,372,59,0.020889008868066508,0.069966873026931,0.8474265108537729,0.03280210116667481,0
28,1,1349,355,1,2,1,9,0,0,3,309,397,0.0928490993354128,0.04938409111666614,0.8950403142322831,0.08866915579274806,0
20,1,3409,650,1,2,1,1,0,0,3,25,453,0.028463878022692193,0.029554238527952793,0.9611029606226045,0.02079376070001934,0
54,2,1088,229,0,2,0,0,1,0,2,439,54,0.01520019932099389,0.038792828037863984,0.8693482629101278,0.03563547091543158,0
81,1,7142,171,0,7,1,7,2,1,20,406,8,0.7087066304371343,0.715080132864392,0.05878733406936831,0.7193914588991885,1
91,2,35617,365,1,5,3,12,2,1,5,420,35,0.7844060324441806,0.895140414500583,0.004718752620218325,0.6255705824615849,1
2,2,175,3693,0,1,1,8,0,1,0,45,482,0.004143638544204609,0.025859302223281002,0.9922656030377335,0.01972405269451072,0
170,2,76114,69,0,5,0,28,8,0,49,424,29,0.7139231923000662,0.5874858395847318,0.3953405208696896,0.5809945544015838,1
27,0,4963,3742,1,2,1,0,1,0,2,65,493,0.02363312440965805,0.05752606371254716,0.8223856264528774,0.03480514891295866,0
3,2,3960,191,0,2,0,9,0,0,0,394,261,0.04776140274615617,0.011220230958615442,0.8329999064202557,0.0094205224971611,0
288,1,58715,308,0,1,2,24,6,1,41,289,42,0.7881519612926433,0.9983191146957064,0.1731027842363389,0.7528530698251028,1
59,2,32778,407,1,8,4,10,6,1,33,475,39,0.9764845978953662,0.842792209212682,0.2591408579282632,0.9721916027435538,1
417,0,89747,104,0,7,4,8,6,0,35,460,5,0.5088214299177558,0.7942932157686146,0.04450059570526208,0.8178136050341277,1
217,0,12067,182,0,0,4,13,8,1,17,392,42,0.7053261473821824,0.5460192621857977,0.3732454451925702,0.5588029780774857,1
588,0,54990,132,1,3,3,24,2,1,11,342,33,0.5057510289846918,0.9998250279581522,0.19985892260771024,0.7926605313585677,1
6,1,4068,917,1,0,1,2,1,0,1,93,130,0.07727100971850992,0.017835581427998303,0.8261308126316919,0.05979886411473282,0
202,1,61094,499,1,5,0,10,3,1,6,233,35,0.8404317680124093,0.9825735733797161,0.13378390942703394,0.5021622989439187,1
20,0,1670,1082,1,2,0,2,1,0,3,237,470,0.035769373100415426,0.054051797601412044,0.8419752836354905,0.03529922724830743,0
14,2,368,315,0,0,0,4,0,1,0,134,398,0.0004148748538033598,0.09005308324405464,0.8483430177099827,0.06712190082774042,0
42,1,20379,479,1,8,2,26,7,0,21,329,25,0.529069314508082,0.3943021105845429,0.3534766084527903,0.8326390840158081,1
61,2,47343,357,0,7,4,15,9,0,49,507,25,0.9327714114368052,0.6501804973133614,0.21053535840606102,0.6821438678732165,1
27,0,3957,3794,1,0,0,8,1,1,4,323,122,0.07175931004851484,0.02623250764849379,0.8611277480204766,0.07548787995750461,0
46,2,2954,1282,0,1,1,7,0,0,2,229,227,0.08216994589189405,0.09719131532446644,0.8367512407123312,0.03649834029580067,0
18,0,3939,2561,0,1,0,8,1,1,4,73,11,0.09644010500004487,0.05638516660258977,0.8134058145323755,0.03489690572957182,0
36,2,2234,1867,1,2,0,7,0,0,4,69,339,0.09946694866268768,0.06564860352341394,0.9117331074522671,0.022689900320882528,0
314,2,20269,109,1,4,3,6,8,1,9,509,30,0.7664745713218442,0.430963367411888,0.2816311189859638,0.7187946857635219,1
24,2,4936,3090,1,0,1,9,0,1,4,298,51,0.03605106102149998,0.09386954263995054,0.9031010476819104,0.07941817554979858,0
375,2,80916,4,1,0,0,9,9,0,12,486,6,0.7985783701065841,0.3400172813239398,0.27850367015790206,0.9697431345545735,1
29,1,2184,890,1,0,1,2,0,1,0,38,3,0.02337673678345388,0.0385523527941834,0.8031715240641045,0.017299894451765854,0
37,1,2355,2162,1,1,1,2,0,1,2,135,317,0.09934178718010545,0.07657103385619006,0.8569669695584115,0.024558166279924444,0
45,1,3364,186,0,1,1,7,1,0,3,441,398,0.04221978966939574,0.07672060268675777,0.9537674334210218,0.09983226268779684,0
8,0,2213,2681,1,1,1,1,0,1,0,60,387,0.0689433884760382,0.06883475246782837,0.8763304695750115,0.049142852894840106,0
36,2,13297,481,1,5,1,19,5,1,39,275,27,0.6273565038973541,0.9228096526365657,0.1610496636752573,0.6437223236231395,1
30,2,18517,384,1,5,4,8,4,1,17,295,5,0.9406666158851051,0.3224556137010812,0.27404953475176413,0.5128398852154197,1
47,2,1307,1653,0,2,1,9,0,1,1,399,383,0.07268090892967259,0.05123295627487522,0.9357319531941777,0.08369869811246505,0
553,2,34259,439,1,3,4,18,5,0,18,386,10,0.7928265526103349,0.7087128229293655,0.35075411423738356,0.675276099987823,1
24,1,2401,1376,0,2,1,1,1,1,4,230,17,0.0055415810745790385,0.09940913168405321,0.9428543386591344,0.08299790532199684,0
10,1,737,593,0,2,1,4,1,0,1,27,435,0.0719305886106666,0.08725973771308121,0.9928751714127487,0.0959672251936908,0
287,2,88429,491,0,6,2,27,8,1,24,357,38,0.6695946850739776,0.7979924104386629,0.2595030797755878,0.9322048618014601,1
27,1,1015,2202,0,1,1,3,1,1,2,82,467,0.029023757821895882,0.09655732135544615,0.8154174325631571,0.0774358853783522,0
39,0,4491,667,0,2,0,8,1,1,3,144,381,0.030927812694474068,0.08881583557469039,0.8440691582469806,0.02102981748940971,0
241,1,12268,346,0,1,3,5,5,1,49,373,38,0.9422608845979767,0.4484146659485564,0.054600365394327666,0.9284275300478932,1
28,2,3414,2467,0,2,1,5,0,1,3,481,327,0.05717640038387148,0.09213429318089694,0.9636313548804187,0.09076228376361865,0
22,1,488,3389,1,1,1,2,0,1,0,245,170,0.008273426927180005,0.02549048963820515,0.9230821191887648,0.022612917493944718,0
34,1,1459,776,0,2,0,1,1,1,3,21,363,0.0817193432160845,0.019358747683151403,0.9804147927964908,0.08935675180448024,0
44,2,552,3675,1,1,0,2,0,1,2,496,61,0.04439432468578483,0.005406167455725386,0.9188104045695478,0.06899674808236965,0
46,2,4692,1560,1,2,0,8,0,0,3,396,162,0.06707930531972014,0.0788466766740025,0.820372611059711,0.048694690044263016,0
47,0,2251,685,0,0,0,4,1,1,3,498,16,0.029504560731878727,0.03478974229703994,0.9886085381616769,0.022784293434168913,0
48,0,82927,56,1,5,3,19,3,1,13,278,1,0.7908701128146516,0.9889060929625397,0.18694539642191177,0.9886159090860382,1
311,0,40856,230,0,1,3,11,2,0,20,203,22,0.8872991029930364,0.6047739595717194,0.22139258191487948,0.8445558669180624,1
53,1,2216,2309,1,1,1,6,0,0,1,211,253,0.07338979527594727,0.04419326099689391,0.9797380057795969,0.015530690846755136,0
470,2,88524,124,1,6,1,12,5,1,17,207,49,0.9360066703559697,0.7615310064955485,0.26298564327746804,0.9060224171193096,1
96,1,36344,270,1,8,3,24,7,1,27,368,34,0.5422969080886546,0.9815300891959318,0.07781064785554458,0.9973713501803616,1
2,2,3593,1630,0,0,0,9,1,0,3,162,425,0.027595199865804956,0.05219763674773982,0.9268526796017726,0.04421018827423236,0
47,2,112,2425,0,0,0,3,0,0,0,142,409,0.04706629401722289,0.0588790813506055,0.9121068104917154,0.02050280796062999,0
68,1,92517,324,0,0,3,27,9,0,5,229,17,0.5717139004153542,0.3986187809134899,0.19859105132641497,0.6634704209692677,1
4,0,4589,1346,1,1,1,0,1,0,0,118,380,0.018990540609427467,0.051071818332117096,0.843683176499065,0.0005275168134005193,0
26,2,499,3541,0,2,1,1,0,0,4,407,6,0.024124840836438066,0.014737157569866544,0.8425401918069921,0.0433430258350253,0
46,0,2252,2918,1,2,0,1,0,0,3,31,190,0.053084056079204224,0.010345606561333199,0.9162921230568367,0.001066281316812523,0
14,2,171,142,1,2,0,8,0,0,3,204,292,0.03181065968147661,0.04305418597004523,0.8613685621099274,0.039832155762928645,0
7,1,1056,3536,0,1,1,8,1,1,2,373,149,0.08209853994034505,0.07735738942357498,0.9717708904152975,0.09942298681414093,0
59,1,646,1259,1,2,0,4,1,0,2,328,491,0.011781842339802107,0.00031119499198274393,0.9666890468784012,0.017677949017815598,0
55,1,1448,1266,0,1,0,0,0,0,3,128,445,0.030451597649602036,0.09131908575794677,0.9369660321282598,0.005904494274596528,0
24,0,3997,3965,1,2,1,7,1,0,0,401,178,0.024695270023918782,0.006327641863522838,0.8508974270592694,0.06267147193164228,0
6,2,875,2359,1,0,0,2,0,1,1,220,369,0.07552818620363844,0.0009588060409415067,0.9766838690615148,0.07290181107827207,0
25,0,1325,3988,1,1,0,6,0,1,0,115,270,0.08267517785730398,0.03824500404103548,0.9734509811642205,0.06418583322320481,0
481,0,11555,365,1,5,3,11,9,0,18,269,10,0.7727932078265503,0.8136893885649294,0.22464245540875638,0.6990979680712011,1
179,0,31365,483,0,2,1,27,3,0,18,318,14,0.7297126777110553,0.8334225728386462,0.3073997276126881,0.70922503374052,1
55,2,4440,2997,1,2,1,8,1,0,1,366,478,0.07880951668927497,0.01883265147413842,0.8579994269736377,0.038151248137759275,0
214,2,61469,485,1,3,0,28,7,1,30,438,29,0.6679606199105714,0.7931154163059124,0.12788581760271006,0.5182686839745378,1
6,0,4314,1279,1,2,1,7,1,1,0,429,142,0.08548940988307129,0.07126005583541399,0.935581940269615,0.09263938866405134,0
35,2,1116,1846,0,1,1,7,1,1,3,360,277,0.07041466880981916,0.07673611209441333,0.8521720342197702,0.0160394775752177,0
30,0,3781,904,1,1,0,0,0,0,3,474,125,0.04223230733110949,0.00730597713366602,0.8578308463962674,0.06468301430778416,0
37,1,659,607,0,1,1,9,1,1,0,299,149,0.032350929673805165,0.06526153735851474,0.8891707048923615,0.0409869922309165,0
55,2,3433,734,0,1,0,2,1,0,4,227,186,1.896535182442927e-05,0.043658864830269234,0.8990794798771347,0.07790993953586699,0
37,1,2277,3393,1,0,0,8,1,0,4,466,468,0.04254715930767416,0.029756331257048296,0.9706795462477593,0.07859995401243737,0
57,1,2106,3320,0,0,0,7,0,0,4,399,197,0.0766089327195848,0.07524417548407702,0.8935678862628534,0.041038830736477995,0
333,1,81430,259,0,8,1,14,9,1,25,385,12,0.7210298505911544,0.6662510705604696,0.3256031797046898,0.6498106142643312,1
510,1,85387,280,0,7,2,17,4,1,40,378,9,0.7111777888837969,0.9940343991786986,0.3249426331688752,0.9567535010267318,1
427,0,42871,107,1,3,2,21,9,1,7,444,48,0.5606045929777779,0.9151509128123854,0.2504749376959316,0.7109070859493172,1
44,2,4125,3276,0,2,1,7,1,1,0,61,147,0.059614705160002016,0.030561291673241266,0.8974871113729032,0.0499092611881518,0
35,1,728,589,0,0,1,9,0,0,0,429,108,0.09634381899080241,0.005338897522163866,0.9560869774545102,0.07629175518759505,0
508,2,88483,99,0,6,4,22,4,0,34,448,30,0.6235358413726753,0.6461686509066422,0.30719474516449713,0.9554535831053239,1
139,0,60178,379,0,3,1,7,6,0,18,418,37,0.5279088611860776,0.8712851762733287,0.016896619528061273,0.7641566429206406,1
46,2,1081,2953,1,1,0,3,0,1,0,115,307,0.051717384071009356,0.019561273470345576,0.8156223225985317,0.00471440468219252,0
414,0,83069,333,1,0,3,11,5,1,8,211,18,0.5816213794408258,0.9930058353370417,0.16228545868021127,0.5852177824816412,1
29,1,3689,1156,1,2,0,2,1,1,3,18,166,0.0741603566910398,0.09507462172533308,0.8223568906168011,0.05981904888595527,0
27,1,687,142,1,2,0,8,1,1,4,464,350,0.04745668524576646,0.022237968056033175,0.9720547577679713,0.08202703836894264,0
47,2,2433,2876,1,1,0,2,1,0,0,349,186,0.033376934905783466,0.036017803843175204,0.8505006720203555,0.08610780184858083,0
32,0,3675,2163,0,0,1,9,0,0,1,221,303,0.09532702845431833,0.013909088824041162,0.8086536307095022,0.05327290983823462,0
50,0,4521,1766,0,0,0,1,1,1,3,73,103,0.01473982216830071,0.0742902826961174,0.8955526343312548,0.07548201923343544,0
9,1,4229,896,0,0,1,0,0,1,0,19,350,0.0116367737534969,0.09654303458316685,0.8972065410387838,0.04726340425509465,0
50,2,770,3532,0,0,0,5,0,1,1,8,50,0.03518420186907513,0.050958878604236105,0.8594792535538628,0.021282452791836493,0
597,1,22345,337,0,7,4,14,2,1,15,246,12,0.5084865233763809,0.5014187089955339,0.12575758238240434,0.5511827361403392,1
33,1,4870,2522,1,1,1,4,1,0,0,224,496,0.06230444378147061,0.027095194272918833,0.8679566990971955,0.07679509270931563,0
19,1,114,3352,0,1,0,4,0,1,2,509,424,0.011223951134664446,0.06429803930028818,0.8627403033730463,0.09826638098526416,0
47,2,29649,474,1,3,4,14,6,0,48,418,37,0.8128827813237465,0.699552370034186,0.26269539617262117,0.7950115451560291,1
31,0,1254,319,1,0,1,9,0,1,1,384,95,0.07895445462099002,0.06930053063249983,0.9998058088089196,0.04244711575185826,0
9,0,4868,1440,1,2,0,7,0,0,2,487,33,0.010921965314960725,0.04812447823715546,0.9626189826003263,0.05469393546589715,0
11,1,132,1694,0,0,0,2,0,0,0,452,312,0.011282010085911554,0.030132450715694193,0.8765818891687343,0.008905272438837685,0
17,2,1018,2574,0,2,0,2,0,0,0,55,56,0.0164876991844487,0.05921852121302548,0.8866550147482326,0.0424956721187773,0
4,2,3129,2517,0,2,0,3,1,0,4,25,61,0.05853999019862456,0.032973802971202164,0.8598467362558996,0.0988770884361972,0
395,0,31578,5,0,4,1,18,2,1,20,270,44,0.6194911724281336,0.6299898173103722,0.048811411842563726,0.8299065677680979,1
551,2,80588,100,0,3,2,21,6,0,36,393,39,0.6512856756909495,0.8207732683200006,0.16449379491585492,0.6859096084154275,1
44,0,1954,2620,0,1,1,2,0,1,3,333,222,0.08234257950112601,0.04570231942962514,0.8308110038054184,0.05693168991471703,0
20,0,81301,7,0,4,4,16,9,1,21,218,14,0.866239796324979,0.3837385061830114,0.34737921225375945,0.627900611377193,1
400,2,6111,455,1,2,0,9,8,0,26,401,35,0.634609362751517,0.8049367095075133,0.0649342799486873,0.8266235584087516,1
2,1,91911,343,1,3,2,9,8,0,21,504,25,0.9283574647099941,0.4446164411107115,0.05213916505847527,0.5175033959024543,1
12,1,4335,2421,1,0,1,8,0,1,4,105,137,0.08166416693258137,0.042105896673278714,0.8926793243845947,0.07836719682646048,0
548,1,92742,263,1,9,3,24,3,0,27,346,44,0.9263831938042235,0.40205393008625334,0.16503214837827607,0.9629606326737801,1
59,0,4404,2256,1,0,0,5,0,0,0,506,300,0.06853371560380504,0.08457804509495981,0.831644978560032,0.08825087506327628,0
42,1,3688,298,0,1,1,2,0,1,1,390,432,0.02895621712928538,0.02643671398695735,0.9539258047319937,0.0208772708036981,0
38,0,2989,3077,0,2,1,6,0,1,4,440,60,0.08792242020546888,0.08549420755036846,0.9803026035344037,0.05236153444920133,0
424,0,57177,475,1,4,0,29,7,0,32,252,49,0.9009686146680638,0.5802911608288976,0.3841567867671474,0.6254157838454552,1
45,1,1251,2385,1,0,0,0,0,1,4,470,486,0.006921493958411762,0.06185124778200066,0.8907278775660313,0.07264993976819009,0
172,2,19010,357,1,9,2,20,6,1,46,349,27,0.5628006523380664,0.7181848609698664,0.2788727215108162,0.7240585211217846,1
37,1,2245,1517,1,0,1,0,1,0,1,163,417,0.09647686910289316,0.030881680201758244,0.8969665760716323,0.08724605134511319,0
55,1,2252,3985,1,0,0,7,1,1,0,507,161,0.0029163742165443486,0.007016917544239821,0.835757013557938,0.06346558521087087,0
36,1,328,2787,1,1,0,9,1,1,2,107,452,0.06155713517595138,0.054738971115021906,0.8920196813882751,0.07784920263437733,0
39,2,1901,2757,1,2,0,1,1,0,1,179,392,0.014764296330593618,0.08312514825330164,0.9566143587870808,0.0678400068213388,0
0,2,741,534,1,2,0,4,1,0,3,155,214,0.0444617787025745,0.0230851496419339,0.9998817172042624,0.07058557757065917,0
24,2,2045,197,1,1,0,4,1,1,4,200,480,0.021030493146922083,0.09079091457735772,0.9262330723295135,0.009434332609389806,0
2,0,3213,3399,1,2,1,8,0,0,3,492,393,0.045220546621220076,0.0826266468960828,0.8531738418976986,0.09155185147542602,0
23,0,1641,1972,0,2,1,4,1,0,1,280,84,0.048817617317435925,0.07758379856680603,0.8721355064631405,0.03278934507153199,0
59,1,2803,67,0,0,1,9,1,0,4,296,344,0.09772180477276216,0.09897563706854468,0.8539282073772184,0.044342335821596926,0
569,2,53978,218,0,3,2,22,8,0,31,335,35,0.813925671843277,0.863604740494633,0.28280762728856984,0.9157199630757282,1
2,1,2627,811,1,2,1,9,0,0,1,494,290,0.043275700214329915,0.014354072462083468,0.814935976038202,0.08957730273965553,0
455,0,94054,471,0,1,3,15,4,0,37,423,4,0.5517334114625114,0.3483975187631888,0.011042143874567102,0.7256300442897695,1
14,2,6997,296,1,9,1,9,4,0,27,461,4,0.6681758338279442,0.3131337220048762,0.039202964250710126,0.646163328172273,1
355,2,7937,290,0,6,4,25,6,1,43,484,35,0.9732337420667208,0.6598233136409953,0.2439669577714053,0.823866534971659,1
39,1,2990,3481,1,0,1,6,1,0,1,12,404,0.05266416950300848,0.018078978147735337,0.9584329316040431,0.04091441270142712,0
26,2,1470,1669,0,1,1,8,0,0,0,408,105,0.01602572754219892,0.03709832919117078,0.8094134284053973,0.03340682545769783,0
381,1,81632,109,1,9,0,29,2,0,19,277,44,0.7895810462705204,0.7703478137964088,0.10625807913343946,0.8654744574934291,1
20,0,1373,2479,1,1,1,5,1,1,4,482,129,0.06516926031972128,0.08789009044809008,0.9720544195119771,0.0686813423565847,0
51,2,1432,3080,0,0,1,6,0,1,1,334,44,0.02823662262198672,0.08283461843227041,0.9880431139877485,0.07794240611984578,0
311,2,26822,298,0,5,0,19,9,0,21,405,6,0.7466036999228121,0.960355576357717,0.04394786267285307,0.9257882094296135,1
24,1,3269,3215,1,2,0,1,0,0,2,18,366,0.015718503833113264,0.06920549361872008,0.9468758936285866,0.022705907123032866,0
56,2,1495,159,0,0,0,1,0,0,1,420,389,0.05552975182009487,0.029711522462594356,0.8425857481854069,0.07559827539589256,0
81,0,63796,351,0,8,2,8,5,0,41,335,9,0.7281076003801594,0.9617389102916016,0.20476739969678825,0.6765766932554546,1
19,1,4584,3052,0,2,0,0,0,0,0,48,354,0.04377636955146402,0.015377430901254497,0.8923750654363943,0.04162992254519644,0
591,1,32280,90,0,0,3,22,5,1,9,241,1,0.8361498307851734,0.5399480430232141,0.15579302074001575,0.6893591608772216,1
45,2,3675,1674,1,1,1,5,1,1,4,173,183,0.05873760119414008,0.07470863392197864,0.8845630034199815,0.07979124231891935,0
21,0,3460,2968,0,0,1,2,0,0,4,287,230,0.07594616862247237,0.06845747269179689,0.9447676113965386,0.01963172186610509,0
225,2,91326,169,0,8,4,28,6,1,33,383,26,0.9935916290232549,0.3143887660240042,0.2581384848357215,0.6644023987509202,1
28,2,1178,173,0,0,1,9,0,1,4,215,223,0.09750893133357391,0.09504379933815833,0.8781917577060742,0.07550323047555772,0
17,0,2007,3309,0,2,0,3,0,1,1,74,269,0.025372723998314962,0.011813016229337127,0.9750108524639742,0.07200426155098359,0
20,1,1679,791,0,0,1,0,0,1,2,503,313,0.0696630301501386,0.008051925475471422,0.9826927110427705,0.07063894608565284,0
28,1,567,1138,0,1,0,5,1,0,2,458,47,0.09043032973273998,0.012931787285945096,0.8207875724790786,0.05960819573450929,0
516,0,56530,303,1,3,3,25,2,0,49,355,22,0.7968118065841112,0.9823955359383048,0.15502722977582098,0.5947866488149456,1
51,0,1788,2116,1,2,0,8,1,0,4,55,346,0.038385932434157416,0.038559725603737195,0.8634781137971519,0.041202752763495346,0
1,2,4150,1213,0,2,1,1,1,1,4,332,337,0.06276592478215405,0.01551488399009441,0.9669835520681571,0.07406482134439236,0
58,0,1723,2983,0,1,1,2,0,1,1,399,37,0.04577555447973872,0.002675664495656505,0.8717952478031407,0.056469261155464856,0
8,1,9739,166,1,5,0,6,2,0,27,414,42,0.9477245772913188,0.7290947655802522,0.232131685059074,0.7313619987776159,1
37,2,1488,2747,0,1,1,1,1,1,2,323,181,0.06249488241409268,0.038294149643248565,0.9853895712285807,0.049010661129663895,0
45,2,523,395,0,2,1,7,0,0,0,39,338,0.027109244599314287,0.039509781930056775,0.9338931926408718,0.08744743313180636,0
59,2,1257,660,1,0,1,7,0,0,2,240,165,0.036571338422990374,0.08180694716433133,0.8694250947371541,0.05506514143367966,0
49,0,4762,1111,0,1,1,4,0,1,4,110,500,0.0445856422352045,0.07687892457362626,0.9990874619735804,0.07260667042259647,0
8,2,2427,3400,1,2,0,0,1,1,1,412,387,0.011219845379245752,0.08231005297814642,0.8815628926804845,0.08153368984663248,0
10,2,3313,3967,1,1,0,8,0,1,0,223,233,0.025490169654154918,0.08291215853386713,0.9872766474211914,0.05283798338119311,0
38,0,1025,1740,0,1,0,3,1,0,3,505,27,0.07984273847917339,0.06348113317177619,0.8978463882718901,0.06808023051916598,0
514,2,88537,419,1,1,0,20,3,0,5,271,39,0.9985774589083344,0.3387972220843331,0.19318362950276083,0.8228626243353824,1
588,2,41012,453,1,4,4,6,8,0,47,288,38,0.8606261990501543,0.5179893630076557,0.2411103230536632,0.9445842990785506,1
51,2,386,2968,0,2,1,8,1,0,0,116,322,0.02730958169256749,0.007096845289530951,0.878066913079557,0.022266394587413276,0
319,1,59544,393,1,1,4,14,6,0,40,285,22,0.7963677678801702,0.4792781928550916,0.050644610415274065,0.7436570723703084,1
17,0,2009,3844,0,2,0,6,0,1,4,306,10,0.08770567021689889,0.02761342129953286,0.8417038787207939,0.08839280554523396,0
37,0,786,2783,0,1,0,8,0,0,4,90,222,0.014770866393739403,0.0791981979194186,0.8707426055265615,0.09947281758729101,0
9,0,4216,3883,1,1,1,7,1,1,0,496,409,0.009031960349105873,0.07124895437154156,0.8911482913371299,0.07651401904924438,0
553,2,60060,316,1,6,1,25,8,0,19,241,17,0.665923996554028,0.6861559109592004,0.2007662056125395,0.5632934284497577,1
1,0,1896,2872,0,2,1,0,0,1,3,311,151,0.06326369774462916,0.056677555747377345,0.8440425133474077,0.09253073380308707,0
29,1,4160,1433,1,0,1,0,0,1,1,83,410,0.08995147680329883,0.03821036547354239,0.8844122034954264,0.01308788230294915,0
7,0,2421,3214,0,1,1,3,0,1,2,224,23,0.09886522750049886,0.008286849471391777,0.9359983793563738,0.0834174733195335,0
43,1,70693,239,1,1,4,5,5,1,21,328,5,0.5904858163376308,0.49368570129533806,0.23897947886569956,0.9988374898417285,1
436,0,69009,417,0,8,1,14,9,1,42,213,7,0.7250889128241987,0.7993911700997571,0.3745406893036565,0.8795435091958976,1
592,1,84917,319,0,9,0,11,7,0,5,470,2,0.9295668766398402,0.982785959733044,0.3610180814106002,0.9175753076670025,1
23,1,4371,2676,0,2,1,0,1,0,1,194,359,0.03819968627553464,0.003308684488848213,0.9589874672351083,0.07126308203179267,0
284,2,35353,39,1,6,2,14,2,0,42,259,32,0.6902845603465979,0.42609631843312573,0.13269461293857407,0.5770265403116204,1
171,0,55447,475,1,0,2,11,8,1,25,294,9,0.7506349705969025,0.9658023375226898,0.031875648583334075,0.5398137719495114,1
43,2,3869,73,0,1,0,2,0,1,3,302,438,0.06621293431408594,0.06523152996429153,0.953813391892232,0.04128029292834983,0
14,1,4753,2552,1,2,1,9,0,1,0,352,432,0.07484545669873828,0.04765551200502234,0.8295174381624212,0.0497779092587781,0
58,0,1863,3035,0,1,0,2,1,1,2,413,46,0.07557133223324669,0.08392273805540734,0.9769279132207127,0.022274321456802828,0
57,2,3427,1364,0,1,1,9,0,0,1,214,369,0.012769913568677127,0.03831286522444524,0.8930916755152277,0.01968774405726742,0
6,0,1587,2612,1,0,1,7,1,0,0,145,245,0.01893095196796798,0.05423343307526284,0.8628692918489591,0.07139215028180697,0
159,0,23637,472,0,8,1,22,7,0,39,371,38,0.9484502853709063,0.8297933218883824,0.03570779783371743,0.8691967186976322,1
7,2,1005,3941,1,0,1,8,1,0,3,226,482,0.04117357606144606,0.03008856396687867,0.9853688812613668,0.09677843931219579,0
33,2,3561,514,1,1,0,5,1,0,4,269,233,0.08615300330102997,0.0778450319571987,0.9343281753846961,0.055849878925977404,0
31,0,1488,3188,1,2,0,0,0,1,2,344,287,0.023665804942399393,0.07082992988942843,0.9610437404183527,0.037921955781010735,0
287,1,31811,421,1,6,2,23,5,0,17,246,31,0.9121973117205779,0.7864770486334852,0.024268162375871594,0.9640002093385599,1
52,1,3261,1062,0,0,1,5,1,1,3,309,118,0.046082783522360005,0.013512458166875208,0.8548106371294223,0.005575524044441504,0
47,1,1192,949,1,0,1,7,1,0,0,506,149,0.07800659256819722,0.06132584785313802,0.8531400245115969,0.07130281410650974,0
39,0,2608,3183,0,1,1,1,0,1,3,52,60,0.05140781332703594,0.07256846721533149,0.9596905474823818,0.052300457778247295,0
30,2,1668,2638,1,1,1,7,1,0,2,470,273,0.042353305539091314,0.06496760972871556,0.9519123901989665,0.05217990570288087,0
0,1,3106,3185,0,1,0,8,0,1,2,102,58,0.004780189692061266,0.06503375562897966,0.8069484350839546,0.06881438464507984,0
17,1,159,231,1,0,1,4,0,1,4,187,86,0.07731286561517726,0.024592018415604978,0.8050116781309704,0.003032722868611726,0
36,1,3974,415,0,1,0,2,0,1,2,100,19,0.08161018727831083,0.08593058582579766,0.8646903193389645,0.05295504347304534,0
11,1,2288,3177,1,1,0,5,1,1,4,397,142,0.08567174335699063,0.029495427502440733,0.8849897313370401,0.0668620374118102,0
18,0,3590,220,1,1,1,1,1,0,1,223,428,0.06565726064408199,0.042160321029683104,0.937550721693576,0.004007739458030801,0
46,1,12112,413,0,5,4,23,8,0,21,437,42,0.6823052592706644,0.39473322566190205,0.12967347191763876,0.6034484875746929,1
39,2,1743,2539,1,0,0,2,1,0,0,426,201,0.07092975314285507,0.02526950610972404,0.9994855821270646,0.03165420929077639,0
19,0,3817,1406,0,0,1,3,0,1,4,1,440,0.02234508419702105,0.02295891171464717,0.8087943632795739,0.0496046744259724,0
46,2,1031,1228,1,1,1,6,0,0,4,404,465,0.006617403673047473,0.08672926570627199,0.8401689281778986,0.07981063836536784,0
22,0,4810,1283,1,2,1,3,1,1,4,244,436,0.0991601049956975,0.041768677766405055,0.8464512778343362,0.04565997979505614,0
45,2,20595,41,0,8,2,17,3,0,45,341,40,0.9677332569215853,0.5930790899326306,0.2864524211366222,0.8434074677552267,1
13,1,2138,3305,0,1,0,7,0,0,2,425,65,0.058855225187948446,0.023605304420682517,0.9966061984708385,0.09074536553340379,0
34,2,2827,711,1,1,0,6,1,0,3,299,58,0.03960265504627697,0.07600766552032469,0.8027643865466453,0.034653795834201064,0
217,2,63371,254,0,7,2,25,3,1,8,397,18,0.6901585641763714,0.746613695735296,0.37354771076760857,0.8292745781015672,1
286,0,19038,64,0,3,3,25,5,1,23,238,19,0.6477912238195926,0.6988568766329493,0.20406755598342158,0.6524699750358768,1
28,0,2468,1189,0,1,0,5,0,0,0,255,97,0.0018045078394280378,0.09202370756819166,0.8648601328523986,0.04702423338220346,0
58,2,3951,3927,1,1,0,1,1,0,1,473,286,0.022129427740351915,0.06573492797963973,0.8788425554572419,0.033065333900222704,0
53,0,3780,2700,1,1,1,2,1,0,4,448,354,0.09643380052000838,0.045239145398191294,0.9425960267428882,0.03560442400423221,0
19,0,3025,2293,1,1,0,7,1,0,4,170,387,0.007198579438560071,0.028292785934596523,0.8004054958961245,0.01676452573516256,0
11,2,3648,2897,0,1,0,7,1,0,4,416,286,0.019180141885502877,0.09405623868480634,0.8270615176110507,0.06153016503442944,0
47,1,1084,1606,0,2,1,7,0,1,0,302,46,0.05797843141951229,0.036236040329893415,0.8451015490871472,0.04953233628047701,0
121,2,25672,373,1,2,0,21,5,1,26,383,38,0.8015694040118069,0.6008801180366379,0.2319716745146042,0.8914172134863073,1
30,2,71374,371,0,0,1,18,4,1,31,443,11,0.6656887804639087,0.4965567058844548,0.007692638638399397,0.8811760132011668,1
37,0,2437,2449,1,0,0,6,0,1,1,178,341,0.07917827165591712,0.01398539900980409,0.9206410086765657,0.018766693911037104,0
486,1,71252,266,1,1,0,14,8,0,13,463,12,0.5630707003853574,0.6308336195986548,0.004091305386132005,0.9079131645532547,1
12,2,4128,216,0,2,1,8,0,1,2,195,472,0.002769934888167425,0.06944769800242671,0.8957277989679415,0.08963508665004244,0
100,2,31628,453,1,7,4,9,8,0,35,286,25,0.5149609534201537,0.9150838417426375,0.1751236123871042,0.8353599281883057,1
54,2,971,3522,1,2,1,6,0,0,4,249,270,0.04895888054011286,0.07985723476171556,0.9154384011776897,0.01917729778486941,0
269,1,58011,179,0,6,1,7,6,0,44,502,34,0.5356830247738429,0.8221461698736499,0.17852829316019383,0.8505344117570726,1
571,1,58567,8,0,2,2,12,5,1,42,203,13,0.6335880033232542,0.601801119118808,0.09477776126319643,0.6497713602251998,1
48,2,3155,360,1,2,1,2,0,1,3,81,501,0.08817704343022419,0.033657466551029115,0.8180945832069734,0.08851016930006729,0
101,0,57633,414,0,9,4,19,9,0,35,470,46,0.5085389249854364,0.4309309588862162,0.25886734975988246,0.9334214654485891,1
35,1,2298,3030,0,1,0,3,1,0,1,417,487,0.018057458760524503,0.08806778678416936,0.9365276236739507,0.0802557119664388,0
42,2,1775,2753,0,0,0,0,1,1,4,34,449,0.048275226421273854,0.0956283949622865,0.9795999209781091,0.053180144371580244,0
59,0,402,2620,1,0,0,4,0,0,2,353,50,0.021475582385457728,0.020161465867350594,0.8245144905258377,0.047838879764483325,0
55,1,3755,195,1,1,1,9,0,1,0,303,505,0.09471993152506986,0.007098461021221925,0.9942374616243601,0.016408146898182176,0
116,0,30985,214,0,2,2,7,2,0,16,297,17,0.7553392940263887,0.9794910109806254,0.030093050818411626,0.9385330623598992,1
27,2,1585,2827,0,0,1,2,1,1,3,343,90,0.03813476927138096,0.06674411141064836,0.9300526114951696,0.013136489755537696,0
1,2,2499,1383,1,1,1,6,1,1,2,471,348,0.0007493848138124815,0.06825940570038874,0.9995053515299467,0.09233180282516751,0
50,1,214,3841,0,2,1,6,0,1,2,351,489,0.022948628475047184,0.026875568339874034,0.8512270762248424,0.09904465806711134,0
31,1,1452,2413,0,2,1,3,1,1,2,303,32,0.052305132053273584,0.021914592997366724,0.9883735823416424,0.0574951696501963,0
441,0,31435,443,1,3,3,19,4,0,37,359,37,0.733180779115648,0.9345401884004116,0.2552709171590441,0.5475964046328197,1
11,2,4340,2446,1,1,0,5,1,0,2,413,212,0.0225690242570181,0.0682907362878661,0.9368280258665449,0.0741849309347317,0
63,2,52955,250,0,0,3,21,3,1,45,493,23,0.9297009235918061,0.4248447588073854,0.1446534686437236,0.6221876735779419,1
3,1,2260,277,0,2,0,6,0,0,1,402,424,0.03599367060457131,0.041664143272346604,0.9084430199145341,0.08163051099108631,0
32,2,2747,2983,1,2,0,7,0,0,3,403,177,0.05373599807259233,0.02334560859904591,0.9115122465014021,0.021557544461051282,0
12,1,37010,222,1,1,2,25,7,1,9,211,41,0.5856413019661131,0.56480465509868,0.3124802454902954,0.5345652291144024,1
413,2,13678,298,1,0,1,5,9,0,21,254,21,0.6255141549639719,0.4380234222365795,0.2602510877937922,0.5476053110352788,1
537,0,39991,47,0,6,1,23,8,0,44,382,39,0.5064011228132985,0.3203663207944324,0.18122100880361428,0.688578727375053,1
16,0,3661,1036,1,1,0,5,0,1,0,72,481,0.03892843584315542,0.02823311217609973,0.9814576600635846,0.07797084806413465,0
263,1,68366,331,1,4,2,19,4,0,7,472,1,0.6942390975512616,0.7205771480335141,0.2964225019096029,0.8551464312006503,1
439,0,66715,186,1,3,0,26,4,0,18,392,33,0.5009236848698622,0.516762566860953,0.10010700338299716,0.7451980974800063,1
35,1,3924,2747,1,1,0,6,1,1,0,167,110,0.03751577248346249,0.03186701255650866,0.8637215252559549,0.0006020425298665644,0
16,1,4752,3041,0,0,0,2,1,0,1,403,16,0.012196740183602907,0.01650174361794873,0.9106750588272459,0.07576453018622786,0
13,2,4543,2402,1,0,1,2,0,0,2,11,265,0.01993638478883533,0.09104276538416134,0.9165522360208467,0.044386432981145064,0
288,1,82033,466,0,2,0,26,8,1,25,279,47,0.9168572289955881,0.7822166954436083,0.049083542640748594,0.5895194100007345,1
358,1,7409,422,0,8,1,23,2,1,26,472,15,0.8373381707531632,0.7848924277459511,0.09764438350924683,0.5143731366760882,1
16,2,4696,2410,1,1,0,5,0,0,2,228,317,0.09874143241465967,0.0045425908147575635,0.8289657763428259,0.032432803611614026,0
54,2,4913,902,0,0,0,9,0,1,3,501,249,0.006146138402971735,0.04966117089386962,0.8184285207165861,0.04864844233277256,0
50,0,67806,103,0,9,2,24,7,0,18,229,31,0.8767890473461518,0.9349834455617796,0.03801794673438761,0.6757573369314838,1
18,2,2036,1321,0,2,1,9,1,1,2,89,488,0.00844170735575409,0.004110766116632614,0.8448440650849659,0.05359272815922365,0
7,1,120,259,1,1,0,9,1,1,3,409,88,0.04534605327461706,0.05096520731322825,0.9024472657882595,0.015926813629184224,0
44,0,3985,1678,1,0,0,4,0,0,3,385,132,0.015192992735282164,0.05894041908984641,0.8438432021071032,0.06933135983051918,0
57,0,4270,1520,0,1,1,6,0,1,1,306,113,0.0787555520292205,0.04622843741215184,0.8116297172710487,0.018378647456855246,0
402,1,41125,105,0,0,1,13,7,1,43,486,36,0.6497419130146176,0.41598690882836575,0.014363097763535794,0.6670300265416553,1
51,2,3567,3143,1,0,1,2,1,1,1,274,438,0.03312986577713047,0.01237832194108991,0.9036530521178818,0.057486419495173136,0
443,2,17548,40,1,4,3,17,8,1,11,382,11,0.6742276825364133,0.5245146275896229,0.34116960418891984,0.6442992537252327,1
40,2,2172,2374,1,2,0,5,0,0,0,312,78,0.025943382681763896,0.06858252530659437,0.870958716408369,0.027451590999382693,0
505,0,64401,58,1,4,4,24,2,0,6,261,32,0.5261906088624702,0.60470145086208,0.19902776372673606,0.9407557599484193,1
6,1,2127,2601,1,0,1,1,1,1,0,157,347,0.011000764004946552,0.024409948145485617,0.9624813260296056,0.008171059311287388,0
364,0,92431,419,1,9,2,22,9,0,25,477,34,0.6990656890409028,0.4789487036446868,0.024952314173139412,0.8954587308188258,1
10,0,4397,863,0,0,0,6,1,1,2,177,476,0.09199407301330877,0.0578177632949089,0.9073511593743868,0.06994120621350593,0
55,2,146,563,1,1,0,0,0,0,0,468,84,0.06905739666041698,0.09183446933032424,0.9079912132566955,0.04615247131108107,0
112,0,96624,172,0,8,4,12,2,0,35,276,26,0.7882230814192479,0.3010316023554649,0.37919560866908086,0.5411065802737113,1
57,2,4266,1020,1,2,1,3,0,0,0,459,22,0.011824743505147473,0.06763548900635648,0.8199501250484118,0.06194846984907141,0
157,1,63617,282,0,9,3,14,8,1,38,255,44,0.6398277161665928,0.8095216212184384,0.31337026085888203,0.7281331164623561,1
489,1,29522,217,1,6,2,11,9,1,46,447,23,0.9600703073031309,0.8977137112915186,0.32681060290023406,0.9491560455111298,1
58,0,3440,2575,1,2,0,8,0,1,0,491,383,0.0752723837670756,0.09142412875275369,0.9344636569305843,0.01426091931486494,0
34,2,4619,2620,1,0,1,0,0,1,4,217,241,0.030996935836971207,0.031510082532891635,0.8896011373198626,0.0015526257917141241,0
20,1,1855,480,1,2,1,4,1,0,4,246,9,0.03336720925154043,0.09975050992875395,0.972446068824622,0.022414478415937092,0
26,0,2662,171,0,0,0,5,0,0,4,500,456,0.0635966009185933,0.04861130051781701,0.8202366551893132,0.055946306259501435,0
22,1,199,366,1,1,0,4,1,0,4,268,478,0.03109550343993315,0.011115807415925383,0.99013379878487,0.006703318302376505,0
306,1,83507,3,1,0,1,19,9,0,10,298,47,0.5053856082054227,0.9262976916177581,0.08271391326653049,0.9242249759970531,1
1,0,3457,978,0,1,1,2,1,0,1,390,418,0.007890265803920415,0.01896249261134002,0.9115557634522323,0.08012850169152202,0
43,0,1623,1766,1,2,1,2,0,1,1,300,153,0.05531972591780507,0.03242981242097368,0.8585222157669287,0.012966913408069592,0
18,2,4194,456,0,1,0,3,1,0,3,473,123,0.035216049588722764,0.08859714972638087,0.8827897145547271,0.028468943255270884,0
37,2,4353,3840,0,2,0,4,0,0,4,430,334,0.09896760120928134,0.03693420939681739,0.8773510962747558,0.05907169380143795,0
43,0,2579,2122,1,1,0,7,1,1,3,465,177,0.0025321896414725376,0.009012738334548276,0.8349718793971322,0.04874574693374059,0
50,0,3976,1392,0,1,1,8,0,1,2,510,460,0.039792383968854865,0.04946317837248777,0.942272558780798,0.05974197786393144,0
5,2,1666,3400,0,0,1,3,1,0,0,340,101,0.047739142797999325,0.05798690534821226,0.8944722133027951,0.06121003269598905,0
38,2,3577,2621,1,2,0,8,1,0,4,230,363,0.08326000376316811,0.09521059510441976,0.8382824543018409,0.055086150457978204,0
498,2,65813,478,0,1,0,27,7,0,10,225,20,0.5110834522207044,0.33293699728943277,0.1857478220683257,0.9899005689891689,1
17,1,876,1245,1,0,0,5,0,0,2,170,316,0.0012356745462270503,0.09236473747736719,0.9945137299953446,0.0714956445426563,0
470,2,32570,244,0,5,2,29,7,1,32,283,16,0.5645147322288473,0.7328798223379278,0.1876115041354683,0.7985930214186675,1
19,1,3434,3300,1,2,1,3,0,0,2,288,125,0.04434857303624891,0.01928335997772398,0.8639704961022083,0.0875961162916166,0
61,1,59058,346,1,4,0,14,2,0,20,310,12,0.8710853490061607,0.3616228735601429,0.10302713799441246,0.8513714143987623,1
486,2,28498,387,1,0,3,20,8,0,39,468,8,0.6139471473957812,0.3590331072592453,0.2207524113821553,0.9915470020619165,1
40,2,754,2710,1,2,1,0,0,1,4,66,25,0.019505136392789002,0.005683734457387191,0.8859669364452027,0.03299267712906456,0
168,2,42730,400,1,9,2,24,6,1,42,208,29,0.7224838730559237,0.40366818481734607,0.04264727751282989,0.7138737381415969,1
7,0,1716,2687,0,0,0,6,1,0,2,486,223,0.05349861401692815,0.06777271025152849,0.8535778382752351,0.021008882127639884,0
7,0,801,1806,1,1,0,4,0,1,1,446,277,0.08265700568100572,0.057780895091347796,0.9452162714939407,0.04766359746294953,0
10,0,3656,1387,0,1,0,7,1,1,0,258,25,0.06413624061922378,0.01291454464992472,0.9309147113099336,0.04976383029669678,0
12,2,2350,3868,1,0,0,7,1,1,2,61,408,0.019763371086877216,0.036607797755496496,0.8337481519944936,0.09508932713168251,0
3,0,637,1959,0,2,0,3,1,0,4,433,262,0.03562000613081639,0.0006933587647463768,0.876314761516003,0.02532481618532012,0
12,1,2223,98,0,2,0,3,1,0,4,254,7,0.01528251077777374,0.07248552262285245,0.8639664541182686,0.02122850048391477,0
44,1,1493,3947,1,2,0,8,1,0,0,326,226,0.02097023662365698,0.06770173231360446,0.8285599338599272,0.04044056944439454,0
39,0,4100,484,1,1,0,5,0,1,0,381,338,0.08367603317067863,0.05387638078140248,0.8604175695604193,0.06899351974200782,0
319,1,32508,198,0,4,4,12,8,0,8,331,8,0.7539437238465092,0.5575871520775475,0.2346299627493306,0.7573751344629907,1
56,0,2289,2569,1,1,0,5,0,0,3,222,483,0.055901525519817336,0.049514085541971835,0.9773135790761934,0.09009858465612008,0
40,0,2012,560,1,1,1,5,1,0,3,509,318,0.06240081755153254,0.054813135097567245,0.9671752052140239,0.09923390466889646,0
6,0,474,1926,1,2,0,6,1,0,4,187,449,0.07789988391841303,0.021281323170730428,0.9668083859340798,0.018304263533662136,0
247,2,96195,210,0,2,1,24,2,1,49,287,19,0.52447761654498,0.7425171208359368,0.31369624762159914,0.8683673866486356,1
47,1,1612,2430,0,2,1,4,0,1,0,275,309,0.04424771019306643,0.02835518313150838,0.8969727589664046,0.07755166871290418,0
40,2,3039,2635,0,1,0,6,0,1,3,158,414,0.056415071568788056,0.026129552855620297,0.9186822020994349,0.010852767846559542,0
57,2,3277,1019,0,0,1,4,0,1,4,117,338,0.06045621400317791,0.09414286529781364,0.845409199069044,0.04411033673764723,0
152,2,72211,112,1,4,1,26,3,1,22,500,15,0.6297884248144032,0.42418545925755236,0.09495455176878737,0.5288178018974312,1
52,1,3609,1156,0,1,1,6,0,0,1,324,337,0.007923373776263431,0.05163954207533142,0.9384270544181129,0.09080334240923947,0
53,1,2248,846,0,0,0,4,1,1,0,159,452,0.030371677260881635,0.019420823627229113,0.9298400542609117,0.0028815146211227274,0
26,2,2297,1074,1,1,0,0,1,1,4,370,472,0.06761499591679197,0.09249393472133345,0.9719138720682974,0.0008797039222742331,0
15,0,21084,351,1,5,4,26,8,0,38,388,5,0.5248250839682153,0.3679840676607004,0.12710672245919194,0.5533631711259479,1
48,1,4796,2940,1,2,1,6,1,0,3,305,371,0.030036702510200256,0.09875584131524992,0.9309080155063725,0.0500129726434847,0
565,0,97224,218,0,7,0,8,6,1,41,404,4,0.7501690571054254,0.9308462829379314,0.37957766196932075,0.8594603276748132,1
16,0,1692,2732,0,2,0,8,0,0,0,395,341,0.008924866763088813,0.06315902633391395,0.8714420348266133,0.005223070860931512,0
53,0,2832,2219,1,2,1,2,1,1,1,41,453,0.017446677397043208,0.051356751057569476,0.9636414444140599,0.06135033689360965,0
563,2,24686,176,1,6,2,26,4,0,5,471,20,0.9958454638075597,0.999453454666541,0.24206702870458796,0.8254725963117964,1
29,0,3734,96,1,2,1,8,0,1,3,432,226,0.02914819918050401,0.010252505322306439,0.8904855722850371,0.09015093993697686,0
6,0,3328,2522,1,0,1,8,1,0,1,67,225,0.0605454073732427,0.03116024260922369,0.8890841592363673,0.05335082234249166,0
49,0,1205,1758,1,0,0,2,1,0,3,126,450,0.06712390524231734,0.020360812220981996,0.857621826940317,0.022798113419286493,0
31,2,3224,2436,0,2,0,6,0,1,1,145,436,0.06232755511608306,0.023622303255817947,0.9960349891903049,0.060175154866747974,0
6,1,287,3748,0,0,1,1,1,0,2,301,336,0.013701505073459375,0.021620509254715804,0.8036605060390926,0.03392183289622066,0
336,0,18222,60,0,8,1,10,5,0,23,420,32,0.8825863540133283,0.7967142282426316,0.3609385017449561,0.8230865093756234,1
5,0,2882,412,0,0,0,6,0,0,4,312,420,0.009555605806847278,0.009751871042002503,0.9890138231724133,0.09547331142535048,0
47,0,2984,3855,1,0,0,4,0,1,0,308,478,0.029956256445540976,0.02313400150591215,0.80355418635078,0.09539861134620733,0
57,0,4908,173,1,1,1,3,0,0,1,157,253,0.05615618048538343,0.03722712470803773,0.9428510296105244,0.01450321614097312,0
199,0,86888,371,1,5,2,6,8,0,14,365,5,0.6671441483826451,0.6937882398151152,0.12847880633436898,0.6675753352444623,1
46,2,4442,1055,0,0,0,9,0,1,4,348,301,0.015952617288973816,0.04062958432605246,0.9506316221902327,0.004177971547608051,0
41,2,4324,616,1,1,0,9,1,1,0,436,253,0.09678675472064772,0.0705656054968411,0.9505318716349896,0.02251482366738159,0
186,0,73044,351,1,7,0,7,2,0,7,464,6,0.8465929922013125,0.9212829854653855,0.13287188666132313,0.6133496666936662,1
259,2,18714,266,1,2,3,5,4,0,47,494,34,0.6948409465715037,0.5499138110047699,0.08020800169595904,0.713550824694968,1
41,1,2726,2374,0,1,1,0,1,1,0,480,283,0.0948558572585442,0.004391031998029016,0.921148085001214,0.09404713000370657,0
340,1,94084,389,1,8,0,13,9,1,7,247,41,0.5962936971316035,0.9250839163410598,0.20174516552146518,0.9516640032564553,1
38,2,1128,2225,1,2,1,2,1,1,3,56,71,0.04963136448458682,0.0747517296041743,0.8292596737498293,0.012873257303665132,0
46,0,3490,932,0,0,0,0,1,1,3,413,99,0.04322579703041806,0.01789828947186787,0.8972119051866705,0.0596366893655415,0
19,0,1372,1867,1,1,1,4,0,1,3,296,78,0.07224157333538549,0.03849616619579254,0.8182863611717198,0.07070851695826336,0
26,0,2111,2476,1,1,1,9,0,1,4,464,232,0.07739936566500354,0.096344008650233,0.9674309397793142,0.09919979909349493,0
25,2,4140,428,1,1,1,6,0,0,0,429,338,0.0857326489747688,0.02644624352253855,0.8188316859662809,0.06896686806811918,0
244,2,20182,340,1,1,2,6,6,1,40,237,1,0.6984189198894495,0.8705749757683363,0.2922196217359472,0.8768702624821038,1
270,2,68567,15,1,7,3,13,7,0,41,308,44,0.5695072685785548,0.5193805054591735,0.16698032382925826,0.8047090955581284,1
29,1,1586,1691,1,0,1,8,1,0,2,245,259,0.04000676062694897,0.09284413484690562,0.860488030055768,0.06673071985541633,0
60,2,46999,320,0,0,2,29,6,0,16,440,39,0.5361967125399625,0.4394768078300115,0.32926582530059867,0.5114316887576147,1
43,1,175,2831,0,0,0,8,0,1,3,445,303,0.07226032234724356,0.049646678594584354,0.8872667470953843,0.005862694699616134,0
40,2,1305,3433,0,2,1,0,1,1,3,508,166,0.03207735660958353,0.08513259465224111,0.8540876369845811,0.0578276448121984,0
42,2,1392,2691,1,0,1,5,0,1,0,403,402,0.07628027726876375,0.032465016168307416,0.8823124283329068,0.07174866411944185,0
280,2,14105,406,1,3,0,7,7,0,47,445,2,0.6052380366708275,0.7837727130465618,0.13324492117758072,0.7077255125342343,1
10,1,413,2132,0,2,1,9,1,1,1,197,150,0.02426655733187675,0.06332249923070632,0.9234325741162893,0.02193957353691142,0
36,2,574,2534,1,1,1,7,0,0,0,285,11,0.03744716081974086,0.07026116043196991,0.8660772384655477,0.0400286595230113,0
256,2,70368,307,0,1,3,16,8,0,15,237,45,0.9458231935255095,0.9869095873540938,0.3569340102491494,0.887202851529997,1
30,0,1537,1289,1,0,0,4,0,0,1,116,44,0.0036077630134868977,0.044388390829108594,0.8440275249330944,0.058666730243989246,0
27,2,413,742,1,0,0,3,1,1,1,338,279,0.009236273369910664,0.008764687814346661,0.8476492653823656,0.010277897949260617,0
44,2,828,1539,0,2,0,2,1,1,1,457,204,0.05393849258644748,0.015003992232733389,0.9708519122723673,0.07522452222717028,0
42,2,75116,295,1,6,0,18,6,0,29,395,3,0.5073593420621454,0.6287745093984165,0.16368107550532654,0.6858688920550762,1
382,1,85393,314,0,0,1,12,3,1,46,459,20,0.5698403763775524,0.7645133731455476,0.1902562540493237,0.8813544554590396,1
113,1,34912,391,0,3,4,19,5,0,18,416,12,0.8122852749684042,0.5126766585242906,0.292322501093704,0.9100990295478005,1
15,0,2309,3470,1,2,0,2,0,1,4,29,345,0.02034474717670677,0.049271696590310866,0.9234026571417366,0.015085051504055336,0
59,0,282,2473,1,2,1,8,1,0,1,77,437,0.0653187382213479,0.015301920939127224,0.9255511467435742,0.05956815695330508,0
40,2,3884,3901,0,0,0,4,0,0,0,397,147,0.0489266682905633,0.07877193148325588,0.9021029665534317,0.018517808655426096,0
49,0,3190,1763,1,0,0,0,1,0,0,180,313,0.028554550164786675,0.08352006951538296,0.9455293040661117,0.0855602114793381,0
519,2,48327,391,1,0,0,10,4,0,16,307,35,0.9603311532900074,0.4797412743141066,0.26308101799738065,0.5579534967126794,1
548,0,94995,407,0,9,0,26,2,1,32,339,6,0.7902255752196667,0.9555155739735988,0.09554951224114801,0.7766514140728346,1
26,0,3481,2509,1,0,0,4,1,0,2,90,226,0.08309878032139913,0.09467482898903577,0.971782474841438,0.005961582877359451,0
15,0,2603,851,1,0,1,1,0,1,3,311,32,0.04604498812614062,0.040093510772590185,0.8893150671910982,0.006521322609780078,0
247,0,60790,154,0,5,0,21,7,0,12,249,23,0.6708451182271868,0.6777154698328752,0.1664338769207231,0.641685051957609,1
567,0,64154,41,1,0,2,7,8,1,37,427,46,0.805590664956215,0.938601905207644,0.16097237944240017,0.7595141677530507,1
295,1,51190,179,0,2,0,18,5,1,35,436,24,0.5919163185817125,0.3981346622418038,0.2992927015541872,0.8061172650155324,1
93,0,50301,482,0,0,2,11,7,1,36,211,46,0.5077291096701437,0.8691244865581726,0.16690058678875716,0.6153860867048997,1
11,1,2319,95,0,1,0,2,0,0,1,14,308,0.013969471108450517,0.0014769968209108254,0.900067833893876,0.02904779148642509,0
45,0,2117,2582,0,1,1,7,0,0,3,429,459,0.05834890482823806,0.04668537674348949,0.895014968649484,0.06355213105780555,0
562,2,24669,209,1,9,0,17,7,1,36,389,12,0.6952900785630637,0.7466417207777641,0.12203941285972966,0.8312259928688879,1
39,0,238,3528,1,1,1,1,0,1,4,446,188,0.08702329741435598,0.06944587111102236,0.9719169221514902,0.012523598299633676,0
64,1,59176,98,0,5,1,8,5,1,30,216,30,0.9571292863007326,0.9081464075894612,0.39450304597901115,0.7046356149526396,1
11,2,2568,1139,1,1,1,3,1,1,2,337,472,0.023764711882154635,0.0576452427539218,0.9576658003555448,0.008679343179062982,0
45,1,2162,3211,0,2,0,3,1,1,4,178,444,0.013830799241727166,0.019828546758736444,0.8255565791577286,0.001693742856081293,0
51,1,1576,2585,1,1,1,6,1,1,4,292,331,0.03125754343232922,0.08410270905397582,0.9429419594779878,0.010105351157554454,0
55,0,3096,962,1,2,0,5,0,1,0,428,464,0.08136704671894361,0.019519455742009386,0.8639042188763222,0.017377363063204698,0
349,0,75273,390,1,2,4,21,9,0,8,245,17,0.7026042144108798,0.7593416626504017,0.011716280517995826,0.7051177507186792,1
252,0,30883,293,0,1,4,6,4,1,23,226,17,0.626045120815979,0.7830398729475618,0.28881683542264436,0.7437490012218037,1
31,2,2136,932,1,2,0,7,1,1,0,303,274,0.051822307836595465,0.07094121186620822,0.9802161609875168,0.015447954639773498,0
12,1,417,1712,1,1,1,6,1,0,3,279,310,0.09242837865623453,0.08572340797660133,0.8710435947238284,0.056281376228038464,0
16,2,2454,1277,0,2,1,1,0,0,1,470,473,0.08499137794059852,0.049791797208365234,0.959793952801118,0.0536302309010845,0
577,0,23583,40,1,1,4,18,3,0,20,244,16,0.9256788386947452,0.9693976891539613,0.06885939167191167,0.8880724637913924,1
8,0,1167,1195,1,1,0,7,1,0,0,328,347,0.08071234759519763,0.03292059400769161,0.8469492282439175,0.07783599333536542,0
58,1,4039,641,0,1,0,6,1,0,0,221,268,0.014958317547539169,0.03566291440633138,0.841029370459891,0.09161855261615515,0
51,0,1502,1704,1,2,0,1,1,1,1,348,21,0.09930320513696446,0.09691537140065996,0.9284040455916645,0.054607535446008465,0
12,1,98368,2,1,9,1,11,8,0,8,403,40,0.89332287385784,0.31696551423907116,0.10408724862036288,0.7646495800014425,1
575,2,60654,21,0,0,0,25,2,0,27,289,15,0.5635623489350092,0.9247172882431454,0.1865032654342194,0.8564211729020746,1
478,2,59326,280,1,3,2,24,6,0,40,427,20,0.8776746396746096,0.539385177045063,0.37060742174717665,0.8024514420579048,1
42,0,244,2705,1,0,0,2,0,0,2,492,438,0.020504394342329948,0.07158899845200836,0.93578826908049,0.05963460501013234,0
5,0,1775,1816,1,0,0,2,0,0,4,293,209,0.07515837717246078,0.030406657385538927,0.8754750710643315,0.03951322809401821,0
29,1,3014,480,0,2,1,4,1,0,4,303,142,0.08472636205993435,0.08081291468381169,0.8360703474000484,0.05713409802120148,0
62,1,67831,278,1,5,3,11,4,0,34,254,48,0.6600150529170775,0.7724497986194654,0.07025946807391677,0.7763593714784955,1
20,0,3268,1872,0,1,0,2,1,0,0,317,331,0.04217352010057991,0.05406636640671847,0.8020874126608754,0.08886705775540708,0
55,2,541,2772,1,1,1,9,0,1,3,272,261,0.05656449856647973,0.040129660484705426,0.9428198088950479,0.056019210569635894,0
13,0,523,3832,0,0,1,5,0,1,2,329,46,0.08554818472056638,0.08125795891506288,0.9011121434084606,0.0354120210114085,0
11,2,4718,1398,1,2,0,6,0,0,0,213,378,0.05134600292427565,0.05631871222548453,0.9915953750875202,0.021550201255740854,0
187,2,40573,460,1,9,3,22,4,0,8,492,40,0.7371303354838092,0.358240425143079,0.1794508527363762,0.7179627746719175,1
15,2,4840,2153,1,1,1,1,0,0,3,137,110,0.08191694991392698,0.0255589378866523,0.9779349463601643,0.04306327457315508,0
5,2,1821,677,0,1,0,4,1,0,1,259,306,0.040177488776272544,0.014299984268575695,0.9668136333774794,0.002134615859431133,0
39,2,4997,2880,0,1,1,0,0,0,2,323,87,0.03265404619285193,0.02723256061978411,0.8724151658425926,0.06443511240458692,0
11,2,68721,277,0,2,0,11,7,1,33,257,20,0.9383499358645149,0.39521505369916843,0.28306729086077626,0.911943151866724,1
353,2,57757,40,1,6,4,14,9,1,49,358,46,0.980356484157433,0.45216157405672064,0.36227236799632717,0.6343825875717775,1
384,2,26664,465,0,4,3,10,9,1,10,330,16,0.7729857506620128,0.5000551707345132,0.2476225999947419,0.9669211832917757,1
207,2,10324,16,1,8,4,12,5,1,22,344,43,0.9557172888686287,0.6858906307285179,0.18532333480805396,0.667533218492194,1
183,2,74456,243,1,4,3,15,7,1,44,494,23,0.781404825374866,0.45666945598816433,0.15560604257904612,0.8184836508332143,1
443,2,55436,91,1,8,4,5,5,0,37,485,15,0.7666472739095674,0.5568783629719938,0.3577190307340846,0.8967306552688835,1
82,0,42344,160,0,7,0,22,6,0,25,299,49,0.6774028389604214,0.8577299852526348,0.38604414645424634,0.9380532893281853,1
484,2,5668,116,1,4,3,18,3,1,18,372,49,0.7018153357678484,0.723471504555649,0.28867137067724075,0.548663562423025,1
55,1,3213,3959,0,0,0,9,0,0,1,428,219,0.03320039404371594,0.09065113834452003,0.9551320123246703,0.056285130926785235,0
30,0,786,1451,1,2,1,3,0,0,3,41,508,0.02812678697706955,0.09972401613501751,0.9234691820539607,0.08919843158376436,0
18,1,48509,6,0,0,0,29,8,1,43,380,23,0.5789364868697792,0.7012942962489981,0.06140238964367786,0.5516820207368686,1
42,0,3312,2487,1,2,1,6,1,0,3,489,478,0.03086963876133907,0.07301336396102806,0.9184614947721954,0.028657009325826956,0
420,0,53370,34,0,3,4,10,3,0,20,445,36,0.5277477542028557,0.9875632754669625,0.0053505794072376215,0.9692277388172237,1
8,1,1892,2342,0,2,1,0,1,1,4,435,377,0.04528462490908434,0.09741365961999734,0.9922316177851489,0.07049109107077214,0
46,2,225,951,1,0,1,0,0,1,0,152,9,0.09205795390951388,0.07768594323261173,0.897962566719269,0.049245662467103435,0
36,0,1027,476,1,0,0,4,1,0,4,254,146,0.015906448801226315,0.047801415031526844,0.9016266945204924,0.021344707996073166,0
539,0,65698,488,1,1,4,12,2,0,18,291,36,0.5248013456660121,0.7849504221970129,0.06712995578837848,0.9270613617758042,1
17,2,2091,2980,0,2,1,9,0,1,2,384,379,0.053155609786254054,0.039730022475158756,0.8462149222723899,0.0029189661908075593,0
9,2,4707,1461,1,0,1,5,0,0,3,208,349,0.043821308003921915,0.08205907949172027,0.8473285669416446,0.025627682807861665,0
49,2,2982,3709,1,2,0,1,0,0,2,29,193,0.05918669023914298,0.07223157808530244,0.8884205984939482,0.06274379099356626,0
51,0,74500,99,1,3,4,21,5,0,23,418,38,0.8922718354638826,0.985195469243844,0.3307210999612308,0.8302757600880738,1
75,0,9469,421,1,0,2,28,7,1,42,200,7,0.7863680498425986,0.9941740490935831,0.1592094511285458,0.9875454579204386,1
535,0,59461,491,1,7,0,27,2,1,42,317,8,0.903453168686001,0.3157701057534271,0.08156799094270983,0.8278698955252835,1
427,0,91353,347,0,3,4,12,8,1,43,428,30,0.9204597008236641,0.4405070011445825,0.09193712210138477,0.5721260064031943,1
442,0,80845,396,1,3,1,23,2,1,45,323,14,0.5438976076495217,0.9758512884768216,0.29792248403936356,0.5324601345178717,1
351,1,82536,94,0,6,0,6,4,1,49,486,49,0.908787582505947,0.5179484299980739,0.155929563791103,0.8126480828936997,1
0,1,3929,938,1,2,1,7,1,0,1,162,295,0.00648060347177174,0.020436416350441203,0.8504087477729101,0.05805361918497029,0
416,0,19054,417,0,5,4,13,4,0,38,353,40,0.7485210195654692,0.836611126729305,0.09420505636774289,0.7224052532200291,1
286,2,95002,323,0,5,3,26,5,0,29,395,28,0.7417960218068467,0.8383549401285202,0.01891205280779902,0.6029286813826569,1
57,0,1772,415,0,2,0,0,1,0,2,353,138,0.09035401391865641,0.013728922317612925,0.866599883526224,0.06921834053926572,0
99,2,14693,474,0,7,0,16,3,1,28,286,23,0.8357191286756483,0.8256076269918471,0.022641336848832516,0.6928087108874643,1
14,0,264,2484,0,1,1,1,1,1,2,451,72,0.053482319741982566,0.03821129821048807,0.8045414958700943,0.061419234581359096,0
43,2,18908,123,1,4,2,13,9,0,43,257,11,0.8693870644134355,0.7958857836580849,0.13599646605094526,0.9990946433777399,1
488,2,78289,466,1,1,3,6,4,1,6,298,34,0.5938805175706966,0.5296915631717378,0.09569328411974937,0.5763023618418166,1
23,1,62107,25,0,0,0,17,3,0,33,340,30,0.5537230420349601,0.7627117296703768,0.11616115912801361,0.7808593047291569,1
30,1,104,640,1,1,1,2,1,0,1,248,325,0.09971458870067389,0.05864547447676264,0.8878230013099404,0.07641993817331556,0
22,1,3249,3225,1,1,0,5,1,1,0,105,73,0.07398002499268358,0.030992979299521686,0.9229833253758684,0.008333843891839087,0
1,1,1676,3636,1,2,0,9,1,0,2,365,257,0.0421373005308787,0.09019729440862168,0.9712254607167254,0.08969370826070563,0
47,0,2756,2105,0,1,1,1,0,0,3,367,293,0.06508864692271905,0.039594885258864024,0.8398905324540747,0.08956474076625377,0
256,1,74486,310,0,4,0,26,7,1,19,224,6,0.9494476222420358,0.40176195940878584,0.35248523313615276,0.7971798924210649,1
40,0,2448,3525,1,1,0,1,1,0,1,254,290,0.01654291489290982,0.04780669163327265,0.8057479689162828,0.08722024580999954,0
48,2,2641,2221,1,2,0,8,1,0,1,361,18,0.0014798405884745237,0.03099125324420834,0.8006085965249744,0.019683857030134123,0
12,1,8138,207,1,8,0,18,4,1,30,263,49,0.7070922017696186,0.9221091030927078,0.32350683775808065,0.5426860258059527,1
9,1,4974,1872,1,2,1,5,0,0,0,25,316,0.02761745279621717,0.036566965570893284,0.9089724039074893,0.014551993145066888,0
43,2,2103,3383,1,0,1,5,0,1,0,225,17,0.08622548329571308,0.024453691519422695,0.9434883131726789,0.09280429132716797,0
9,0,1040,2344,0,0,1,1,0,1,0,146,272,0.08789539681759158,0.02362357031699971,0.8526219823163013,0.022090901143284804,0
564,2,42339,58,1,7,0,20,7,1,42,482,38,0.7464426092839234,0.8147399208441561,0.2057147497077732,0.9733705034059452,1
22,0,1587,1711,0,1,1,3,0,1,2,347,402,0.04373816197227192,0.0932841654946819,0.8797413197016153,0.06635721485459631,0
8,2,33913,220,0,8,0,12,8,0,16,323,4,0.6867551520098367,0.7037552296684586,0.012515503600385315,0.5169083862040909,1
23,0,2978,3306,1,2,0,7,0,1,2,10,65,0.08579563762666258,0.0874687221767953,0.8408129726867983,0.09134744109043787,0
23,0,4117,3366,0,2,0,3,0,0,3,168,443,0.04444166607492123,0.026775475059098143,0.9189086258512614,0.08185324877376293,0
49,0,2796,2646,0,2,0,4,0,0,0,376,503,0.03169679658833015,0.09219819911322603,0.8304496057350764,0.06604787573218866,0
32,2,4216,2580,0,0,1,4,1,0,2,4,401,0.023247061975224914,0.07121410487642788,0.9116346010625355,0.07911825270571454,0
126,0,96910,266,1,5,0,19,8,1,30,470,14,0.715051044888102,0.8175723322648911,0.08019846787641019,0.7251854233132252,1
519,0,80296,148,1,0,3,19,6,0,36,452,11,0.7593766737257605,0.4716528449759188,0.22523043124040468,0.6545054845196757,1
130,2,62184,263,1,9,1,24,2,1,18,272,28,0.7931543477066749,0.725312102239958,0.3704703182727404,0.8856246271735932,1
55,2,2879,1412,1,0,1,0,1,0,2,429,351,0.0800774035124349,0.019446753795214967,0.9080804036678405,0.033036432241471285,0
18,2,1764,319,1,0,0,5,0,1,0,122,329,0.06566820030635723,0.017321801339741937,0.9438407009693692,0.006608132483176332,0
74,0,7697,283,1,0,1,5,5,1,36,483,3,0.6540106167922143,0.3825031894477627,0.16972807547508795,0.957588520214012,1
33,2,1687,2958,0,0,0,0,1,1,1,166,8,0.09611792597466838,0.0043300019287278784,0.82202690352413,0.07997673767862538,0
37,0,4978,3633,0,1,0,0,0,0,1,181,397,0.0028963767293081703,0.07000888389678808,0.9929357063109112,0.029177386911415873,0
102,0,85562,351,0,4,3,11,4,1,20,362,21,0.9712346016644999,0.5777217359113391,0.18839195611972684,0.6261433501932656,1
38,1,1530,792,0,2,1,8,0,1,0,392,55,0.05569777666334749,0.03781078645204755,0.9419576834048605,0.07104322564182695,0
42,2,3615,2087,1,1,1,9,1,1,0,491,74,0.09590625590475216,0.010718435136517747,0.9116581410692252,0.07817116598867807,0
129,0,28508,233,1,3,1,6,6,0,6,357,7,0.7197143397977015,0.7051297587465188,0.09892256679987739,0.5555044649663297,1
507,1,55325,171,0,4,0,18,2,1,47,448,7,0.6410848834833442,0.5564179623721437,0.21187609384913345,0.667601028236489,1
36,0,1505,1797,1,0,1,0,1,1,1,406,325,0.006098050872648819,0.036785808768508135,0.9923081984813014,0.0709196262378906,0
68,1,98692,22,1,4,1,12,3,0,38,375,11,0.5715414893667182,0.7999762958274288,0.3493377699602378,0.8330409022316312,1
13,0,891,1604,0,2,1,5,1,0,2,43,262,0.08439035688817408,0.07105994935564226,0.8609210147251238,0.011364832703964822,0
38,2,4555,1914,1,1,1,5,1,1,4,296,191,0.030033728554659002,0.09839221676063198,0.9235506431643923,0.060079129685733014,0
141,2,7754,423,0,8,2,25,9,0,11,323,37,0.8543814663916579,0.3122013860483966,0.35825617373214547,0.8953772622566186,1
14,2,1636,1278,0,0,1,6,1,1,4,77,30,0.04996947135958536,0.024734134250098707,0.9473593826956701,0.07641728716837937,0
26,0,4040,3681,1,0,0,9,0,0,1,20,49,0.04833249132679554,0.06438534985047754,0.8461589233843496,0.06505932015983801,0
35,2,2202,2717,0,2,0,9,1,1,3,273,181,0.008568904529599786,0.0930557994645902,0.9934228983238017,0.04948522777241468,0
51,1,3894,189,0,1,1,8,0,1,3,170,272,0.055620844265624615,0.019364020206218326,0.9981603632496777,0.09538731767171463,0
17,2,2584,2813,1,2,0,1,1,0,1,192,370,0.027277714612584048,0.09133768940403005,0.9509477223927767,0.05938954959857717,0
21,2,711,1025,0,2,1,6,1,1,1,280,129,0.010938375290446278,0.010776641889455651,0.974619235071781,0.09737616190427607,0
0,1,1940,541,1,1,0,3,1,0,1,365,166,0.03297884582896952,0.033487010316072506,0.8026319786986059,0.05742949262141733,0
51,1,1533,2136,1,1,1,3,1,0,4,433,36,0.0867996717241004,0.09991245094693282,0.9676591744111154,0.09129138036240231,0
10,2,1289,1475,0,1,1,8,1,1,3,395,141,0.000657856586278971,0.04410467029350676,0.8302479361503259,0.00042517954040768304,0
43,1,2915,1130,0,1,0,0,1,1,1,248,413,0.08298636465708098,0.06988528427838414,0.8701413150401008,0.05946562610977899,0
548,0,54956,299,0,5,3,14,2,1,18,204,6,0.7641346809044605,0.8745033336713115,0.22978471042750878,0.778095193785505,1
87,0,18555,214,0,2,4,11,4,0,28,477,10,0.8295078997571725,0.6585398983013948,0.1310823813109833,0.9009816013036712,1
41,2,4987,2235,0,0,0,7,1,0,3,331,351,0.0235592533125268,0.08623522894182471,0.849070612269906,0.09074443854508608,0
13,2,99409,346,1,4,2,26,2,1,10,380,10,0.708515259564222,0.9194563763157402,0.35176600292105287,0.9004419980526571,1
249,0,40527,407,0,7,4,12,7,1,28,341,34,0.624610375740752,0.328149383241763,0.23209278680300638,0.7813521363046989,1
55,0,3727,3045,1,2,1,1,1,0,3,464,369,0.05660882971203757,0.0063156671397280985,0.8700835128497032,0.011452967183499918,0
5,1,1203,540,1,1,1,4,0,1,4,415,40,0.05817438138918311,0.06745945887788572,0.8851235330487435,0.056420896234560584,0
14,2,2184,556,0,2,0,9,1,0,4,261,153,0.07225512055929785,0.08172761839193365,0.978034939755545,0.04790179087096278,0
52,2,121,664,1,1,1,5,0,0,3,46,67,0.03914408840825803,0.023244318194135784,0.977773709134831,0.006110297018029543,0
36,0,1492,104,1,1,1,7,1,0,0,478,118,0.03340279580708085,0.0954820516907971,0.9302809924416263,0.03015999886913915,0
15,0,2255,3109,0,2,0,5,1,0,1,158,192,0.07174869236288116,0.03657833429271067,0.8868254740578554,0.06840989951519547,0
13,2,2560,2476,0,2,1,5,0,1,4,139,143,0.032879998375582135,0.07267038664356115,0.8999594933005286,0.072391816933889,0
422,2,51733,40,0,6,4,27,5,0,45,365,10,0.758756774912138,0.7299876940017043,0.13844637013017858,0.8198745512514245,1
3,1,1126,1468,1,1,1,8,1,0,0,442,111,0.021185545862035218,0.0799849822394181,0.9069873883005819,0.03539793343026278,0
9,1,4697,842,0,1,1,5,0,0,3,254,420,0.042482726742361115,0.05109073546698561,0.9921270918915663,0.08430588525372795,0
32,1,556,3734,1,2,0,3,0,0,0,308,247,0.038412869425576306,0.06906992471397891,0.978320964078277,0.07263785416376982,0
1,1,4066,1206,1,0,0,1,1,0,0,222,57,0.04353201289591915,0.06590180710935634,0.926943663340027,0.016220827211428614,0
45,0,222,2015,1,0,1,1,0,0,3,393,303,0.03726398366479527,0.04636910399252562,0.8863528006929547,0.017917202340015915,0
25,0,213,2952,1,0,0,6,1,0,0,439,250,0.09192106829736738,0.0233747354411923,0.9511395750848868,0.06816447487492035,0
9,0,3662,2840,1,2,1,8,0,1,4,82,485,0.09734501820994512,0.07555768591611373,0.907628761770984,0.012890729147139447,0
41,1,769,206,1,0,1,0,1,1,1,374,69,0.06332459857194665,0.09564916551435139,0.9674201767800964,0.05263618948151989,0
90,1,81001,10,1,7,1,18,9,1,33,317,25,0.9375277126294654,0.6242912909208145,0.3171942777143173,0.9014206362205018,1
65,1,84214,237,0,8,4,27,2,1,21,475,42,0.9983720980978924,0.8292617248068275,0.33388615854347004,0.9543459923604964,1
16,2,2497,784,1,2,0,6,1,0,3,322,186,0.020905891488019426,0.051287114088149954,0.9756152200618456,0.0037197390023720246,0
13,2,175,1660,0,1,0,6,1,1,0,376,348,0.028378680005666082,0.040390965311928484,0.9574916467275396,0.08029897720240363,0
27,1,2936,2231,0,2,0,9,0,0,1,26,463,0.06727382423624793,0.09113341131974294,0.9019275328607198,0.04221309867925649,0
18,1,2252,2244,0,1,1,2,1,0,1,65,233,0.06000709531535319,0.048327359521721305,0.8644966232811208,0.08247695110482386,0
227,1,93260,473,0,6,0,11,2,0,18,493,27,0.8040135889232437,0.7102462264921439,0.09578663314004965,0.7243101438221211,1
18,2,306,3341,0,1,0,6,0,1,3,360,404,0.0029866272394770245,0.06389154913934501,0.9055689613773247,0.025542391479630333,0
58,0,515,2618,0,2,0,8,1,1,2,449,40,0.06608812303767315,0.015486591193472211,0.8047463456399461,0.0798704434371643,0
98,2,84159,74,1,6,4,9,3,1,11,400,37,0.5048836546178965,0.6912149370459347,0.19108643342683262,0.7664959067071855,1
24,0,802,3665,1,0,1,6,1,1,0,205,244,0.0751720982795496,0.09506615037437864,0.8987616703273504,0.09838964788722483,0
20,2,2013,1682,0,2,1,1,1,0,4,269,276,0.05829581480673051,0.054650715041610246,0.966202095187016,0.0824639386346025,0
62,1,44503,493,0,9,2,5,2,0,28,290,1,0.5742515556601194,0.81467011108783,0.08296498859112994,0.663657175602699,1
162,1,31083,217,1,6,1,26,2,1,48,356,46,0.7597664524745635,0.7687559307916423,0.251156772395317,0.6539076954556848,1
36,2,3815,591,0,0,1,2,0,0,0,153,141,0.08370736807831643,0.03258928588834719,0.814790810228107,0.09642498057797637,0
39,1,2050,1984,1,0,0,9,0,0,2,28,116,0.08069189800609067,0.07563457186426642,0.846845753266409,0.010655349683226201,0
23,0,1490,1730,0,1,0,3,1,1,0,459,163,0.09581243285611397,0.02339129860388517,0.9457687990762624,0.01515248546750937,0
21,1,2643,3892,1,1,0,7,0,0,4,336,281,0.0487366774474758,0.06217440612349193,0.9524342195285415,0.017015090815792,0
23,0,3364,2269,1,1,1,3,1,1,3,400,133,0.06534801875829378,0.029517840046427147,0.8918279328335222,0.012014766501367236,0
446,2,34620,220,0,4,2,13,5,1,14,320,23,0.6523582933034142,0.7690252074248958,0.14717586060977703,0.6909185046460458,1
45,2,3484,2492,1,1,0,3,0,1,2,82,404,0.09996013131327523,0.029855992512521634,0.9121119972843272,0.014364087474117371,0
28,2,3548,2868,0,0,0,6,1,1,1,287,43,0.04304940243759253,0.043305582341948395,0.9884761059063859,0.008642823504739694,0
40,1,882,1258,0,1,1,9,0,0,4,240,110,0.06570894426915891,0.07660605411220228,0.8611819424184999,0.055757338910572454,0
225,2,49549,475,0,4,2,6,3,1,6,226,9,0.9347263044452194,0.5955095098013998,0.18452814633379278,0.8337907193554124,1
452,0,63055,28,0,9,3,17,7,0,21,307,7,0.9534955046883884,0.5915719041111336,0.2589582542198686,0.7295392283935274,1
45,2,1657,2593,1,1,0,2,1,0,3,127,111,0.06916749367101237,0.05341726442327657,0.8531343372888769,0.02604200777612833,0
22,0,4429,1028,0,2,1,1,0,0,0,267,487,0.03439572151421249,0.03549306317949811,0.8724940471796141,0.08664134464678408,0
50,0,3344,3964,0,1,1,2,1,1,4,463,284,0.0973171695676596,0.07177925534869799,0.8268228884101753,0.04893713347422746,0
25,2,1437,3683,0,1,0,7,1,1,2,3,242,0.061138318270730435,0.0052557878670093875,0.9850372205496007,1.4259604881772248e-05,0
14,1,2166,3361,1,0,1,1,1,1,2,178,96,0.04023867601572015,0.09017124132641975,0.8748066016170266,0.09498285723028115,0
53,1,4070,1260,1,1,0,9,0,0,0,69,204,0.06041853987183935,0.05855613452051699,0.8957673911771138,0.019606278966382052,0
19,1,3080,816,0,2,1,0,0,0,4,414,298,0.04052545814780434,0.03936288181756814,0.9566094131016408,0.07320070814796156,0
326,0,96083,394,1,4,2,13,9,0,37,399,32,0.7887567343506804,0.9399480387917603,0.1592980851516905,0.6711472712186466,1
74,1,52201,320,1,6,4,28,9,0,13,388,27,0.9509772958574774,0.6041464575157524,0.21531329520352072,0.9957294467189661,1
327,0,94211,285,0,7,3,5,7,1,24,249,29,0.8662877002507261,0.5165320593142309,0.349093066779937,0.9639303226367103,1
11,1,4960,2043,1,1,1,5,0,1,1,53,251,0.04896458454851024,0.09778330106557186,0.9705687898158235,0.07617930042126624,0
46,0,1501,2235,1,1,1,1,1,1,4,448,414,0.08208669563210869,0.09313968941522352,0.9837300785244626,0.0032620342952163874,0
369,0,81249,198,0,6,2,7,4,1,31,280,49,0.8591703827954831,0.9762047280142419,0.30884212914895703,0.9070563946875407,1
80,1,86367,55,1,3,4,25,8,1,34,443,28,0.9881059956750018,0.7067251469864471,0.32872911084594214,0.7475803795429421,1
27,0,2166,1049,0,1,0,6,0,1,4,130,60,0.05370896851257652,0.07449115932316701,0.8413466316439968,0.0840226975271226,0
477,1,44025,219,1,5,2,25,5,1,15,232,47,0.5521483628415736,0.45853364791248846,0.30504019088933937,0.9232047674020141,1
51,1,1348,485,0,1,0,3,0,0,3,203,254,0.04004243293625631,0.06783231061404586,0.9356962247779632,0.0699321338017108,0
38,2,3678,217,1,0,1,8,0,1,2,380,341,0.07115777125263104,0.07454300432652088,0.9786950278251502,0.050509053683800265,0
380,1,70991,181,1,5,2,23,2,0,9,463,44,0.7955033725531242,0.7991390842455413,0.31881668626628307,0.5092139817653267,1
18,1,3889,863,0,2,1,7,1,0,0,292,426,0.05408539232420617,0.04373383185423463,0.959854770405494,0.06227788165949936,0
9,2,3348,2383,1,2,1,8,1,0,1,425,94,0.06756895086242028,0.010281233547285919,0.8076433189359483,0.06764693338515194,0
243,2,55424,317,1,4,2,21,7,0,17,372,36,0.8363115848620915,0.9010185291263757,0.11469760005365291,0.7997036282736949,1
0,2,130,3206,0,0,1,7,0,1,3,225,85,0.09205582124186819,0.06323162940562745,0.9635154616505905,0.005755570176740688,0
109,0,22225,340,1,2,4,5,6,0,33,222,1,0.8995746368270507,0.304691336762532,0.14078627837723615,0.5279884545695493,1
0,1,4935,1459,0,0,1,4,1,0,3,492,261,0.09389698188838716,0.0016364752274578677,0.8347658354940511,0.04272715545981087,0
154,2,84464,378,1,2,1,9,4,1,8,236,47,0.9429051112000186,0.901218748128525,0.11978477693176887,0.9047620443622348,1
25,2,4755,1714,1,1,1,3,0,1,3,326,368,0.06705365969467551,0.08953034885142702,0.838246931886388,0.0976279901275458,0
21,1,2309,845,0,2,0,1,0,0,3,286,400,0.0799193899619375,0.014950821577281372,0.9426633649280713,0.004219346623796849,0
235,1,8824,237,1,7,0,27,7,0,14,276,47,0.7011671513095172,0.9487950849059972,0.04736724376019481,0.8248350327443681,1
12,0,3454,1875,1,0,1,8,1,1,2,154,27,0.019823797703955273,0.04624612916576642,0.8183871860133408,0.03990636558070602,0
359,2,63097,105,0,6,1,12,8,0,42,238,10,0.7742997022504157,0.6287220668900586,0.032963523918436176,0.9531653090174896,1
50,1,4702,353,0,2,1,2,1,0,1,81,217,0.022578848903517038,0.0029497962767882748,0.9960402652545352,0.07406158375617217,0
359,2,33596,310,1,8,3,5,6,0,17,507,13,0.9067239893198589,0.8404651628981308,0.3799287994134724,0.8766014651772347,1
48,1,2533,741,1,1,0,5,0,1,1,4,62,0.08858625696091056,0.022647949836193493,0.8795779014830201,0.04286985245334664,0
26,2,1828,3268,1,2,0,7,1,0,1,213,18,0.021467852431463832,0.08231235186354974,0.9430105894922715,0.07079381118989374,0
261,2,56204,497,1,3,3,6,8,1,7,327,14,0.9979351153888139,0.3229061394944596,0.03157142780105056,0.7234693960134871,1
24,2,613,3539,1,0,0,9,1,1,4,139,405,0.06864080607184096,0.04301012655812952,0.9314358514395364,0.03526851887079246,0
504,2,31225,3,1,7,4,19,3,1,42,212,46,0.9510728746554709,0.857860546815401,0.24592068739628528,0.5742600586106211,1
35,2,1280,1167,1,0,0,8,0,1,4,19,188,0.09301362372139818,0.0802046341010742,0.8411008736753433,0.014104590327217892,0
80,0,45349,396,0,3,1,24,7,0,19,326,33,0.5949668777486484,0.7689087302345259,0.26512623174921723,0.5533940294709279,1
472,2,53941,262,1,0,4,17,7,1,24,354,34,0.8843794988435245,0.5877254320185825,0.18197003714089624,0.7105945256798007,1
407,1,43370,348,0,5,3,13,8,1,34,314,48,0.6145995097475929,0.32667645802525114,0.10581452787403284,0.5138413676701308,1
46,2,4223,1786,1,0,0,8,1,1,0,428,137,0.03065347508987745,0.0013314147269006815,0.8932700526000946,0.007093685944401152,0
34,1,2274,756,0,1,0,5,1,0,4,107,379,0.05851409794218585,0.030538356757589827,0.960288159423669,0.09857267921151051,0
43,2,90111,497,0,5,3,12,3,1,37,510,22,0.959153010838993,0.9218035804454077,0.21176701014418306,0.9522119752860951,1
50,1,458,1634,1,2,0,4,1,0,2,372,388,0.08004656000965182,0.029086687924797662,0.8944144697703065,0.07544991297998992,0
33,0,1567,3063,0,0,0,8,0,1,2,276,107,0.09295601367321504,0.08937523257545704,0.8567760981114441,0.034902826711403025,0
42,0,4703,2826,1,2,0,3,1,1,2,439,96,0.08374298297042315,0.05497632354882456,0.9092203682053334,0.02349121569345224,0
3,1,1767,1937,1,2,0,1,1,1,3,278,496,0.032146185092012385,0.044984097017165936,0.9571150675825969,0.08035449249750858,0
28,0,2623,2907,0,1,1,7,1,1,3,335,428,0.015585387858254486,0.09365293159099877,0.8115270940035194,0.0858318522315677,0
8,2,4579,754,0,2,0,0,0,1,3,211,502,0.054062288264605456,0.08067804190019828,0.855372028462038,0.0735232166294298,0
314,0,33217,27,0,9,0,29,3,0,28,508,6,0.7937224332467722,0.8166212760111318,0.04940579663581266,0.9010142786737825,1
5,0,398,1408,1,0,1,0,0,0,1,170,369,0.041737406838124394,0.04316257203758649,0.9706380977996273,0.08577113789533647,0
41,0,1985,1210,0,1,1,8,1,0,1,204,218,0.09797469599620068,0.007060655889715595,0.9899881225715499,0.055180305927755184,0
9,2,1766,86,0,0,1,7,0,0,2,386,20,0.08321935849893886,0.012070442644765578,0.9419596117777754,0.020562906654759672,0
25,1,3496,2106,1,2,1,5,1,0,1,486,458,0.05433370872417558,0.0736299511770593,0.9028705671845998,0.006139029930468387,0
9,2,944,1087,1,0,1,4,1,0,0,406,59,0.02290926653129043,0.009840359760892248,0.8733056951930791,0.08957273227673933,0
55,0,2218,2274,0,2,0,8,0,1,3,196,292,0.048038075845099726,0.019066291195817375,0.9291213781150817,0.0721215496877925,0
31,1,4903,1099,1,0,1,4,0,0,4,503,455,0.04318930347853165,0.022264178334901977,0.8931478016746136,0.03105866776125117,0
155,2,51944,160,0,6,3,25,7,1,8,299,7,0.9802442275138634,0.4216414971761653,0.219630591826671,0.768114236574498,1
537,0,92076,480,0,9,2,25,7,0,19,381,2,0.5720149119212985,0.3717504071687389,0.030812901145029683,0.7514329567264584,1
20,1,3375,1405,1,1,0,1,0,1,0,493,423,0.0325179472947566,0.09409422081210556,0.8147446625626821,0.05647838105382962,0
6,2,2115,3054,1,0,0,8,0,0,2,507,40,0.05039985632036801,0.09813177694239794,0.857540925397712,0.00936575830195331,0
13,2,871,1461,0,0,1,7,0,0,4,324,20,0.06631046736186462,0.0743649292350708,0.8906778676749074,0.012609534016136037,0
476,2,57146,405,1,2,0,7,8,1,48,375,8,0.8305849405977697,0.6594845077548068,0.3336911163541334,0.7100403929981787,1
563,0,96808,410,0,4,1,22,8,1,13,304,4,0.7260476772654678,0.5938090121487564,0.2842549747461929,0.6495911531215437,1
478,0,15363,420,1,6,3,25,2,1,48,507,36,0.602866519800515,0.4566198115008898,0.04704222532535982,0.5530219414950888,1
14,2,2663,625,0,1,1,5,0,0,1,334,417,0.08081799809344817,0.06614066169514576,0.8560347112618671,0.039612145869254614,0
227,2,27090,160,1,1,3,14,7,1,38,326,38,0.6618934669572678,0.3574076123382448,0.13034403235274553,0.7468582201851128,1
380,1,80058,287,0,5,4,29,4,1,44,201,24,0.9002238749972135,0.6719585173967033,0.15641991731569466,0.641715847933648,1
153,1,70861,143,0,3,3,6,4,1,7,253,3,0.5863476534750918,0.45729374434405357,0.2353455941279612,0.7699255401952267,1
167,2,99782,399,1,9,3,24,9,0,43,331,6,0.9860041831677309,0.7673732712941586,0.38807706777982043,0.769037979066221,1
59,2,36965,322,1,1,4,23,8,1,25,491,34,0.9933286040068396,0.38246151228048525,0.33103368007247186,0.9256496375729344,1
598,2,83396,164,0,6,4,13,3,0,38,404,28,0.8611328502908558,0.5657916746420228,0.3923200839086793,0.9305279925670479,1
62,2,75715,372,0,9,1,21,3,1,11,326,46,0.876357458305081,0.9029340598858688,0.22131889452995113,0.6131502024956182,1
348,0,15681,76,0,2,3,24,4,1,49,404,10,0.9730835027270293,0.5894403604484343,0.15249349260157358,0.6434283340600497,1
53,2,2587,1291,1,2,1,3,1,1,2,314,251,0.05364218611684272,0.04866524791771048,0.8402269668159262,0.05697253543386156,0
2,2,366,3543,1,1,0,7,0,0,4,444,233,0.06058974079412558,0.02403104370402146,0.9649086777585035,0.09106573800662462,0
35,1,2188,3270,1,1,0,7,0,1,4,242,307,0.006626986046523897,0.09322433578596288,0.9198938903025276,0.08069180221918137,0
20,2,179,958,1,0,0,6,0,0,2,428,186,0.07404758615347061,0.06895331279877971,0.8005289842970666,0.03873447240815874,0
26,0,2344,132,0,1,1,3,1,1,3,8,5,0.07518506052266138,0.024953483313701133,0.875933739430565,0.031857296994264074,0
9,0,2700,2864,0,0,0,7,0,1,1,248,500,0.06926292119704865,0.03621918423269804,0.93217125125186,0.06003821037274231,0
31,0,3429,2481,1,0,0,7,0,1,4,194,261,0.062217284783990995,0.09692337716212826,0.9697180295316704,0.003147852162239884,0
399,2,58410,218,1,7,4,5,5,0,9,413,27,0.8787734180975098,0.5753299984474618,0.3383151081303983,0.7597468332735664,1
7,1,2120,3408,0,0,0,7,0,1,2,352,436,0.013696330254163714,0.023815355554248175,0.886275144333846,0.05448191590141014,0
27,2,1764,2552,1,1,1,9,0,0,2,53,41,0.059715010401092006,0.0814115229414138,0.857504455258137,0.04595616036748834,0
26,1,3454,2160,1,0,0,1,1,0,0,132,222,0.0025052240937451288,0.07895379029260965,0.8171859598926743,0.011566709267857434,0
283,0,96270,282,0,2,3,23,6,1,21,361,41,0.6372307518104592,0.7816492334320861,0.09900526823361844,0.9004605360147708,1
206,0,42442,373,1,0,2,21,7,0,8,226,27,0.8982034657753359,0.3104434463729234,0.057560562718024635,0.9569146419667144,1
28,0,2177,556,0,2,0,2,1,0,3,122,40,0.086637473739895,0.07512078556593582,0.9235463573181855,0.07496821695936272,0
350,2,55951,436,1,0,0,19,9,0,29,465,36,0.7091830638311363,0.9643484669947946,0.2775587646589077,0.9468904385830608,1
523,0,14579,432,0,2,3,29,8,1,37,245,9,0.809332096311016,0.8511388385188026,0.20895576813998573,0.9916982018537482,1
348,1,60017,241,1,0,0,11,2,1,42,410,7,0.7045585713825333,0.31789704476722896,0.39510293575342925,0.5068398260515279,1
26,0,4086,3205,1,2,0,4,0,1,0,168,95,0.03680898735038748,0.08129561734126234,0.9962440753207893,0.052830378179079165,0
169,2,51426,344,1,2,2,23,6,1,41,206,45,0.8445353749421778,0.883953504927899,0.08801884651239066,0.7421956111093337,1
8,2,4473,2680,1,1,1,4,1,1,3,360,254,0.02784006815294713,0.01869095374798697,0.9681166047364749,0.026649177585709772,0
31,1,1104,675,0,0,1,1,1,0,4,281,416,0.020430440385557726,0.0635216930956398,0.9683170197196016,0.07761791090034145,0
0,2,4900,946,1,1,0,3,1,1,2,167,413,0.020558730130187632,0.05018475733175068,0.8241569576243666,0.01925640845318537,0
7,1,4042,3548,1,2,0,1,0,1,0,235,148,0.0754032934904249,0.04811804410098273,0.9537921776874336,0.06139921161163147,0
26,1,4309,1558,1,0,1,2,0,1,4,122,148,0.05361397460048596,0.0037290476328727842,0.8920485863799977,0.035666835416709945,0
234,1,99826,497,1,4,0,13,8,1,48,483,30,0.8275870392267828,0.6601569761093605,0.08820802290093295,0.7623378325316608,1
590,0,66538,494,0,3,1,19,7,0,36,467,44,0.835330492588386,0.4154715374813242,0.011762382121320815,0.7075963110892627,1
29,0,2140,3567,0,2,0,7,0,1,4,194,309,0.08150781704084231,0.08109063171498607,0.8345145636731479,0.07412019909396748,0
35,2,3804,588,1,0,1,8,0,0,0,374,9,0.039940045466743596,0.048750267865581114,0.8305629065358925,0.06572412284905498,0
166,2,78937,414,0,7,4,7,6,0,15,203,35,0.7939563332947555,0.8980764918753805,0.3497433014518568,0.6886644221360476,1
23,1,3835,963,1,0,0,2,0,0,1,296,35,0.09065781517809925,0.07155001407460267,0.9354280979245483,0.0008597228154158088,0
571,0,53969,163,0,4,4,13,3,1,7,499,15,0.6111183867273556,0.6695083752116346,0.3694568289664087,0.7118916590207245,1
525,1,6322,298,0,1,4,9,2,1,29,483,42,0.7796864895076091,0.7555419877615416,0.0854127259728907,0.557265460549939,1
58,1,828,553,1,1,1,2,1,1,1,327,115,0.011881445961763371,0.09020493311460753,0.8032451934373026,0.0025372995069434024,0
10,0,1545,3532,0,0,1,2,0,1,1,359,431,0.05550719899198886,0.028282229291254735,0.9670486218173777,0.015471015571926617,0
446,1,12102,234,1,9,3,20,3,0,34,510,18,0.925708245525571,0.5379332194573812,0.13487540312504068,0.8919350951442404,1
14,1,598,2582,0,2,1,8,0,0,1,399,68,0.004360687593877322,0.09064652512541051,0.955213775742211,0.08984525662067744,0
43,0,812,57,0,2,0,4,0,1,4,408,363,0.09717683805949788,0.046418249479398536,0.9177620427385538,0.04002612629775764,0
18,0,2602,3321,1,0,0,1,0,0,3,18,105,0.004014832901306775,0.017501447753372746,0.8743101018034809,0.037246659589582,0
7,1,3693,2946,1,2,0,4,0,0,4,81,392,0.05250224648115507,0.011515595634083099,0.8815306357424231,0.033406097255583266,0
21,0,3998,329,0,2,1,3,0,0,2,318,233,0.06399150401772084,0.02008980012811469,0.8779660506955744,0.027099206485339967,0
8,0,1450,2122,1,2,0,9,0,0,0,275,407,0.028330861959010703,0.045833364291305016,0.9846223611643768,0.07006618996972423,0
46,1,1291,775,1,1,0,4,0,1,3,338,220,0.0243996591855158,0.05457485186513287,0.8843054413099709,0.018281078860107703,0
12,0,3743,2756,0,2,1,5,1,0,1,202,29,0.038253167970070015,0.027040910708539312,0.8622205582297936,0.004981700984845738,0
44,0,2813,1969,1,0,0,2,1,1,0,426,345,0.05833017257546889,0.04315485720400716,0.9940400007011262,0.03221220739904714,0
8,0,2415,2102,1,1,0,2,0,0,4,112,97,0.004252426151803135,0.057971039283254824,0.8939788996171931,0.0022990632344067953,0
363,0,32251,269,0,7,0,20,4,1,33,372,24,0.8740963625094482,0.40243136917876504,0.36316079178321264,0.9883565534757875,1
20,0,1242,516,1,1,1,9,1,1,3,182,131,0.004000557176772912,0.05078041414000879,0.8140392473511732,0.08525389373500679,0
275,2,13169,321,1,0,0,27,7,1,43,273,19,0.7585181412927804,0.4037603264433636,0.29218017897814474,0.9711121072805968,1
15,1,3188,3480,1,2,1,7,1,0,3,508,230,0.09237853399248105,0.07324814329898947,0.955601397213648,0.07256546434512556,0
56,0,4873,1972,0,0,0,4,0,0,2,204,124,0.09820631153366055,0.03225638993460043,0.8840338981741256,0.049871529225230915,0
359,1,66797,464,1,0,2,22,7,0,32,424,46,0.9494673249752644,0.8543913926486622,0.361010263235442,0.610779250216423,1
1,1,3681,3329,0,1,1,8,0,0,3,398,152,0.013065713557915104,0.03630767112608465,0.9381520069158846,0.034116130629234374,0
129,2,61734,198,1,6,4,18,9,0,19,395,19,0.549433957451412,0.45632366770151095,0.2079836148019525,0.6226299546644081,1
16,2,4779,3201,1,0,1,1,1,0,0,174,499,0.07163063683439717,0.053298424036812966,0.9404713180486559,0.0071173004679154555,0
41,1,621,941,1,1,0,8,0,0,3,452,72,0.05168139733562548,0.09730433434073134,0.8745073013571579,0.004782343205672735,0
7,1,3063,1093,0,1,0,6,0,0,2,388,15,0.0847186951638599,0.04287384789656963,0.9345217466261266,0.07380044085796028,0
130,1,95904,159,1,5,1,7,7,1,5,243,31,0.8679884226374921,0.5140585231757726,0.3233848191211969,0.8374214660638349,1
50,0,2059,2923,1,1,0,0,1,1,0,230,137,0.012747432073515797,0.04216851753202368,0.8679675868062044,0.08233717072578338,0
18,2,4016,3657,0,1,1,1,1,1,2,208,184,0.08432162218673353,0.027703289937188805,0.9131326813900937,0.007544220129501212,0
523,1,30850,368,0,2,4,10,7,1,25,508,9,0.9393946445386574,0.36872405457215107,0.273095293561925,0.6806837834555168,1
251,1,75667,157,1,5,0,21,9,1,33,509,40,0.6692163933473769,0.5038823371284633,0.08326696543032437,0.9543472490651168,1
1,2,3904,2486,1,1,0,6,0,1,1,266,342,0.032183199178577794,0.09702638875642045,0.8714812508825713,0.04924325200800444,0
47,0,541,1297,1,2,0,2,1,0,0,178,439,0.0673222382560991,0.04606678476015134,0.988728374287196,0.006804631835833331,0
20,0,2645,438,1,0,1,1,1,1,0,478,377,0.057745355940926425,0.04596772905875325,0.8163888050533733,0.09100941331735596,0
34,0,4552,389,0,0,1,0,0,0,0,51,235,0.007782173743734844,0.04533320316961895,0.8829412295205262,0.0004843550906892924,0
345,0,39886,490,1,5,4,14,2,1,40,408,13,0.7669476964359667,0.3057773782192416,0.06886897459139485,0.7244682097723708,1
14,1,2738,2268,1,0,0,6,0,0,1,189,459,0.009892561667712775,0.03408997849105307,0.8639671235086992,0.012215015428123489,0
31,1,1790,3972,0,1,0,5,0,0,2,241,33,0.04633954491162107,0.04134154354667405,0.9047531349053571,0.09481297820427548,0
53,0,1009,2665,0,2,0,1,1,1,2,321,349,0.07396088216624698,0.0042403328666296815,0.9192334999063773,0.058226261672281836,0
32,2,4464,3854,1,2,0,7,0,0,3,125,285,0.05581221370247122,0.00726948074816004,0.8371092169898663,0.09687531312578934,0
48,2,4149,1851,0,0,1,8,0,0,3,187,507,0.08428043578066645,0.07308147321200402,0.8296586357096057,0.07039332777474559,0
24,0,2627,3829,1,2,1,0,1,1,1,442,458,0.017460046681255625,0.07600630391053893,0.9065335321748933,0.010509800988543328,0
17,0,4317,3995,0,1,0,6,1,1,4,62,66,0.07731674993100202,0.08190501499397602,0.8438775106562302,0.026196919728188973,0
418,2,65728,238,1,7,1,11,4,0,26,466,46,0.5903297273191049,0.309782931452009,0.396403618949758,0.8490309183352176,1
14,2,4026,2639,1,1,0,6,0,0,3,123,304,0.08404833776614684,0.08359359714865791,0.8464453670494112,0.0763659431574151,0
26,2,1382,327,0,2,0,5,1,0,2,259,69,0.06460327483149886,0.0167636973368937,0.9520449650794056,0.038203061366687975,0
309,0,78212,235,0,8,3,26,9,1,36,205,33,0.5446993914811588,0.505942881861204,0.37474211924273687,0.7265165582022792,1
54,0,973,3714,0,2,1,7,1,1,3,265,40,0.0858934419934768,0.014519487670645582,0.8158151631245574,0.05227031162272149,0
49,2,4629,3342,1,2,0,4,0,1,4,49,89,0.019893161681780305,0.021823286197422145,0.8286293977365262,0.027514379708076,0
36,1,3334,2623,0,1,1,3,1,1,0,415,261,0.09428414909660993,0.022463744498542715,0.9273638486568038,0.00873048880023557,0
148,2,44713,447,1,1,4,15,4,1,47,308,45,0.7430212288397461,0.9785487324425848,0.23683007935496106,0.9552041102878821,1
1,1,3376,1145,0,0,0,5,0,0,0,266,46,0.04468791178959877,0.08888995430759764,0.8232501810236094,0.0012175360936717118,0
476,0,9991,376,1,0,3,5,4,0,31,447,5,0.9724508011087712,0.5266793866793129,0.32267781386119787,0.6415745042307806,1
20,2,434,3035,1,2,0,6,0,0,2,77,476,0.01541756378062098,0.07357126093787553,0.944273168369052,0.05283537634047373,0
31,0,4300,1985,0,1,1,0,0,0,4,390,21,0.05995278454053822,0.0016628355411263064,0.9546361199476691,0.07995435850654403,0
44,2,3852,127,0,0,1,4,0,0,3,182,332,0.02124299080696164,0.04828740867986904,0.933735453745003,0.0924374166011983,0
33,2,3747,1225,0,2,0,8,1,0,2,250,106,0.029239550867749597,0.09729254637313584,0.9838811420053031,0.09704516563628177,0
21,2,2425,1394,0,0,1,4,0,1,2,56,173,0.08532215716726504,0.008938871285203388,0.872432092646358,0.028743887746973576,0
26,0,1279,3149,1,2,0,5,1,1,0,198,31,0.047232676249343755,0.019506537937161752,0.8592046941958795,0.019165547134666762,0
24,0,4660,1644,0,0,1,6,1,1,2,416,65,0.023804942885595162,0.0784554574738115,0.8500221071240706,0.0065189617233497145,0
509,0,12570,348,0,9,4,11,3,0,37,271,29,0.6842092454772304,0.5257164657439664,0.12926866378158894,0.6346474187219906,1
6,1,2516,2118,1,0,1,6,1,1,0,292,12,0.00980101603956004,0.07900948077822632,0.8345458432873508,0.02432534300651661,0
326,2,5354,323,0,1,1,13,7,1,31,317,30,0.7593673672511685,0.3459938033870229,0.18505226650660048,0.8748760326699037,1
233,0,74823,480,1,2,3,18,3,0,33,284,1,0.5128093055498295,0.8147741843035117,0.053537421204711416,0.8052872512451836,1
45,2,1460,877,0,2,0,0,0,0,2,477,500,0.06803571528382733,0.09452997670186444,0.895963814549961,0.05445750693693379,0
31,1,2162,2447,1,1,1,2,1,0,3,423,71,0.09468756309901694,0.03496397153842417,0.9300439944952483,0.07987712592456803,0
46,0,1559,477,1,0,0,6,1,1,4,277,483,0.0009321069819484995,0.07237529822282807,0.911475968298972,0.02879003971551222,0
260,0,88116,334,0,2,0,22,4,0,20,324,17,0.7840111406240438,0.47972494484743455,0.33477107487239466,0.9026516119587848,1
392,0,78047,201,0,0,3,21,4,1,15,376,48,0.638114128360517,0.9054563927666348,0.20387242109255582,0.5972243136290742,1
474,1,7849,300,1,6,2,25,8,1,5,304,5,0.8187459453771426,0.37469424571563953,0.15552227309522487,0.5638828849278255,1
56,2,3793,3988,1,0,1,3,0,1,0,284,381,0.06206940649811685,0.07490262004073019,0.8926544001590685,0.0959339124614759,0
30,1,4766,1420,1,2,0,9,0,1,1,306,50,0.048632588081431075,0.09664273365822929,0.827427782152538,0.09159574224045836,0
419,0,50487,62,0,2,1,23,4,1,10,281,27,0.7000741810654496,0.8816392289692196,0.3048301273719083,0.8522554524299509,1
27,0,2982,3403,1,0,0,4,1,1,0,214,427,0.018161324842075468,0.0014109890875930176,0.8184157307184918,0.08308558121759484,0
33,1,1093,822,1,1,0,3,0,0,2,500,336,0.0013943333694790396,0.038097533698942476,0.9006330060373549,0.07092474381968816,0
412,1,63883,279,0,7,3,14,3,0,17,490,6,0.7279592749316819,0.6957671108524981,0.3418369432520883,0.7387844372851786,1
28,1,2521,1724,1,1,1,9,0,0,1,23,84,0.05975416232174418,0.09002968228097971,0.9027354099119702,0.0401953100566823,0
527,2,21361,88,0,6,4,16,9,1,41,239,26,0.6003740726054299,0.848601269349708,0.37408170157326676,0.5815851961677362,1
77,2,51522,369,1,0,1,17,5,0,46,278,25,0.7855433604428825,0.37983458621198135,0.2280491978529664,0.8565332963305551,1
219,1,35877,164,0,1,2,9,8,0,49,220,37,0.6715328941240757,0.9776225397700693,0.22501497454729133,0.7699982371254134,1
315,1,23190,43,1,7,4,6,5,1,40,500,3,0.6534898697987386,0.7297032841157312,0.2267601486003609,0.9934976762837999,1
7,1,298,1462,1,2,1,7,0,1,1,263,359,0.09619418822585397,0.006072322258913721,0.8310374009329685,0.03588166740930598,0
197,1,84885,147,1,7,3,15,2,1,31,355,30,0.9945188233789726,0.30027468038605926,0.23669918534743561,0.9067095415664979,1
137,2,47890,349,1,6,1,18,3,0,26,221,38,0.7879407808726844,0.6532754089810792,0.3022782635140909,0.7957815223375131,1
241,1,66886,413,1,6,3,25,6,1,10,298,46,0.5368099363187351,0.31391510374284276,0.14256701661419302,0.6247897858776625,1
27,0,444,2992,0,0,0,1,0,0,0,161,206,0.09707202715851898,0.03671204106352954,0.8654139164455079,0.01701436976494536,0
19,0,2251,3916,0,0,1,4,1,1,4,438,33,0.00456317814355759,0.007973639326946946,0.9148876427084363,0.027058383566954836,0
75,0,48439,83,1,4,1,24,7,1,24,421,14,0.9244183903025835,0.4547895817392827,0.3243242440888528,0.7102556055097586,1
185,2,14461,58,0,7,4,8,5,0,15,247,42,0.5100055657176389,0.4660571423117357,0.14514623260568937,0.6712145622779286,1
9,0,4070,2849,1,1,0,6,1,1,0,344,479,0.029588650740711223,0.06444818406506807,0.9333728929331051,0.07439705489859431,0
423,0,42076,346,0,1,0,21,9,0,19,245,4,0.6477468031523185,0.3131217773159391,0.16275245589576778,0.8197359673803042,1
147,0,93546,437,1,9,1,26,7,1,24,477,13,0.5618865148023819,0.9232629586924517,0.37978099776514024,0.9281531829524428,1
38,0,4811,1489,0,2,0,9,0,1,2,432,444,0.05293283736240339,0.07122382224145661,0.8243785724961297,0.06103048971685337,0
156,0,13542,194,1,1,0,13,2,0,28,237,6,0.8762835338271099,0.6704420736216656,0.3351898573912106,0.7231090626051556,1
54,0,261,1677,0,0,0,0,0,1,0,453,216,0.06065897144957917,0.037442893960132166,0.8563894768238783,0.05199132038309795,0
25,1,4330,1719,0,2,0,1,1,0,3,409,438,0.01900787161200637,0.013306801114937617,0.9384071707555762,0.01739298886296615,0
25,0,2079,2670,0,0,1,6,1,1,0,123,219,0.025036853735565048,0.003163609357351849,0.8992369222622993,0.02034913349973524,0
31,2,2085,1757,0,2,0,4,1,1,4,379,75,0.09817704729672964,0.030489160075290057,0.8096577934841124,0.031857218476877495,0
195,1,25740,75,1,5,4,27,6,0,38,336,20,0.5758750068581466,0.3798335569419383,0.2813215801372121,0.8948658722929992,1
43,1,1890,1904,0,2,1,9,0,1,4,314,487,0.0044442016248811165,0.0062503196704301826,0.9532822547112213,0.013658860818782438,0
577,1,76557,48,1,8,4,21,7,0,47,311,40,0.6280087237792169,0.33432804768322444,0.1767865274620941,0.802134031677594,1
6,0,2827,2755,1,0,0,9,1,0,2,116,102,0.002206328766552912,0.08435469027637317,0.9523268625531736,0.09242196850080998,0
526,2,90584,298,0,7,3,13,2,0,21,375,47,0.7465580029606004,0.6983637123251385,0.35094328710532685,0.7478344862913339,1
49,2,218,1329,0,0,0,0,1,1,2,327,500,0.0782992011782424,0.04171373754035276,0.9558185229256229,0.03416787600431267,0
43,0,3414,1704,1,2,0,7,0,1,2,150,242,0.012962480019004331,0.054541191857920474,0.9676837851175997,0.06678274256329186,0
54,0,1897,1831,1,1,1,4,0,1,0,290,161,0.06772155319593501,0.06943153619457966,0.9970517445194343,0.03892863359030411,0
17,1,2156,3607,0,2,0,2,0,0,0,344,398,0.02931032532096907,0.06894015217700954,0.9709765437008345,0.08424190785572178,0
246,0,24451,39,1,8,0,28,2,0,16,271,35,0.680605836601238,0.8530773086263437,0.13053984718848596,0.981218741772829,1
104,0,24510,199,0,1,2,7,6,0,49,445,6,0.9036414514935596,0.4300879284685711,0.12081371579304415,0.9939489500246106,1
55,1,4726,401,0,0,0,2,0,1,4,159,405,0.08134407465762558,0.04694604558520236,0.8753237987781999,0.03431671271629636,0
20,1,393,672,0,0,1,4,0,1,0,448,342,0.01704651900184393,0.05125330544023913,0.9674955001113383,0.04601178617636566,0
426,0,66089,108,0,5,3,18,4,0,32,382,44,0.7652905227511442,0.43240617141717486,0.30489546367702336,0.9374113756741063,1
47,0,14185,408,1,5,3,17,6,0,22,351,28,0.8191662088937407,0.6512478275733755,0.2663266541591301,0.8374229407058362,1
535,1,17317,197,1,1,2,14,9,0,25,250,6,0.7898925510396044,0.9432378740537319,0.038790673888447195,0.648601232677924,1
329,1,10450,56,1,1,0,9,8,1,8,503,11,0.5408327198480987,0.710025900858948,0.12621107244299884,0.9774767409618653,1
563,1,12094,107,1,7,2,29,2,0,31,352,4,0.5465231895033776,0.6941043725009044,0.14528404117787166,0.5789651334042559,1
8,1,2810,808,1,2,0,2,1,0,3,20,307,0.06821319474729187,0.06260168410946569,0.8829234455177499,0.08994204160228156,0
48,2,3792,375,0,1,0,5,0,1,0,425,114,0.057700735558979456,0.05774732030644171,0.8551295293682435,0.04565894736905381,0
385,2,70536,329,0,8,3,13,5,1,12,251,43,0.6086706662409,0.6025011312855311,0.002458455986786934,0.5189591463656259,1
4,1,3951,3932,1,1,1,2,1,0,3,318,121,0.05078406722177686,0.05176976497628782,0.8866811001873776,0.06681633079424325,0
50,1,96244,355,1,0,4,9,2,0,9,412,30,0.8116512781950311,0.8007086282617666,0.09181587160553276,0.5664274207038383,1
13,2,2992,3529,1,2,0,9,0,0,2,202,224,0.0016960474267899706,0.05702342601290055,0.846887577264398,0.033174615523817445,0
419,0,54302,385,1,4,3,15,7,1,18,345,31,0.9188272950400838,0.3789430688956946,0.3525877554107483,0.9083619836238785,1
57,1,2803,3864,1,1,0,8,1,1,1,457,356,0.04017820065842225,0.0457071344883038,0.907414559700309,0.05267358805253436,0
53,1,3429,1263,1,0,1,7,0,0,2,14,418,0.09399805834353264,0.07148429802192884,0.834330031894284,0.02925894596025962,0
16,1,986,3010,0,2,1,2,1,1,0,249,82,0.03564433370302315,0.04740198244529378,0.8922374292199557,0.026828915265716603,0
35,0,232,1586,1,1,0,7,1,1,1,188,488,0.07883381889891866,0.008906878072810575,0.9689271953746696,0.09431941647646304,0
140,1,90120,304,1,7,2,11,7,1,27,431,44,0.7341793000648235,0.35748517505843214,0.32118691446927045,0.673710140148793,1
429,1,57803,15,0,2,4,19,4,0,45,327,13,0.974716249852295,0.45009880444502753,0.025353916248266817,0.9310573214195885,1
27,1,2732,2444,0,2,0,7,1,1,0,85,403,0.058153801480241865,0.0291286810445468,0.9291344269230698,0.056806203048030315,0
78,0,34550,250,0,3,0,27,4,1,34,414,7,0.6895606339317428,0.8078885723942779,0.05680520992799201,0.7640601153908533,1
12,0,1465,307,1,1,1,9,0,0,1,239,238,0.00692202899909814,0.02293009750640095,0.8302402395811631,0.051059324512150644,0
13,1,979,272,0,1,1,7,0,1,4,130,466,0.058029398768192575,0.0008507589964866891,0.9398425076565059,0.02541119332448546,0
30,2,3001,2033,0,0,0,3,0,1,4,292,272,0.01384183897570649,0.037398953580325446,0.8180432441795564,0.06754307752723682,0
15,0,3329,3331,1,0,1,3,1,0,3,273,460,0.038180230248846925,0.0712184759721102,0.8356342651935685,0.044404823945954144,0
46,2,4455,3879,1,2,0,9,0,1,2,186,501,0.055538479345590676,0.017210769094851575,0.892435587255168,0.07205295448688907,0
40,0,4047,1723,1,0,0,4,1,1,1,256,100,0.008039839837549424,0.09925975075648728,0.8967761680881685,0.010557511638267814,0
275,0,36110,158,0,5,1,10,4,0,15,484,13,0.8151399980228591,0.4897772346533204,0.3146826016607609,0.8737267205794814,1
270,0,30294,54,1,0,3,11,6,0,49,465,9,0.5299090965503325,0.829805970662127,0.2290746867836122,0.963906228793813,1
232,2,47694,392,0,8,0,22,4,1,6,334,26,0.7281106175157718,0.9617417651830469,0.16457672168004325,0.6302154765586383,1
252,2,43218,486,0,1,3,20,4,1,31,225,42,0.5020685031786789,0.5213677593709848,0.28076864946354735,0.6480251324799038,1
57,0,3883,2409,1,2,1,1,0,0,2,392,335,0.03898574094947437,0.048786288788667136,0.9223546580981975,0.01869391131394479,0
24,1,4946,1388,0,2,1,5,0,1,3,363,31,0.09126529806192737,0.07788969317199064,0.8321564152018082,0.021695708618087974,0
49,0,1815,3507,1,1,0,5,0,1,3,506,344,0.02666891862436851,0.03498698160781397,0.9193223845305613,0.07687055556533724,0
231,2,63214,202,1,9,4,15,3,1,39,324,29,0.6467521015686197,0.6223893536565464,0.34990680310637945,0.8917749432189815,1
55,2,2184,1413,0,0,1,8,1,1,4,54,59,0.029473270209874693,0.03165040695302556,0.8375516922144253,0.09497737873711638,0
53,1,4787,2927,0,0,0,5,0,0,4,394,277,0.040976620816945065,0.0699966649714549,0.9209038463804373,0.03712723478674464,0
213,1,30068,164,0,4,2,15,2,0,9,213,36,0.9152580817701896,0.8624162435363238,0.09003138366413221,0.9401405863080334,1
34,0,3376,962,0,0,1,1,0,0,4,127,279,0.08083719145370236,0.02281330868650483,0.9592901411380521,0.016114261139989972,0
49,0,2880,2558,1,0,0,2,0,1,4,228,172,0.023755300683015446,0.040082050331774616,0.9095688525306446,0.05407949943862344,0
332,2,14275,449,1,3,4,23,7,0,38,463,1,0.6571705645094604,0.5197893840769168,0.3930552408767538,0.8970446047714218,1
172,2,22067,23,0,2,4,21,2,1,38,253,33,0.5734760746535712,0.4627459365088808,0.039233406634982385,0.720272973601743,1
44,2,4311,1119,1,0,0,7,0,1,3,230,325,0.056000552321666154,0.034618493653116124,0.8892512152432013,0.012589605677695648,0
5,0,645,2023,0,0,0,6,0,0,4,465,225,0.014453037718088802,0.017360950758572136,0.9565572920753758,0.08636842221931001,0
28,0,4085,367,0,0,0,7,1,0,2,427,175,0.0809275116085109,0.05137233406603301,0.8183991800933782,5.525096436814758e-05,0
24,0,3527,3329,1,2,1,8,1,0,4,7,320,0.05255725316232236,0.047802093309310595,0.9192885794325751,0.00822334422589457,0
35,2,3304,2279,1,2,0,4,1,1,4,182,315,0.07796461014809239,0.05480775378681138,0.9572453540112178,0.04777695138776078,0
0,2,897,637,0,1,1,7,1,0,2,311,362,0.018078869041224188,0.04137604761851406,0.8227777129896121,0.02728897057486194,0
6,0,682,2343,1,1,0,4,0,1,2,243,312,0.09068962734212148,0.07479132909298804,0.9752171470076834,0.0145586092272332,0
27,0,1520,3293,0,0,1,5,0,0,2,65,380,0.09826626928390676,0.08043002158222887,0.8381817512786744,0.06078961947026648,0
5,2,3914,1932,1,2,0,8,0,0,2,23,366,0.04702103140180689,0.0653288941060912,0.9352893067241037,0.03752734351189849,0
8,1,2049,563,0,1,1,5,1,1,3,314,459,0.08989913764346369,0.09986495119147942,0.830181525455343,0.05250512985556336,0
0,1,4690,1101,0,2,0,3,0,1,2,496,266,0.025571286723417786,0.0038219275878738747,0.8082217634892618,0.05561970269765128,0
43,2,3655,1741,0,0,0,6,0,1,2,158,257,0.030147901530466772,0.0993940338090495,0.9919908235854319,0.04418079332434445,0
27,0,3505,1481,0,0,0,2,0,1,1,284,464,0.08762618174844566,0.07889920784616535,0.9621190619538258,0.022860249072327345,0
30,0,3980,3735,0,0,0,8,1,1,1,490,427,0.019584924123603933,0.0968573030590231,0.8513092884869382,0.06859412017549972,0
26,1,1000,1360,0,1,0,8,0,1,4,96,20,0.025045678638723125,0.004979977201997932,0.9114909163347892,0.016784794688345817,0
38,0,862,2467,1,2,0,8,1,1,1,359,74,0.06152754816410713,0.062394157904650804,0.9288016317468059,0.04584918037915884,0
1,1,1122,3747,1,1,0,7,0,0,2,179,174,0.08659039712668444,0.010471740619451532,0.9861078361353366,0.030131638657553507,0
50,1,4095,2095,1,0,0,7,0,0,1,404,490,0.02698403223244006,0.031103713715024486,0.8043943586507041,0.059059397031204657,0
59,1,2581,3688,1,2,0,1,0,1,3,380,433,0.08756580522899686,0.06571743284719858,0.9855960389557942,0.0034463327457811446,0
58,2,4393,2845,1,0,1,1,0,1,2,391,413,0.019009014594317156,0.03621071117005621,0.8877058301034637,0.024049286051105158,0
368,1,72072,149,0,9,4,19,3,1,48,366,31,0.6106370685749767,0.7254018195525488,0.25583371038460034,0.7420315697281219,1
49,0,2834,1907,0,2,0,2,1,1,3,137,16,0.08536994629314486,0.08874972575491175,0.9244183025166555,0.08704381108808287,0
32,1,4841,3710,0,1,0,5,1,1,2,129,263,0.04427878328891416,0.08955491984223146,0.9204192429173675,0.0309070458149041,0
80,0,92511,125,0,6,2,13,5,1,33,407,28,0.7938889924186205,0.9232660510382029,0.35413970121623484,0.7207931949702491,1
19,2,2799,1420,1,0,1,2,0,1,2,455,14,0.08628793687734382,0.022970948760938026,0.9674383063249801,0.08192721114835667,0
429,0,99501,294,0,3,4,7,8,1,28,235,16,0.8166678455879915,0.3133087666842313,0.3506668332516183,0.8972324008113368,1
59,2,1059,662,1,1,0,0,0,1,1,276,110,0.009811742691793435,0.0704193642030237,0.9548151458110765,0.09857090754071995,0
579,0,78443,0,0,1,3,9,4,0,46,476,17,0.7662178407850677,0.3527269578198265,0.20790438539189654,0.7199454261751079,1
47,0,2393,471,1,0,1,4,1,1,1,136,228,0.06511061152918468,0.0707100415942009,0.8925348465124398,0.01491029691657262,0
19,0,2949,2233,0,2,0,3,1,1,2,138,461,0.028123010405783744,0.023137862104659592,0.8917470379777088,0.09835307820663255,0
17,2,4961,1585,1,2,1,5,0,0,0,373,253,0.05755465872070434,0.09777221835916994,0.9000057291131353,0.014858235671165277,0
56,2,4694,3838,0,1,0,5,1,1,0,26,419,0.07842294173976899,0.004166533816519213,0.9581907716898492,0.05223961592740896,0
11,2,1097,1985,1,0,1,2,0,0,4,132,66,0.09319467587890101,0.07650655888620086,0.8114874030180942,0.07182986448167553,0
21,1,1782,1224,1,0,1,1,1,0,4,436,391,0.047708107543259805,0.02325410153239176,0.9658674589336523,0.005015815997760431,0
286,2,29377,428,1,2,3,21,6,1,7,440,46,0.770982159391035,0.7552281918581714,0.19819746654129355,0.9895399636956324,1
47,2,11798,452,1,9,1,7,7,0,18,200,13,0.6306274524297855,0.7060239692063791,0.1941687743062316,0.6001427270488959,1
26,0,3493,1683,0,1,0,3,0,0,3,37,203,0.08436672462272692,0.08746166865107186,0.8785267787313398,0.012206529767020847,0
22,0,724,2835,1,1,1,3,1,1,1,415,448,0.03957898942118945,0.032278917055740756,0.8853053550289656,0.09193887639484477,0
44,1,983,1601,0,0,1,8,0,0,3,295,9,0.07539386251715093,0.08880302203601782,0.8427543912862345,0.06309453258756416,0
10,1,2528,601,1,0,1,3,0,1,2,139,276,0.004781544901944135,0.06019504524069968,0.8979458687463989,0.038132469785409365,0
32,0,199,1531,0,1,0,7,0,0,4,205,315,0.06811368771594715,0.04911784459918256,0.8242641786216209,0.0414081068387826,0
23,0,4671,695,0,1,0,8,0,0,0,232,383,0.0678792433203712,0.0016388293303805758,0.9350968345808192,0.03238046957378565,0
26,0,78317,318,1,0,4,13,2,0,48,410,6,0.6145496166011601,0.7553271995074393,0.3844115461233938,0.6732057807428826,1
23,1,4951,2925,0,1,0,4,0,0,0,348,346,0.033223649012760946,0.06573900760589273,0.8975505210771554,0.0063450188955457955,0
13,0,541,3767,1,0,0,5,0,1,0,507,28,0.07891866348975529,0.029263260060317264,0.9235236049827759,0.08789831818210402,0
47,0,4454,2454,0,2,0,5,0,0,3,104,191,0.034988929506343414,0.019494484540472725,0.9958182434954501,0.05734011814356404,0
54,2,2348,3266,1,1,0,4,0,1,4,85,45,0.04144180460981123,0.0979953026568873,0.9332389046503501,0.026145234886093206,0
80,2,99442,443,1,7,4,14,7,1,44,206,26,0.684785952863094,0.6643228213251249,0.15150649876619654,0.8701615678934781,1
6,2,3013,3979,0,1,1,8,1,1,4,93,92,0.04748128339678629,0.09103583073356769,0.9528340628450456,0.0695964513125371,0
451,1,6432,189,1,2,4,19,3,0,46,404,36,0.6850796860575707,0.5853352591288355,0.24715356625538162,0.6437410731986408,1
182,0,77824,340,0,4,2,20,2,1,43,264,30,0.810379876635846,0.44305358123475,0.16435329356504758,0.5416763703061362,1
35,1,1781,3773,1,1,0,0,1,1,3,22,442,0.023103266972598735,0.07125944961700624,0.9915541005000743,0.09952454882491502,0
577,2,15374,234,0,2,0,8,2,0,7,332,18,0.8293353375499664,0.6564337414867656,0.25027556656154454,0.6537884268781169,1
34,2,3404,878,0,0,0,0,1,0,3,498,73,0.02204921647691237,0.06893098199109547,0.8656807131415154,0.05818640300722865,0
234,1,53909,392,0,6,3,14,6,1,16,473,21,0.6995301108084346,0.5171990385752606,0.22624455996474652,0.7096033513600701,1
1,2,282,819,1,2,0,9,1,0,2,206,472,0.05528918359019133,0.05956040806988914,0.8929156959492037,0.07503566988951722,0
147,2,28332,272,0,7,3,22,4,0,23,508,24,0.9299641872096661,0.938892061174883,0.07710485052422889,0.7044136499572502,1
5,2,1679,1243,1,0,0,4,0,1,4,442,217,0.0266090055944189,0.024970547322863603,0.9344204675901507,0.02088251392187046,0
2,0,240,2096,1,2,1,7,1,0,1,494,194,0.01625634133619498,0.07039405043291282,0.8358338928951771,0.08919172102415908,0
105,1,70384,99,0,0,2,22,8,1,46,447,42,0.9838952051261514,0.39565538280754786,0.06578580640433805,0.7996288828166256,1
385,0,25520,11,1,7,0,16,2,0,21,438,10,0.9241029615612135,0.7723202401638611,0.3774993513685021,0.7459959218034349,1
568,0,19946,17,1,5,4,20,8,0,6,477,45,0.734439103521646,0.4899789616317881,0.31586304603826076,0.7273295607679873,1
7,0,978,3951,0,2,0,0,0,0,3,448,333,0.07511801379936851,0.09057034458084037,0.9421371997581047,0.03803558221250736,0
43,2,1352,1501,0,1,0,8,0,0,1,442,332,0.022211961207760755,0.02756272624215781,0.8441445790912339,0.05275646858980672,0
332,0,24832,400,1,9,3,21,6,1,25,354,48,0.5462329795384102,0.3353363119128121,0.3625057922956009,0.6462682730957284,1
526,1,69334,30,0,1,2,23,4,1,32,503,12,0.667275275281993,0.7654302433380944,0.027478642623537965,0.5384008879586187,1
510,0,17035,189,0,3,3,22,7,0,16,367,27,0.727035363217796,0.5669281476364876,0.017001497580441605,0.785860231167747,1
30,0,3892,3137,0,2,0,9,1,0,0,128,247,0.006731845905410517,0.0944692629223587,0.9239970141932751,0.021104941791206956,0
45,1,1626,2327,1,2,0,7,1,0,0,358,280,0.01680846509849716,0.016364896750993774,0.8499710916300709,0.07249802479339605,0
73,2,86910,10,0,0,4,22,9,0,42,408,25,0.52112933441305,0.3496943421240313,0.16704100085933082,0.8297680529672959,1
268,2,22265,419,0,4,3,28,6,1,40,488,39,0.9865942787474311,0.6562031223339406,0.20249097860777826,0.5295304394006283,1
51,1,1616,3701,1,2,1,1,1,1,2,464,73,0.05593336107029798,0.0809205504353746,0.8842032742089625,0.039181524809428894,0
7,0,4337,265,0,1,1,4,0,1,2,407,449,0.0036128357979896665,0.059437465185990614,0.9322770292124953,0.049395734774633174,0
19,2,3965,984,0,1,0,2,0,0,0,426,49,0.08654399919726488,0.01500023824326955,0.9802258659265228,0.07844569658332866,0
59,2,4020,1711,0,2,1,6,1,0,2,461,110,0.09247356359341057,0.05165766134975696,0.962421874483151,0.04644707120804268,0
90,2,32078,334,1,0,1,19,8,1,9,416,8,0.8783887531460386,0.3812885940450179,0.35129050647855076,0.8580934935349661,1
53,2,4840,1107,1,0,1,8,0,0,0,199,20,0.028565022966100265,0.03390034910828358,0.8294282042385812,0.09881409117284956,0
11,0,3734,2685,1,0,0,5,1,1,4,417,483,0.001309387603292167,0.047776871032100855,0.8799851283682376,0.0011522154654476813,0
45,2,2742,2224,1,1,1,0,1,1,2,230,259,0.021618551599135772,0.05945603696152435,0.9809433673832564,0.05162909766008609,0
47,2,262,2632,1,2,1,2,1,1,1,322,475,0.02551079063586581,0.007892425881606836,0.9124651025810847,0.02936304355248163,0
347,2,10205,29,0,3,0,13,3,0,8,415,18,0.9222627372243202,0.9860061538575795,0.006303894573443581,0.8753261672947408,1
26,0,3808,158,0,0,1,0,1,1,3,460,350,0.030036455234807594,0.04020651268683062,0.9450398236011754,0.0779171992778172,0
2,1,4428,628,1,1,1,2,0,1,1,335,422,0.0368086207452523,0.08294019147111499,0.8173882608405703,0.0206594900032582,0
87,2,99952,361,0,6,4,12,9,1,27,509,30,0.8642635154086933,0.6073386273598222,0.28064775060007163,0.5237444904442525,1
36,0,2602,2979,1,2,1,7,1,0,0,129,453,0.09464412133049588,0.08764893372500938,0.9733116176450136,0.06926779306234607,0
29,0,2299,2630,0,0,1,3,1,0,4,269,398,0.024702549975174973,0.012718216347277322,0.963376878591643,0.03735918822554862,0
36,2,902,3994,1,0,0,6,1,1,3,270,282,0.08798304870215985,0.01131856590357392,0.8016388813596075,0.06916710131815672,0
48,2,1635,110,1,1,1,6,1,1,4,51,426,0.01883811283126228,0.016080893928153296,0.9171730371037394,0.05621118657200713,0
364,0,26644,13,0,7,4,29,2,0,39,264,44,0.9305251046154548,0.4493687745082751,0.31440351998500304,0.9435300863848239,1
425,1,87254,167,0,6,3,11,9,1,7,324,13,0.6240555391053157,0.7952644055402711,0.029528652717820104,0.5850994666966147,1
43,0,1447,2238,0,0,0,9,1,1,1,437,5,0.022028638804064662,0.04017998180878353,0.9662302753093686,0.06659755285028238,0
7,0,1704,777,1,2,0,8,0,1,1,333,259,0.022772238602908935,0.031023401692891042,0.8688386051715641,0.007015807007385567,0
342,0,39226,167,1,3,2,27,2,0,43,234,29,0.9754156353947,0.5861516108174174,0.11588491624814862,0.8430121479446571,1
20,2,3865,1118,1,1,1,6,0,1,1,31,116,0.07354593195420667,0.08751636314693179,0.8147950689558444,0.02729749886066786,0
21,1,843,3947,0,1,0,1,1,1,4,258,450,0.03580216104041051,0.01491269730383471,0.9026258140582032,0.03727619386105401,0
9,1,280,1302,0,2,1,6,0,0,1,9,249,0.01365203387233961,0.04354068550586187,0.9152258425244286,0.041841169715508345,0
19,1,2833,3228,0,1,1,1,1,0,2,186,454,0.06926025025622044,0.05862204843285147,0.9661196423407798,0.017828072015554565,0
11,2,2254,2356,0,2,0,2,0,0,1,289,39,0.011951056486319467,0.04647189192855903,0.884596456751782,0.04121962011821731,0
8,0,3038,1041,1,0,0,8,0,1,4,494,411,0.0193647171380579,0.045885008468052824,0.8196863310692993,0.04864079820317906,0
19,2,1604,1410,0,2,0,5,1,0,3,34,31,0.0991914442598791,0.09295851997345206,0.9277660334583274,0.058790499670786305,0
26,1,2809,926,0,1,1,8,1,1,3,37,38,0.04289067323841324,0.012683235126557125,0.9174293751351102,0.036742185455077285,0
281,1,35051,14,0,0,1,8,3,0,22,311,43,0.819252374020613,0.37348373958664083,0.18362093011982045,0.5176283314606843,1
35,0,2858,2064,1,2,1,0,1,0,1,305,489,0.0028308536844540047,0.05328571214743194,0.8740736915410467,0.03424008613878082,0
51,0,1427,2737,1,2,0,3,1,1,2,473,298,0.08216682496388189,0.05155083047511701,0.8628518128027167,0.0436886112565931,0
38,2,3697,1463,1,2,0,2,0,0,2,133,443,0.08491439406138564,0.07665484062839348,0.9015865995044055,0.07014171225840013,0
9,0,1336,1599,1,1,0,1,0,0,3,136,83,0.053456893406652745,0.08308412513470814,0.9202757251200065,0.04088815784679609,0
42,0,4196,1450,0,0,1,6,0,0,4,191,257,0.022617215474612175,0.007704452598083534,0.8058402823361687,0.09658276912082646,0
4,2,2670,2665,0,0,1,7,0,0,1,162,234,0.0068962095594435335,0.03945867624252902,0.9306915690588289,0.07347887963823461,0
5,1,2686,3671,0,1,1,9,0,1,1,86,340,0.03222300207803839,0.06407896007665069,0.976037278764688,0.002757228233987186,0
34,0,3107,2482,1,0,1,7,0,1,2,416,175,0.04320312209738343,0.0384464995268655,0.846162149058829,0.02767771965945568,0
16,0,1716,3438,0,1,0,5,1,1,0,509,181,0.01448097716419372,0.06871647440037854,0.892028606795345,0.0744235278044123,0
77,0,6051,194,1,9,4,23,3,1,30,331,8,0.6800150014489863,0.5796609358885589,0.1352106793509872,0.6282205928816664,1
17,2,2818,772,0,2,0,2,1,1,2,509,477,0.022617086082240712,0.02552220739441944,0.8359286723512804,0.026491826852635514,0
502,1,32208,21,0,0,4,27,9,0,23,367,1,0.6875918903779377,0.5004211336192542,0.12915656866856962,0.6406194811921426,1
197,2,11710,363,1,4,1,24,4,1,42,358,46,0.7481023075015504,0.571534642938698,0.3332068234616908,0.7438833261479953,1
24,2,1653,1832,0,1,0,1,0,1,3,343,294,0.0925926781616573,0.05719965077217662,0.9350154932469386,0.06445813117997437,0
53,2,2781,2333,1,2,1,8,0,1,3,80,255,0.010953126007294568,0.07923016666715632,0.9201036835946951,0.0035832163445641664,0
158,1,49545,255,0,6,4,20,3,0,14,397,45,0.6286825751740153,0.5791017863270074,0.31001608504581124,0.91563959254709,1
44,2,3599,733,1,0,0,1,1,0,2,220,9,0.06031479332493061,0.0816957078621609,0.9978020213007044,0.026308326412689,0
52,2,3529,1763,0,2,1,6,1,1,0,54,343,0.05460140404092502,0.03095743154041969,0.8948171430343099,0.03899865110597139,0
217,2,5543,233,1,8,3,26,4,1,46,263,7,0.5918648815906824,0.323331248820456,0.06266673638456007,0.973127412148729,1
46,0,574,1928,0,1,0,4,1,1,1,61,400,0.013235510207344281,0.08484001184433684,0.9428769442805353,0.06668803841780867,0
407,0,69760,274,1,5,1,5,6,1,41,410,32,0.6863790222001487,0.8682219963200848,0.3150015085626984,0.74228344793006,1
555,2,72297,95,1,1,2,27,7,1,44,488,25,0.9797572769322702,0.5326405558558669,0.39469989828317376,0.5308700422092132,1
342,1,13690,274,0,3,2,14,5,1,28,303,33,0.5720240329643711,0.30141499736674304,0.09073401074556729,0.6438819794779388,1
57,1,4042,3748,1,1,1,9,1,1,3,310,33,0.07315763789367484,0.0817460355056942,0.8729958637160726,0.05953154699502338,0
3,1,4353,2601,0,1,0,1,1,1,2,473,106,0.015422617434361498,0.010072849482906356,0.8870437620545585,0.04259339663241827,0
499,2,6063,91,0,7,3,16,9,1,9,275,43,0.5903891631703535,0.4763307633421807,0.28260999098925454,0.5733783039063807,1
24,0,3682,2457,0,2,0,9,1,1,4,329,316,0.019968914303967147,0.03243630502988839,0.8875373152702174,0.08579636879310745,0
20,1,2609,709,1,0,1,8,1,0,1,306,509,0.09836014904166547,0.07407050343885062,0.9504818879277227,0.06539111771619659,0
260,1,49203,118,0,5,4,16,5,0,35,438,28,0.9518405664961102,0.5064998217229557,0.19508942841845003,0.8421635637040013,1
24,2,1704,2088,1,0,0,9,1,0,1,12,130,0.044761464238686544,0.09756016489445889,0.8813591520819926,0.05392484165253694,0
170,0,6346,443,1,4,0,15,9,0,34,455,8,0.7948970702209481,0.5640870913217844,0.32159678113199347,0.6470065628991684,1
19,0,566,1281,1,2,0,7,1,0,4,416,103,0.0011309627572005487,0.0412442253413041,0.9752032157793792,0.08045953967355457,0
320,0,41505,417,0,4,3,9,7,1,25,438,3,0.9856047928081929,0.6893929334673929,0.10661147155496278,0.5014031135076977,1
48,1,1229,2134,1,0,1,7,0,1,1,436,392,0.07526076935359699,0.039885085974889545,0.8177123101765176,0.082316656372244,0
55,0,1522,300,1,1,0,2,1,1,4,266,503,0.029354981944083626,0.0072658749400767554,0.8962011065545443,0.08278379179911555,0
176,0,11586,39,0,4,3,16,4,0,11,289,34,0.7851327094378879,0.9400964525886182,0.3444226460537859,0.7042526022987494,1
1,2,2973,1403,0,0,1,6,1,0,4,429,319,0.0695501983225365,0.02556040489397329,0.8823050677743329,0.0049239503813132916,0
54,1,602,1034,1,2,1,3,1,0,4,196,43,0.06892005374743147,0.02302905428125365,0.9799511782708037,0.039025494078240776,0
19,0,3378,701,1,2,0,4,1,1,1,320,361,0.024415738685431565,0.09653475836613593,0.9680755710524185,0.011843179446439357,0
113,1,74838,64,0,1,0,26,7,1,46,484,20,0.6269494986792933,0.8640567933109735,0.12210177263912102,0.6922209703151425,1
325,0,68626,320,0,9,3,16,4,0,36,420,30,0.9121908916186037,0.6679743509640887,0.2973503045085114,0.9239582625342093,1
33,1,2775,2911,0,1,1,2,1,1,4,330,4,0.022157244984737326,0.06766240071212141,0.95180669740885,0.0853165984471973,0
15,1,4371,1833,0,1,1,7,1,0,0,376,340,0.0421647870455585,0.09793629550894888,0.8749846560411911,0.03791732506458165,0
55,0,2361,2791,0,2,0,7,1,1,2,508,298,0.06494073114086196,0.030121957185926765,0.857104619320634,0.06635266442516617,0
32,2,52119,388,0,7,3,21,7,1,7,235,2,0.7731633170491512,0.887544423589006,0.35246432829653407,0.6336339989808673,1
541,0,50957,362,1,8,4,6,6,1,36,492,31,0.5730862460448035,0.7541944819375352,0.08550789351347139,0.9871500732365446,1
24,1,1160,2139,1,2,0,9,0,1,3,503,237,0.045887157101893686,0.05376623238963685,0.9677314287984073,0.01779518666378278,0
10,1,4662,522,1,1,1,8,1,1,2,399,247,0.08760258360484163,0.010775092048228296,0.8672432489812616,0.024965615072794534,0
251,2,15134,299,0,5,4,21,7,1,13,385,24,0.6226768451088377,0.6985232107692039,0.030408314091631673,0.935169064670933,1
2,2,59727,464,0,9,4,7,8,1,48,349,26,0.8700940804980724,0.528838710629473,0.3425878416404054,0.6951609971732486,1
487,2,55202,154,0,6,2,7,3,0,12,344,21,0.8923973973327022,0.6442740069355963,0.24808442728614574,0.7374926946798264,1
34,1,1619,151,1,1,0,0,0,1,2,116,320,0.05051071209277691,0.08827717088462783,0.9526783232758582,0.007563666157079929,0
15,1,4421,1648,0,1,0,4,0,1,2,224,364,0.0021152004699864224,0.061697845946859925,0.9893320809159047,0.03607432475177496,0
20,2,4997,2684,1,1,0,5,0,0,2,330,396,0.008746329645331308,0.016557504475152262,0.9865772099862242,0.08663955325996173,0
6,2,4516,2828,0,1,0,3,0,0,2,427,242,0.09241434746542744,0.029173234005974547,0.9467836608132231,0.0448951135279468,0
363,2,43741,186,0,9,2,24,8,0,43,392,21,0.5287410172610969,0.6141683231422077,0.1713332344483216,0.6099515067824227,1
15,2,1367,1605,0,1,0,0,1,0,0,443,276,0.031497646062973415,0.08100112296496653,0.9906949913115604,0.004201363444981921,0
454,1,84370,152,1,5,3,8,3,0,24,371,17,0.6724039301300673,0.8915991259613765,0.3460991078201056,0.6327910872461313,1
18,0,4940,207,1,1,0,7,0,1,1,505,291,0.07900719294766435,0.0283815952836197,0.909001136794281,0.08395827142767545,0
2,0,2713,760,0,1,1,1,0,0,4,494,361,0.05840707731398851,0.04965061488639702,0.8046841677452261,0.03718994758719565,0
47,0,1199,519,0,2,0,1,1,0,2,219,441,0.007439782731311973,0.017941394862221485,0.9493426348242591,0.029120405562252163,0
0,2,2684,3165,1,2,0,8,0,0,4,296,469,0.08073907050301507,0.07215197359140552,0.8488618948143618,0.09319035835168367,0
22,0,2714,3800,1,1,0,5,1,1,2,330,360,0.018512952703716112,0.0054824790967799575,0.9304730771592484,0.05413851011981128,0
39,0,4169,2940,0,0,1,5,0,1,4,276,430,0.05280204549710063,0.0796423698444393,0.9148014130081198,0.05761274285395312,0
21,2,4298,596,1,1,0,6,1,1,1,148,3,0.06168279813515756,0.06266645490969285,0.8370933884430074,0.06996358328053091,0
250,2,65157,25,1,1,4,28,3,1,19,250,29,0.7580742655417056,0.34410061265735137,0.10221339726495625,0.885153105191913,1
174,0,87630,35,1,2,2,12,5,0,36,345,45,0.6692053499918529,0.7674422241935019,0.17761236527533125,0.846373221604547,1
52,0,3891,598,0,2,1,8,1,1,3,27,441,0.017483853395731032,0.09942137586339972,0.8504247094227054,0.09040925515183841,0
541,1,80929,109,1,1,1,8,7,1,7,296,12,0.8715900442618644,0.7506786825848666,0.025251147601801138,0.7127768262630942,1
54,0,1313,2080,1,1,0,4,0,1,4,4,160,0.0515366677609178,0.02712719393613655,0.912386942640466,0.04119879322274719,0
59,2,2657,2019,1,0,0,0,1,0,4,393,174,0.06800129433604662,0.0800102897236033,0.8159403246295766,0.040524716086659834,0
10,0,1734,2592,1,0,0,6,1,1,4,304,253,0.0008495138168584161,0.05311748510743685,0.9453383632596087,0.0007101429114474977,0
23,2,2641,1560,0,0,0,1,0,1,1,432,452,0.09923784854930484,0.0012726549450624682,0.9847292446831358,0.08108178381495901,0
50,0,3565,3746,0,2,1,3,0,0,3,270,258,0.03948135675183054,0.06419210743337807,0.9745334413365183,0.04697582656399978,0
426,1,30249,358,0,7,3,18,3,0,9,300,29,0.9318041627332763,0.40476191994585076,0.2245241606192571,0.9598491553099898,1
38,0,2237,3670,1,0,0,7,0,0,1,19,368,0.02722990619846695,0.04043258897657175,0.9546893558210893,0.060377520313696115,0
13,2,1968,248,0,0,1,9,0,0,1,481,202,0.043502179072678906,0.026574285314375157,0.9070397924926894,0.08213476998127743,0
49,0,3565,268,1,2,1,7,0,1,0,155,288,0.04771059769711555,0.05544926061962594,0.8497727938794315,0.07248350161301866,0
136,0,85040,322,0,5,1,24,4,0,36,458,19,0.6689895653288754,0.5003279144648665,0.27859119000526283,0.9815416066996043,1
28,2,1108,526,0,1,0,3,1,1,2,292,474,0.08112622021379941,0.06669895195904998,0.9839637376755683,0.09272511736436702,0
4,0,53017,391,1,7,2,11,7,0,43,294,24,0.6056819780426284,0.8538799389318319,0.3918488265881387,0.9856190821413211,1
9,1,429,1047,0,1,0,9,1,1,2,410,410,0.013125378743236894,0.06284088653923976,0.8599498182064643,0.01555644974327828,0
36,1,4023,1832,0,2,1,6,0,0,0,81,388,0.08343068010869455,0.010822744521149752,0.8317751504441014,0.023382432413633882,0
436,1,90304,439,1,9,2,17,6,0,43,213,14,0.6348365980064656,0.8977367499274382,0.24091042451610548,0.6668020707161514,1
30,0,2988,662,1,1,0,3,0,0,0,248,400,0.04929999780017084,0.026961003282188558,0.8028797361148762,0.05581331310115202,0
364,1,46989,98,0,0,1,8,7,1,14,237,14,0.6120569187456282,0.7350271597014437,0.3528917459165123,0.6619617110980118,1
24,1,4195,1435,0,2,0,4,0,0,1,314,279,0.08241083412069418,0.047517591376665204,0.8578365483121582,0.03803003925486614,0
285,0,98348,168,1,1,2,22,8,1,30,231,14,0.7578523003852,0.507872368952274,0.34005141287658225,0.8667013256181206,1
16,1,4407,303,1,1,0,6,0,1,4,456,153,0.004745118934635962,0.0638483291091269,0.819952493924536,0.005427728825743783,0
31,2,2641,665,1,1,1,9,1,0,2,472,417,0.06732804027885735,0.07753124251834567,0.9341577178487016,0.09687588731207421,0
29,0,3100,2004,0,2,0,0,0,0,1,415,192,0.021358195179302653,0.0729984530729611,0.8248052885488432,0.08930632189495302,0
36,1,2207,623,1,2,1,6,0,1,4,181,461,0.06411038378215836,0.015541964209059579,0.8492394057281596,0.024489080376863304,0
590,0,76437,369,1,9,0,11,5,0,10,334,5,0.6261482172297574,0.6658629070587969,0.3311612922808172,0.9501986927250172,1
10,1,1093,2368,1,1,1,7,0,1,3,42,389,0.020795766658104377,0.052344810848724534,0.9174830114365429,0.059637204691603676,0
17,2,556,1410,0,2,0,5,1,0,2,84,347,0.08103389307173292,0.0028779315891650174,0.8166716067343022,0.003840640187431621,0
518,0,52706,301,0,4,2,9,9,0,33,325,12,0.8219179286718489,0.5396750527759159,0.009485681129950675,0.6971200049974124,1
355,0,99894,90,1,3,4,22,2,0,15,294,4,0.9854991583485588,0.6154049292144754,0.29899196583556725,0.7917928357199607,1
385,2,77359,103,0,8,4,11,2,1,48,444,9,0.5078806393771371,0.8407056973542544,0.27792370366542085,0.7024860634048199,1
179,2,74522,433,0,6,0,14,5,1,26,332,17,0.6872193952594912,0.3685915410109941,0.3129137669902039,0.5764292987137225,1
459,1,29351,38,1,9,3,25,2,0,41,453,47,0.867869474747405,0.5409697917028973,0.16542219237535907,0.9188133592835563,1
5,0,4902,1727,0,0,1,9,0,1,0,368,364,0.028153108219350888,2.8752278650090447e-05,0.8333880637736796,0.08519722187513375,0
325,0,24869,103,1,7,1,21,5,1,20,279,34,0.8508965872535639,0.8670381758450021,0.21082849796727712,0.5103309476259037,1
16,0,1435,589,0,2,0,7,1,1,1,155,154,0.07352261732653141,0.03692209364831285,0.9672016429705258,0.07382576337633694,0
517,2,44365,423,0,5,3,13,2,0,44,425,22,0.8899658148557625,0.30230720801946803,0.09622218496157316,0.9583553540076708,1
18,0,3243,3609,1,2,1,7,1,1,0,417,351,0.056877220570715786,0.04109551913806099,0.8920949342383049,0.03941181080161291,0
164,1,87036,427,1,5,3,10,4,1,47,417,33,0.826254094701796,0.7927435087975662,0.3390039105278639,0.7131352618131405,1
1,2,519,3936,1,2,0,0,0,0,2,109,488,0.009733906002416859,0.08859656039877217,0.9791214105349277,0.007019044822247212,0
41,2,4485,933,0,2,0,6,0,1,1,57,56,0.0773781739842174,0.05499223198966731,0.8566647442326735,0.013117588802257218,0
3,1,1476,3863,0,1,1,8,1,0,0,281,270,0.06191875473523994,0.0032504980330333557,0.9676343697937247,0.042483094406202654,0
17,1,702,1103,0,2,1,7,1,0,2,38,503,0.03446953200526716,0.05363302509574752,0.8222917388603217,0.011420109028343407,0
265,1,62680,311,0,0,1,25,2,1,39,351,7,0.8348447293924091,0.49825683918158714,0.14372186202922008,0.8151251975849817,1
435,0,39046,90,1,0,2,15,5,1,10,348,30,0.6191849516196994,0.7613084634283465,0.37764950591160173,0.636751600603261,1
198,0,51682,138,1,6,1,8,4,1,44,261,27,0.9470523033523118,0.896626378281506,0.2615784100422324,0.5871875129098358,1
43,2,1594,3849,0,2,1,0,0,1,2,367,390,0.009772791900653832,0.002786378340893514,0.9720300082308095,0.019422471132170174,0
43,1,4785,3841,1,1,1,3,1,1,1,300,429,0.04501603793688476,0.09390932428839643,0.8764281749842602,0.008019816519507473,0
10,2,4350,1916,1,1,1,1,0,0,4,182,315,0.028442794578475362,0.02350695279061432,0.9852955002595113,0.0945042525941659,0
6,2,566,955,1,1,1,9,1,0,2,9,175,0.08339625162146508,0.00824352431740769,0.9036581455835803,0.005096229887776538,0
20,0,2039,54,1,2,0,5,1,0,3,122,256,0.012835281714028736,0.013240526420860821,0.8274285001878301,0.06299920745629377,0
19,2,4463,3638,1,1,0,4,0,0,4,5,251,0.019035537820796058,0.02733343633247939,0.8961752150704909,0.0358972995611353,0
34,1,4409,131,0,1,0,9,1,1,4,492,105,0.08663517835245635,0.0990792308812899,0.8256304999612398,0.001836311261270085,0
154,0,59443,239,1,4,4,25,2,1,41,261,41,0.5850770515227653,0.9071735610150768,0.07653620208083174,0.5192995117981047,1
4,2,1113,2559,1,1,1,6,1,1,4,77,31,0.08446475588893304,0.0799373472150736,0.8903017751057068,0.048281726433798716,0
458,1,55156,252,1,4,4,5,2,1,47,358,27,0.5949440876242671,0.4165501504209112,0.002091002386541696,0.8042530982812103,1
439,1,30759,139,0,7,4,9,9,1,5,496,5,0.5818615989210043,0.3358861313112088,0.0571899922952118,0.8467833205767255,1
11,1,643,3039,1,1,0,6,1,1,2,488,315,0.03541031432401148,0.04578427329671001,0.9889458306676004,0.07999418267825459,0
31,2,3599,2305,0,1,0,4,1,1,4,485,431,0.012590445820668861,0.01930711884838402,0.9657742487655118,0.05727820791649362,0
9,0,1150,576,0,0,0,1,0,1,1,232,166,0.006161266466522231,0.09409128484192486,0.9860709676082364,0.06369689330234217,0
53,0,598,1002,0,2,0,7,1,0,3,235,236,0.026207801762563265,0.08491425112657675,0.8698607451743943,0.029542292572012255,0
43,0,3272,2829,1,2,1,0,1,1,2,344,209,0.01618570140914314,0.01698466119953985,0.9512909202565012,0.08156350283449296,0
9,1,1810,795,1,2,0,2,0,0,3,9,75,0.015927348125447296,0.045223723500989854,0.8817791419404168,0.007426547659333105,0
38,1,760,1901,0,0,1,7,0,1,2,327,189,0.005719079355050116,0.08224230055489856,0.8322654359916035,0.09120886956177368,0
280,2,91179,329,1,0,0,15,9,0,10,380,40,0.8983274258723839,0.644844131676477,0.3834328131661145,0.8447102000610105,1
157,1,60166,443,1,5,4,17,2,1,14,421,49,0.5249175515382907,0.4348290688434436,0.02683674492765764,0.9014565857991232,1
39,0,1592,3960,1,0,0,7,0,1,0,292,271,0.07780667427488425,0.04119172507940702,0.9168606482826402,0.024676162386957357,0
55,0,431,347,0,1,0,4,0,1,1,6,73,0.03556909549051201,0.07855133179992618,0.8771904696714732,0.039453775312900057,0
5,1,2013,1018,0,1,1,0,0,0,3,391,477,0.014507577199528122,0.08766042564917256,0.9863854312422249,0.012102633991142609,0
2,1,2585,2480,0,0,0,3,1,1,3,161,2,0.040540100818352354,0.010847559101161376,0.8883900849397769,0.0615621580883817,0
8,1,4123,1199,1,0,0,9,1,0,0,147,391,0.09110069075631598,0.024149829872631624,0.9585338179988251,0.007670017832766218,0
232,0,70255,477,1,8,1,21,4,1,34,501,21,0.5410862004755971,0.5660298148578837,0.0007516008032054877,0.6609539748618904,1
5,2,513,2398,1,1,1,9,1,1,3,69,28,0.048238643896919856,0.08357310701469316,0.9865570570736784,0.06456719566101467,0
52,2,1473,3522,1,2,1,5,0,1,3,355,55,0.059682756796584684,0.08221474225880943,0.9058541487932751,0.07560761254479127,0
31,2,3101,1344,1,2,0,5,0,1,1,342,358,0.09885171982708091,0.0005195526973684861,0.950751996809654,0.01967840777352029,0
391,0,61175,238,0,3,2,17,4,0,18,358,11,0.9793960664091366,0.680893673004671,0.26832778537460045,0.5351723526090277,1
45,0,554,3844,0,0,1,7,0,1,3,168,419,0.05108351676332793,0.026637636982840288,0.952739029236585,0.07167334605499458,0
52,0,81882,206,0,9,3,6,8,0,12,490,11,0.7647879160867398,0.4124095461955101,0.01727710650315446,0.9334244325354599,1
47,2,460,3311,1,0,1,1,0,0,1,291,194,0.028361303096051484,0.03389028107172803,0.868148254216025,0.04702287235607653,0
452,2,48817,174,0,7,1,23,4,0,28,382,37,0.6813350123773341,0.9663838308288542,0.17888336379470707,0.9619735828647229,1
47,0,1922,1748,1,1,0,9,1,1,4,258,416,0.052620796449901634,0.06758116771738572,0.9659389699299303,0.08152100561404145,0
31,2,2392,2499,1,1,0,3,0,1,1,363,181,0.0469767542114007,0.09251575241756144,0.8182870713265243,0.06374621170143753,0
53,0,2436,1289,0,0,0,5,0,1,0,336,138,0.011629484413570946,0.015580955929603136,0.9721711621800256,0.012489985534479553,0
52,0,1444,488,0,1,0,2,0,1,3,161,385,0.024103445572369167,0.03141512036080664,0.8014629698593819,0.02583273492341608,0
29,2,3235,1925,0,0,0,9,1,0,2,441,340,0.05855582652404854,0.02854191612351441,0.9738985646715588,0.001087095844232433,0
1,2,330,214,0,0,1,7,1,0,0,460,45,0.08796592386359842,0.06842801643937338,0.881599022610405,0.04875356474264081,0
588,2,62915,180,0,7,0,9,2,0,8,495,10,0.5472833040101283,0.5819068179411793,0.3276485505121444,0.9376536615176625,1
51,2,1678,993,1,1,1,4,1,0,0,87,420,0.07445946545633017,0.06985932281165808,0.8539332763511864,0.0756915956145305,0
52,0,1478,466,1,0,0,1,1,1,1,167,454,0.052836294045646354,0.05155847015392278,0.9866442410567589,0.024260512333890427,0
518,0,14427,225,0,4,3,15,3,1,29,395,18,0.9665364706494981,0.3444090667915325,0.19261594524332232,0.754607473204089,1
552,0,25648,122,0,3,1,9,5,0,36,337,10,0.523402999611171,0.5565538391913646,0.08190803421708864,0.8415631531665524,1
53,0,41026,415,0,6,0,9,8,0,37,230,42,0.7908027889813339,0.6651688610430933,0.3973708907031017,0.7815999009918551,1
12,2,1796,2550,0,2,1,9,0,1,1,14,419,0.0418212252308099,0.04942063842819383,0.9834154102154494,0.03320232300865346,0
13,2,3853,234,0,0,1,2,1,0,3,74,469,0.012695129128211403,0.031461076300019035,0.8466927048729822,0.07163959270953937,0
34,1,4999,3213,1,2,0,0,0,0,4,470,478,0.08423137709989381,0.06591964849983961,0.9542400115620415,0.04366189496722648,0
46,0,2679,3886,1,0,1,1,0,1,0,317,328,0.08449975836631245,0.049386035057411584,0.956528290566693,0.029876881586885465,0
183,2,13272,358,0,3,4,15,6,0,25,450,27,0.5240601818343155,0.795808181190578,0.23677743943209528,0.8896990059010779,1
27,0,1310,3445,1,1,0,6,1,1,4,196,31,0.08109864548212067,0.049410271612954415,0.8342414058313693,0.018584511955630278,0
58,1,1804,669,0,2,0,7,1,1,2,45,333,0.03557085933877219,0.022765275933238308,0.8660623167186712,0.09360779193464595,0
5,1,282,1485,1,1,1,2,0,0,0,246,475,0.07541378188997427,0.06684162787269551,0.8636546038035394,0.06652458086548234,0
22,1,3760,3508,0,0,1,4,0,1,2,6,402,0.06297913080226607,0.018543007196032368,0.9189253011612156,0.024565738391260097,0
13,0,3231,3596,0,0,1,1,0,1,2,168,28,0.01607892032374483,0.042348231488125714,0.8276783986155972,0.045760952418316625,0
8,2,4585,3079,1,2,1,4,1,0,1,504,477,0.07255310683954473,0.07049157272764676,0.9845889971339717,0.011588407804309676,0
349,0,37928,48,1,6,1,6,9,1,26,480,33,0.5440241744335331,0.3617565667332066,0.3389048128352852,0.9509883063090265,1
12,0,2267,2799,0,0,1,0,0,0,2,256,420,0.05620636137917387,0.065338427338532,0.9871574306937212,0.04755917455367742,0
5,2,391,1599,0,2,0,2,1,0,3,257,178,0.09011879677118485,0.05815602400266328,0.9017451868215429,0.03356022480360791,0
14,1,4792,2895,1,0,1,8,0,0,4,65,18,0.09325871756708981,0.04949045823477776,0.9933947870343122,0.0568734861735542,0
60,2,11096,204,0,7,1,20,3,0,48,421,48,0.6670554693853374,0.40151807051383587,0.05597520501030182,0.9655050872089872,1
24,1,138,201,1,0,1,1,0,1,3,297,438,0.020207474722462572,0.07978893466487043,0.9496359203188197,0.012051576085729543,0
129,0,23372,165,0,2,0,8,2,1,24,277,10,0.8739740777607534,0.39891845792262937,0.20857039805507782,0.8242632347407701,1
491,2,33882,357,0,1,3,27,4,0,40,286,20,0.6580350395765877,0.9983899556260938,0.14327501429280462,0.7411965068616714,1
2,0,1182,1840,1,0,0,4,0,1,4,51,344,0.09248408798444949,0.047833540398533075,0.9416587775457481,0.04273624852491788,0
1,0,3850,1358,0,0,1,5,1,0,3,404,6,0.01752880296263355,0.03136607073675174,0.9126528962063089,0.05508310529464725,0
24,0,3229,3855,0,0,1,3,1,0,4,271,253,0.052239267726330196,0.03130552534294675,0.9381725535633941,0.011115054397689096,0
414,1,9409,57,1,9,0,23,3,1,29,262,29,0.84937450344857,0.4688698906842541,0.16782296949709782,0.6817001165287316,1
428,1,20685,382,1,7,0,8,5,0,36,335,5,0.6165223432207434,0.8497423775292325,0.25420868458948503,0.7959151044738502,1
28,1,2737,1440,0,1,0,4,1,0,3,35,177,0.016539081810874545,0.007108272902460511,0.8698979274025314,0.07912681199189128,0
51,2,3640,338,1,1,1,4,0,1,4,32,155,0.076459477114746,0.06522443684153952,0.9331010882122033,0.06477416297800573,0
44,2,4667,734,1,1,0,9,1,0,0,21,385,0.040921520036027316,0.030353532043701503,0.8005494252275123,0.06829758681307833,0
53,2,4629,525,0,1,1,1,0,0,0,10,318,0.025798978345664282,0.011088705690382717,0.9306076765839184,0.05537123422882924,0
47,1,2101,2892,1,2,1,6,1,1,1,20,180,0.04113263562170381,0.015735564730011642,0.9756073323612242,0.03912790898693519,0
50,2,104,344,1,2,0,1,0,0,4,486,125,0.03775105818633278,0.08385978371801071,0.9401702004589001,0.06923689464473934,0
54,2,2729,304,0,0,0,1,0,0,4,172,344,0.04124843968311625,0.07771563336528846,0.8652662739339563,0.011092164121880877,0
44,1,1075,1428,1,2,1,6,1,1,1,268,101,0.03458852570408168,0.04660874200756174,0.8895797075376871,0.014800873284012805,0
50,1,4622,1967,1,1,0,8,1,0,1,25,421,0.037271215599222966,0.0744678529301382,0.885208916662968,0.027805723270886453,0
517,0,22566,425,1,8,0,5,6,1,15,352,25,0.6836572066078821,0.6701041930090974,0.26021366227913484,0.7171012432402495,1
249,0,98963,145,1,4,3,6,8,1,5,341,38,0.8603643693553755,0.5929803771181017,0.2110969272425602,0.744100168821423,1
37,2,4348,1419,0,2,0,8,1,0,0,411,184,0.09870454147437352,0.08001937568048491,0.9666434191253659,0.06888785564165338,0
189,2,31391,381,0,3,1,6,9,1,44,312,16,0.6682468928125659,0.5697829573723332,0.11803192467617346,0.92692968309107,1
208,1,59519,106,1,7,4,14,5,0,27,476,6,0.5634395578706834,0.42496319712049857,0.3412317541802951,0.6837790132681354,1
505,0,36215,459,1,1,2,27,6,1,45,256,36,0.9817265936964534,0.8759890624233535,0.08468948217746704,0.6105799522578511,1
13,0,803,1892,1,0,1,2,0,1,4,73,208,0.02560234971697254,0.08628393743840533,0.9438004776073856,0.030576208459033517,0
592,2,32544,386,0,2,2,22,6,1,43,254,13,0.6935669524729589,0.3914511386000576,0.10323200697763468,0.6595231651654698,1
14,2,3244,3403,1,1,1,9,0,0,2,157,444,0.06386701341168087,0.0030925921693535697,0.9057296812538281,0.0948412165714135,0
228,1,36167,312,0,0,3,22,7,1,35,458,39,0.5940932402356591,0.6665143322622124,0.1585150178761112,0.6610755288018529,1
274,0,27419,337,1,9,4,7,9,0,16,375,44,0.5581579230352878,0.3499779229123783,0.22979615114563973,0.8427110616084896,1
315,2,38510,481,1,6,2,25,7,0,20,323,28,0.8093965909759352,0.6719074089570298,0.2773021682990026,0.7901631905933002,1
26,2,1789,3627,1,0,1,4,0,1,2,266,307,0.04632307618239097,0.020685669452838885,0.8421070855911098,0.008309936158027898,0
104,0,88525,335,0,7,1,9,4,0,9,422,38,0.6177927651790351,0.45736426066770075,0.3166756103428272,0.9901303386715463,1
27,0,1793,3209,1,1,0,6,1,1,2,277,470,0.03940876677803459,0.01945356838404715,0.8092826463923692,0.023697714578537556,0
181,0,90753,46,1,5,0,18,4,1,35,218,18,0.8315146606999346,0.3771388068145076,0.14249894823893478,0.8263120683399205,1
16,2,4986,3278,0,1,1,8,1,0,2,308,262,0.017363896408860914,0.046991647652324366,0.9300884322653449,0.004536932372943825,0
33,2,3713,260,1,2,0,2,1,0,3,67,510,0.017889569210794345,0.08359283071920051,0.9162395807413038,0.09024141259300322,0
25,1,4454,984,1,2,0,7,0,0,4,192,462,0.024703689643460893,0.003899464357446514,0.9406656844907939,0.02579786725312,0
39,2,4550,3150,1,0,1,6,0,1,4,230,220,0.03743555383183894,0.019501524345557367,0.910468502048506,0.023379010650932366,0
354,1,51706,108,1,0,4,21,2,1,12,500,47,0.6675280833250383,0.5815362667598529,0.2260566115910705,0.8416388453018471,1
0,1,2786,1596,0,2,0,3,1,0,0,92,483,0.0063748924359760435,0.013471168042245851,0.8010245387629508,0.0808464337485718,0
4,1,808,1611,1,1,0,5,1,0,3,272,328,0.04385472449378486,0.015124951989151326,0.9494733417336257,0.012892654074700229,0
16,0,1986,538,0,0,1,9,1,1,4,112,12,0.011711378826719833,0.022026420838474472,0.9419108907522934,0.06580732549036719,0
45,0,71633,142,0,0,0,12,4,0,30,397,42,0.8862225480060788,0.6500353362720352,0.10904071632493553,0.8122531620866684,1
33,1,4883,1917,1,2,1,4,0,1,0,386,373,0.035597759210456124,0.00026506644916182156,0.8007140241947184,0.04863034823802809,0
14,0,897,1611,1,1,0,2,0,0,2,178,289,0.08708739283718134,0.02227049611675025,0.9616283501312253,0.015070870915185343,0
39,1,2108,1734,0,1,0,3,0,1,1,379,86,0.008236428402309693,0.09405077085283191,0.9753302120940601,0.06652833708586291,0
23,0,4117,3484,1,1,0,6,0,0,2,451,360,0.07641309697217036,0.09816687225554827,0.9024993065420953,0.08861667298075752,0
44,0,3003,3414,1,2,0,2,1,1,2,176,367,0.04637334273262396,0.061590079418171996,0.8378905936345072,0.04322275467369853,0
33,1,4554,140,0,2,1,2,1,1,2,81,163,0.044655967688598176,0.03058936125313897,0.841872544082516,0.04134704635311011,0
328,2,14621,248,0,3,3,22,4,1,21,420,3,0.7827821720737048,0.5646258607317728,0.08098064308434405,0.5542997064468319,1
578,1,29069,140,0,0,1,17,7,1,48,406,30,0.8734962594547235,0.8680893755627497,0.38861760362953124,0.7281175350991151,1
28,1,64319,496,0,5,4,6,8,0,29,330,44,0.786691860857586,0.6253319786024494,0.18799543250278053,0.905239595512454,1
534,1,78275,365,0,0,3,5,5,0,28,292,36,0.7276030571246557,0.7999714060993786,0.3871668294251749,0.5877960446772346,1
55,1,66970,405,1,2,4,23,4,0,5,302,16,0.5133331331409743,0.9228862910406264,0.23917781852763909,0.5129531600607962,1
272,2,34258,133,0,0,4,5,4,0,32,501,11,0.9770407956249045,0.5895360225800514,0.051141268675670926,0.5121258201973884,1
163,2,36417,328,1,5,0,10,5,1,12,505,22,0.6698179135197108,0.7640670395711759,0.14167990590772825,0.513016037739543,1
45,1,801,3665,0,0,0,3,0,1,4,173,366,0.05899002827341522,0.021133328806258535,0.8019057813859127,0.041473326472463545,0
593,1,47492,214,0,5,2,7,2,0,9,400,38,0.6000504378852216,0.46650554466025,0.34996222677765604,0.9192542703070415,1
6,0,2629,1044,0,2,0,8,1,0,3,230,503,0.08278206853570748,0.08915029379351516,0.8312247071335181,0.06087880762014963,0
32,0,1305,1738,0,0,1,9,1,0,2,405,149,0.031751402612123336,0.04600075509056785,0.9605274041508983,0.0034602657445821695,0
14,1,361,1562,1,1,1,8,0,0,0,235,8,0.03370307615794077,0.012679149543567393,0.9991109941333858,0.06355149836533133,0
113,2,39230,70,0,4,0,12,7,0,18,458,8,0.5492763994038936,0.5480861776540544,0.12715341310397732,0.9055008752116551,1
24,1,3601,654,0,1,0,4,1,1,3,285,455,0.04058978532945319,0.03977047876401216,0.9839310016681169,0.0972162667262812,0
59,0,2042,3256,1,1,1,9,0,1,0,501,481,0.08441727977402322,0.06336684828889019,0.9285577072992254,0.05861607453869691,0
35,2,1706,3002,1,0,0,0,1,1,0,324,330,0.07647917412896393,0.02409031861462814,0.8877146580714118,0.005893076777688789,0
51,2,4086,914,0,0,0,2,1,0,2,412,20,0.06982658341878836,0.074029039885441,0.9568011036693427,0.04792134614220486,0
18,1,98194,396,1,1,4,23,6,0,15,200,40,0.5118144905788489,0.8016957467368759,0.013366963184835701,0.9107908156079285,1
59,0,245,761,1,1,0,5,0,0,4,240,91,0.016207342040324948,0.0171175672412896,0.9658936730082852,0.07057915333312524,0
56,0,2439,1636,0,0,1,1,1,0,0,211,309,0.03498261843253402,0.0034638064981313502,0.9935524117330244,0.08903578416763093,0
25,2,4285,2232,1,1,0,8,0,0,1,257,385,0.09216565477070116,0.09877938852472143,0.8143215028302205,0.022729611047194,0
466,1,85922,178,0,8,3,27,4,1,36,343,11,0.6634912940357498,0.40143369326616885,0.0614435868696821,0.9071608160977931,1
22,2,4674,2956,0,1,1,6,0,1,4,486,29,0.06751840507234141,0.002401274849281576,0.9985331834139279,0.05124181851356127,0
53,1,4173,2296,0,2,1,9,1,0,2,338,248,0.07931437582537212,0.025820845721740173,0.9624451651710855,0.06656999994996886,0
142,0,85446,218,0,0,0,16,6,0,28,241,19,0.7833394821565569,0.7733792923592815,0.3786665286188896,0.7107072689851239,1
57,0,3409,143,1,2,1,3,0,1,4,420,326,0.07105430292911295,0.09206260032651094,0.8941613589197297,0.07764274880442401,0
21,2,1104,2342,0,2,0,1,1,0,0,414,475,0.08401100363445436,0.021827465998832365,0.8982351531468595,0.059115581331033465,0
28,0,4485,3294,0,1,0,5,1,0,1,186,226,0.08705357286151905,0.008660783691377405,0.8335703990629325,0.05584053140266028,0
43,2,3560,1496,0,1,1,1,0,1,0,348,351,0.006968379971361849,0.04481657021160012,0.8085832262956674,0.09516313425823429,0
6,1,1253,663,1,0,1,2,1,1,3,464,229,0.07989472177970985,0.0024902740387344525,0.9830247531839942,0.08022130587667885,0
51,0,2271,253,0,2,0,1,1,1,4,485,465,0.03798635757593432,0.05569743324148823,0.9822142464706024,0.07316716340767265,0
16,1,2590,2548,0,2,1,7,0,0,0,226,26,0.0832532151789574,0.000930373372757376,0.8562149385189355,0.07978605737861728,0
5,2,4903,3090,1,1,1,1,1,0,3,96,278,0.08084030873639884,0.026304248931362153,0.9791821368912607,0.07799187772335665,0
196,2,23551,50,0,9,4,27,8,1,36,229,33,0.8779778438062179,0.8377496961845472,0.017498376763069645,0.5761011822527686,1
242,2,80405,291,1,7,1,5,3,0,5,455,38,0.6461783219180463,0.4140147861141549,0.016799308284621218,0.9126834309473224,1
29,2,1301,2467,1,2,1,4,1,1,4,352,410,0.0034450516528858888,0.09540356869412919,0.8293528882170512,0.0933209916226427,0
25,0,4813,3024,1,0,1,2,0,0,4,396,362,0.09936117761866095,0.013654278496817896,0.8961600653407367,0.0949796971206946,0
509,1,49413,423,1,5,4,29,4,0,20,201,16,0.5619804454014186,0.6458853965577598,0.28417899343962943,0.9197220290217645,1
55,2,2260,3893,0,1,1,3,1,0,1,443,445,0.016429013681358916,0.09928602768299595,0.8056458379722522,0.02019335548662432,0
7,0,4035,3583,0,2,0,4,1,1,0,342,329,0.09067160670736094,0.006375789095238693,0.8445698604804411,0.05521287893390327,0
403,2,9545,147,0,8,4,7,5,0,8,340,8,0.9316663411412145,0.6504302423287643,0.14653199247989665,0.711444959618297,1
48,0,186,2519,1,0,1,0,0,0,0,62,435,0.03563872671807176,0.0769788431217136,0.9342825009564774,0.032839652377308695,0
26,2,1948,3338,1,0,1,4,1,0,4,368,397,0.041595923895505996,0.031162057485509723,0.8710118416849,0.04374706983247614,0
8,1,2507,2049,1,0,0,2,0,0,0,506,495,0.04537241913294024,0.031172500436877883,0.9743243732043845,0.07640087411071894,0
59,2,2044,2487,0,1,1,9,1,1,3,195,163,0.08458549912526343,0.043053497209833626,0.803101001897426,0.008513215209104507,0
23,0,2403,808,0,0,0,7,1,0,4,423,118,0.019954279729751535,0.026394865473266294,0.8980051143718865,0.08516981643977065,0
46,1,706,3640,1,1,1,1,0,0,3,73,344,0.08932382882887513,0.08947879415808652,0.836274067474869,0.09269451124570059,0
578,0,94220,149,0,5,4,23,4,1,9,491,30,0.6313482881878741,0.683969306192908,0.3234380919168851,0.729385450956159,1
54,0,1796,1677,0,2,1,5,1,0,4,321,146,0.021906046551825067,0.09474539990031829,0.9073706256664102,0.0012003279730553819,0
320,0,12543,188,0,1,4,14,7,0,11,230,41,0.8484925795186475,0.7348025729290967,0.36457130098431206,0.8983491256578362,1
29,2,1855,122,0,1,1,5,0,1,3,222,201,0.03707602370437,0.013473913145603833,0.8429265861555849,0.01772911960267669,0
24,0,2226,2400,1,1,1,7,0,0,3,175,391,0.09403151202268015,0.07736916444786662,0.8101519917092114,0.062429711350482656,0
379,0,59260,222,1,5,0,27,8,0,33,249,30,0.5478909483944241,0.7241422311720274,0.22646419667290696,0.9052053420916891,1
45,2,707,779,0,2,0,1,1,1,1,7,288,0.08357639585706751,0.017376881669458565,0.9683987979958684,0.015008253419382701,0
29,0,1074,1649,0,1,1,1,0,1,0,382,461,0.05507491512764806,0.04424484881185187,0.8902162282376849,0.01276575279510559,0
17,2,1116,1012,0,1,0,6,0,1,2,152,201,0.06811592009315631,0.07589156967875627,0.8329040166011534,0.0776661638122404,0
45,0,3398,2059,1,1,1,4,0,0,3,178,314,0.008004839294594834,0.03295827544070429,0.9724132198394273,0.055509907982781194,0
200,2,26650,126,0,9,0,8,8,1,13,359,5,0.8358400773288024,0.9954980007501781,0.09217271426354277,0.8886808996543933,1
380,1,31084,467,1,1,4,17,7,0,16,430,32,0.7196866650119729,0.842821071047031,0.12627665919546158,0.6655229272912153,1
52,1,3807,1838,0,0,0,3,1,0,0,184,3,0.08914929833318674,0.09415418655706292,0.9627611760261778,0.06016850100000918,0
571,2,54226,251,0,4,2,24,9,1,17,450,2,0.8731528970933635,0.40280628826414017,0.3044567537297631,0.6773421991871224,1
366,1,71455,45,0,0,4,22,8,0,5,306,20,0.8283304691137846,0.3401196777939641,0.34941631878207374,0.800687070968618,1
1,1,2599,1364,1,2,0,9,0,1,1,116,450,0.06938021974697688,0.011830311869717058,0.8957815807825443,0.013913862018222634,0
40,2,10055,389,0,5,3,5,3,0,18,366,32,0.9021651135708437,0.9244891899663925,0.22763316590470506,0.9042121370932517,1
48,1,4988,3356,0,1,0,4,0,0,2,475,94,0.08975635754087849,0.04845249201986525,0.9180053816229603,0.011229138855035105,0
466,1,33083,228,0,1,3,5,9,0,26,229,1,0.8808878418719368,0.4698231731965285,0.23172041882915365,0.8559954220531919,1
24,0,2554,1109,0,2,1,1,0,0,0,68,404,0.02412467966546572,0.0045831377102185655,0.9929460319022315,0.07272831111660681,0
20,1,1210,2972,1,2,1,2,1,1,3,173,500,0.0156685070614082,0.017580345196226577,0.8127406707190292,0.0477578677943626,0
396,0,96075,271,0,3,1,9,4,0,27,296,12,0.716453797127342,0.3306565670270606,0.19444912282613436,0.9737202090005121,1
100,1,50264,461,1,2,0,24,2,1,8,349,40,0.8581217571289445,0.5667170449059782,0.10869274235797143,0.7999899974278365,1
381,2,76769,263,0,6,1,23,9,0,8,294,49,0.9706314533621958,0.3577480474520085,0.16668707953007944,0.6159804349599343,1
526,2,29429,306,0,4,0,22,5,1,46,231,16,0.5361019292554146,0.47169839480622594,0.023190859699399893,0.8030847917057128,1
279,1,32901,234,1,9,0,11,4,1,33,338,26,0.7357221078673265,0.8672939903055441,0.14842631664713016,0.6991127462334296,1
36,2,2799,275,1,1,0,6,1,1,3,348,40,0.044401865846034165,0.0980889749834445,0.8227258042257561,0.04446696273988972,0
21,2,2024,1703,1,1,0,0,1,1,3,295,171,0.05241861896999901,0.03182823628516024,0.8992633640438262,0.006101648646503622,0
28,0,72787,22,1,6,2,28,9,1,9,373,8,0.6955541807090735,0.8753766956289581,0.17191208997127091,0.5816347368119372,1
16,0,4218,2051,1,1,0,1,1,0,0,146,75,0.033069012127099374,0.09752376885840039,0.8855335655273832,0.09441775325677822,0
16,1,2226,1906,1,0,0,2,1,1,0,160,501,0.09677951848840384,0.014717210553704996,0.8658935959353493,0.025038428811271718,0
13,0,1259,2056,1,2,1,7,0,1,0,400,257,0.06809347010550586,0.048418481638466675,0.8694581162593793,0.006714859231369986,0
3,0,3880,3881,0,0,1,7,1,1,0,498,257,0.016773223244617986,0.0016486039956395083,0.9433944854566889,0.03751927072871991,0
460,1,86953,377,1,0,3,9,9,1,29,344,49,0.8163532302493203,0.8612425220479061,0.3340836480032081,0.722116813565796,1
43,1,2472,3852,1,1,1,0,1,0,4,105,243,0.055322339223001366,0.031979791184215255,0.9159831413518236,0.08161946287224514,0
47,1,3350,1718,1,0,1,6,0,0,0,73,330,0.06745604034429208,0.09019634827195266,0.8940302549272673,0.018865107172885854,0
232,0,64600,79,1,3,2,26,7,0,18,443,10,0.9392526319696654,0.8203666676585055,0.15124792788769567,0.9575450424685739,1
29,1,4590,2567,0,0,0,1,1,0,4,449,283,0.042635503308107996,0.02183830478559158,0.9505193329008639,0.017845373980957903,0
16,2,1548,1686,0,0,0,9,1,1,1,378,484,0.0376826108473575,0.014391302763820491,0.8679993436093179,0.030522019993885485,0
38,1,1940,85,0,0,1,2,0,1,2,124,197,0.023749869225103394,0.044799090739788786,0.9822877012340938,0.08540756416172741,0
28,1,2100,644,1,0,0,0,1,0,0,69,230,0.040287847491372375,0.03081943313895369,0.9714561704907418,0.05528727169962938,0
5,0,4461,2241,1,2,0,3,1,0,1,421,123,0.01930719310841952,0.008921021793276085,0.8730532900831242,0.026759147585953637,0
308,2,99680,211,1,1,1,24,5,0,29,386,29,0.652064741723454,0.9720040768569063,0.26487536685891117,0.9321050883185307,1
100,2,11670,34,0,1,2,7,5,1,32,458,17,0.6593361071777264,0.44368985299642316,0.3962331943141575,0.688683526225044,1
14,1,2606,1015,1,1,1,8,1,0,3,7,319,0.07156156308578508,0.07322591497514702,0.8238683767126423,0.08574270277633439,0
30,0,1108,2664,1,2,0,4,0,1,2,45,478,0.0964438977596954,0.008395557537572663,0.9494444195757912,0.07474058621288986,0
7,0,200,253,1,1,0,3,1,0,4,351,169,0.0021214610823473536,0.09745724127676611,0.928458408353887,0.03821144899749417,0
4,0,4838,886,0,1,1,0,1,1,2,442,332,0.04112553492765711,0.00924932883088283,0.8546423829484256,0.06585211299487123,0
59,1,891,821,0,0,1,1,1,1,4,368,246,0.08366605584677811,0.02419834984966378,0.8682524037131412,0.07934994691509306,0
72,2,80415,289,0,8,1,6,2,1,28,479,37,0.7993907276166825,0.9537661591682658,0.30764143315935294,0.8554818098536701,1
357,0,66630,483,0,6,4,19,7,1,49,480,41,0.8185128454962162,0.4329643820962174,0.3832708618995751,0.7605252736441569,1
39,1,1262,1148,1,0,0,6,0,0,4,43,192,0.024541156962791844,0.019045367128819924,0.9618761706980996,0.09875270511345402,0
332,2,40703,352,1,2,0,9,6,0,21,371,4,0.6003082327082085,0.8725932166766215,0.29109131825648454,0.6305222249665265,1
19,1,1369,2601,1,2,0,5,1,0,3,117,19,0.08388788947055123,0.05329235979968048,0.8707947458960141,0.029405368955852298,0
56,1,4437,295,0,2,0,1,0,0,1,94,486,0.07398289216099309,0.05214269530583317,0.8654941600938593,0.005935096671884266,0
47,2,4643,2947,1,0,1,0,0,0,3,496,276,0.009009402169816882,0.05731347318566926,0.9802297954916034,0.03828729503655318,0
165,0,40461,216,0,1,0,14,6,0,49,432,34,0.5581864023377987,0.45984897886896176,0.25956482793470154,0.6634222175785849,1
263,0,68958,206,0,8,0,7,4,0,13,382,11,0.5807732994685606,0.36670404673848417,0.25722674345260726,0.9175417000987528,1
9,0,66977,94,1,1,0,12,9,0,29,219,41,0.6168875301769672,0.9941452812939986,0.25842623186147,0.9409985717390498,1
35,1,193,266,0,0,1,8,0,0,0,29,5,0.017710189602354365,0.048535365874645166,0.8706790527643125,0.03853220569374617,0
464,0,11877,281,1,9,3,22,4,0,33,328,47,0.9529199265327797,0.6665084707155381,0.0454545160316874,0.5512285399484189,1
55,2,2150,3035,0,0,1,0,1,0,0,443,213,0.021185801861538137,0.02053563413434315,0.8641473902550952,0.07272647332220414,0
230,2,79936,465,1,3,1,20,9,1,35,223,20,0.6733398343502914,0.9240798090604365,0.3664199803050302,0.9056094028961251,1
416,2,19625,381,1,1,3,20,7,0,49,263,47,0.9788180283218917,0.3277914759614756,0.22025292375350847,0.6398072326939082,1
29,2,3253,614,1,2,1,8,1,1,0,115,451,0.06256967612153246,0.07165742163280035,0.9364942482577288,0.09423467686739212,0
152,0,77765,97,0,8,2,23,9,1,46,275,9,0.798950058470384,0.8519348685919113,0.2107450456652858,0.8161464447905921,1
54,1,4078,3142,0,2,0,1,0,0,1,121,176,0.0022308273576866935,0.011862119489529123,0.9484790377226812,0.02079927273564062,0
23,1,4849,1427,0,1,1,5,0,1,1,152,352,0.014194649496018974,0.0003849177123715131,0.9268067916464696,0.07482160612671672,0
343,1,99398,220,0,1,0,28,3,1,41,384,41,0.6949998810848457,0.5868820983924448,0.3181812917418434,0.9444983885834639,1
311,1,68245,322,1,3,0,14,9,0,12,230,20,0.7822477681927542,0.5535961321460998,0.259766993260422,0.5888874393552928,1
24,1,1013,438,0,2,0,9,1,0,0,92,126,0.06372796813332864,0.051636090071223974,0.8741832036276519,0.08721200333468757,0
48,2,4403,2238,0,1,1,7,0,1,4,374,317,0.01668193981638935,0.035558173238272366,0.9889287252888819,0.02605512573894202,0
334,0,72396,18,1,0,2,28,2,1,18,341,2,0.6160624254887831,0.3711604940999969,0.0305668105304314,0.842211065318785,1
36,0,332,3462,1,2,1,7,0,0,0,417,30,0.002662193354911635,0.09776765146884323,0.9986458724449199,0.005517647655295533,0
31,1,6015,328,0,9,1,23,7,0,17,224,22,0.6202827862558745,0.6273261537378885,0.2793087608957018,0.6469948088092289,1
48,0,3955,1299,0,1,0,4,0,1,3,289,155,0.0077562977507393055,0.08300281929757787,0.8452387749929289,0.09601451788624461,0
58,2,1441,570,0,1,1,1,0,1,3,81,211,0.05927953160268027,0.08687500810501375,0.8988345300928456,0.060182290301006025,0
10,0,4781,3518,0,2,1,2,1,0,0,172,87,0.028857993560459563,0.012539901888231031,0.9341975084605181,0.04127542809856238,0
44,2,419,580,1,0,1,5,0,0,2,103,379,0.015721755877033682,0.06454145208666119,0.832852912369031,0.09636441543955872,0
50,2,1462,3144,0,0,0,5,1,1,2,160,300,0.053714779947031194,0.07426884899551497,0.9440715734429763,0.03838444995816185,0
40,1,4968,1867,0,0,1,5,1,1,0,3,353,0.0837622717905332,0.07176944026380964,0.8978671969001574,0.03475759101728922,0
53,2,3966,2205,0,0,0,6,1,0,1,143,214,0.035835814318277974,0.09353379322657462,0.8303540872897944,0.09753328700331002,0
21,0,1429,51,1,2,1,9,0,1,2,151,73,0.08624315749528633,0.05090999030804218,0.8993470610932457,0.03240230557241006,0
571,1,68567,324,0,1,4,18,3,1,20,437,47,0.9826459805386506,0.3892302033582929,0.08222312607367455,0.6285858340740449,1
235,0,49370,259,0,2,2,12,3,0,49,340,21,0.9401926647243739,0.6848035690118948,0.10557982339286608,0.6431721660333792,1
130,0,69499,334,0,0,4,22,8,0,45,377,12,0.8796406988242158,0.869168952633625,0.3651702736167722,0.8825461887395158,1
11,0,4675,2891,1,0,1,8,1,0,2,44,401,0.007319059978704146,0.02387385338955166,0.9043048515573847,0.013231424315163077,0
419,1,90901,48,1,0,2,20,4,0,48,382,43,0.9571339182381895,0.8694562468844096,0.13788073522453134,0.7861728672970121,1
466,2,60823,391,1,2,2,22,7,0,30,338,18,0.9648413277025509,0.7809232035331445,0.11619500358918328,0.7050798608159861,1
32,0,3506,2160,1,0,1,0,1,1,1,341,304,0.07496197638732532,0.07635711514555577,0.8159716152799731,0.07959872427431963,0
8,1,2714,1675,0,2,1,1,0,1,3,51,157,0.059652561448331566,0.007443177664704637,0.9754692212546057,0.06341581999648843,0
5,2,1202,3423,1,2,1,5,1,0,4,299,165,0.04195794877385256,0.06745795422408012,0.9472258274062657,0.05846278114950768,0
28,1,2109,1130,0,0,1,9,0,1,2,508,405,0.03449719051682661,0.08376004326936283,0.9997824615432405,0.006928360408867762,0
12,1,80125,314,1,7,4,22,4,0,20,369,1,0.501125509341777,0.6050934693817587,0.21349897913329277,0.9722588651712649,1
16,0,3311,818,1,2,0,1,0,0,1,278,380,0.006719109518077249,0.03946907514236936,0.8685354576633664,0.05043782855084127,0
52,0,4138,1093,1,0,1,1,1,1,0,423,251,0.051735936860256376,0.08629795922195604,0.8829258871540335,0.09152150989391707,0
1,0,2089,2107,1,1,0,1,1,1,3,411,28,0.010815178401876303,0.04283837985673242,0.8261873242661134,0.07091122145182488,0
27,1,25125,447,1,4,2,24,6,0,38,222,30,0.5187191626402177,0.5410180108762518,0.11142432545221458,0.774265084350878,1
93,1,94700,239,1,9,4,22,5,1,30,212,7,0.779821503154368,0.3559301605278616,0.34049042668880974,0.643650746898895,1
489,0,28584,194,0,3,1,21,4,1,35,389,17,0.6473570773565203,0.34425014743829535,0.004683471589871902,0.9471822129280565,1
11,0,3790,2544,1,1,0,9,1,1,1,48,174,0.058380970915097044,0.07395732323373487,0.927979847178517,0.04306044732281458,0
332,2,32928,91,1,9,4,28,8,0,11,341,28,0.9183623596460107,0.491265588694323,0.3473912662222113,0.8271264184405532,1
30,0,972,461,1,1,1,4,1,1,3,304,32,0.020755521915096588,0.05068141949647286,0.8028317269647827,0.02642255119596372,0
235,1,61646,144,0,1,1,27,3,0,34,306,28,0.6329065143688523,0.6903350943014455,0.37488354872961205,0.6800096741987316,1
50,0,3549,2750,0,0,1,2,0,0,4,484,418,0.014856292579443953,0.003327337784848994,0.8156047611051916,0.06640871796430152,0
42,0,2264,2943,0,2,0,5,0,1,2,189,263,0.07287259428631626,0.033702655234033534,0.8842460869762234,0.09059274147293807,0
5,2,1772,1266,0,0,1,7,1,1,4,401,42,0.02411406362659272,0.06039313128475892,0.8836781101702306,0.09076730004351181,0
53,1,1169,2438,1,1,1,7,0,1,2,441,440,0.019134298052250732,0.030274221095424016,0.8321507878567521,0.030701401744436287,0
222,1,78877,138,0,2,1,13,5,1,39,358,21,0.7475359460305648,0.36196677299967983,0.068535473347993,0.5140203941951413,1
472,1,16184,345,1,5,1,16,6,0,22,506,10,0.7057143529181471,0.3958609756251808,0.29511698935008696,0.7356297625430346,1
422,1,73489,195,1,4,1,7,6,0,38,484,22,0.9642129603637264,0.598057865407114,0.033149857463617316,0.5325749607175896,1
549,1,72662,196,1,6,4,5,8,0,35,254,29,0.7222311158228538,0.4425883599426056,0.38866278608826504,0.6532029872808199,1
51,1,2473,297,1,2,1,2,1,0,0,253,89,0.010819881864237713,0.09173448303740672,0.8815492839578839,0.04264817299789168,0
21,0,3334,3862,1,0,1,6,0,1,3,450,322,0.08533454749345926,0.028129857923914703,0.9571729545197318,0.05543196746533962,0
50,1,3739,3723,0,0,0,0,0,0,4,119,140,0.07413875087843116,0.08028012901158306,0.851050747773835,0.07410459692482971,0
59,0,1185,1900,1,1,0,8,0,0,3,256,449,0.041248478380714486,0.08161555367454293,0.9603330457840232,0.02136778231345765,0
31,2,1538,1815,0,2,0,0,1,0,3,367,335,0.06021539344625301,0.0953443437956126,0.9004239154272384,0.09830182466080599,0
14,0,2457,3240,1,0,0,8,0,1,2,61,245,0.01275974364154352,0.08496600081922151,0.8482603809265263,0.05136479396162419,0
28,2,1009,1539,0,1,0,4,1,1,2,350,360,0.045055357055172884,0.05735227023009735,0.9742956483079139,0.09135464022315022,0
22,1,1901,302,0,1,1,7,1,0,1,103,486,0.09163933610237801,0.008105699149151435,0.8540881432953878,0.006031090632271075,0
12,1,3497,2590,0,0,0,8,0,0,1,264,311,0.08165799936138263,0.07270252096575806,0.8820059273120586,0.0183121732557594,0
2,1,2409,1113,1,0,0,1,1,0,4,13,173,0.05859513404485494,0.009602429733300855,0.8993440266069487,0.021295557077125573,0
49,2,2582,3454,1,1,0,1,1,0,0,482,140,0.013742633487746903,0.02795899493853511,0.914424002606801,0.0339697005425612,0
38,0,5563,124,1,3,4,9,9,1,41,471,24,0.8617286707804444,0.8907816802171802,0.292996475266184,0.6150740708420503,1
58,1,57452,344,1,5,3,19,4,1,40,425,38,0.8082709425308263,0.93285121916447,0.023966220934142114,0.5710359992727059,1
14,2,1325,2972,1,0,1,4,1,1,1,187,3,0.05463536956445234,0.014347869220224763,0.8522332106970494,0.02343876023967059,0
6,0,450,2542,0,1,1,5,1,0,4,117,16,0.05464658098869141,0.06807749151119673,0.9683404550244746,0.015127635000438034,0
515,1,25729,114,1,8,4,20,8,0,48,385,11,0.7052837436475847,0.9995704105901724,0.29303342926038284,0.9912340555674777,1
93,1,29840,233,1,8,1,17,9,0,35,283,19,0.6320192360070884,0.4277908664704351,0.2193887046596662,0.8953253840308383,1
41,1,2466,533,0,0,1,1,0,1,2,115,194,0.033501588510620385,0.022033116833647892,0.8378248677655402,0.027446464428541307,0
261,0,57917,298,1,4,2,9,5,0,40,495,35,0.806373635962321,0.7643054554878917,0.23397164398258896,0.7819306500023933,1
350,2,71237,179,0,8,2,9,6,1,46,382,36,0.9479415809166896,0.862397332333837,0.1022866596943016,0.6353143925324632,1
518,0,97005,121,1,3,0,11,8,1,9,266,19,0.6838759483347823,0.6689584540472242,0.3740756818695532,0.5200244949226022,1
32,0,3613,624,1,2,1,0,0,0,2,343,415,0.045041137967131765,0.09371338163865339,0.836743205827359,0.025245599605671867,0
32,0,3069,1176,1,0,0,1,0,1,2,74,21,0.033973390074928625,0.06744097935503623,0.9514479928793858,0.02519295933542445,0
25,0,2126,2319,0,2,0,1,1,1,3,318,340,0.0036569568578795567,0.041031944714851366,0.8578739966571787,0.02011277110528438,0
10,0,467,686,0,2,0,2,1,0,1,335,210,0.017397919435701216,0.012270742353754017,0.9652501125157386,0.04861743400001009,0
26,0,4337,3482,0,2,1,3,1,1,2,89,360,0.023266694625699635,0.044238553657958535,0.884480140275871,0.012964715940361072,0
26,0,3433,3382,0,0,0,2,0,0,0,75,144,0.06599796501646342,0.013000983989599459,0.8377098705391104,0.021486478605822836,0
15,1,1852,270,1,2,1,7,1,0,1,161,510,0.026772144357724917,0.07018247993801811,0.8385797429357897,0.05808443712157535,0
512,1,79139,300,0,8,3,13,4,0,48,416,14,0.8830001948900315,0.37297304021707556,0.23349913315583573,0.8613330801618467,1
52,0,3666,2739,0,1,1,1,0,1,0,456,495,0.02392433079633277,0.006632067996373604,0.8663014573662469,0.04080989842371612,0
41,0,2786,2672,0,0,0,5,0,0,4,101,320,0.017364366499228623,0.055610020093728764,0.907778310628652,0.07968229118125846,0
4,2,58067,77,1,7,3,24,5,0,15,413,46,0.5186452093538548,0.9073375521481557,0.006443170450109604,0.6219601889111646,1
0,1,3590,2030,1,1,1,0,0,0,3,251,422,0.04217511687575997,0.010551442805421985,0.9015241277283758,0.0684394595016957,0
322,0,38800,296,1,2,2,24,8,1,32,407,33,0.6267312050497149,0.9956408120550868,0.3913050270525728,0.7539267908389424,1
508,2,73061,372,1,2,0,29,3,0,20,457,17,0.9138976493011748,0.7457418244227677,0.29587981620091247,0.8763557578251562,1
418,0,59510,292,0,0,0,12,6,0,7,362,38,0.5466330003190366,0.7938849521244937,0.07214869268139697,0.9829622618969891,1
14,0,1677,2472,0,1,0,4,1,1,4,66,316,0.0025744606013029083,0.08655472143287579,0.9587643904622096,0.00036828634488618174,0
3,0,4911,1513,0,0,1,3,0,1,1,132,167,0.00901694976284977,0.0301337625398721,0.8001183036342804,0.08705412025943692,0
32,1,423,2650,0,0,1,8,0,1,2,443,235,0.012117680592618196,0.0631885951839466,0.917536812714667,0.07128944235274386,0
1,1,2872,1760,1,1,1,1,0,1,1,292,19,0.07210299493398731,0.07912596731223784,0.9616568527599079,0.08198503055499297,0
25,1,4877,2596,1,0,0,9,1,0,4,308,224,0.028630108282497305,0.016000618311140403,0.883233695098401,0.04482927663989881,0
47,2,3153,498,1,2,1,1,0,1,2,296,193,0.0631535553178773,0.09684040307259745,0.9418059335900262,0.00805901585082698,0
276,2,87105,122,1,2,3,20,4,1,12,257,22,0.77688011496004,0.806988574506599,0.33503515620196017,0.8981172181260744,1
490,2,17156,30,0,2,2,22,8,1,6,506,22,0.5745111638632465,0.6649157761004654,0.2746673223125441,0.8267165940648764,1
9,2,3756,480,1,2,1,4,0,0,4,454,357,0.09818544016404035,0.054515324450463046,0.8760663882237238,0.041247874756803776,0
6,0,90933,161,0,6,4,29,2,1,25,356,27,0.734908259589546,0.32520568486620316,0.008504384475959316,0.9852744193311342,1
479,2,77993,457,1,9,0,11,9,0,25,506,49,0.7432120399482777,0.9232331356881653,0.06581482774747137,0.9670351310774075,1
1,2,3860,3651,1,0,0,6,0,1,2,201,305,0.06427024052117768,0.050482176286129554,0.9460093562340456,0.04562753721090571,0
19,1,708,975,1,0,0,3,1,0,4,109,428,0.08732630760610352,0.07483853476983414,0.9063567098361347,0.03889131150354065,0
28,2,1265,3386,0,1,0,9,0,1,3,317,189,0.0013694597421178623,0.06307954899146341,0.8579472988407004,0.05095315951699286,0
5,1,4813,2520,0,0,0,7,1,0,3,509,311,0.05051364017567757,0.04230915923765623,0.9266865483787841,0.090151097491231,0
6,0,2762,3721,1,2,0,6,0,1,2,43,398,0.05958569874552183,0.04351099828188163,0.9839447873616922,0.035160588041673435,0
17,0,3437,805,0,1,1,2,0,1,1,114,336,0.052861539392524894,0.06437572406373498,0.9189465685823728,0.004856736762739445,0
256,1,23720,374,1,3,4,10,6,0,29,253,26,0.5041104919721597,0.7965809248454727,0.1287181634220215,0.7251334611062601,1
33,2,152,2874,0,2,0,7,0,0,2,234,133,0.06670209549443937,0.00030397805836501757,0.9598464818159034,0.09289167260860577,0
28,1,657,3574,1,0,1,0,1,0,1,374,492,0.0018554888409359927,0.08141434725023583,0.955341997431935,0.008843409430613526,0
520,1,82107,166,1,6,0,9,9,0,28,265,21,0.9624747766719975,0.543522539452639,0.3104683038897331,0.6826578187689958,1
16,1,437,3020,1,2,0,3,0,0,3,171,316,0.08051507913586102,0.07339486943151828,0.9214171279269803,0.029767156261032504,0
29,1,3839,2578,1,0,0,2,1,1,1,402,44,0.06839270898345627,0.0882467641652626,0.8020614276341097,0.056281414907335826,0
26,1,553,2492,1,2,0,7,1,1,2,506,201,0.08289041768922994,0.08856307962923227,0.9693754526769421,0.052870822479080426,0
48,2,4628,1878,1,1,0,3,1,0,2,398,378,0.08268348305134769,0.08343738752092636,0.8867200702953936,0.0475120160448133,0
25,2,2240,561,0,2,1,3,0,0,4,89,368,0.06706345606745977,0.03603519524543869,0.8057364203700886,0.005098105062817382,0
48,2,4889,777,1,1,1,8,1,0,3,4,502,0.03450449442073561,0.01854566688280327,0.9448020676522751,0.02243621853935024,0
328,2,90138,125,0,5,2,22,3,0,17,201,25,0.5249811089429071,0.5396881747834117,0.18485873809449438,0.9937469212438153,1
405,0,91379,0,1,2,1,15,8,0,6,403,22,0.8564159718275408,0.6814886592539483,0.31813640376484564,0.8442427061242207,1
12,2,766,750,0,2,0,1,1,1,4,429,104,0.07169261934291617,0.08488106193311279,0.8431247835068485,0.09371229536058293,0
51,2,4434,2897,0,1,1,1,0,0,1,429,108,0.07808371269171284,0.05294449662944213,0.9074013334769029,0.04096662945280494,0
34,2,3555,1241,1,2,1,9,1,1,1,205,41,0.048854570562783285,0.035858992447897545,0.9757775882951739,0.008771194464046861,0
14,1,3428,564,1,0,1,5,1,1,2,359,483,0.0030981185725411087,0.08945047165470402,0.8565479096556322,0.08364098516185701,0
30,1,3116,2512,0,0,0,2,0,1,4,112,199,0.040649117713039445,0.019714984340625175,0.8023078749379843,0.09119326868876935,0
45,1,3121,2545,1,1,0,7,1,1,4,200,240,0.0846711297649563,0.0826977017931398,0.8220341018242042,0.08935421949955324,0
71,2,28465,222,1,0,4,8,4,1,32,399,20,0.687112687019543,0.8376024825422408,0.3149850830038637,0.9757205122537523,1
292,0,16045,418,1,6,4,6,9,0,41,239,12,0.6943576608717273,0.6376869573909671,0.044319137390709785,0.8089719906222121,1
276,2,10121,271,1,1,2,19,7,0,28,384,43,0.6140863706554948,0.929472929410269,0.2860158615922383,0.6491192773178562,1
28,2,342,2104,1,1,1,2,1,1,3,312,117,0.03133534105711233,0.062356710270258145,0.8177565376845986,0.09947206133390671,0
35,0,3262,1737,1,2,1,7,1,1,3,106,92,0.08172624358079378,0.09921290254555735,0.9222069292712027,0.014257372888375553,0
16,1,3434,466,1,0,1,0,1,0,1,297,359,0.024748560786359577,0.030344592541400664,0.9142238424035384,0.04777056497650361,0
41,2,2310,2314,1,2,1,3,0,1,1,110,470,0.07213001189517168,0.004661665894464107,0.8124624000367348,0.0285405007342059,0
32,1,4220,3844,1,2,0,1,1,1,3,422,22,0.06637871219469609,0.019471400676124562,0.8459195828295641,0.016725770015960862,0
5,0,2247,1948,1,0,0,0,1,0,3,237,367,0.014794667017456131,0.0341325075726859,0.925038582054855,0.005932046928912438,0
159,2,98395,45,1,1,2,27,5,1,34,233,47,0.6042351724715294,0.7977984867490326,0.06903831567087969,0.9382341063872507,1
19,1,823,117,1,1,1,2,0,1,2,384,472,0.08320015710966563,0.05270055483120212,0.995022589832341,0.028977282573208998,0
226,1,9847,247,0,6,3,22,3,0,7,266,21,0.6316138849180972,0.5311584517490233,0.10499189341322741,0.6741199676514644,1
49,1,437,2456,1,1,0,7,1,0,4,475,211,0.00867035204583182,0.006729526107727535,0.8253570455882685,0.05774352817243305,0
296,1,90172,317,0,6,0,22,9,0,18,350,14,0.8781860414707936,0.7646613603109423,0.2954492824710107,0.8236347119334596,1
406,1,45787,65,0,8,4,15,7,1,41,258,14,0.5038408500056246,0.38105327047007354,0.039197661925778476,0.5161496236854795,1
46,1,3337,1600,1,0,1,4,0,1,1,277,437,0.005587664856619779,0.0958898965991929,0.8159230179820229,0.05600925591937154,0
25,0,3304,220,1,0,1,7,1,0,0,405,507,0.04144610989715056,0.01549092583248629,0.9480379057706886,0.054110045957324604,0
504,2,15302,16,1,8,1,11,6,1,31,374,31,0.8363682995162517,0.6972024836981434,0.13094636978025093,0.6555158955482845,1
0,0,2671,3281,0,1,0,6,1,0,2,318,369,4.2788502727564294e-05,0.054437625909073244,0.9938456096418204,0.045961261714320405,0
3,1,4310,2632,1,1,1,7,0,0,2,219,75,0.026355449230132458,0.08355375014549171,0.9103310241869846,0.0018148047693066994,0
47,0,3314,1412,1,2,1,5,1,1,2,443,1,0.013026165905404785,0.09185088844074508,0.8125962502236825,0.06610957364354673,0
29,0,1098,3859,0,2,0,0,1,1,3,47,171,0.059757665770328566,0.06925129668307063,0.817594055198765,0.08282192330621446,0
30,2,1442,1454,1,0,1,3,0,1,2,159,461,0.09466231942262747,0.010635637390718801,0.9599830120375812,0.03786670792635153,0
37,2,976,2592,0,2,1,0,1,0,3,174,276,0.06369271907535305,0.037481039142505536,0.8733555397423383,0.028861521395815572,0
411,2,62471,3,1,1,3,15,5,1,10,468,7,0.9317013276136845,0.6146498630960917,0.39929713277980217,0.6944228464621605,1
50,1,2143,3945,1,0,1,5,1,0,1,481,107,0.06000857318073685,0.012867634020784648,0.9434779320891807,0.02837833964260619,0
42,2,2968,2613,0,2,0,3,0,1,4,320,398,0.03433541843003548,0.015875289201289566,0.8260475246487622,0.07375300567940697,0
153,0,9193,224,0,8,1,28,7,1,16,509,36,0.5509737864063631,0.5593753471354681,0.01867183423453809,0.8021732631231715,1
24,1,3808,3622,1,1,0,2,1,0,4,163,172,0.0418914295544861,0.08575670317814546,0.9465825421898825,0.05230385863675659,0
18,0,2967,799,1,1,0,8,0,1,4,142,250,0.00909803384633887,0.03066555031142676,0.857733580415143,0.09909697383540689,0
58,2,15652,403,1,5,0,6,2,0,15,226,48,0.6908310380670559,0.4186503121730006,0.22266826004134177,0.727982712196259,1
21,1,4981,570,1,2,1,4,1,0,3,152,92,0.09286288547852144,0.09197917433391198,0.8993911407201486,0.02773006119401238,0
29,2,4896,1709,0,0,0,8,0,1,3,39,218,0.0731876563066036,0.07801211368675888,0.8411103465716399,0.031791609764379836,0
509,1,36412,445,1,1,2,6,6,0,35,430,10,0.8570619097219505,0.467150043604846,0.2897466143634496,0.7980728952396738,1
23,2,2996,304,0,1,0,5,1,0,1,405,310,0.07288883018084368,0.024569083116680736,0.9632979759801326,0.015602818968002974,0
9,2,3435,1336,0,0,1,2,1,1,4,234,124,0.09463265732168959,0.03247898777836076,0.8248395264067021,0.06115020400073219,0
533,0,95205,453,1,4,4,27,5,0,21,246,2,0.6872299796964114,0.4320273007791966,0.09924928039204067,0.5851121351696085,1
515,0,66704,380,1,6,3,15,6,0,25,425,21,0.7115892305548733,0.5920807060067299,0.14414616073098804,0.6790121639871647,1
47,0,3079,2144,1,0,1,2,0,0,4,88,394,0.0815438218109179,0.07076475529631616,0.8964683731499373,0.06038186567706197,0
21,2,75623,361,1,1,0,24,7,1,26,367,29,0.5505756704134642,0.6629292768920774,0.3305935556321326,0.7288055097185369,1
8,0,2791,196,0,2,0,2,1,0,1,360,8,0.002786235173624363,0.08634737539275426,0.8556124686263946,0.07389588292709591,0
503,2,36305,408,0,7,2,11,9,1,16,252,7,0.6604819757294581,0.36096596092466554,0.04170954844590331,0.7567499162101025,1
498,1,31449,185,1,7,3,24,2,1,24,284,31,0.7458034559000225,0.34824702821795,0.04876082940501401,0.6938981828823283,1
140,2,86754,184,0,0,4,10,3,0,20,389,25,0.8629563394067884,0.92668984435645,0.08315499550701788,0.8533263101881632,1
48,2,2228,171,0,2,1,4,1,1,3,502,453,0.08374187147485668,0.04997181691907383,0.846863404339718,0.029924336884109972,0
8,2,310,240,0,2,0,8,0,1,3,298,434,0.06757925102174771,0.07373540060650356,0.8215853304716856,0.09598298832589806,0
89,1,87364,39,1,5,1,25,2,1,14,458,29,0.5832641996147976,0.9753748274650789,0.21797959598253538,0.8326908209097965,1
45,0,2203,3417,0,0,1,5,1,1,0,3,108,0.08558176806969796,0.04924839210128093,0.867351006436743,0.07607700556463638,0
435,1,55112,75,0,2,1,16,6,0,20,408,12,0.837938879899212,0.6529713963775319,0.3409786138236987,0.6413844469591818,1
59,0,430,3756,0,2,0,3,1,1,0,51,23,0.012703485752532696,0.02289794001156329,0.9499122469238108,0.01623975419794521,0
541,1,9809,85,0,6,0,23,7,1,34,504,5,0.8112061991513382,0.709142518480236,0.2658897290579009,0.6068003287912742,1
24,2,2861,2524,1,1,0,7,1,1,2,339,494,0.012330280251749105,0.05216812646183743,0.8827632358886299,0.09154187991661551,0
578,0,47323,17,0,1,4,25,9,1,40,345,47,0.9139682339410282,0.8137499937257802,0.17142967277326246,0.7322447387770277,1
34,2,2052,1361,1,0,0,4,1,1,0,494,223,0.011794213684903899,0.0033961104436453504,0.9421439080239087,0.014751500365978987,0
12,0,4984,2852,1,2,0,2,0,0,3,348,239,0.0928347906009722,0.02988154100338899,0.8972128457340229,0.03938093305302853,0
430,1,85386,353,1,1,2,5,5,1,39,390,28,0.8937414560837016,0.6204341990390039,0.3668903554372762,0.6368860750901182,1
549,0,53218,494,0,6,2,26,5,0,32,201,40,0.6092406168136844,0.7793297047212924,0.06323889204937796,0.6459697030117622,1
25,2,1650,2024,0,2,0,6,1,0,2,5,509,0.033314073742876225,0.057086654130566794,0.9056799151368686,0.004156663142664896,0
21,0,2829,2737,0,2,0,3,1,0,2,3,91,0.03906102594348298,0.08110162379389346,0.8015484505000771,0.07456912554588746,0
38,0,748,2661,1,0,0,8,0,1,4,89,64,0.09588182371271818,0.055877591961286305,0.8240338166884483,0.05042617794268161,0
51,2,1248,1167,0,1,0,6,1,1,2,326,176,0.05411687730095114,0.08487119416798114,0.9185279803518405,0.06574560108175463,0
3,1,2182,1035,0,0,0,5,1,1,2,124,499,0.08937885628748038,0.0687357427306985,0.9912901159241455,0.06683286246330312,0
19,0,149,2668,1,0,1,5,1,0,0,408,361,0.04520267802267622,0.06119334658261985,0.884249869231441,0.018887740350530025,0
567,2,93176,361,0,3,3,17,9,1,47,364,37,0.6116385810652125,0.6480391857129968,0.31367647319740954,0.6826592280307231,1
134,1,78897,445,0,7,1,18,2,1,13,281,22,0.985976808054658,0.5511474369356895,0.25544048123168944,0.5314942999663956,1
2,2,2657,1684,1,1,1,1,1,0,4,162,198,0.048925372777945834,0.07022127964011297,0.9862175211051873,0.023202028672509225,0
58,2,574,2386,1,1,1,6,0,0,2,428,471,0.001449013419479217,0.043947610378988394,0.9817255527176612,0.0386248808766542,0
34,2,69715,323,0,8,1,27,5,0,8,499,5,0.5287866638715384,0.5291291949093163,0.10493217098448362,0.5672643910666324,1
540,0,55665,357,0,5,3,25,3,0,30,311,28,0.6968776620541612,0.8512525562468465,0.31151402280451845,0.8213835396912232,1
384,0,60283,410,1,9,0,17,8,1,11,364,9,0.6042593247630041,0.5306635513088038,0.2146009966320168,0.5834840092122019,1
28,1,1737,2705,1,2,0,0,0,1,2,385,124,0.06663299119538214,0.06663343952078564,0.9900734496216392,0.03817689745759012,0
40,0,1577,1636,1,2,1,0,1,0,1,196,47,0.07970165507241314,0.0642794287991708,0.9503882764050232,0.03977849357679478,0
197,0,54729,480,0,8,3,18,9,0,33,294,15,0.5828543486939481,0.4857973765831842,0.12309083918282654,0.7760171684657013,1
18,0,734,2078,0,1,0,3,0,1,2,207,276,0.09818093895928308,0.0207461296528106,0.9517153301456526,0.03291826441920264,0
41,2,1056,2298,1,2,0,2,1,0,3,481,497,0.0648476937660066,0.018520108162124016,0.932088228801783,0.03218257382271008,0
2,2,3753,2083,0,2,0,7,1,1,2,240,459,0.088468075410208,0.021101788869162252,0.8021665346051572,0.018267095474966223,0
37,1,3414,3688,1,1,1,1,0,1,4,8,64,0.055487899225307405,0.09973165502364122,0.9132738012657908,0.020026110777423247,0
44,1,4493,3139,1,0,0,2,1,1,4,502,259,0.022930295139803325,0.0921356458314432,0.8496823274876912,0.08427095847978185,0
292,2,5945,30,1,4,4,10,6,1,15,488,26,0.7208891373980395,0.9560057443930152,0.15598564549726626,0.6695452097066614,1
54,0,2415,3712,1,0,0,6,1,0,1,349,203,0.06500895180034665,0.013447680913629268,0.8580339132362315,0.08507835658824611,0
197,2,38105,399,1,5,3,7,3,1,22,324,11,0.9580765676220149,0.7312526769053417,0.03149804432900929,0.7497366353521847,1
151,1,90948,169,1,1,1,22,5,1,16,465,44,0.9431551606366446,0.663050893814491,0.34868824125179143,0.5828389833368353,1
39,2,1136,291,0,0,0,5,1,0,0,298,245,0.06471512485309741,0.048040947972370844,0.9539851097941628,0.09097414613091064,0
476,0,53788,271,1,3,3,27,7,0,19,477,18,0.6692324349015992,0.4349405889075887,0.30637323491182705,0.5902778402262365,1
110,2,85534,467,1,2,4,21,2,0,45,486,48,0.657501275550026,0.6426858544364731,0.04356016836224108,0.7105670946402292,1
25,1,2569,139,0,1,0,1,1,1,1,185,494,0.06294666913603165,0.01605832010949201,0.9810588219874246,0.02617581044456442,0
17,0,779,2632,1,1,1,3,0,0,1,257,259,0.07207034277931922,0.0446368388321612,0.8163982207706596,0.09405320980443553,0
312,0,79427,496,1,2,1,23,5,0,17,378,15,0.7848408823588258,0.8435688318662959,0.3463487818903189,0.9122716603176778,1
352,0,19440,308,1,2,3,6,6,1,40,260,35,0.8965168012178066,0.7393639808485308,0.10691024040059971,0.9267823047442456,1
27,2,2506,2778,0,0,0,3,0,0,3,486,100,0.0710654777801551,0.038966475296156836,0.9755042248105317,0.011627982900100288,0
597,1,75437,352,1,7,2,17,8,1,35,288,16,0.6456520670293995,0.5233094144438023,0.09577611564090677,0.8073977469687615,1
120,2,29605,273,0,3,1,18,4,0,7,444,40,0.6768165893958696,0.3324661193423606,0.1331902621265086,0.648518973801637,1
52,1,4401,943,0,1,0,3,1,0,3,389,153,0.08801556697595049,0.06354931049670316,0.9497221098566309,0.08500851722171872,0
11,0,1353,221,1,2,1,2,1,1,3,401,345,0.007314921470201208,0.08113877976197789,0.9733164953554324,0.04423496688422721,0
29,1,1801,1756,1,1,1,1,1,0,4,395,109,0.03287183436271973,0.015072112536501049,0.9555480961619285,0.04155878364888635,0
45,2,1909,1657,1,0,0,5,1,0,2,497,282,0.018711063697115317,0.07044982247978059,0.9074769512457435,0.06762729343621292,0
50,2,3563,2101,0,0,1,9,1,1,3,92,260,0.0018338947447570143,0.0926261370416203,0.9614180417886308,0.05029505653099964,0
51,0,1835,3464,1,2,0,0,0,0,0,402,33,0.03375387321311737,0.02054633260832102,0.9778268825480403,0.03117945202687239,0
5,0,1554,1775,1,2,0,3,0,0,2,372,460,0.003083675731240754,0.03786288838602256,0.8510920833416228,0.05788883442561598,0
25,0,1465,3897,1,0,0,3,1,1,3,163,153,0.015594210097311635,0.09486685209720412,0.9924200369652582,0.056529826150886156,0
2,1,794,3211,0,1,1,4,1,1,4,64,130,0.0949313329249667,0.03364108744894008,0.8003954662029718,0.0663145634398524,0
49,1,2360,540,0,2,1,2,1,0,0,19,8,0.03576796008531709,0.04778119361810568,0.8470708413580407,0.045227712383692956,0
38,2,2535,639,0,2,0,5,0,0,3,385,60,0.09881813824315056,0.028068291456475415,0.824340578212049,0.06923696719947497,0
17,2,4363,3090,0,1,0,1,1,1,3,234,28,0.06925889959498249,0.07087079491519607,0.9949516912889159,0.07496839969587599,0
17,2,461,721,1,0,1,1,1,1,0,7,443,0.08037862906184454,0.007529930562682219,0.8601077500174723,0.0068109717486508296,0
28,2,584,3375,1,1,1,9,0,1,0,121,107,0.017321689773558312,0.0736754591643486,0.9628955191432423,0.031521214959827404,0
51,0,2047,1185,1,1,0,3,1,0,3,210,164,0.02720497073002688,0.03756979690642979,0.9234079397047933,0.03157975695009747,0
362,1,25572,127,1,6,3,13,8,0,9,350,29,0.9961463642766306,0.5861675949348832,0.38309367868568267,0.706219679854141,1
469,1,22459,349,0,7,4,11,9,0,32,413,29,0.8858224461068176,0.5440357956394821,0.04267540860385588,0.7293036293674799,1
46,0,252,2172,1,0,1,5,1,0,4,219,166,0.028515678823270198,0.052800025546198,0.9800351758078911,0.09448469058055226,0
78,1,84929,68,0,3,0,23,9,0,49,302,5,0.5591272220527954,0.7033117432551561,0.3173106301781217,0.8183271500107937,1
58,0,1473,3888,0,1,1,8,0,1,1,19,375,0.010252588671091979,0.051041671505995624,0.9665670424319351,0.04077342179963211,0
543,1,47188,450,1,9,2,15,4,1,10,425,42,0.5440287148912126,0.8999839831314247,0.3442637554403374,0.5033348909449428,1
5,2,521,1126,0,2,1,8,1,0,2,6,370,0.05859185229699635,0.05597788525149237,0.8614663523766469,0.030342643702403096,0
7,1,3891,3497,0,2,0,0,1,1,4,448,289,0.06454207064345764,0.09505550730200034,0.9716002397730216,0.00697123962441284,0
40,2,1049,3498,1,2,0,5,1,0,3,333,316,0.0072547041892226495,0.05345130045241107,0.8024794293185108,0.028814157948080312,0
10,2,838,919,1,1,1,8,1,0,1,301,124,0.004594436399397816,0.0772028561747125,0.805361776085462,0.03980795878848813,0
265,2,43181,455,1,0,0,6,5,1,35,279,2,0.707321213236924,0.6264810984541525,0.17108250323416518,0.9827212918662152,1
36,0,3891,3310,0,0,1,2,1,1,3,492,105,0.08105846058609752,0.03635562426262175,0.8834385372043592,0.06169250416325575,0
296,0,50049,263,0,6,3,26,7,0,44,342,20,0.5692102412220866,0.592217142758886,0.08449750912817394,0.7547632206393835,1
24,1,27533,69,1,2,0,28,3,1,30,402,6,0.858958497081771,0.6211341690947003,0.11154634725327682,0.9147434182364742,1
330,0,47616,303,1,1,4,26,8,0,7,394,35,0.6654123746566223,0.8097000888219643,0.15043776620329852,0.6187417005029114,1
29,1,2674,286,1,2,0,7,1,1,4,204,363,0.07832491476711906,0.030776911105157203,0.8593975161379921,0.07360207206565983,0
255,1,34022,294,0,8,1,24,4,1,42,200,11,0.8391812060615359,0.39334095695396004,0.08582133474931375,0.9716750248227742,1
51,1,2988,2579,0,0,0,2,1,0,2,15,62,0.0756465731231788,0.06079928857267841,0.9459550470334279,0.046119993376115755,0
54,2,961,2832,1,2,0,7,0,0,4,168,187,0.022210740929669105,0.04869601276591068,0.8809467470251482,0.0036213551459882143,0
54,1,1598,3629,1,2,1,8,0,0,4,251,29,0.005051183793990755,0.04724842419871794,0.8994171495289118,0.09516656496950708,0
418,1,13924,197,0,8,0,9,8,0,33,414,19,0.616410232885432,0.46439170787390766,0.3147722866302935,0.6068605133858149,1
17,0,4633,3024,1,0,1,8,0,1,4,128,225,0.02266717961344408,0.0026936780815461584,0.9445909353545223,0.02267905068358469,0
236,1,77490,369,0,3,2,11,4,1,13,377,1,0.8245821234858212,0.9478980791776737,0.3318028405056574,0.6997723532533369,1
503,0,26260,395,0,5,4,12,2,0,33,434,39,0.7380288189998997,0.5389028294527864,0.33705857136975004,0.8342345185626743,1
48,0,4713,882,0,2,0,9,1,1,1,35,214,0.01740382321149514,0.001177793143203998,0.9627589871341582,0.060659059818807565,0
3,2,1269,1742,0,0,0,4,1,1,2,50,290,0.04079750664733717,0.05362330562341852,0.9538372402449777,0.05004201899723944,0
338,0,89751,178,0,7,1,5,3,1,7,215,21,0.9096166339401222,0.9442604321712469,0.37183369796978094,0.7871469497840091,1
39,0,642,1172,1,2,1,3,1,1,2,223,134,0.0829120973164317,0.09849351530006833,0.9815441473168742,0.03459985420547941,0
374,2,65308,147,0,4,1,25,5,0,49,342,12,0.532460039410265,0.3344267839402931,0.13524064513735526,0.5105244607887078,1
9,2,4100,2194,0,0,1,7,1,0,3,377,19,0.09051012904697651,0.031970800522111764,0.9575081638127825,0.09894499563265312,0
335,2,24907,167,1,5,2,5,8,0,18,246,44,0.9560582830484259,0.3943717325894164,0.19437338362348694,0.9054064038916195,1
208,1,72755,209,0,4,3,17,7,1,29,451,4,0.8912766082329078,0.939308188100707,0.17999562892226764,0.5782049444584176,1
51,1,3138,1802,1,0,0,2,1,0,3,203,376,0.08703992086757037,0.06994114947252904,0.8076396604548042,0.03484376750023648,0
57,2,32880,345,1,3,0,19,9,1,22,270,43,0.8335083456538124,0.7727117883296963,0.3089173166795685,0.7328773713529336,1
9,1,3097,2440,1,1,0,4,0,0,3,31,408,0.009690726330997268,0.0052713722555710945,0.8387202168592864,0.0367570918180848,0
539,1,63452,335,1,4,2,9,3,1,13,237,34,0.5881539812394996,0.9903359658468527,0.10906751412104199,0.9720220553147865,1
226,1,38139,352,0,5,3,11,4,0,23,492,20,0.7925719960965836,0.8257457913313222,0.19404674444815348,0.6767076211266325,1
359,0,61815,464,1,5,0,10,5,0,11,506,7,0.5584665309626191,0.5881102043266015,0.1335141046647824,0.7671187867423388,1
165,0,83696,471,1,3,4,21,9,0,37,207,47,0.7005710022570766,0.6755908433883331,0.2653765694889624,0.8602327925551347,1
319,2,76243,14,0,6,4,7,6,1,40,421,20,0.9051054119463482,0.503970137173225,0.1488516138503162,0.9047964213950246,1
16,2,3053,353,0,0,0,6,0,0,0,138,268,0.07268439883298804,0.09054649892319189,0.9476903650539309,0.011704586951647456,0
12,1,3980,255,1,2,0,5,0,0,4,427,479,0.08310056962035714,0.02086319291107043,0.9299489167217534,0.015916262837254436,0
400,0,94265,402,0,5,3,17,7,1,32,490,36,0.6503584689615509,0.5208724248892639,0.018784630345189558,0.7371156889810976,1
457,0,31420,175,0,9,4,13,8,1,5,388,48,0.5282040144845369,0.47476299499556807,0.2946808359001419,0.9090639050073817,1
2,2,53120,158,0,1,0,11,4,1,17,319,39,0.6121599980985617,0.7279302526081537,0.21322608691418254,0.8456901788227784,1
183,1,66970,31,0,0,1,8,4,1,6,467,36,0.5498603528430246,0.4799081603957317,0.10771706458983982,0.5298989833900777,1
27,0,4684,981,0,2,1,1,1,1,3,367,94,0.043869514712009866,0.06500612502171275,0.9481874834807735,0.03114296151931363,0
23,2,4229,2502,0,0,1,3,0,0,4,195,285,0.06963311990829958,0.04274359814722261,0.9427952833861437,0.01243088436511497,0
35,0,4572,1558,1,0,1,6,1,1,0,500,281,0.07100291134008223,0.05853274758164143,0.9923202175052285,0.06644902183375012,0
238,1,48779,11,1,8,1,25,5,1,38,279,35,0.5318186696514127,0.3496450331872176,0.33710466220554935,0.9928223229557314,1
15,0,1252,570,1,0,1,5,0,1,2,35,355,0.08524786176576872,0.003277766409258665,0.9775918862133185,0.038897452848469086,0
16,2,818,3636,1,0,1,8,1,1,3,414,447,0.07853582753981896,0.017098191473789503,0.9212825620192775,0.06473162318855456,0
516,2,54328,284,1,2,0,18,7,1,31,250,31,0.708063696321868,0.7161385849830697,0.32552582825948456,0.8047835790232976,1
59,0,234,2141,1,1,0,4,0,0,1,62,386,0.06340402481482471,0.09370111400139941,0.8509269665503156,0.09931647836212527,0
55,0,2869,2272,1,0,1,7,1,0,4,507,354,0.08259973029066896,0.045554043950869955,0.9043367764321538,0.0220501740913175,0
33,1,1443,3620,1,2,0,4,0,1,1,279,115,0.07227275404552952,0.033270507415575634,0.8482488653426999,0.06842142696325536,0
586,0,7643,231,1,8,2,20,6,1,17,220,10,0.8180676403042475,0.32707140626822756,0.05652715624762683,0.8496702413923336,1
284,2,70131,89,0,1,0,26,8,0,30,454,45,0.8893914741065119,0.463102983667196,0.13671466581466193,0.924961034954541,1
117,0,54206,292,1,1,2,11,9,1,29,507,10,0.5414147904147086,0.4879903023393931,0.3639621160680748,0.8192722662166644,1
25,1,2229,903,1,0,0,0,0,1,0,15,341,0.05411684550207068,0.048846439441926154,0.9894301130385306,0.019632542826127388,0
14,1,2801,515,0,1,1,1,0,0,2,125,341,0.010242793841395882,0.07221144806034308,0.8497633746676623,0.007377941299087487,0
43,0,1896,2219,1,1,1,5,0,0,1,328,510,0.01716248223687883,0.02056828806037001,0.8009100683739764,0.09606322634070266,0
27,1,1683,2285,1,2,1,7,0,0,1,318,64,0.00117311452774046,0.02338783425831912,0.8971331217938727,0.07985091972593257,0
34,0,1443,1087,1,2,0,2,1,1,4,401,90,0.09783676888228468,0.052819458710601966,0.9850044463615797,0.052774899171248495,0
59,1,3955,1130,1,0,1,5,0,1,2,91,387,0.07871239226074755,0.07055318086990701,0.9062350903499261,0.03849578834676956,0
298,1,93038,196,1,6,0,14,5,1,46,498,18,0.6299003905737006,0.626481229128589,0.39527277675679223,0.8481618207691644,1
39,2,3127,3638,1,1,1,3,0,0,1,224,397,0.06698876533156504,0.02769662999518582,0.8577037498033881,0.053469383731325454,0
18,1,4812,2233,1,1,1,2,1,1,0,107,143,0.09141740531486434,0.07462664538803489,0.9347776336856057,0.046210359060292916,0
320,1,80588,184,0,0,0,24,2,0,36,237,35,0.6664217146781464,0.6354691446975248,0.14455068332620977,0.5670076305409775,1
53,0,2696,2643,1,0,1,8,1,0,3,161,128,0.07062877099808511,0.005395442018825781,0.8961087181219307,0.001139359110667404,0
55,0,3391,2580,1,1,1,4,0,0,2,272,380,0.0919862581866064,0.008077414830606323,0.8299183172332958,0.02211663196722511,0
36,2,4012,3023,0,0,1,0,1,1,1,12,282,0.03618397861633922,0.08085887682699429,0.9435653386682732,0.02669938623288597,0
280,1,26588,195,0,7,0,20,4,0,35,376,10,0.7412007294043411,0.4536673750236492,0.33438072469827745,0.82929740679008,1
10,1,180,1332,0,0,1,3,0,1,0,379,358,0.09402161612316955,0.07346717675756124,0.9583433795853824,0.07486916307744314,0
56,1,2899,3266,1,2,0,5,1,1,3,230,101,0.09928700683340544,0.009634900272148462,0.8781454496578622,0.06889183817702281,0
46,2,937,3994,1,2,1,6,0,1,3,311,266,0.05294171488262903,0.05627915745015433,0.9320589674333281,0.09675096240061011,0
24,2,3627,381,0,2,0,3,1,1,3,165,279,0.023384028082633748,0.06568600503644821,0.8481993740046282,0.038646247453328654,0
45,2,214,3083,0,0,1,6,0,1,0,188,212,0.009375485847996036,0.013305301093100375,0.9209947997340974,0.05340739606241505,0
141,1,88255,345,1,8,1,26,9,0,9,375,19,0.8236868213573901,0.9819808744573484,0.1423820395131384,0.7106689359213025,1
27,2,3829,1549,0,2,1,5,0,0,4,496,503,0.03807862635145526,0.08219306149895984,0.8602929157751377,0.0849725017388249,0
274,2,81699,280,0,8,4,25,5,1,30,225,21,0.6078497395206776,0.7527301597457128,0.0641545774581815,0.841624465380466,1
57,2,4852,2596,0,0,0,4,1,0,3,277,503,0.08510355797973315,0.046045065630814154,0.8804166776516141,0.06424460784015062,0
33,2,4035,1191,1,0,1,1,1,0,3,272,115,0.08531496094809896,0.07309325077327312,0.8008878078960867,0.048095095039044494,0
346,2,36347,493,0,1,4,29,2,0,23,401,10,0.7047811239759928,0.4269033177051179,0.34595326075631005,0.6286115504098146,1
43,0,748,1651,0,1,1,8,1,1,0,343,167,0.0029782484109023622,0.03483516302375095,0.9847409096352653,0.08096444611301552,0
4,1,403,2980,0,2,1,0,1,0,2,71,348,0.04996842747928995,0.02680680678906401,0.9751091924135019,0.013107192077287923,0
42,2,1767,596,0,1,1,5,1,0,0,289,246,0.029407798793285735,0.09899931772389077,0.833217925040081,0.07786059627648166,0
31,2,1505,2578,0,1,0,8,1,0,3,364,138,0.04704045359329162,0.05848517355264074,0.8550474682865141,0.08822783952578682,0
44,0,4562,3719,1,0,0,6,0,1,1,132,356,0.06825717892687798,0.04229274230041559,0.8419114058698929,0.046224050470201145,0
202,2,88635,38,0,0,1,9,3,0,16,376,12,0.6818772292751101,0.7341472517840248,0.16683138801611067,0.5738505094713635,1
49,0,4504,2212,0,2,1,1,1,0,0,254,393,0.05019681197845453,0.06696634799588962,0.8337789750856716,0.08382831570507472,0
572,1,91285,404,1,3,0,9,5,1,28,264,14,0.7656903397576281,0.9039757898792389,0.0826366024489313,0.7251879343798338,1
42,2,2218,965,1,0,1,5,0,0,3,382,172,0.0707101557397268,0.03475080875123315,0.8780045448306637,0.07767316697554565,0
167,1,53883,191,1,8,0,22,7,1,12,350,2,0.8717083598628292,0.7605739594683166,0.05427880950770092,0.5865922176788871,1
21,1,4461,1669,1,1,1,3,1,1,0,321,420,0.07913013333024832,0.008619774191684516,0.8148225483516119,0.030639666487778827,0
16,2,3814,366,1,1,1,9,0,1,3,251,100,0.06733881068245455,0.04381799840089006,0.9311556478164474,0.09037262483240259,0
22,0,821,2185,0,1,1,4,1,1,3,336,414,0.09396419673418005,0.018372137482546413,0.864731706654687,0.07021460709565384,0
545,2,31709,218,0,2,3,27,9,1,10,322,27,0.7607135568551733,0.8656293202010485,0.2979618343051361,0.8839433611068768,1
559,1,13528,132,0,2,0,18,6,1,42,406,48,0.5858489091276837,0.61309236514048,0.08779384962414119,0.9153045623237018,1
261,1,38199,362,0,4,2,6,8,1,16,221,11,0.6710250501439362,0.8172963116644028,0.12684465197348158,0.8920378251677572,1
10,2,1749,1212,0,0,0,8,1,0,3,365,143,0.07686941411774982,0.03774910790704159,0.916570508475402,0.039429772968419236,0
25,0,2320,2584,0,0,1,1,0,1,3,8,275,0.05770083312913742,0.0954608701830189,0.840209339194468,0.02843804312842865,0
22,0,990,2281,0,0,1,0,1,1,4,177,309,0.05911138179479495,0.03340568197891497,0.9022133410912957,0.08713513888277652,0
57,2,4103,3378,1,0,1,7,1,0,2,350,150,0.040791936285650914,0.06362550243619884,0.9941817519151881,0.06139913224948899,0
22,1,2558,1244,0,2,0,3,1,0,4,70,257,0.013858252597132081,0.04165200986968787,0.9677358257761126,0.0672602040466688,0
24,1,268,2074,0,1,0,5,1,1,1,379,91,0.07579402135569585,0.007418150111897304,0.892622466628844,0.011955894180325267,0
487,2,34129,432,1,6,0,23,3,1,21,413,28,0.972861168473532,0.5291087759246222,0.33897108415653054,0.7634141481392098,1
8,0,4887,2257,1,2,1,5,0,1,2,370,134,0.07807703341042288,0.06043712220986828,0.9686430346024296,0.04615470669036096,0
45,2,1232,2261,0,1,0,5,0,1,1,410,231,0.04751094275389159,0.01556529493592861,0.9428897814686694,0.012440619631134754,0
15,2,3021,3691,0,0,1,1,1,0,1,374,227,0.03695609901445673,0.008929796804829004,0.9938472842058352,0.08165686017896046,0
281,0,38288,302,0,1,3,13,4,1,27,262,27,0.9412929099878589,0.39140984172276955,0.27113407887163615,0.6528041969917822,1
64,1,94330,303,0,4,3,22,9,1,43,379,41,0.925502706664479,0.8950812041191651,0.04367042138491115,0.5492516782182733,1
434,2,95396,81,0,7,3,29,8,1,20,427,36,0.5175266078252145,0.7710614004526717,0.09831062379416476,0.886728135452162,1
42,2,4639,2394,0,1,0,1,0,0,3,60,494,0.09273796402142775,0.004191422276170332,0.9527124803536664,0.0357462460907828,0
32,1,1816,2790,1,1,1,0,1,1,3,359,437,0.002731526511526106,0.04384378731826416,0.9496115138110556,0.06303882552050642,0
19,2,380,1621,0,0,0,8,0,1,2,139,374,0.03607035836030711,0.04028650829666,0.865477907656785,0.08206387266763784,0
23,1,162,3815,0,2,0,5,0,1,4,36,113,0.08727102121042635,0.06743997529939062,0.837378466181043,0.04837302818079911,0
42,1,4262,1898,0,0,1,8,0,0,4,504,28,0.04373377636454108,0.07654899334533379,0.9773976177999326,0.07381285668883002,0
368,0,77949,410,1,2,4,29,2,1,19,458,39,0.5014200048434605,0.5727302029021508,0.3419381495580252,0.7615984897124197,1
599,2,34441,13,1,6,0,27,8,0,17,387,18,0.7865834800768758,0.40636945797294827,0.19249436457031943,0.7196431165229535,1
18,1,45579,422,1,2,4,6,8,0,14,473,2,0.7288486937768743,0.8777928146349543,0.1797315681656488,0.7517847939072229,1
285,2,44229,41,0,5,1,20,9,0,22,466,3,0.786996123926223,0.6499231647157198,0.2752208803388412,0.7762109843607379,1
37,0,4394,169,0,0,0,6,0,0,4,492,433,0.05767163308645062,0.07908311723232969,0.9856500079933953,0.05192582529400293,0
37,1,3936,1361,1,2,1,8,1,1,1,65,90,0.0023899357199450356,0.07575063732456357,0.8561993645083861,0.07666826426836945,0
535,0,37752,401,0,9,0,15,3,1,47,445,32,0.8661756695417697,0.7225030181275496,0.23226292699263484,0.9388171062147792,1
39,2,4726,984,1,1,1,0,0,0,1,117,111,0.0732827439703932,0.05000775790396722,0.9038746459736805,0.003641313734353424,0
487,1,57322,239,1,6,3,20,9,1,16,208,43,0.7674750495407558,0.6634235898622278,0.197551454267641,0.5337727254621398,1
31,0,3264,3519,1,2,0,1,1,0,0,61,427,0.00038531219802473426,0.027203538835925634,0.8673357590469521,0.00031800713481248136,0
40,2,79051,350,1,9,4,20,8,0,8,221,20,0.8551047853584028,0.3826587753586173,0.23120894156829805,0.7048525487124118,1
35,0,3871,2134,1,0,0,3,0,0,4,288,322,0.006675104734521742,0.08679030196167493,0.9121426332528279,0.015711157042184454,0
282,0,61238,265,1,5,4,11,6,0,34,495,20,0.9221669130451462,0.32854255395129606,0.039796292193189454,0.7117028952613623,1
4,1,4942,3127,0,1,1,3,0,1,4,139,225,0.0804797202630107,0.03911428601649426,0.9048129404940262,0.0416330797462678,0
46,2,1662,3046,0,2,1,2,0,0,1,64,309,0.0008907253823316142,0.011279873186730294,0.8696824486787831,0.020934717163860053,0
3,2,33383,107,0,9,4,19,5,0,46,422,8,0.808890109105155,0.8330890546542127,0.24365992937292424,0.7988074443753996,1
19,1,762,3572,1,0,0,9,0,1,0,444,194,0.061836454229950266,0.02944536350036897,0.8191746175622289,0.08018163767184815,0
24,1,964,143,0,1,1,4,1,1,2,328,334,0.05731845537302535,0.09686327597785561,0.8400262231199481,0.05907409907029492,0
11,0,4207,266,1,1,0,3,0,1,1,212,351,0.06886703370695671,0.08622995762856245,0.9613059315314666,0.0434379751489997,0
53,1,4894,1916,1,1,1,7,1,0,4,411,338,0.024256098811784678,0.08769331554045996,0.9331184147406247,0.0362189614624942,0
46,2,18176,403,0,4,4,24,7,1,34,509,5,0.7008225474482432,0.8620858621219201,0.1118144899368268,0.7744525008410372,1
57,0,1161,661,0,1,1,0,1,1,4,310,331,0.012717043314207511,0.02720082413741376,0.935320972511394,0.02116828519576465,0
47,1,4215,3741,1,1,0,3,1,0,1,364,303,0.0015580060556299902,0.07256415826431425,0.880630634925536,0.02983072945181947,0
13,0,2407,1778,0,0,0,9,0,0,1,88,23,0.06275882030329716,0.08062435958425768,0.9162331884874187,0.08469449630413028,0
12,1,2971,1245,0,0,1,3,0,0,0,320,383,0.07273952915756932,0.07433346899442594,0.804560230237142,0.008247712655143269,0
10,1,4321,3895,1,2,0,8,1,1,3,414,464,0.030154339296228017,0.07769219397291077,0.9975280700796283,0.02379101506383774,0
37,2,2097,882,1,0,0,8,0,0,2,189,46,0.0610036759677747,0.02070238111389552,0.923830502667288,0.062269561135444386,0
53,2,4991,3119,0,2,0,3,1,0,0,212,474,0.03606082026524993,0.04706922585304148,0.9778086667597216,0.08635247917627549,0
35,1,4474,932,1,0,0,3,0,1,1,42,325,0.033345873836312837,0.06062133427348052,0.876713523498738,0.05256578463660147,0
33,2,136,3531,0,2,0,7,0,1,0,420,301,0.013224550180524286,0.002728446343181401,0.8292464866264815,0.019870431403175782,0
7,0,4519,579,1,2,1,0,1,1,0,295,383,0.05799987995889677,0.09949316965807699,0.9980079807524344,0.0968689090219964,0
36,2,2351,3570,0,0,0,5,1,0,2,224,130,0.0011116290742092083,0.0911912037480338,0.8934527677110283,0.016245743479460863,0
33,1,3326,2484,1,2,1,7,1,0,1,29,393,0.029278655931364486,0.07260143493621173,0.9066102014371031,0.041177818969693594,0
8,0,2206,2584,1,0,0,9,0,0,3,333,318,0.019120079903470578,0.021713998002641025,0.9768166695446298,0.0673820090273138,0
27,1,4456,3006,0,0,0,4,1,0,2,493,236,0.03435809883434695,0.047648871703982014,0.930280300804099,0.03672518907174329,0
548,2,21748,49,0,5,0,24,2,0,11,369,9,0.918358098238198,0.5421636730623687,0.32184070008659904,0.5768187645671004,1
8,0,66815,477,1,5,2,21,4,0,37,206,16,0.5624785641016082,0.6439737250328352,0.08070153714965077,0.521822382779388,1
46,2,1914,3624,1,0,1,8,1,0,0,328,510,0.08497084763496754,0.028116424212612536,0.9729247071597773,0.03433245611855458,0
1,0,2182,765,1,1,0,6,0,0,0,386,462,0.05401361495422107,0.047517896383207185,0.8602844607313676,0.03456751097090815,0
22,0,2371,3154,0,1,1,7,0,0,1,205,131,0.0552606961750216,0.013102163873133689,0.8083190249787559,0.006659054029962286,0
20,1,601,1496,0,2,1,3,0,1,4,100,185,0.04507589321106144,0.08324932633365305,0.9093834041026017,0.058871127560196704,0
546,1,27180,404,0,7,3,22,7,1,7,432,30,0.9638614314209955,0.3936864100960783,0.35455235083389086,0.7183701703667242,1
22,0,1884,3509,0,1,0,1,0,0,4,483,397,0.08881878684931094,0.023124626711987364,0.9572353393130321,0.052215280948316414,0
26,0,2433,1734,1,0,1,1,0,0,2,28,342,0.09912865754858641,0.04188782556235582,0.9606299272624773,0.0017536618802343141,0
18,2,2564,2503,1,2,0,7,0,0,3,27,283,0.08498699684477905,0.06569091863977772,0.8604392585698518,0.02362715794950726,0
0,2,2411,1482,1,2,1,4,1,0,1,151,30,0.0775937829848425,0.016558525015310643,0.8997889717892604,0.093319788783443,0
13,0,3651,611,0,1,0,8,0,1,4,23,332,0.08394214816636503,0.020662274924258997,0.8051737215948473,0.010952919804656092,0
48,2,4508,2484,0,2,0,4,0,1,3,365,117,0.09936576923824841,0.07143065696289595,0.8840900575368861,0.06989566066520445,0
31,1,4326,2140,0,1,1,0,0,1,3,505,105,0.07615222922385598,0.05176217381940454,0.9736125708350264,0.07096571382991508,0
1,1,4970,3382,1,2,0,1,1,1,1,503,356,0.037717762235021324,0.01167049801744955,0.9928329960314072,0.0360113727051117,0
57,2,3463,1369,0,1,0,5,1,0,2,137,174,0.06958255565776691,0.014787857045594722,0.8826515784258107,0.04265043187318468,0
38,0,1597,3014,1,1,1,2,0,0,2,209,401,0.08850424247903702,0.01855087229926915,0.9856734256346829,0.008391676143942128,0
39,0,3841,3002,0,0,1,9,0,1,1,80,363,0.0441011566003596,0.0641831386013376,0.8403998920855774,0.07418371238095109,0
438,2,76542,431,0,7,0,12,8,0,5,397,26,0.8593289101022922,0.7761925750041068,0.032714821113617364,0.8128286282965141,1
184,0,17887,142,1,1,4,11,3,1,12,237,37,0.6039414671913426,0.6783611122804846,0.3953570514682816,0.5036909394034452,1
271,1,88228,440,0,3,2,20,5,0,18,244,14,0.9727523546990864,0.40382105250951666,0.28517428300460973,0.8775660753248395,1
409,1,25438,161,0,4,1,18,7,0,44,375,22,0.9865092728434104,0.8397780208958527,0.16965968390335384,0.8132696170915189,1
25,1,2619,1880,1,1,1,9,1,0,3,162,194,0.06519014163086008,0.007517035320015009,0.8499814815019779,0.04204520024253633,0
18,1,911,510,1,0,1,8,1,1,0,280,208,0.006066193433265788,0.036175858432019814,0.8404168237150604,0.09875227799336302,0
11,0,2344,3678,1,2,1,6,1,1,2,253,277,0.035919976950293385,0.0666142058189772,0.8492042227659595,0.008987760556766677,0
22,2,2986,816,1,2,1,5,1,0,2,377,164,0.09726126856785379,0.06077132838344754,0.9464516337105741,0.05399861953611765,0
31,1,4196,3987,1,0,1,3,1,0,3,81,454,0.08837049834530779,0.04572637264336424,0.9610364250759743,0.020088612009727305,0
33,2,2478,1624,1,0,0,3,0,0,2,475,156,0.011955001907374519,0.09119967174758128,0.840616207903932,0.07703626061825952,0
22,2,1797,2997,1,2,0,2,0,1,3,400,449,0.09787133823565267,0.056663308973986394,0.8915295333900791,0.026824095788666402,0
56,1,4150,938,1,2,0,1,0,1,4,49,177,0.06430662516797857,0.044766054288632146,0.9751867522075833,0.002164342250903195,0
274,0,5085,353,1,8,4,11,5,1,20,297,21,0.5663370634078615,0.9409255607810352,0.18024301444855026,0.556122697379086,1
393,1,11143,109,1,2,2,24,7,0,46,458,41,0.8892588633486315,0.5256606406524169,0.05274566340816969,0.9233423064593291,1
9,1,4528,2323,0,1,0,7,0,1,4,344,240,0.039718450461099675,0.0262414950107154,0.9235493231029606,0.056240746551680536,0
43,1,4996,2502,1,0,1,1,1,1,1,334,338,0.0556282889641696,0.006807335571247575,0.9473090678048015,0.03228891868765876,0
212,2,88566,355,0,3,3,29,8,1,8,247,40,0.6282503906077692,0.5796746684028091,0.11671844881083802,0.7485527817825983,1
58,0,402,1470,1,2,1,3,0,1,0,397,315,0.015893238253329802,0.07822414409907122,0.8656680604049414,0.06228174586925861,0
