cpu_usage,memory_usage,disk_io,network_errors,throughput,latency,packet_loss,bandwidth,jitter,retransmissions,connection_drops,uptime_pct,failure
31.33954020348172,22.937742629511988,47.88573408354657,7,77.5228114008721,56.221138587684514,0.024447260333609958,97.86965515308383,6.730182160733012,4,1,96.60335627971996,0
5.342472077694596,55.941897946203326,33.13512371514027,4,60.19740906413739,64.63681047596015,0.010509480538711742,140.62656627544698,1.6994839337572276,4,1,96.99649841802656,0
36.96725391205404,43.04518667941596,9.796997889392443,5,107.25635859735203,72.16578536297818,0.04823522539787426,173.57634487251454,6.509615859776078,1,1,97.31871290963419,0
48.103704764252484,32.518925558106154,49.55993768498136,0,73.70844518850325,43.916627253283394,0.03133909810783464,181.0679568648229,3.9899169456707275,2,1,96.78752892322964,0
32.52659567930284,30.49340691374863,27.8192057692461,2,138.30131686880975,13.945427581926614,0.035382624718006704,142.8804227730394,6.081188225948794,4,0,98.97684983581047,0
47.83652409343786,65.42040769721166,56.399344642971,2,190.7953356858511,35.3197145417326,0.020468782018405324,179.12107009803856,3.851914678999855,0,1,99.10444064114343,0
30.23920362715125,37.28432566590425,50.03017150844606,0,51.28070728320906,77.97295655458065,0.021110118343095403,44.66363523201713,5.046834691112004,2,0,98.62669918608285,0
57.35347227233201,22.0939011868268,36.746783508124096,9,185.47180012267862,38.597286428221416,0.03617988534852295,105.33707129639456,9.79975038013627,3,0,98.08584207458914,0
14.64173651609487,63.40053540290224,12.355169715227667,8,123.73280271316018,27.258657317436107,0.04819819213967556,69.1025410254556,9.675558347419209,1,1,97.0918493968542,0
53.52281113296084,25.436897912548712,10.895618963393904,5,87.36031048709592,33.38240539844587,0.0421337875117736,51.064288889697345,1.4508947126945793,3,0,95.76185698099908,0
16.104623541165928,56.480794372094145,37.45065742928186,6,63.013319093505785,46.659000826661554,0.046224210443819636,58.535469273052016,1.9283555316080825,4,0,99.77207431352113,0
59.590807030168016,56.38931311520196,33.54684296310934,1,133.67448031944429,77.91386936218767,0.02526805999246616,73.59463626032104,2.098254966308014,2,1,98.64280200719892,0
36.22374660610958,57.62475561134135,32.464509031766234,4,180.79250897316822,22.04948425287244,0.0326066690080273,130.08334797593938,9.02719929521151,0,0,95.43489837327812,0
12.379470771157571,11.638631254174406,56.94125167668257,6,56.1671068817478,45.517682490858604,0.04719992448878568,73.26647016170526,7.863039971249307,4,1,98.66110145671911,0
51.667979591477284,14.71706849160263,6.88941834659467,3,82.3635522520885,66.74486397123749,0.02413323755535876,173.70374379279247,2.8274119270296705,1,1,95.4233216492988,0
72.08465294304504,82.11755553984574,91.41121877672565,86,1.667216849018749,420.3600614961006,0.7553322461719882,10.257346381642668,60.08444437426207,96,22,79.6343738808186,1
19.993585389878046,58.27569915249724,57.62972312812269,6,184.7291240997729,51.7890567266793,0.03381628426317237,177.2996222969542,7.2439299078512445,1,1,97.88229456889981,0
14.009299361059902,51.40994608158504,37.505192262494084,0,144.17284272221957,9.495944126462026,0.0029244947416810275,63.66171297658093,1.1785887161574005,4,1,98.42813728907313,0
11.949044687676704,15.511352170234273,33.57174620129535,4,156.863798764014,8.779125460955054,0.000920011316065017,133.77496592279437,8.941322550369353,1,1,99.75317486758433,0
48.613670334765125,66.3918544351832,14.626444317964383,8,170.7957501958332,35.144921787423186,0.04595936445941491,115.08920552742521,6.933573013251451,1,1,96.35064367024658,0
30.284618962560007,50.165309812811856,41.78459560762099,8,147.19493165155995,56.315735140873905,0.014166355178822932,73.28644644905962,2.580549100205436,4,1,96.48786696179499,0
6.1175449172572085,66.71780823082418,9.68941031219362,7,174.85374561020947,30.766923877646615,0.045447572938348946,111.94049332738979,8.318950630123373,0,1,98.1499701876342,0
22.607574495166926,42.78601104984638,12.981131581905155,1,163.48574476699423,51.02817344604976,0.02710641888408707,88.31341127956749,6.70539898636382,4,1,96.20918768117946,0
49.04217543686585,28.532102119790842,54.469443963585526,4,106.05450492052812,53.91376174487139,0.04287876733547952,106.4220667738749,3.1485278434457964,2,1,95.82896905498875,0
70.8351018323044,78.04721049692067,97.8616082145376,69,16.19424077508063,281.6647690332918,0.7647849547695601,19.488561111743763,46.411458443832686,84,10,37.353669447137825,1
45.30039980020269,64.81475763801257,44.004496980777866,8,145.1897236387489,26.69609161557735,0.01218701196251555,58.51730425976166,4.368280259688689,1,1,95.01944047513035,0
92.35290952130967,79.58868516563935,97.64978440085395,71,2.3468486454660638,443.7320706345693,0.47283019348166605,28.054644812162035,12.215616286459468,49,49,14.932409989445185,1
43.54158078305104,16.769996823052473,11.148412971078077,9,71.33180717712429,14.717700632976296,0.011240656363488161,116.49967154177892,7.3738846147675225,3,0,98.69639868706436,0
85.50697786449095,94.01074389882909,91.26781398183611,71,6.4314019231305455,496.10278716677624,0.7834268514521116,9.391130598645892,91.71206926380222,65,35,64.91396759823327,1
29.510056771575567,20.569236150453655,57.09834782365987,1,162.0902042727531,28.64953881332595,0.011392497250925088,169.3627806220507,8.438818235347323,0,1,98.99138423323743,0
29.609783158835864,33.20107483790429,19.342004350715,8,160.06346586596118,9.135349638681582,0.03871974248033734,91.82967247046392,0.9707810981057163,1,0,95.34045816664862,0
47.17962481059247,62.91445796277053,22.177584067943904,8,115.25896261305013,14.126207354054268,0.04584918839531947,61.4058247041619,8.358360983173705,3,0,98.97169628208344,0
82.78053327349043,73.54487423855134,96.01302607183061,181,22.190223956511833,121.55624940774548,0.4246001099143132,10.649396153780092,69.86599043328457,79,6,82.80105428642692,1
98.36971670909824,70.34387001607767,80.89159101115506,92,6.000389374049223,263.83697710046806,0.2564838290429455,15.300721948353155,59.55987300437542,62,8,54.6883042934202,1
9.694945817342948,45.42009226157832,31.197408178761332,1,106.42585135260131,51.658892015521694,0.012440697595246365,58.985081919110186,0.08248516950396745,1,0,96.95717037251438,0
43.91210119655811,30.29276166599997,29.282203558618054,7,98.7201015516211,24.314071031876924,0.04183443350825708,170.5118272498456,1.9868134059490927,0,0,96.79199021268835,0
63.71836350874006,96.51186286868615,89.296489000519,34,21.21028687626354,494.4575333902655,0.44213988062694015,15.952946352206407,17.1573456628493,48,28,37.06564132061584,1
99.88450506374772,78.91569138719468,94.51355311009071,85,21.187248848894676,411.0071550791097,0.16395627727967976,27.430400552266136,78.99887123806808,39,21,53.784481907829765,1
75.73385059072852,88.15698233572596,99.51027650770891,32,12.011420844732566,393.7745041706534,0.12153816059495452,7.267274148019423,46.99296306971685,91,9,42.276950622590824,1
51.93760075617828,20.12446378713726,58.658343982492134,6,158.53983080129387,38.27046292081868,0.03227857216236229,104.35468913821963,3.8834409003048895,4,1,95.19166352373617,0
84.09500804984648,73.5281732375614,84.81230027525962,57,8.2003836495239,489.44622709342406,0.386181179194549,10.78651187776924,28.444876021326095,10,14,46.590979969699795,1
63.65343494288145,97.41873253612486,97.93343627965075,82,9.69001222405295,375.59544832358563,0.3654310014371241,7.370006966135625,45.92854380948924,49,16,3.8396952685138617,1
7.743368440627622,23.69822893928141,28.710775438912716,9,110.55551442726171,53.105770770270574,0.04843353631192582,143.64867735690774,4.899842514858293,0,0,98.88931579971627,0
42.21323482935679,54.31956540413416,59.386165554561885,1,199.0766944080463,55.65541428500433,0.046531308729645095,60.35028530742277,1.061667559059395,2,0,99.46290905123004,0
44.72432795218951,30.133936800235958,35.371298886839575,3,64.2286472454966,57.040131749505555,0.00904277518257226,65.60610703221153,6.595676050131418,2,0,97.14202096074406,0
68.80467428941279,77.42233131952122,92.14646590816236,174,8.903083114791006,99.37532736734258,0.0958971563269012,10.77250747400285,71.14078011225465,42,34,54.94384523949062,1
65.73216698131822,91.92000628876775,87.32801775848624,119,25.941886509734445,384.5914004977981,0.6478037355365723,9.142546264868452,79.78978691514634,11,47,7.965340713051674,1
65.05387222399835,87.20459324814722,87.09918353228475,123,20.672131501153782,151.6278254614042,0.5521796784147361,17.93126469608873,21.890113994726175,47,7,63.33533266461111,1
21.398241080798407,24.72840115478612,9.420862921557157,9,106.3740106147714,5.350974137755194,0.040370000404120504,187.35986631374598,9.946732496596875,3,0,95.8980627273025,0
50.02808534685978,36.551915373117545,56.13140941281886,7,122.06974930727905,49.65036843965253,0.02968755991795509,178.02058943504738,4.720450330217912,1,1,99.81810819517678,0
91.7779796880049,97.891428612404,83.15861980330448,68,29.148447050006162,408.16852603455,0.16148212956097363,26.75292896979139,74.86029233525942,92,20,15.099405156078152,1
73.64711357564346,92.63274952826525,89.40840553732353,179,4.628700269165826,466.4299776417064,0.2865370333949356,3.6730077198901845,54.40450634061194,48,32,53.54463365478705,1
47.9860823733105,22.47741579822423,6.429117832122503,1,89.52816498521801,3.9926675594872836,0.03995483340186191,70.20916229709354,1.4264338369266216,0,0,95.19537285059272,0
52.71273241513372,35.72169327029026,22.4429725889114,2,59.52938732367631,27.107722956259153,0.029259965929446293,40.79297677440762,2.6195279426207883,1,0,96.73866133327496,0
35.30828808260922,19.14224643128565,30.12958584470294,7,72.62118605549858,9.965519434703454,0.03215156321681065,48.11143050733955,5.510701317609294,4,1,99.9539478487463,0
49.659192643660035,64.32627111725017,15.656389994902993,3,66.40395576790046,79.5422825091787,0.01787827141201175,80.60309316785863,7.37642834565893,2,1,99.32540200660485,0
39.614480448788925,32.919900549753756,34.44554212520945,2,97.3994531825775,7.142949741880179,0.01142451559685988,82.96947657656162,3.519825282176725,0,1,95.52840184054308,0
51.35209828808183,31.524222703807464,45.514135471098946,4,160.81049337314565,47.12542878010817,0.0405113062576362,138.9073467677141,5.317848435881784,2,1,99.17604677854949,0
45.19545985296294,47.073162511167745,22.393708201870734,6,114.84597502126701,10.334321699628676,0.02951220997932393,71.01268249464803,8.494469492002143,0,1,99.17296182344371,0
51.34531145406796,61.6284205873776,32.25207122499895,1,55.81666895219137,28.182729034813782,0.005263467187368648,185.61530387492144,2.6576796891907772,2,1,98.69572516435056,0
57.65773437010326,44.170970734027705,23.132110771269165,3,116.50275050386234,57.051748594134914,0.03173052778087609,57.40884235617212,1.4467344302772267,4,0,95.15237688882745,0
81.70827721858883,81.49937343226536,98.44984903759497,41,27.69800717759189,244.16725204234496,0.06574187641744221,11.707543882021923,90.8493786563027,20,14,22.330424686745644,1
64.96260056696252,84.72886969657081,99.78603589696726,61,22.501841435755587,268.1610844906028,0.5325147881490446,14.33754786097286,67.46935908561969,80,10,31.394196663505102,1
75.2627535692604,89.61020369367652,86.14392913162905,86,3.382138681998108,437.31268187599585,0.09917622188066132,22.753164466084048,76.42567436775333,23,31,69.39025098952912,1
41.90239500267635,65.33921863621154,53.306480757580154,0,176.54885149977696,72.53367825032885,0.014117693956863487,163.40386796874566,5.139067607093324,1,0,96.64586746305226,0
31.103027880230492,49.56529185830235,6.95821232229104,8,117.88904111447552,73.4194300800465,0.0365195873733884,133.80467969279758,9.74157340833355,2,1,97.15865001606358,0
59.717970217579165,44.6375018855771,56.96060682661767,4,82.16011629785396,72.7985874649521,0.020182381248524263,71.5589446556187,4.476420769393641,2,1,97.08621407599026,0
12.252230762472749,18.495697694522878,45.993590096111205,4,180.00516549879984,22.239170177032246,0.047949082584172645,174.42036905298042,1.1811154261033197,3,0,99.33031310969494,0
75.76430310917948,78.08530177586583,85.45241969422014,77,26.496662462800185,281.99514613591253,0.42260214307461236,1.7168602852945574,44.41172045863916,75,23,49.7093709220992,1
66.02115683985174,92.86276097468321,97.72168655516414,71,1.2671119911833095,469.5134809375396,0.7168269188032086,12.606504470669218,14.25560250529994,15,26,18.170176813644115,1
8.764238751449913,59.062027617229305,7.200149765805598,4,143.4341488658427,44.163001484103134,0.014626696863076738,91.41260173041046,2.2860199069255116,3,1,95.61974093169188,0
45.122374216823054,58.14086632950562,57.46533139733978,1,125.71407007566548,24.36959322204423,0.037522257836483705,181.67529989871898,3.7148063399978293,0,0,95.78651293138026,0
40.61189268380748,68.9141023080731,57.14843601348447,9,58.3602562878148,26.395736453112903,0.04511785656797595,113.9551111748167,3.224318434655533,2,1,95.38051261769422,0
57.930248896733005,65.10287248639106,8.96901999318481,8,145.92576405317402,25.60774733780431,0.03356965190465391,79.9558343273527,1.764956632755963,4,1,96.02434851351225,0
26.96307970279164,68.61190423464748,39.762487758080475,5,158.43862466316995,23.33221075841034,0.041686617763967204,142.6904673753168,5.0128683078624405,2,1,97.53450703236665,0
47.53264790529211,60.686935620935586,14.122275668239043,8,134.0516394659245,44.27764502859686,0.032447286090840424,86.33129146182613,5.648512354303152,4,1,96.50086310054829,0
27.25482168683063,34.9962523391184,24.542193886944872,1,179.87341131756702,12.13013413324282,0.03463693068469153,45.564592354254465,2.7450219608125837,0,0,99.84528067771294,0
10.97209872356384,47.5511889716706,34.37840191427341,2,77.1996412037929,7.664931731468061,0.019047382625262857,87.3731646618596,6.041613780854721,2,0,97.47061542512515,0
58.11845296771932,33.75369080167414,23.575339924454624,9,87.99818404920319,46.049478847342876,0.010832679828435905,175.47209427510586,0.10366380184403834,1,1,99.44880646836728,0
98.47049647410107,72.14381279671994,80.40518020702245,192,11.355746036542566,125.76384359357276,0.5984588086347233,3.2345661951456934,40.31469905161967,90,41,71.11344345785453,1
11.914839769975927,42.44746801681221,58.598528378705915,9,191.2957495782593,10.974502993509738,0.008900674509042656,96.62124840380251,8.59638775823549,4,1,97.02179054217808,0
10.487317419187391,65.6550868929513,16.76731788109513,7,135.76103530199964,42.878974649869846,0.003340384789396561,133.42104355042449,1.1996143892285294,4,1,97.66198296437621,0
79.53065296525003,76.89559749008998,98.01936842249106,97,19.524007575773428,267.5809452988973,0.5150493067574368,1.8286064900209205,65.63191003314107,58,13,52.138960940929095,1
25.439577656587566,24.432674489600856,57.99082742936628,2,61.624757616443574,46.80801760617226,0.006461673388353517,190.24668028452442,1.8200629167364824,2,1,95.08396750452529,0
56.115068112741504,48.2851543487615,6.643798790668986,2,161.5300047528625,16.57419677165484,0.037769610558313384,144.0697672257307,1.8513303731888575,0,0,95.74031628237626,0
55.23441857543108,64.6273331552967,42.55842771305082,7,120.3619933431479,37.947429726068236,0.027073373647746812,104.48543875444615,2.2161066916456216,2,0,97.07618285842103,0
38.93697802804516,64.61252645922754,52.08354807505224,9,109.94366283476438,76.19111145848647,0.03169698587945648,60.31861009912673,8.761344695462133,0,0,96.8346613567287,0
40.554030280916955,36.26370030374386,31.563925130295083,8,128.7707860825626,7.32741147777605,0.019885655793773972,118.71470964967017,9.022523338979717,1,0,95.48448294426207,0
91.45746783353403,81.28490119749931,81.53483295157557,178,26.16959991216892,371.95284846801445,0.44320233381702984,1.2545049425450503,80.91537240038508,57,40,21.07722702572068,1
73.47977583965445,96.19013143404504,92.51976520719917,123,7.985255811614539,435.3912852334003,0.2838960530398177,21.224358296721462,36.945591421568466,76,27,87.88537370331296,1
90.55301578987871,79.4461605409329,98.68442792958908,74,17.55809128425494,261.9338752361625,0.4053829125038109,11.691355867233725,40.42534308979694,39,5,12.213936198105472,1
26.99215127885436,37.84996854898377,39.12906159724542,8,160.3743391574103,19.667110302547695,0.0032020246683333586,67.76662536548612,9.794475790282371,1,1,95.15005850461216,0
11.350130595128652,36.17683962108868,54.53692261834609,5,71.03013085946719,30.608494734656475,0.011220500796673777,46.02719674936593,5.655335511073658,2,1,95.23084666185669,0
13.45080122156305,25.59132071512751,51.21330358971376,6,131.43159207189694,75.22459828389148,0.00041021532233688767,64.59649398050688,2.4634322779581286,1,1,96.05092625705343,0
34.997577109241874,13.325510153220748,15.383790520236428,5,160.40226574944404,13.83849514062797,0.027774649092645588,130.7696010984218,4.4375699314268235,4,1,97.3008643246186,0
81.87495820200759,76.71537233096221,83.42647318225409,131,25.766981100298096,375.84871994438504,0.5393468352898073,8.08067117819255,12.717453419657865,68,11,19.113536787083245,1
30.67674622080382,46.98772300683939,5.860087147661523,1,194.9550326998402,53.863899740427605,0.045967998969873615,190.32090129090273,7.689528267435839,0,0,98.83170124451047,0
33.8249860218357,64.70260755610127,14.685491964845298,0,182.3344753764032,74.38241510620419,0.03341504103612766,108.3012899510655,2.941977742660713,4,0,97.43821987239667,0
57.59738208823298,33.34380115898169,22.967641049624216,0,138.86110032557295,73.58464239095392,0.03161650379869503,43.8429019776634,5.08321408346622,1,0,97.29842659991677,0
13.971364246655366,28.968021776164512,7.953001765081621,4,104.83668576073842,59.75173233753915,0.04229246844592373,52.258224457872515,9.475163385753824,4,1,99.77291321271622,0
40.2545630643558,49.68947302810144,17.296959594558217,7,157.1231572255484,61.711699639073565,8.490085436206885e-05,64.13884082953587,7.958860051156393,4,0,96.368860719329,0
33.79692515524401,42.03638301987892,15.535600125996204,3,196.19976682506947,4.7354375070190855,0.023019427012459567,107.60564679531578,1.7535753138201515,4,1,96.47141393156284,0
48.48205851610578,38.18267711490978,37.84507759767418,5,153.2217605772628,50.090112151861554,0.04811812328281315,191.7657745422662,7.574479804335782,4,0,95.86301155363053,0
65.38067810906024,74.80365900887851,90.45739994746931,147,27.921191986112603,115.92071960905344,0.5107266471599629,20.16819798482291,88.98526366555839,85,28,82.94284648073246,1
47.486611729709026,16.148406307900213,32.163373433539284,3,128.836418495536,37.03732807769858,0.00669583890397038,61.84773628569799,5.200855897229507,3,0,95.05103744499043,0
20.383012870630264,54.02519794081105,30.684690659774397,4,97.43112605657757,37.47015165274055,0.013080232947484106,117.05944049654713,4.9237026696495425,4,0,95.67410510257514,0
18.99988410807554,64.023896356058,6.67561628849006,7,131.73356087011635,1.7270450851948582,0.020281853452191047,135.35054925733,8.811758132993862,4,1,99.16291789604612,0
39.2043441069509,20.22912850516743,22.112127231385642,4,135.1657640826003,66.81652837631071,0.005670559400387837,126.04656392150761,8.295171687688686,4,1,95.32943505068951,0
80.01062868378332,84.5649584796758,87.89755576761114,104,29.649551385403967,387.32226302674627,0.6627376204089483,29.385937314708908,47.88562005291549,28,17,13.344089985431495,1
32.961770296342074,42.2692824962283,6.056222358053416,0,158.3829301872468,32.830519244298316,0.019482926103281673,52.59002713645149,5.720704781003638,4,0,99.32362688634576,0
56.59422299173405,41.26040409805824,21.703470737644093,3,113.84511263932077,11.04111447971083,0.001018356465701037,81.62862304179001,6.87993644168548,0,0,96.2878545239997,0
13.898147218912314,69.65080635957125,10.489297887722156,8,173.75641910496705,3.3085280931469043,0.007960343522227076,43.643151376173144,7.530287284276747,0,1,97.62384652727874,0
92.53159151784081,92.01420219090828,87.72810581518205,127,10.156787006358858,487.7443862950848,0.20889811219258636,27.840557043698052,26.549994888951865,84,38,41.68969248244906,1
50.498601299113034,54.31277396628408,28.736294747730827,0,138.83955642248867,3.146155994195832,0.00582196883865807,96.39836490126808,9.614577492414934,2,1,99.56305914802749,0
43.577334239459574,63.84730185686876,52.43454841425918,0,160.91507069485002,18.905344072892714,0.013818898092457838,94.43727767541267,9.453384174175403,0,0,97.31404322080989,0
80.14688945467732,72.7761956269843,90.03020786900683,67,27.919159501647098,389.6464964841694,0.23970230722141167,10.377876034812791,70.7954105768141,47,20,28.214583115566086,1
32.124820187047305,33.38051039288667,53.72706507002553,8,166.0547829501885,24.217209864477038,0.004114589039587425,127.14737255405515,3.983150087738804,2,1,96.66358378386082,0
30.17836484350866,16.118217547588216,13.108692735821602,2,93.41353841235093,33.29742112411406,0.017143981604355648,132.96352456989257,8.046690369124926,3,0,99.05139514219822,0
32.49643440408019,18.656780445349245,35.653773926203634,1,126.74680178809373,58.73267732018011,0.046649602811675316,40.40467806605189,0.8106918050466083,1,1,96.4897767535997,0
57.42674028325638,48.81030253001073,40.408217311575264,1,81.2118760987077,14.79724983623442,0.012416235730405185,144.1568438579742,6.732063301914563,2,0,98.89340934363338,0
49.42011790088676,67.5933769832784,55.14162374063638,7,79.83088589581166,15.024982268849081,0.004722161025480865,166.1508259528257,0.5123102760402587,3,0,95.26120407079247,0
50.927549402477155,50.5754379613106,55.03479860076088,6,65.14498883438405,37.04477388019077,0.013693164222134475,105.9603342721058,9.585698477354,2,1,98.1844438862662,0
80.6358781780036,84.70407399308209,84.00227401757203,63,6.390062409246155,402.0411662128332,0.1708265847442038,21.3621714098638,27.834788356440125,10,5,49.27154283259688,1
57.311222661465116,11.38571657284606,31.041099193414706,7,74.44367447666059,58.34738711879265,0.043439844795000834,79.54182229015139,4.582359033508911,1,1,97.53348764470113,0
24.791260898325792,37.24234911422662,17.913852454065534,8,181.85620033067133,33.7540640279868,0.047860582671084166,188.14473190240906,3.1288543480948494,0,0,95.57363384125274,0
81.4863999688018,82.11556222989313,90.03255573400884,41,12.864459128104913,397.2847720438681,0.09295269939513436,2.8771562191038016,57.66474499874766,90,5,47.577680661025425,1
20.10892433054802,54.10556486255903,8.80187080948481,3,70.98506105174306,52.10403449778797,0.03987791224101758,108.41037539005751,2.3949233508991052,1,1,97.8328900932644,0
91.74283718507928,89.83087447005425,93.5439036745403,60,26.62894790898188,110.39653169417848,0.7019255729557126,13.778435059572754,99.47963231155614,30,44,63.558277368081136,1
23.4771215702384,61.360606193079825,51.06201303741528,5,84.54941558491275,29.209682114958564,0.04646547691913129,117.83667794492665,0.8497044583784386,1,1,98.95437013666117,0
53.19797024555984,40.74717786200942,50.863166792138635,9,135.33073464647728,44.42955415445037,0.028746679543176775,96.12220718059739,9.460869684541581,2,0,96.1831388463653,0
94.35827499808633,88.08712478611679,81.52419697062689,37,17.65541948310052,408.89200700815945,0.6330827123963679,28.913237287397603,38.40310777439102,68,34,38.03186388596791,1
14.648966423787783,22.125616470821406,23.144272069734562,0,191.74446892348968,55.13398020556672,0.03308375970737237,59.899988826670224,2.404472728918965,1,0,96.9731549847772,0
27.147094391361485,46.29086028910769,22.681790809676503,6,62.120426982598126,78.61474978158115,0.04118163774228224,166.9173590320416,3.1087727823038347,1,0,97.00486505280244,0
57.07097092216621,47.22069694905007,37.392827218824834,7,126.18688147871217,53.003088661767435,0.03208942316351628,153.02121818556546,7.208623067531148,0,0,98.57488578513542,0
64.50411798303794,73.2783336664721,93.15703128734658,34,4.077750490390232,388.69804249717237,0.5944981111276385,14.029134810064578,52.2662246498901,19,5,2.3630271745416698,1
97.67846602638487,79.37290361128045,91.03973070041377,81,3.203724236937507,126.12334276161518,0.669305153305351,10.614860607016054,25.860151273470976,47,28,78.07715680046203,1
99.75461428314499,92.21680203551173,97.4078952312482,181,4.024564403682804,257.00986680526114,0.6913797374509006,11.057668473490457,61.200347139049384,87,25,68.55606287510729,1
87.38132782828029,83.49143972353781,98.72983363205226,131,12.808837840876622,377.3903527702459,0.7756471969180531,4.993448911700745,51.905418259398104,74,48,89.35026777584466,1
33.46413214428466,56.119986966587284,34.994431411775594,3,191.05984634361832,10.719096397387778,0.042346110057365265,180.73472315179802,5.0035453815108175,4,0,97.87690257309964,0
30.988997583549782,32.335372205821685,45.661310784545975,4,187.99051532923704,30.16746858596498,0.03032611341859101,110.34146112279375,4.930698418188307,2,0,95.55835990982257,0
92.04949172396095,77.56383098299784,95.0799523352723,184,15.039808137519048,386.945653816725,0.6500829519847909,17.281971388013172,64.24353054132214,43,40,89.47593185259805,1
81.43220602035095,83.47921343797482,80.09657205011871,198,25.183696174074694,316.0325827200269,0.6467350165924975,25.869626950695622,99.54230889595566,26,7,79.44516048064114,1
68.66626402901741,75.59166195393786,93.9642037779531,151,1.0593180890937046,128.334643473754,0.5882527644792925,4.769382864111745,48.64021335737306,32,14,11.850840978979978,1
81.50121537547834,89.4567617774154,92.36011471602583,60,28.90614253179002,242.99465827601324,0.1679118759411964,11.45752210562719,60.67807343222861,86,13,11.72668798792563,1
96.25844492534995,93.54157685114342,99.53732009714915,194,6.782144443093607,436.8951765445925,0.7502417200017184,4.991156828736866,22.068477547451906,21,44,5.117802614821054,1
51.92446930179943,62.158338844043804,47.29531077958257,8,52.80709647985597,2.872516135746051,0.0005516541089621907,144.56461161681233,1.8760089205330865,2,1,95.6844236702343,0
37.25238602886651,31.114791470480228,38.62195227930937,3,142.550375763766,32.97281145196586,0.005023240778642613,170.1685411618671,3.2746603055572887,1,1,95.09085831818494,0
61.10503734976336,92.43000224616004,97.60949530705837,136,15.245981515274417,372.87717975026,0.24834768456052442,12.092972966535754,52.355602591273296,84,39,79.31633276250803,1
33.72892657568843,39.55700289561257,6.266087447772736,6,172.45676934979429,2.1465363699247053,0.02135643476233519,197.19177871712932,6.344478650344804,3,0,97.75734806174897,0
55.843824550003816,51.02113092660164,5.61582557454053,1,187.99471674971699,32.179643370572165,0.04090775589822385,89.02390649337293,3.621833867036898,0,1,96.40709688568533,0
9.947793444393689,47.10262876155243,33.98493689884248,1,198.29479611090173,3.1869877856380313,0.023587452156694097,138.68265760754974,6.746671398552913,0,0,98.67565011662171,0
99.36809250084521,76.00003710831355,97.66602073823253,134,3.600136905738176,437.22182765695896,0.6488115495376794,28.824483884879715,65.80027866785434,87,9,0.6382907635410573,1
81.40977215944034,79.26795439030695,99.96312112859675,154,11.123278774195448,303.3786713066506,0.5053146408310915,21.064222214569853,38.308972702541055,61,19,5.931073093838378,1
80.74614824254327,75.9067732560842,81.83656330543208,119,25.28010531847989,432.3640272672432,0.32133353276214466,12.679311534459183,55.596198422307445,50,23,50.94708423620182,1
21.90252712127158,29.128532425568984,32.51678326760941,9,145.03085411125255,23.591025419293995,0.04430830149100733,188.2163751622663,3.9358718813587688,2,0,96.92078218315542,0
57.56974550309694,32.133462686465904,32.21311514017728,0,191.5821025673552,77.11340743411874,0.04944270226323373,130.499634156741,8.119568771854862,1,1,99.37552626379606,0
18.816615329903904,22.686418386774292,45.85244799259105,8,83.69405255727082,73.00039691886074,0.04067332814860592,166.7469208525801,1.7180412761422803,1,0,99.0131225717381,0
8.836298322334017,23.854213939209327,18.290477639155366,0,65.7851089114992,40.050572664392284,0.024223454871347996,59.862522687882134,4.1993695483475815,4,0,99.72295004497433,0
80.05033778100906,87.54939317780489,95.26494164208874,142,8.261729723569148,368.882154716634,0.46953032993674954,3.6955877927220944,50.73996521408592,80,39,19.167206353622227,1
52.611772250631,47.87471166593271,9.226479284479005,4,158.13980828858894,38.720069026857715,0.03748204458548695,176.81321755623827,3.7985899879924503,0,1,95.81683735826087,0
58.11458098667256,56.19819770077145,19.90176822018998,7,142.52377902401332,66.07691319849792,0.042433628017711916,141.98786557970521,9.390099637576947,4,1,96.77028572444385,0
16.639416614444205,52.7812926244633,8.716551520892699,6,73.48756900842392,76.22109610525882,0.017403179167579812,185.73364587504233,7.095171191898975,3,1,98.07526762974007,0
29.393163509657295,50.38013829135752,30.798174041782733,2,59.36297140246918,26.19021738888427,0.00031703470832508684,133.456190435672,1.5944721448271926,4,0,99.83614113638967,0
20.709322010477813,66.38134551708129,40.222515270651066,7,196.0193413993098,76.85181079387885,0.0030329170009464504,171.83545902308177,1.8594234751910288,3,1,95.02602896921081,0
6.952858305433202,42.689255508081786,30.84561699477008,0,107.89435002948284,7.279134458703987,0.020058988480884717,185.40747135108842,7.516211341641219,0,0,95.01304889874696,0
97.60395663666625,89.73726660700635,99.78240972839332,199,19.02184289086914,117.64061741762275,0.05506220013750103,3.5830896484827868,90.75299218987725,60,42,3.83348805409375,1
23.58245743778143,16.339351392125856,50.85500473878706,5,140.05657930367732,38.240295994646274,0.020948627091812534,89.46459430242786,5.104566387003715,2,1,96.87561264566135,0
46.55671524801605,52.795290043095385,55.09337450990307,8,90.3646940035899,57.04989039254309,0.04649662786054806,94.7632697546156,5.492599620621372,1,1,97.22337221825451,0
25.841079883564664,68.77935917909076,35.16659200335695,4,131.2984445445027,4.663224059474421,0.0043673590556827235,197.40543588898734,2.14572266523662,4,1,98.69481668896555,0
31.168935979286704,20.354562010576803,55.32727476311784,2,92.21396178065879,55.10178624685757,0.0067456794055115515,159.87215721101202,0.07283522491039696,0,1,96.77939338050565,0
43.93583371056221,36.528545104229124,56.79344989198924,7,155.2874403601661,39.09308088231127,0.019181150045528714,74.83307204876536,8.62201702375865,3,1,95.68392865213772,0
7.0738553018820305,56.91516751915791,43.34117767212969,4,69.21273200329088,54.41543685994569,0.011800381218221391,49.37879063955735,1.6957088400546527,0,0,96.15534489273645,0
33.10679836610272,46.59131473519302,5.58960025499662,0,63.18846723717948,22.764885316191055,0.047254840999778176,101.68944981043104,8.561541649065774,0,1,97.5591606061859,0
48.057646317605155,52.78715743088363,18.11608209693673,0,195.38280315170255,17.229310921650125,0.006497041372497042,52.046293975922886,2.7245834449540562,2,0,95.47718960553667,0
34.91354786363915,50.079272579707954,32.18503354468109,1,178.63586533518878,59.62624534926232,0.04029425883274698,163.2612185990132,1.877565036382901,2,0,99.2215970929884,0
27.268328944702688,11.208415772531431,18.145115264657647,2,171.622677756372,55.02528016598912,0.03142261018509417,149.48346507683146,5.579337368593355,2,0,96.87007705564864,0
84.99206114388896,73.6069304639588,85.55183206269214,127,24.68946289266487,492.2968536807155,0.6145423313961713,18.320164518998126,67.77304729306354,20,26,55.658591671795584,1
5.3737890360304235,37.037105151814984,27.6732376777348,1,166.3217884386225,14.166247910792192,0.01858745499087644,119.60925431633899,1.036924156600909,4,0,99.45582992717233,0
47.20701467525459,13.945099266217758,17.120570529698462,3,57.839340270147936,27.260590974318408,0.000336974894064801,106.6301227383093,6.992031498923314,3,0,95.20851318388058,0
18.211821004752544,34.73115420603794,48.43261761644097,9,52.65455922056192,35.351541125316295,0.04224422909047613,166.99267767860772,7.1452706217974695,4,0,97.44209974417812,0
95.46974429608174,79.70303570716523,85.70902569888652,109,28.663530282070994,484.59758212313506,0.569229008085097,29.910785930095727,73.06694135142025,24,34,71.58002829747674,1
9.594043467838189,36.23253520875286,52.171364558287436,1,67.39343785396298,64.144348873642,0.012540482099365941,142.44250836775694,2.4631721630031,2,0,99.6362073142822,0
57.603422752990944,61.93446262572637,36.33522381192685,4,106.54265621949136,11.46038532676514,0.005845185313562706,103.99390915522103,9.290276503568425,4,1,99.57464113776471,0
22.024541022830586,61.728724150589066,19.607172234864553,2,163.99922958727961,63.23575442165484,0.02597374670890891,67.8626576141142,0.22359078928416043,4,1,98.93090745393536,0
58.32179426214459,42.47765943791504,59.9024911278864,6,121.31712243679948,19.28067447685815,0.030387397498187137,42.93123698221432,5.879159450638963,3,0,97.86343171230631,0
83.43199147805998,76.28599821012972,85.19120879418847,30,13.981257073828276,467.77387628243497,0.5972278469923089,5.705715302642883,41.99210173361777,63,20,0.04668536628742448,1
64.98614325528862,94.44617306773519,96.64578127704834,139,14.064505684695693,164.42285173600996,0.3330939690848825,17.08797878659715,11.533915249688189,98,13,60.54130151598253,1
73.82945376841332,87.43330973641733,98.23766856646427,95,20.07175445244685,244.69297709179236,0.26285320333712126,25.558989577434797,37.249427641405894,38,17,45.69327801000307,1
17.069200718727775,55.756691033120134,53.59170477148735,1,58.346130543313244,32.01237692830935,0.001981218126156642,123.84615452131857,1.923539639705254,3,0,99.97367709994974,0
6.255757534958352,17.19134032583817,27.293705310921258,9,90.64634846375304,13.011988464024556,0.03175947373808218,89.8142343361499,3.2034538222891595,3,0,95.90670706838578,0
24.97149898753914,46.896288548977495,14.92337573455766,5,130.14040263016776,40.03980431216583,0.03988497906714332,176.25528990144255,4.670637912206629,4,0,98.65788354240972,0
94.85860158856173,92.94684445879395,83.3352794911463,120,16.9311755399213,246.34192760263372,0.413520631404703,13.288807003090893,87.62894890653078,13,47,39.00387605769497,1
91.89996441054703,84.32573110670246,99.4934638309712,199,26.448922720569545,375.95569632813545,0.13573603086537162,21.10410584616298,65.18042613947772,77,37,68.66544444539052,1
68.01314283694592,73.16641189583339,91.35551572066518,111,14.226006065276419,475.49687628921487,0.577797328547587,1.4337749154477728,56.32234498788236,36,36,72.97618922222718,1
8.851537560949318,31.122978261896908,23.225628361120542,4,64.14378508796257,11.993669411063296,0.01944097980975383,196.47846820259315,3.489093626717179,4,1,96.73340371462638,0
32.64775856012507,57.64848720599749,33.69555783242393,4,99.84646630975075,55.50370042738274,0.02657059385334475,49.76417188805242,5.684621139267236,1,1,96.59557178990444,0
29.759855131961395,57.076554343683554,29.602839984330995,4,71.22142300386795,4.697442433044477,0.018566016236409143,188.5935713440318,1.7506903263416185,3,0,98.36465671126763,0
57.31050825678146,11.747956337919996,37.60395747704415,4,174.55617046779088,13.170152124413743,0.022743723708217634,82.4836351645181,9.647685071845501,2,0,99.05280921600789,0
73.68642611297909,79.5954062202489,81.53407233454784,137,11.447774037457211,248.40041696972955,0.5961984810920379,2.9793392853758114,41.68084173965727,50,40,80.40725507942891,1
90.37739880133823,98.79982379366373,83.45302636559133,56,29.041115374686118,484.0308452869109,0.49448500382776756,12.905178058949168,30.89101453341697,57,43,66.02361976443414,1
99.60111890147137,96.5629566329443,83.83339173001258,57,27.47861515561693,305.7775333633266,0.11108563518372004,1.6073207450745854,21.86211614467087,94,8,72.21340010365805,1
26.066802005954596,32.34601105732731,59.840796524279696,1,140.45615527462948,61.99367313552361,0.04512455217686903,165.3680567403404,9.860857121334138,0,0,97.58249547483464,0
50.04824317600943,49.69873218831325,59.94941717601966,6,77.53483364416586,55.0671392581039,0.04623069010457667,159.6357693390579,0.6958096954271353,2,1,95.79861657707251,0
82.68011992891685,88.23280669053375,84.54088006309811,163,27.772979552088188,271.7559045597069,0.4336182945650121,10.866813763289532,99.52743974060837,39,44,18.24062861237511,1
32.92670575355309,22.200827860377764,20.033825517307875,4,111.31776770062251,28.342093443557626,0.0001329857255622735,115.23674409921503,0.8074591262100828,2,1,99.34127805776285,0
46.1682729279959,32.49984075417662,18.97324809738427,0,87.73154770364457,71.86231618674685,0.03785398384184666,76.23181805082923,2.6733910343850456,1,0,95.47526446704401,0
13.979118981318909,24.741695808307213,33.20872491831119,1,56.32368511938475,79.5349139713831,0.04122588387744311,113.75667953140145,0.9367279467452527,2,1,95.19448076978215,0
43.92148337425489,40.801569533239984,6.686071470828559,6,140.99131119135131,21.11255746915359,0.015105319452109162,182.67991119207733,9.060885109472864,3,1,95.97902874218018,0
90.64627593939764,82.06797290192436,99.3593972647484,163,3.0312840396367555,124.57949506684668,0.6458781394828388,11.839538500320401,80.38246724639527,27,6,6.758348268581102,1
20.889910032589174,61.95474227555952,10.014759737607626,1,96.68429721129368,70.47033972626247,0.029678842620356145,195.39408687040094,0.3533630222521167,0,1,96.05184779153079,0
40.318718763000774,47.8387255667368,23.232371437249828,3,96.34257639395632,5.69028254577888,0.031745381244237744,96.33856554277351,7.734184647837137,2,1,97.65455361529229,0
58.543753228841275,50.07136773816487,49.50799720231466,0,114.41933439599487,77.29133344295279,0.017530066354851073,62.79920392567591,0.796776067524001,0,0,97.99574465364779,0
82.49612842635143,79.5079519525611,81.29762459817003,165,12.361528211914946,267.39888875166685,0.7575830903737891,9.711465349590922,17.94774517370945,16,45,26.810026225985084,1
6.2029161557530115,68.92325535220367,59.45293111755542,2,51.33446291587761,7.292759825452863,0.031080220359562302,67.98231672938141,8.214380373359765,0,0,99.30295534584324,0
89.05231674359239,71.10410171525018,86.41720772410466,182,2.133028485870442,345.09353023711395,0.6566682251399079,5.88651626782706,71.00425787352765,21,44,71.40280421320028,1
40.56024115643122,33.856304831956336,10.161998631047961,4,89.23038032186756,40.90939375699684,0.022880538717273413,191.3324156435571,5.0710536928593655,2,1,96.30147001860004,0
75.81509270552178,72.25394687692454,93.96435497830322,173,1.9409127999936318,80.42279304074128,0.42153902441995905,14.860064529961017,42.216619077275894,46,13,36.64310448918441,1
19.973992714527405,50.42036133006239,13.875587143691794,5,60.47121656872804,14.895514317642704,0.019557211681900135,119.92266708331621,1.8906142832590012,4,0,98.61004323055643,0
92.54172309535335,84.5341490176205,93.8630522755721,100,7.431148596223458,434.1308122142609,0.16224215488347266,27.577103245662236,93.95443644985542,44,32,32.07516928833109,1
43.454493826732126,39.52608460318646,6.292317683147405,4,134.80602694982196,70.99300900984218,0.0038438712058354477,179.19829420609761,9.944285260075077,0,0,96.95531259413023,0
48.413851130396345,36.599442399062056,28.65179667240178,1,124.07260285592449,36.070691798531705,0.005289778568582277,69.18570096103126,5.8892540225299665,4,0,97.12009646592985,0
48.43143454261664,15.703207836204918,28.97624651603832,4,121.1303426687981,24.609383080569632,0.015618192617373156,144.43886568453863,4.420658895883053,3,0,97.25869013742522,0
86.73183990831666,75.94824921759701,95.94136752613746,76,6.3217739333955585,302.01404818075895,0.5372473589562371,24.169989776556605,63.94450820551927,53,23,6.4624965887835915,1
48.23579491611177,52.3576602094775,32.86203499169878,8,65.4985826114874,48.64219424877582,0.0003283374556326324,70.89413646280191,8.26473625857025,2,0,99.73297711438423,0
37.06758248366039,62.65441952006753,56.056016786448005,8,160.309832959503,48.60764688124896,0.0215293488410772,161.41857449003174,5.526855221378498,0,0,95.86901623384705,0
28.977992431532154,15.3988299257108,14.948671717117431,6,86.69918964403595,74.90944255794325,0.013728491290826223,176.94040366130048,0.9426318976309933,3,1,97.84395072327773,0
28.792607835725885,47.06686815321452,55.901036798234,8,65.79984580592834,25.901664817585484,0.0337574838526265,50.92737979299996,8.393594662235033,4,0,95.89874931572362,0
40.37255943154757,45.002144000464774,58.86703626402081,1,62.3324657685226,24.36174262479165,0.04908151205503435,98.26476731568208,4.666631827509981,3,1,98.03672025737296,0
47.13026386163563,38.53819202833131,7.8931242248692755,9,101.61651936366317,43.62139036453526,0.019973197540010347,161.02189398899293,5.69529014268694,1,0,98.9316779142985,0
43.64485588247347,39.84024421664695,52.154818725576945,0,74.59126340009945,57.50012780444135,0.033983718294600306,190.90838253229091,3.7078945261967036,0,0,99.8540034766163,0
40.917498310919484,28.02120856263597,14.478032325860681,1,178.2666064041112,22.01803340097557,0.03460543953898257,193.53170402181496,2.6332488805047505,1,1,99.79201531327804,0
97.65843302838559,91.55589023658389,96.48164022096887,95,19.449888481467628,472.0526731511921,0.4365857418557317,20.105741620712184,96.58863669949122,24,15,45.19901441389597,1
33.239595938411064,37.02018342965,37.91946131234612,9,56.30572765685291,78.90739842099838,0.03138809506234862,120.90343651772264,9.833989245562769,0,1,99.31620077730689,0
90.41711838903956,76.65046659528382,91.59866129205528,185,24.555924708016658,334.85621122550526,0.10967792729605864,22.020190948017138,99.96069631758543,17,34,61.455680521837216,1
18.25383595747504,20.335443745866115,9.653755974338853,2,168.73886983610498,5.275720919516249,0.034664654072379446,52.031583174267304,5.558601067543686,4,0,99.11639680115782,0
44.1417608780124,56.431634095807034,15.309348582519258,4,72.86473158480526,45.659874696520646,0.04645950716494478,110.92584182851661,1.6805771775148837,1,1,96.85721170007781,0
48.758896628238354,25.63825277299304,48.80670191637267,6,131.52384193198048,67.41670043746214,0.0496915130517508,167.04244178657834,6.062845703702992,3,1,96.78459469302014,0
54.70100833656477,39.179975593889125,52.63294003630121,4,118.18985771438143,71.62409444221177,0.0027658188759609238,80.42720236152343,6.098404388992816,4,0,97.24686874767292,0
30.219494928173635,68.4050503891268,46.32044168708068,6,138.20359680555657,42.86606734806972,0.038753319772600506,88.81644417610335,7.930116066885528,0,0,97.41377773865965,0
81.34532985308695,76.6711048086708,95.4749312999628,156,16.984913183766565,154.71505116520422,0.26823218305399105,14.02092428531298,40.2671384045494,16,49,52.488156288328454,1
9.048311518163853,68.40555812627913,26.43561120842245,1,65.464703588105,14.627583253313482,0.041941861760895066,63.80095258077,8.875268253569327,3,1,98.45655588420891,0
45.96102335844396,18.87493618086839,38.22306859430254,7,182.95122268871947,17.16689073999243,0.003972058817443047,143.3417053833044,3.481302374326394,3,1,99.09821182865308,0
99.78340266407753,74.76189281243825,87.90272583732157,114,13.123919017769555,213.7866894933422,0.6299143827700384,15.567377011857332,15.80551085538993,47,6,36.29914867631473,1
99.95730972040116,75.15583313014417,98.59477034640342,153,22.74108557082484,91.33052707516545,0.3470582124182939,28.21430630120572,32.13529166795658,73,19,72.02685222153427,1
45.82759583561343,10.869552289310242,8.163285045583738,7,138.2786063647251,62.23005330122288,0.04103058193502242,179.69291290951566,2.3785644218194157,1,1,99.50833063146474,0
42.451020283488745,61.92696547175137,8.570634449099796,4,153.40246717652093,56.17308857504757,0.03304257466912441,70.62191597116701,9.114895469288275,0,1,99.56702856683413,0
21.488930800434225,65.24559456546113,49.209831784943894,0,121.18459042090836,76.40139428708753,0.022620522153670115,97.28856483019014,2.527907793115154,0,1,98.90857590148075,0
25.295823660087596,40.602398389502085,31.935009072442508,9,184.33808130388894,16.392697131286692,0.028668358892411518,68.85129799476084,3.4656293708719854,4,0,97.69591364064935,0
19.897198734032386,67.06851087147456,18.494453290900335,9,80.33867513377305,2.5561758190636814,0.01624447136522028,87.99321244963808,5.24072614894854,1,1,96.30283848873871,0
61.39483808824375,71.8389359434394,93.30912686488448,87,24.04586173874029,138.31344522872124,0.5044277300545966,19.512589946072012,95.22786907778024,96,41,62.23166089929182,1
90.86609799643179,88.93918940621921,94.32736134246542,102,14.451440340675807,285.11004705760627,0.30182467228242155,14.772403145387022,79.3201035525244,49,14,55.91512513006532,1
99.20675520929832,77.08362438297216,83.50476194298172,41,11.02123614328394,363.48648657208156,0.4278363401124175,11.976367451231928,80.43472454023296,92,44,25.45410625364709,1
23.867227997428802,68.06307277022138,48.13362222002959,2,122.9395604784379,59.620411265453896,0.006866495806759277,187.17524986148047,4.624077865352153,2,0,97.09325510726266,0
29.295140450172834,43.05300357547628,47.3871704445993,6,177.18846216266962,11.089411965756405,0.00697575478902674,67.30280101224383,4.4014507356085115,3,0,97.30652866360175,0
20.717944826287813,43.71613253678975,48.883093672320726,5,51.45568426920998,78.15167290749719,0.010690778865101109,184.34871070587423,9.754793918575436,3,0,95.99892428483666,0
34.473401247816,57.98270142794239,46.28492184066935,3,195.48515409747924,24.60316256457288,0.007485797263973948,139.97313062362096,5.328708108212453,2,0,98.64263972179214,0
60.81288813807146,71.8110596396525,91.21576969005379,151,19.90787132960584,110.8953459140029,0.3113317387280216,3.8155678646505655,21.527235062884742,24,21,61.61456792974101,1
10.404531490659249,65.14125156235255,13.580797978654982,9,123.64070878472701,28.955196549854403,0.026458703501113068,80.32746029950667,2.626038642823443,1,0,97.86936471452859,0
33.860546214732665,13.047749643425446,58.30871721341075,0,89.9332361575716,66.0579695408781,0.023205187239415427,112.57970675068549,7.469482630146195,3,1,96.17743052396995,0
10.289559359665596,27.78833349617483,59.31844853164422,1,85.0519626232898,55.18407732809054,0.014438754315939696,120.82947735209687,8.869076813496426,2,0,97.73940633076074,0
37.15205892891246,67.54321447648805,59.74743864242293,3,125.90135248263432,30.89654790631325,0.027663001860528703,84.87104116616436,1.6809986300898117,4,1,96.0018592458201,0
56.28428821977809,22.146270406160124,37.935296550445614,4,57.0608202958863,63.25991773209139,0.025658610904805215,54.45241466287886,6.417138386167918,2,1,99.64279251038734,0
23.223539787237062,27.72241540451476,37.30732106881573,3,81.08994586282316,1.4391249941397686,0.023750879966812397,140.25372262208703,3.1049904377604443,1,1,99.20472068878767,0
61.77085372193945,98.93345898319207,82.1802179142849,79,5.285445169975187,274.11699116124,0.23476155079532568,15.743956520640955,77.05094218532724,57,20,84.68336547971774,1
24.28637932826654,42.71498693217795,33.29762854038678,5,70.59955892656887,1.8661896893846324,0.04343798428646305,124.92195064445683,3.565384576570282,1,0,99.3342749192827,0
45.2170774585723,42.24724156762397,49.87720977344499,7,68.42398338839058,4.2369866161635645,0.04793647783974056,92.75423135020733,9.096521274089952,4,0,98.29890713375575,0
58.0229890482106,10.175739467116447,23.62393444961297,5,163.92839167998568,47.59332389535964,0.02723690603529463,86.65090838823026,3.4702339279949843,3,0,99.8376740939574,0
12.825068222077103,15.616298496269177,47.3962050862532,5,177.12105902003003,43.99649034642308,0.0166748645316984,116.46073479548673,7.642909085431626,0,1,96.90897640825257,0
27.597651648144655,36.75793396384978,27.61909162770385,1,50.29583456254014,11.682446753977862,0.023017769183561035,62.307741544979876,4.453113120258293,3,0,96.92068941916277,0
58.89924110499598,32.79254963127267,19.96360823215386,9,79.05991201889412,1.64575841690172,0.02822729893341437,128.24947226934296,9.234516106111421,2,0,97.52631266275414,0
14.657547461263432,58.27579712762937,25.2065865206244,8,125.00955987816853,45.24126669943579,0.01840684938703593,74.58882840673294,7.5553328540285145,4,1,97.32542111538753,0
22.131459239989255,12.751828458032906,32.437153073019346,5,175.353019635829,63.94429474537454,0.03192465075511115,173.289291513532,6.008879688434057,3,1,99.17022998773488,0
70.55237169595293,92.65394467088163,94.85485168493226,32,29.86309683046902,226.6446832784419,0.7463091712248424,18.301872843208034,66.52223094523315,68,42,22.460555378772817,1
8.252698642131733,13.280190307821227,19.86808177771763,4,118.35229434973122,76.04329291461923,0.031753664581098615,115.28062496426544,2.062958568998865,2,1,95.28919907842135,0
22.101427169201607,37.600697418089496,5.205785134694533,5,58.014249494468814,42.03428973241773,0.001846091423209001,147.67640528822068,5.976867199573057,3,1,96.24480057094847,0
9.840412559677077,35.23431128653307,10.786468112130617,9,76.12498772369895,24.81957485002613,0.011496442283220288,164.56274278701835,0.725851202171619,4,0,99.41738388085295,0
16.024186031757978,16.672227846779037,35.94081715100386,5,135.23411129223143,71.03414789914702,0.04729646846615498,139.4972670355751,4.191628950142786,2,0,98.21266197675178,0
8.3929651022631,67.76495016579936,23.957751542989698,6,65.07636088605189,17.49136827604661,0.008138230549352726,44.988164479294795,4.432302373289093,4,0,98.54676143897615,0
87.358239710387,91.29299236926522,85.51947278064003,58,3.723358507166733,107.13389491075792,0.15686299756251482,11.768603431548145,24.520410156983147,94,27,11.79294936024522,1
56.280756320070026,32.331912132190524,37.715341969770556,9,176.04629924140306,66.93791260001478,0.02892515466396732,116.70009195002322,0.9174811542214301,2,1,99.59081499433714,0
96.00480480313495,70.52243555057305,98.60973678268311,47,19.11383947389664,422.740475918443,0.461588904361246,19.398620067513324,70.058285065564,71,36,86.06331961054583,1
87.28305549669545,78.76041751940203,93.18743751934211,182,6.270812694502916,146.96746368738627,0.6527617659967491,26.92509210626296,45.165912769433135,36,23,62.023726074147056,1
24.54620870995176,61.276074944785535,46.89966752394836,0,142.28476926476736,58.42763719269229,0.03604601363374415,71.26658354685262,0.9011371370709687,0,1,96.0534830198356,0
25.291088390728092,66.18320929737447,55.886253059922076,5,109.96851148613982,10.243137149965097,0.04573616670526058,70.79126878101061,1.0594762393106727,4,1,98.21688805212189,0
7.89837299262139,46.35366606303625,55.193311539520344,2,195.63626804736586,60.72755263274009,0.009629920567394102,79.03902945028817,8.249756197721275,3,1,99.51306244357436,0
82.84211031773656,92.16766425098508,80.07061124340903,188,14.19750009491828,431.6995024640998,0.7374011446601486,1.2568893696921126,68.32481587790912,15,40,51.31475836535506,1
8.602804813599477,52.19146399800792,47.99369364350296,2,89.45917268423887,39.960292874173774,0.019576224223046335,116.64329488545229,0.2928823900147326,0,0,95.58056475911164,0
56.51349243803872,28.25494141897451,8.301805178111572,9,60.20475943597414,9.774930349732983,0.008570648352564514,84.16238051950224,1.3843979664595463,3,1,99.55106635476497,0
13.276154422555365,32.31740095098593,16.231755177827175,8,172.98957264846777,12.035590829125457,0.018815561944580107,92.2946240735923,3.2479292795045147,1,0,99.62775014255894,0
43.02362913283292,25.77397576785112,49.865542707091016,7,152.5524363643072,74.32992261120289,0.039802016813982516,170.2897057670986,7.086287363027946,0,1,96.67603461010775,0
25.085952840702834,12.378826222474048,9.031329830730467,4,170.9487210496405,40.890978791659975,0.044137000376940454,110.10317162962312,0.5011016277777391,1,0,98.91633657755214,0
37.17280533366829,24.818230856461927,29.995530162669176,2,193.28965084758286,53.86294220167845,0.040545225777100104,86.15357321890502,1.730846659466131,4,0,95.85539711598786,0
52.072454604182965,24.090640211340148,30.113538159880978,9,51.74573697959154,56.50996454653516,0.029286824460041667,164.61864709260524,2.633457662760186,0,0,98.3315308521857,0
20.12035325296761,19.995129680270747,32.515496231198824,4,134.27996254720043,24.7800105675372,0.02907740422004312,77.63630763583281,8.682146138327116,0,0,96.47972200275338,0
59.27591149448723,25.36359468550387,50.614662767910694,6,183.2640690231526,64.47007942769,0.04322890751912949,144.0664135290845,2.8492094888498363,1,0,99.38210291362972,0
56.95955117175177,69.76712488724458,17.15560715408126,3,128.50657447568,43.48016354641232,0.025060141503200947,140.01223238236554,6.0387257289750975,1,1,99.89034145291929,0
13.853423390405572,45.97935802724685,42.93371772814652,5,60.26203690776786,12.449846019159306,0.04296548225255403,79.58667078052484,2.8706789019959023,1,1,98.39817546702004,0
36.71584089901397,69.58146248784158,38.65061849381267,6,97.80684363468959,55.88968005752323,0.003300618376705311,159.64517219650475,4.998851135388942,1,0,99.37586346915063,0
80.58259222829976,78.74767760403334,92.20352386536686,106,29.268157995372924,261.74686181802673,0.20206028088544198,12.922135840417084,46.55487309655576,48,21,5.738810958984556,1
24.96713005297486,16.685714418739323,31.06015978015356,8,180.09019452871604,7.876130785942003,0.046724788412796786,133.26010871920946,5.9165458442229815,0,1,96.50601541867842,0
48.305842321410864,54.95830470203609,13.408386543896656,0,130.03614199270424,39.9891475008976,0.03641872830279302,72.94112645238135,8.940657074936368,4,0,95.67200854103042,0
29.098172752012868,45.9148955001657,11.540286397129671,4,167.7256382479236,36.077217872796226,0.04318577398772764,115.79994182611759,4.407419404207086,3,0,98.4543455319112,0
12.222796476924511,60.1579521569498,17.11173940547899,2,78.53943142793602,79.63275838824595,0.04116968749222471,90.02161598070344,6.31115100586523,3,0,96.49284430883861,0
12.438504731482391,13.174616102275946,12.494009015882735,6,199.27124590403756,56.57976050336593,0.010257529398813593,61.73852079131228,4.194728062765952,3,0,99.16342059708951,0
33.99356556245672,36.70359214404556,55.89376818303322,9,127.74570741027725,62.694894316664715,0.015859006948090976,47.49148312970904,6.257371133340324,2,0,97.17646249438407,0
95.08759511154662,86.95369261432688,87.94051621121083,183,25.75978572269986,384.97765312543544,0.4339597380913786,7.553247273315397,23.31340795242082,63,24,77.47420561548728,1
66.50065995400922,87.30351577329361,81.82849955714774,31,13.765770227242527,390.2670369330092,0.6551872767992433,2.002901035735023,77.900482414,22,35,16.42047849901175,1
21.11923821335969,52.61296685577952,26.80572743094687,7,88.69627053409232,7.8071366601753445,0.0264124251148256,63.92861550941092,4.207231289264936,1,1,96.38218562319845,0
25.173023335140456,15.62968921193126,45.88277788315513,8,179.15041717843897,78.09881312906703,0.04132282566196749,106.67833679102301,9.422063528920766,3,1,96.21705190268075,0
10.187466498905263,68.40952320548087,13.663809108869936,2,80.54983200832514,37.09914699416182,0.037657739980312466,47.03836448440146,1.8710736659369243,2,1,99.52623341798841,0
16.95847786217079,48.009570346215106,55.14491920398593,2,165.75190352287507,79.61702347774252,0.026700909257279644,88.41936431308243,4.629641241848974,0,0,98.1176034557937,0
79.92432121476666,79.28429731184198,85.92213655188303,58,2.0625634867055407,119.92086538584088,0.3064140556750032,21.764473774399768,33.251298481511824,92,40,35.38878778391816,1
49.70286248564633,46.16670412035999,7.698218684078539,1,60.59988334228749,48.186479762196235,0.015193928848170385,140.73162796393848,8.896491488899246,3,0,95.04987267477422,0
82.66544647993882,77.77001809251111,86.23236886181999,66,15.004828289635222,341.62774679265584,0.15369679547824705,23.759870619951652,54.10119126818545,70,44,6.566598334142942,1
21.098233903153425,27.38347390776229,10.87570309268743,1,124.12152977727011,5.927046174477145,0.03286698077680927,157.072317788665,7.160115633702306,3,0,95.59186680421915,0
51.754918127195964,31.568032820121697,8.261020098867798,0,179.15217285137044,6.333844381573014,0.030137778322020137,158.88003443456512,4.223751679171864,4,1,99.84255860929268,0
37.29228489174896,33.60194073814385,13.502536727011579,1,55.67146046987188,29.075654125608384,0.011533417152710834,186.14394660657356,7.173748741518783,4,1,95.8169876201648,0
43.29743944254877,55.95969241761494,21.251105527198742,2,102.81134507106867,73.90645904748285,0.04077617746472994,117.08518399767982,2.1972570581151416,2,1,97.15368911841549,0
64.22283199840747,98.26281043782276,92.60209392627655,173,21.063044210007412,370.7087578814727,0.2236647916661249,27.59273292876353,57.215776290363806,46,13,28.4196595122616,1
63.900162473502235,97.0914874263373,84.60282281339563,196,21.283436513375925,431.4312939136969,0.3268675037750582,23.85800180183558,22.655835378875786,54,6,8.752587531639373,1
81.1580414574286,77.32273056835939,89.78682900141096,190,20.250791375867166,138.51300646844822,0.7673175915434083,11.578342197313871,82.24224731677195,86,17,89.93475761311042,1
91.33871368742997,72.14248656678413,94.51322274423812,30,11.495599381037378,218.6895670606956,0.2168361648202795,17.96942776472706,43.9307998449196,53,21,61.5005410884196,1
46.23611213060106,17.66758309818139,27.376883966470725,8,165.86967673228122,39.205856304626096,0.04296740335861565,113.76952569201883,7.655805335421704,0,0,96.14997772061196,0
28.675052598150675,19.765125631582386,13.705966260017947,4,86.00329177445747,55.219027664341446,0.041862483985662585,119.75438019811726,9.575262267743504,0,1,97.00357970375455,0
15.049051182736497,65.36380549197813,21.478998652046073,2,167.5041831733584,5.557194989887124,0.018097149181626488,119.69605275081996,1.090632389405306,1,0,96.43843173127661,0
20.743013322969034,29.617430361079926,16.17509014563026,5,50.762528999587744,49.49632450660777,0.001344040763256349,127.4165370734168,0.3211655450848194,2,0,99.85895816394319,0
15.933218512136508,62.09316075227815,10.228232316849539,3,179.14987075297748,64.89310783695146,0.02856754509732755,44.74891727577468,3.625508540877602,1,0,95.87268483668764,0
59.77319970957394,15.792815788460778,40.394952788591844,3,158.96319789014694,1.7839903431755482,0.012031190173262896,162.01377367869242,7.583617670801343,2,0,97.23790249286445,0
64.29773405939487,84.64355208072243,87.75743115427515,88,11.774567568399247,253.4535509977028,0.40353304498011483,4.4793505278786006,78.23392950027932,62,11,21.024067762951553,1
81.76104622408695,70.51691213787605,93.42389527649308,43,12.136901509215432,334.7419384451012,0.6795127726201873,25.308600254203963,53.65438155560169,81,40,51.67294163236228,1
77.00871567995831,88.93224404786426,88.5326614221412,44,4.567075468478398,352.66993116470866,0.45425164828436854,14.687451867381187,35.73178214653879,59,11,23.247373667578227,1
18.596107179615558,11.89033990922807,26.58750957893402,4,52.697682882590826,39.778823176997015,2.201419493931267e-05,176.385553038971,9.40114244206417,2,1,96.06130198780632,0
91.07265526817758,80.98028758218582,87.06539400945208,23,27.46654723657775,244.90720046029858,0.2056362931698026,11.071923054121001,28.5230276037013,90,22,77.78863889604774,1
35.142622636757686,38.62667330186156,6.104892361517528,4,174.80978098514962,38.75326506546264,0.017485749786279727,191.05936960794756,3.513547915184364,4,1,96.99520993462286,0
13.439135292056172,40.92861558880546,12.959596976642084,2,117.04286754549162,53.513627120856476,0.04088389625268168,131.07999984193643,7.572003003524244,1,0,97.53129245907547,0
16.142523398179762,30.07181927946457,37.36576989289053,4,194.78541543609538,7.631267899314018,0.046064612199841815,110.56236543828275,6.133841924324304,4,1,99.96796900961222,0
54.003055024653335,69.58803072188584,8.675065964163796,0,110.70602395300058,65.44661766271501,0.04548157897174563,99.68280100254196,0.17027135393520965,1,0,98.15326545393509,0
51.372249262564395,20.040767955326892,6.766355650505359,7,89.6535437958864,13.347216592219453,0.004740075251076748,152.2987399058213,3.833403744735886,1,1,99.60193499643985,0
92.48683584251076,76.33132211420093,92.17754466257449,146,29.194387353685816,292.5759424372869,0.12423247559228835,1.9272160248567647,32.470341655221766,69,35,13.524525890186986,1
50.21539773644093,60.646149737867795,49.620116449707496,0,128.94594500100925,43.78126291971216,0.01934804474480773,72.47779363890231,6.096745111137519,2,1,99.6764545002475,0
75.09757693569813,75.31639005092094,95.04787213035485,197,24.04432167281394,208.04692811695818,0.166523155559275,28.67240892766989,51.508980071635854,28,29,58.577078387431214,1
88.00501835633716,94.98085695381604,80.62524380180508,118,11.964297326093556,384.54142910269627,0.3417410662436711,27.2098488892565,65.0398266168365,90,31,78.9952774635562,1
10.452552479386213,58.104462859327896,36.739558519072936,9,105.11955522249333,64.40442901604388,0.02689488462380668,49.07488105432962,9.43676183677685,0,0,96.63921852419038,0
27.892294950284708,24.887720147292452,11.11717892877459,4,143.4807732462422,1.680548160942776,0.00276538676052564,58.13364709721627,5.294226064554799,1,0,98.08980854614792,0
63.20824870961743,92.56159337784223,93.22548908180062,154,25.193380005397163,128.85686116718364,0.458531863293359,14.177789034325915,32.43826506651289,72,26,80.8693107111462,1
65.58295947426187,72.50348708142786,92.92824804782546,130,8.834109163272391,310.1160244357052,0.10110299793208553,13.62365280161122,88.34922033527918,87,44,51.14372526227039,1
63.10013338322194,72.08066148327306,87.42957425669448,138,24.9875361059827,215.34260757476505,0.7273713853059177,23.820406675716697,74.0148008543268,58,25,28.43928000593492,1
15.526138444769602,34.379829894722995,29.02585498516562,2,72.5359761035761,32.76839377695801,0.03486863132740658,92.05933095488484,9.141456292292625,0,0,96.7488920437832,0
35.82457508415261,47.48715517876003,48.26982175215459,9,130.5849340547611,2.774815627462397,0.030720453571147294,73.98625612642803,5.93612138898594,0,0,95.75625587470809,0
39.21378173001991,12.192536114433992,50.42505508966812,8,139.8926821219517,50.890543522153635,0.033342442370227016,98.14582449929597,9.882470522970562,2,1,97.10685543501059,0
14.876555772491287,64.67625772204214,5.171150581590888,4,156.33447723516443,18.077770866435475,0.0399292156470483,189.02410713849505,0.40513525991658805,3,1,95.09475291192146,0
80.32529490422553,76.54679901201298,86.65621096930884,183,21.863143897025086,97.10620664941521,0.5856776079057506,3.3890919408977043,46.80163412912963,64,42,56.38342032674825,1
17.3629912132003,66.42885521282277,30.78948390880298,4,135.323440517823,70.31742381671486,0.04800200760392023,62.41251657881365,7.611670789515771,0,0,99.32782300351869,0
42.12218157538929,62.03932077717526,7.8507478311569905,8,177.17442884152274,44.574665235069155,0.04789188165896685,176.0800095951491,5.32841925908688,4,0,95.13501619295641,0
70.35542739062181,92.88039210688085,89.58185429313177,76,14.160447586910234,317.6770457625961,0.2264145685771713,26.046823092755012,25.538386157933964,26,37,62.43555817128113,1
5.447838234054414,13.676453411972169,58.32846731262454,5,185.7506631318711,60.27925469152672,0.04908823660267725,175.03493271447869,9.31741518438064,4,0,95.84192590471501,0
36.035098827013734,69.48954225568323,54.72638919989674,0,50.39684182063643,23.146008134582235,0.03857057657278028,65.81247651044622,4.481938220501825,2,1,97.63202315483427,0
16.525258208447283,54.52362856264578,27.501483411808426,6,124.39197754648882,42.60785547288054,0.004022160878091552,80.19228524882335,7.268765411102796,4,1,96.12979307748815,0
10.892386457167886,67.03776459316384,12.13274242819801,4,65.65257504566847,60.04006456937951,0.016891645098530732,154.62736437566787,7.069141240118558,4,0,95.8712153660913,0
30.451068181505324,37.742198216897236,26.897151405165587,3,60.09093669547932,62.81628389119204,0.0016794279246144352,64.67872411104895,3.1497465222705956,0,0,98.86682395117386,0
44.87194201435046,39.67761834513172,5.24501844700935,7,141.41869330665338,46.64321060690887,0.019362874807922443,111.29549796075408,2.001418784483433,4,1,98.29448085721883,0
51.110594024510505,63.60728643254326,27.341767536013595,2,79.68167005830541,63.27896667847628,0.008827572502913673,60.8348059146207,4.009988818005774,2,1,95.98115446103739,0
68.09193732838634,89.61739727720477,99.06480998273518,166,17.058220549673273,399.3104497293482,0.7796175217777754,10.456520992898488,21.141046905169194,24,31,13.492078196060056,1
33.57066259463966,51.31708993626349,50.75523220980915,8,170.52287492696556,16.36571642269405,0.024155660020442372,70.16115344627065,2.276153820899184,4,0,95.1491987417319,0
19.19939251257357,27.91871889016882,57.41975573752853,3,105.40112899427994,72.00368193435882,0.024345475486063015,50.629943164807486,0.1426199081845514,2,1,98.47455605607158,0
41.21693953364195,21.822309003686282,27.178619782455712,8,51.54088793742047,19.06194087723188,0.03688252354095564,99.5760294681966,8.526586583917805,2,1,97.90364703079676,0
15.372399094856972,23.908379510458712,46.03545155103821,8,187.02412928948976,60.2956642428934,0.04501734011449171,51.89235231001162,2.376072042121554,3,0,96.331207131091,0
35.878459589741965,52.263127698480105,24.05738582913229,4,154.3600773185072,11.080051921881749,0.011636231549136612,192.15105904897752,7.08681902276044,2,0,99.56833074038187,0
39.31034115913472,31.94159900040326,35.45933137173307,0,80.59746016888374,67.39646461042109,0.037333950400482575,159.5431472613507,0.6141827757470852,4,1,99.16556665218984,0
95.29405908407404,73.89621231435095,81.99346775323288,78,9.447924195726449,295.6006548861672,0.09730396910694648,25.130867432888444,18.544089155793664,36,48,30.574866715478144,1
63.67458694384405,79.91376641048208,93.55290318299052,34,17.255480562742072,102.04705728078244,0.07623367903005342,8.969736543292168,12.280754306666816,90,29,59.45332947060453,1
69.84832469226441,71.04212301887783,91.7301118229743,93,21.53124111700569,297.5301406446699,0.4263680349713463,5.713706474972046,45.82019967696554,10,18,28.060475281535652,1
28.9856655944401,47.42295730529735,31.757939086698407,7,61.89830590802499,34.353942215033626,0.043757457085848925,138.5881499380707,0.6883109987597158,3,0,95.96456291602657,0
40.09939043692429,36.21202359463516,14.718602808631026,7,114.39785466827222,21.05231510846396,0.032304233653176584,62.53243684537166,0.9799133091810597,1,1,99.10405580011047,0
43.12696905353075,56.85081061171049,41.88785148889045,6,164.17586209222512,23.609630356533813,0.02240549491856064,144.09848755462218,3.7894619092976933,4,1,96.57934635678528,0
86.81846160279274,80.3862189999745,94.01081245626142,54,18.2802726127679,483.8657828022468,0.6695352660590617,13.33027218272615,45.88525669087407,11,49,47.89246446870978,1
58.10719384523268,44.206988246873195,46.980953147141946,6,61.66696191419195,14.999503316702302,0.040066552853383765,73.22406613985277,2.055747094308563,2,1,97.56225792752487,0
51.87585659127029,11.04351734955247,19.039845405096088,0,94.14699363454032,25.792378015035347,0.007629338623002197,178.44899366117514,3.778499510143968,3,1,98.58119270072808,0
15.412893729343809,21.632699315808047,58.68893482619221,9,53.13240028825353,41.50520657783666,0.01134288102642364,73.61603998906145,5.441726004517994,3,0,99.75445507176265,0
89.31598803929072,83.85083428618675,92.37332995140575,98,22.38846684157621,124.8081529149664,0.2583289644521048,26.613131646307032,96.5875660787675,63,11,25.052380715823837,1
95.24371727278742,85.72388773635689,98.62684020666045,81,23.46400764406723,143.70979437811823,0.48271005467537736,29.95645655463697,93.67296398036984,75,5,11.592004759886796,1
91.5560623083711,79.75511490486971,83.93557113553292,139,28.865968420252727,273.6573110479841,0.4988113022537702,28.775941060887767,14.289579696708866,63,8,83.32858364089742,1
18.956288022755242,42.672221396997244,20.20454327672888,7,163.61646625693834,16.455746988477614,0.007993612347091995,125.33550053654203,4.786307367024783,3,0,97.22425127200454,0
39.47049404318867,68.1626385359896,7.557743115440491,7,73.91698523804449,74.88261058054749,0.04547643858682268,120.60310436966293,9.869876361048751,3,0,98.78924041030753,0
43.66867109376959,48.943011902389316,34.446102291008,4,75.03096848917085,6.723371988657488,0.0203494296833385,158.72531609271448,0.7602059579325793,0,0,95.70004582546639,0
48.647258288513925,14.44133408070639,14.041506538439526,2,190.1685423041214,56.06970312801224,0.016405840287349482,50.410527235318284,3.2027056583999416,1,0,99.81188180105376,0
93.91344392869371,80.87790984679876,87.65104546329565,147,16.938506664193422,409.3787868495921,0.1957962026455617,9.824335371739478,34.988952978993055,64,28,57.51826570066673,1
48.25363032459469,42.06523594646496,24.083397785745735,1,53.73311512487125,30.024636618951444,0.008956171904027655,158.50249823378576,4.310850223213825,2,1,97.28473332338874,0
17.594814320275297,57.29954988623277,48.12954946768307,4,64.6519336010661,48.00589550323956,0.013300965184630299,43.72212176844839,5.122293348196331,1,0,99.54059899113403,0
40.70688748119745,67.29813733769106,55.89444708758159,3,116.77932825992714,16.066777214985322,0.009407971772091683,190.28867290329575,3.886650101306853,0,0,96.77473271374032,0
49.211549056831096,36.778042351575166,43.03079935433909,3,169.7454906160798,39.322067794792396,0.0463938130521388,168.90832206709447,9.838545471855609,4,0,96.55370227644684,0
93.47333308233077,79.59128534802234,85.87678225866907,105,8.999877406395424,147.84344098597708,0.680531887910387,22.798555292981234,40.43710459373813,41,20,14.544517242799488,1
50.94373478318539,27.826879310178846,12.83118097779705,0,180.46510754149432,61.01373416617303,0.025232280620460085,82.71970922416705,2.1547658631982958,0,0,98.13799966039127,0
46.00058125225557,67.33865664538547,9.934861865523681,5,92.03894302021118,7.0807159896299865,0.0378987959990673,112.82879892925335,0.6808272335160359,2,1,99.87992889118168,0
55.711106022236955,34.08040435888327,38.57940202528356,2,154.7562642763918,20.654481525111727,0.03849642712244613,110.9161839382884,2.8848654191954015,4,1,98.50662924991906,0
52.42682076254542,16.287265982955415,8.614232618097333,8,113.96676879449883,59.5538225646352,0.023563774846824728,130.2978473404135,3.776538972390772,0,0,96.2362917766435,0
25.882901708978796,45.25127407899271,19.51718856403408,1,84.02645033884889,24.90312040900246,0.0260508767070275,54.64318275752827,3.277811488768049,1,0,99.6141388449791,0
34.868286318656914,69.58045349430193,51.66444589296303,4,176.7377125935448,55.554746128589045,0.0479355784057032,189.30967404071248,5.661727081395805,2,0,97.92879910564484,0
97.77731226562602,97.25139951107329,97.17880649375414,88,5.462606712587748,275.9589579051725,0.20078680213813116,1.0832996988464463,95.8656043852931,28,31,15.441412478241961,1
5.141122175423587,28.913916397473752,44.348521436251126,2,101.68400042797867,11.039913297007239,0.021351987412969148,122.2265043203293,5.667753533734602,1,0,96.44653682065179,0
52.25895631338219,44.49177836513703,50.11336932201121,2,110.02924583201289,8.014461906329082,0.046874488370592354,155.44624403004624,4.907215430775359,1,1,96.35839867206188,0
83.0739541634714,93.76323588932749,93.7565846763745,145,22.86915787544473,356.4161600237437,0.7930558936288575,5.107029624298891,96.4037721559623,65,49,83.40846073580919,1
32.71618077198691,28.5886356650748,51.89772312401814,3,67.30395098432557,77.63325616162984,0.03771676067564801,40.19448115517014,4.413008778753223,2,1,99.02933491221022,0
35.393230945934164,32.14373233620282,22.926045009079605,3,150.82343647911551,57.41312872547348,0.02736542937679058,163.7252866862894,9.459166886954739,1,1,97.74492641367,0
64.53413978111429,74.16913352003274,98.61596397792758,34,3.8079915024819004,358.26607791534894,0.42903440346348026,29.70216150211545,77.37485724473117,63,29,78.9357286855186,1
36.811556636331964,23.864929373848998,57.36207281619293,7,153.43256490697428,60.4021000812234,0.041122300178161736,50.68491108494209,2.632731912069443,4,1,96.20966958957648,0
6.679056684320241,38.56723486440849,46.457849598025156,1,165.95990270315366,36.973832209520864,0.006162000010075686,170.05414727681662,2.995064549946922,4,1,98.78782753162227,0
48.33030628525424,44.774051841401906,6.147013289662695,7,125.29201276471214,25.126255704268875,0.03763134934900028,67.48109800188467,2.050279649888118,0,1,99.49083280954852,0
36.404103886046215,18.15613232064127,39.89680515552539,0,153.08881903349308,30.430700573979053,0.03717278916413838,117.40176587635703,0.546312946959775,4,1,97.27040902497059,0
6.441463742837052,11.23498302680183,52.64332713014929,7,155.17455793161497,58.305241866877985,0.040986310785982194,170.4560858087886,0.4809423365821519,3,0,96.35765156147878,0
23.96465365573987,37.73784267091027,16.599593770865525,2,128.9016546812099,66.22149982278964,0.019258749936172465,47.789383368007705,6.448973696902838,3,1,99.23791929334986,0
20.710655964273386,63.085740668173145,36.138133329659254,5,178.31570591971158,18.6804913357401,0.013623173802354983,45.30485731608644,4.177085407418093,0,1,98.42627986429521,0
57.33360764543905,15.848508280175151,59.77474731025859,1,78.46812873668762,22.902260432696586,0.04958457516981829,192.33782407953754,3.25684299999493,3,1,99.831850529494,0
36.89761688528902,32.41808955834819,10.190077125752504,3,97.14576117243996,60.30598256611616,0.006182720113662882,80.32792937566312,0.6650326875410528,0,0,99.79738863468678,0
50.01851953373479,66.28463082939874,20.01403376361478,7,113.84014869014666,59.08159292426186,0.03605429388782637,99.6752928548071,1.1275749663073875,4,1,98.17415838045555,0
84.47705054807692,78.17789166834878,82.20750378031303,78,10.142123764417015,309.5807845906652,0.06366825591186213,16.022427912554452,37.56977408879719,94,6,81.81166092415305,1
34.703131819780836,48.17367402500955,38.48310207461426,7,103.43279385202774,1.7667109004407981,0.004798152150373947,190.79842192960876,2.5518512602536947,3,1,96.83534442684272,0
94.12626672092969,93.56052953041953,87.08695170487944,161,7.216759647039996,160.02594340284475,0.6656545725985917,25.279019117196103,55.46641692231886,58,7,11.749547738254014,1
5.095332551299889,37.36974259440966,10.594968967369148,4,152.37140708529114,52.17579457089514,0.04698903209802972,193.5499518659713,3.5924620085428307,1,1,96.26408064692168,0
37.36776819356914,65.28636543455599,59.97752193550653,1,159.38196562554583,14.342760569711855,0.0381818535143735,107.96167384701394,9.06583174853203,4,1,97.21863654055247,0
22.81708629217602,52.57515008049813,31.0536960021993,7,155.6596964794864,63.5536050522302,0.049477348671213936,124.88522683545519,0.6489788173091615,1,1,97.93196258037356,0
14.449878469401128,18.641077249007942,11.359994110549327,6,106.70326285244023,15.491499455202982,0.023917251550738053,86.59039170240986,0.904245296771099,3,1,95.27152003536564,0
38.29708198009835,69.5154015244249,32.12409337218841,6,115.71453559867655,21.81292165903865,0.03479328048909663,53.26722562768539,1.72767935564747,3,0,97.57657124319626,0
18.894480829017606,47.484839667580744,39.88031622980344,7,167.8338497393936,29.69180420342997,0.002124350957646193,176.48747036259823,4.195850626715888,2,0,98.10686779314076,0
50.91652475251727,33.32974291945979,35.76343292756074,7,140.8546579268534,45.50499640839732,0.02734866059086105,135.32323056026314,6.219841712906171,3,0,98.46064749998837,0
76.6016615594404,98.39158802847584,92.17784738689951,92,9.37553151229477,289.04310373536805,0.15766730131531465,10.703202282023094,16.405144347876487,92,20,44.24316471579422,1
24.43652705129483,30.324984247723915,58.84621089921851,1,185.9137656947973,13.200885523881837,0.008274876439756763,60.762510615162185,5.538616401405523,1,1,97.57162780152734,0
51.57757445108872,21.126226133894317,51.986510799293846,1,84.93708920464277,67.71128432205687,0.018249473016834755,174.78607895710323,6.614347226466321,0,0,99.88272371703755,0
82.38664216079846,82.03981456737574,89.58569711436508,28,20.5733866922826,329.60438373613033,0.18855725652164523,20.79477221225971,73.5817913620094,19,19,52.33641086652566,1
44.209515283478424,19.117780464317427,49.12363809078408,5,197.55923900167963,66.83799833473051,0.006905735890017689,78.39446095094993,7.436574660792413,2,0,96.51931377232458,0
12.38560899246048,13.863458957751305,53.90031132526059,5,137.9398715079369,1.2382569158972891,0.002785303250177895,109.15589006726997,3.1774926116844817,1,1,96.61101079519887,0
71.81240465345033,84.12656682302705,91.08767968286257,90,8.01465350418604,257.10631883439356,0.25880816706121224,9.601464752705027,23.298327868018035,31,5,34.976673958064644,1
54.97888610668599,20.677170926253034,29.55787288716836,4,171.69109295901615,18.660853528047422,0.020872407386781446,189.17193719365304,0.26901878497703424,2,1,95.36035818921263,0
22.985202671731013,37.66457304541125,8.641113252711595,4,96.87319972666837,61.438847993050004,0.018984190035489585,137.44676920039473,3.0598000780388435,1,0,99.56629270798352,0
54.05633857208844,36.62735676246858,15.523642796060864,4,75.45953727273235,58.92363218655327,0.008652467230838174,96.8133632241546,0.7685737212018828,3,0,96.8934263375085,0
23.595605817458395,34.30895014217772,44.125295258257694,9,53.48884935745525,42.66331241584162,0.018926533068137033,180.48440993203184,5.523440857871823,3,1,95.78362071669041,0
34.559597496819364,20.77595609810572,24.410529192992012,0,110.12965916551906,48.10516805941619,0.04271195090627007,152.8911704852119,1.5252535627684327,2,0,97.33375937564801,0
72.22174080986593,84.45235325362451,98.58465294355311,168,7.740693541388061,411.089550286652,0.6002821548046514,26.291292159748686,54.5475070369551,19,21,56.55238052797647,1
28.07248538403484,52.607362875380396,12.95818643343146,7,61.51778032115887,14.415749390429232,0.030781111335957564,43.228757171720446,9.340486736486598,1,1,97.35379707320135,0
36.77878376712236,27.056838832409152,11.842498837158,4,76.30543667165796,45.925373866807206,0.013825334170453514,157.66225918226695,1.0278077503584016,2,1,98.33812322190498,0
63.95845484004906,82.78698386882357,81.17216126777295,129,23.82698881053537,296.5007634467206,0.6989330615105294,8.253222769315093,23.495360359566785,77,36,13.511131156637905,1
59.46287654252171,18.370856126904446,11.751949778256936,0,67.84167918007108,66.70693737408475,0.04616275029469656,95.816768146431,0.32860430321823286,2,0,95.91176495736357,0
24.35741464574392,39.68136181766157,35.70705681630598,7,128.98075916803208,17.072200669910462,0.0466754050248126,183.29420949178802,9.248860007665906,2,1,97.27179769785997,0
49.49149672036498,66.06605612147769,28.67670535825338,9,89.25180036945689,21.587512057624792,0.04914344644770959,132.09736917648235,1.9022354595838975,3,1,99.41062219907825,0
40.66501593701614,33.487798930744916,49.46793364622184,8,188.52222046484133,20.378304758744804,0.008708973636183049,159.5091731494066,4.071402653897894,1,1,99.40870149852643,0
47.7165544877805,24.223277623379605,17.560795319607045,4,123.5375998526107,50.775177651450896,0.0011428593780353437,145.51130025387744,5.231360156725506,1,1,96.31304534967293,0
17.305567191140984,17.526165545777037,55.18615633499324,9,193.48757829891179,24.782250432763796,0.00467711643038094,81.74269054687909,3.179135061960979,0,1,99.09183771999284,0
98.92929282766113,91.87395987544687,84.36969879255298,102,12.483977989891702,277.78065675822876,0.072648023706688,3.879347904356949,16.938631475331803,72,24,48.14183649508836,1
42.88247687183279,28.97481699870968,20.250555062969035,3,108.0233395683824,56.85632257132256,0.003449358494327659,121.01143425552813,1.0866203283886222,4,1,96.05822831856634,0
8.366500678810082,24.65852174750352,8.92562241423816,7,186.38261437888667,33.48198323889093,0.04552770543416307,106.61146781913713,5.440648607814187,4,1,95.93491634854553,0
39.63290786635592,19.945797046943003,20.263393022176245,1,85.97820286310757,34.124429049449525,0.0010836274184328754,174.42415775045572,6.135431445564105,2,1,98.6214113092071,0
52.039974209378485,35.69386993534012,50.685708509124005,0,65.99236113504561,4.374748621445018,0.037158485077532846,42.67722933331646,1.6394649008671847,4,1,99.24741074629783,0
85.94607114789646,71.19524932951173,91.86930564873543,100,12.79893877361447,132.24819800940142,0.06947502034514476,9.924829502856195,92.3916552106931,61,42,8.796538629250122,1
58.554760261768735,58.379633546096855,36.441446543666146,4,78.07014900453092,23.44187415002041,0.03979012701405954,56.12963052194036,2.5653850763190302,0,1,98.48988814246718,0
61.61265437265499,99.87445390333475,80.15878511264648,54,17.80301570005525,311.66531760334016,0.07605168211862977,28.476130292532925,49.71440752099552,45,40,71.65171538894934,1
34.856896359402754,12.236633484325283,25.057030996605647,1,81.60303130497756,57.80763131982578,0.04810299396742615,66.99648643284527,4.023579315564493,2,0,99.82029754613698,0
50.797736730903495,31.79432219435051,36.998112852275725,2,100.84063592717919,7.974277112676234,0.009565690813274637,106.65054468817377,7.817205546738756,4,0,95.53207330299196,0
14.002683295300455,36.92804712389814,44.84173587199937,3,176.27842910715498,37.93519348536529,0.04540084583287789,123.67066942748544,3.3180457631147355,2,0,97.82560850297313,0
65.96962028452221,84.9811562093081,98.63972299028305,145,26.397240937871718,237.30732785769337,0.24284409958020375,10.762624649100486,81.13783443397752,45,10,71.10161357766334,1
13.241523601778049,42.49420508218534,53.46530281188025,3,114.79373236162083,44.441297991538725,0.01651145243846171,51.75040305675939,2.189444515634713,3,1,97.60411688141315,0
52.490125749605454,43.88876966770835,28.154291454152958,2,68.9809833333986,58.76003372962571,0.008266418763995215,76.71270570802916,1.5515552272755295,1,1,96.99502851929077,0
20.132838139624056,68.48988808560384,35.00028031564973,0,134.10856231905805,61.12968979913034,0.013861018266782477,130.13781530300201,4.013063427113329,1,0,96.26461618273959,0
16.00341243188958,42.93701770413458,21.724342950239798,7,53.64722337203643,63.90772378409394,0.02044448244993781,180.30357755002728,6.367457949124531,1,1,98.43806743240162,0
27.35513413718465,30.933485459574534,53.729768389502404,6,61.68690313380075,18.427846766419485,0.023934916878273073,186.91254161765357,5.644255242018691,2,1,95.49552555580837,0
38.062393821138514,37.133329292728945,23.547235161842824,3,105.71722546321311,67.65004229380827,0.019596650209983715,126.63783017074971,2.0813820269324843,3,1,98.63284724067255,0
98.0855965207233,95.24115682630466,98.11352716240671,81,9.293807561113342,243.91229934933835,0.3538714285354468,21.470854241117625,59.21698285009864,36,5,86.95626936676084,1
19.220110086054706,59.19445728208653,14.62188372063493,0,145.23893989438912,11.400106924492759,0.030562373596396544,184.8386245453717,4.581141319490438,2,0,96.65337738264724,0
98.49418164480727,72.3099011269797,87.2169417574091,20,1.5780167784046486,348.6433063216913,0.16316652720955488,23.219097794438007,28.319297241120044,95,15,79.38571627137786,1
71.35001483582673,71.53363520204488,88.44551904084645,35,19.29250350218695,200.546865159858,0.14456914940902238,24.66326433069146,72.54088787183822,68,33,81.47004005434879,1
85.01823335625767,72.09827451586591,85.07339332150157,68,13.031540470545988,492.07553695810225,0.6306083531244199,9.577667971727376,31.342713894539212,36,29,2.632403374654295,1
29.418079928167124,60.386859144145724,48.08507849815103,5,59.14708519354704,13.863645994690907,0.003826386321624903,93.02833996555172,3.264261094583926,0,1,98.01322193688564,0
8.491821138678112,65.7387251814286,14.57998147328637,6,170.48390436869516,55.516582819140915,0.04804028202870458,177.61925492702017,7.880055568088028,3,0,95.41435070472583,0
34.21274019386089,51.68325547298754,31.297573659101094,7,141.21000663347448,59.848159105206896,0.0069723385604942185,187.4336163336599,3.371695176661097,0,0,98.490139911131,0
5.80025066086727,69.20316974591216,43.13482428727588,7,159.40952881430283,26.908614256036323,0.047057101655321884,195.54969177165026,9.453708100123004,1,1,98.59453530741203,0
34.73433906777564,27.29738648206671,26.25117817393161,8,61.23054998230533,27.22505063367225,0.006354892141794683,168.2832139492296,5.7615035663848335,1,0,96.9757932056246,0
44.917975312356745,40.1270327153669,40.93319307376346,7,54.8420820944902,53.04000694361188,0.02581903053871687,142.90996139238158,2.6734593141979723,0,0,99.7210852244397,0
15.31385443914342,35.852573947719506,31.68886157831951,4,144.43946566495188,31.237118922451906,0.00011072019396757838,62.13088649630835,5.823219529686875,4,0,97.41241989239415,0
41.59147545865319,28.23617851932549,13.99662152158458,7,72.12095451492914,16.701276661080964,0.0002610210085942921,70.8698679159896,1.4617787686666994,3,0,98.12851263148008,0
16.160311719460978,63.53654524509352,34.927061925565354,6,122.18489139732004,16.96634304547215,0.020621925998471548,43.070016310598206,3.8584227913555624,3,0,99.82543178851596,0
44.9873713398963,33.78695631417847,18.422495381430174,1,88.35410464162086,32.94517554287289,0.008001312935313632,189.73914011050488,7.9170132390424,1,0,95.05124647836335,0
67.00935109487732,74.29437864998408,96.47924943191776,147,7.283509171452691,294.09814750442604,0.05746824255563003,25.272276667434184,20.36126807324933,83,21,58.36407520937384,1
82.93841966832457,72.80724097886142,83.2305208909196,84,17.638457614217074,170.37605560230196,0.13385328367453814,1.265740785927537,35.84483722672603,63,38,23.83643221825882,1
39.8057664984837,13.299741804695312,5.116492628308734,2,107.12945777385715,63.10664905068552,0.03959376524268326,88.5481657960415,1.6976226651391857,0,0,96.44535520447991,0
32.16670453063284,61.14448508961958,24.928694789453434,7,136.03750846875124,34.19761690891066,0.012545507059482831,75.93378070635113,1.07013069559326,2,1,98.04383345953082,0
80.60698725982492,71.1898175850768,97.66835822873506,104,19.376849613706323,262.8471075076193,0.23539073740489674,6.070058778041057,74.97153874344798,84,48,57.66346993799673,1
82.3743750965597,92.21879465047499,86.71774524632234,175,3.731337264423056,475.31298132698697,0.7950706682091258,4.696682728647236,79.25357423674798,56,32,84.02554826728941,1
26.114501418061934,13.353451518569617,53.45909510645701,7,145.72185605901518,79.58095056813661,0.027717232662018157,46.20814811987586,4.30995476753292,1,0,97.56179297005534,0
58.508604198880995,54.27668197200146,32.27659026973078,2,196.46288185683989,67.78609769616749,0.008523854978869788,196.70749798156893,7.6915044317881,2,0,95.0943806090479,0
52.41756831925686,68.74827319816558,24.419432744832708,8,182.44236493936376,65.76073732482992,0.010595465397654564,89.10203236783485,1.8784269751118332,3,1,97.60128885506975,0
32.707490867953915,26.59385704641767,12.560905791789903,9,195.53761210157185,50.182882494157,0.027005451902024698,54.52071389819359,0.6173079854224339,0,0,98.65828550608974,0
14.373644743582078,29.9541018077888,46.4279287505475,3,106.34561472709089,23.960528602421178,0.014040505947357352,146.071518398668,3.478721695337186,3,0,99.93643139155604,0
50.21009722870537,33.72759149745123,49.83776709900149,8,189.9958593646722,58.50808821052951,0.03604141221666029,62.935930756766766,8.658469165508974,0,1,99.76543949155554,0
23.271582923882388,66.42691823458085,5.401170532312653,6,57.10631438572316,62.9298496134556,0.01115550735756511,111.0755140222384,0.39919079478295205,3,0,99.66036265273684,0
49.422626236498054,13.54587367920605,26.449314313334135,7,76.13705123055522,17.53702291410535,0.04944554217903935,76.03196799654947,2.645615892652342,0,1,97.0383780679912,0
38.88562180799526,50.56566898144317,5.923482197016297,7,112.72799958533975,60.62945761897587,0.012425482254812681,158.09430670769765,9.253777275699102,1,1,95.48011289512353,0
86.79285025532506,82.54782332853648,97.55465908087145,38,12.12275364455581,479.6754626571287,0.11755379796347294,27.924053598104667,99.7890528551938,94,41,33.53710041071247,1
17.60763099201,57.348963224777194,47.1379798337045,0,74.15362282795576,23.383274650333576,0.009593919675997153,60.240083853868015,5.100464028181815,3,1,98.9240076117604,0
12.568088327593149,21.851922662073882,25.182695631973385,4,80.3747255046058,16.88395291386616,0.040840985839872404,113.8209893317958,7.127256565279131,3,0,95.44754992633175,0
35.69506255913636,16.111382062325156,12.102102448391904,1,178.98773170919372,53.62952724716361,0.005589086071923622,178.79335539935045,6.0908542912338355,3,1,99.64809228505263,0
95.1117623859358,89.55382293637322,99.81722996195019,39,3.643747922836101,376.23220531287814,0.5006128644572203,16.648304882138632,76.99442345422274,80,23,49.48665800482207,1
86.70980528466266,97.9088758782489,80.90047674390188,195,22.774662798836353,269.0554696817264,0.148690203007727,23.89930251493727,22.017543832706444,58,14,64.56590457520936,1
60.209529557506144,99.16110726370884,81.29378905276134,73,26.234522596510672,344.9186678304187,0.09991411999564713,11.09306108654025,89.89797002102853,73,6,20.606429543570496,1
31.31121963889666,24.543868157295236,40.69116829665265,7,182.89175305980933,60.900436239574674,0.022552104024512035,123.59182244370983,0.7875123483347335,1,0,97.20493935719888,0
75.60275153112234,86.45134679685108,80.12356579990372,197,21.907609743716137,402.06323437932144,0.23379517115174697,6.581694525758659,94.29306106625384,29,15,19.664561124568387,1
54.66913071618793,45.50337403910278,43.7919074120213,4,65.39350908077512,42.832890062869986,0.0010820001030324544,76.58842001514006,4.87043156455233,2,0,99.6592044359061,0
39.00288270863584,20.528243027729665,54.20120228892944,1,126.04708015316254,65.86292880824261,0.010493842910224106,73.51453706887489,6.940147494802963,4,1,97.83379638207421,0
22.089233592756276,59.44895544851614,6.661388643762049,7,63.04641190070363,50.902209905513025,0.015852691086494813,91.15570520361004,9.268031814545674,0,0,98.0963642154118,0
53.57551822508005,32.96730526167535,20.93198147333412,9,119.08557819915941,48.964158839386734,0.03626893594242885,129.9028587211971,4.789405683270855,4,1,96.13016638747423,0
24.040909846179453,43.35128175554466,8.573987478997227,3,66.95125384866492,29.717297353079474,0.03539079708222078,46.13884431229587,7.8427047346917425,4,1,98.93714553359685,0
9.94216124007977,40.77370928082544,13.008328545711066,4,199.11859641323238,67.81083869277913,0.030429793721392602,103.41796927584204,4.380749056428446,4,1,97.41202961956598,0
78.48873333338658,95.66933606566582,98.53535956073262,104,28.20223694290025,259.53595533388966,0.5390853974088579,4.601649825486698,24.59565553485836,37,16,19.41643044096642,1
32.36206000484148,47.38132686317542,37.41038529778514,6,134.25350260517214,8.841570428209593,0.011791595384532123,129.72384967523232,1.2208993763944842,0,0,97.96894585734097,0
26.554702862789487,48.35553149831173,7.2250139289922055,6,157.07746583573805,67.72837691280935,0.017429622956481268,120.70690092580418,8.207934493315602,0,0,98.78275467107147,0
27.16301132684749,10.995947231014329,54.4836701262867,7,66.74383127811006,5.396958966472315,0.04938290334332713,139.9484826946457,9.37564111484727,3,0,96.62560035204699,0
53.29875695998279,32.539713229313875,42.49752563803164,2,71.81001545533957,57.135324526265194,0.02602820644856202,58.94982517132816,5.708034556792892,4,0,97.28207012702413,0
21.496789846645335,33.24290599607292,9.758329070055616,8,79.69215562200014,9.353635545993956,0.0341474319795781,122.36896789616601,4.602589826981648,3,0,98.52675985962891,0
7.064697176872409,30.71927533189051,52.4051591982171,1,55.007583694930666,75.87072869084972,0.04000687132905728,49.82273214260559,8.835398880926158,2,0,97.20676209695384,0
20.370091558608184,13.273907556266032,27.106508365549587,9,197.34416090327468,19.067089047668528,0.036691229708345006,109.3876495527539,1.271964228503475,3,1,97.46902932466254,0
46.6180280660256,32.01237595327313,52.05665735281301,1,91.10131232196603,73.34119774900469,0.018670891617306402,155.40094957942625,3.4147754803987027,1,1,96.88547234324375,0
85.29956540556779,77.51601465209853,99.48729734255893,22,24.29256824366244,230.9801949186836,0.6971440125306752,7.237520351910021,59.47508075364341,19,11,54.50770965729783,1
86.25930279116943,92.25415757243375,82.51024286469699,87,2.4545734268262063,130.44690831191843,0.15732391347095176,20.854404821561303,27.143639639077833,96,44,1.79020645520227,1
75.4782903243507,75.54252949519675,96.42695114889901,59,27.886210367275737,271.2321440742887,0.13123005846232416,17.166115493485716,19.726998064239872,75,38,4.275818362658049,1
58.66558322609519,15.599542294698317,11.131620278800265,7,181.93857224747376,13.67807192539296,0.039807446435061504,44.85539210121337,6.644259819025841,0,1,96.10641341861994,0
31.512544144082796,42.06528334911819,5.222612798247702,0,135.5719464156952,75.16503390973524,0.03621706984303135,116.60114269516791,7.346353553488221,1,1,96.68951704504434,0
27.87094138727306,58.498038447337166,18.179976937955082,2,74.54824875965564,69.73179525995917,0.021385414470697407,166.46782093122914,9.796742727869487,1,1,98.61851008544352,0
39.425360036022745,67.87638829196078,51.575640587998485,5,183.1400516452197,33.81172568626757,0.028406150297169093,119.57702029491935,1.673309497737312,3,1,98.8990991897934,0
90.71336963148516,94.43188169198463,98.39226317945277,65,10.750105573124475,82.94662689563694,0.05844610130240581,8.756722157107077,58.423543681183226,42,35,2.9333445355811048,1
26.7452381767987,20.111664691680556,35.49683209012319,0,176.37928174692746,50.92721208847493,0.006445136348676744,166.72421753720602,9.29379276769169,1,1,95.33870592511248,0
68.45662435395376,97.97646961891253,87.08931204137177,71,6.17122401133516,394.5837194181587,0.2406723832512957,15.781121247224164,13.349933730660409,78,9,46.355509326921016,1
93.756605116668,73.18851901057157,83.11721115620996,180,2.0241051851172336,379.92404105238455,0.26011998412777726,16.11493011137091,40.82410339706524,94,30,39.45961300463771,1
34.3223116762274,31.831868066884134,8.126449553763006,9,75.37230042009759,75.85230835847437,0.022553881226615936,98.04290096743688,2.16769867430453,3,1,99.06212095717922,0
7.4543822501968355,63.24049968507842,40.470098189512015,3,184.45406033511478,70.53724024043588,0.020680557528109867,55.15911565265269,7.358095674941074,1,1,99.08388601915966,0
61.68199661739811,80.37658968747076,82.45628974047776,77,27.994524778981763,227.04636863085946,0.775574034065318,23.163123407227058,12.355722060323014,67,9,51.91172950219291,1
14.643193422427569,49.728061435569565,57.28478823757101,3,182.54554629233365,26.764913957554082,0.0010538988368063108,194.25439798639013,6.553623131907669,1,1,96.80492274017224,0
84.01536485098354,78.91566022250093,80.4989222931352,63,12.050954038835815,91.54154895845792,0.390228675256062,18.337324699633175,99.42445812545913,63,39,55.27767914914365,1
89.21612792950468,82.08438658516523,90.77218139225548,55,8.466413087646108,292.0116377187195,0.6192787967364174,20.59700553759544,29.844989515148097,99,14,58.44439606408582,1
33.775769984527564,31.24123246431812,5.127134819096876,7,197.0844264944901,59.46097612465873,0.032670985489967316,87.21617522989176,5.039009016769217,4,1,99.67956160905949,0
66.90226964337809,77.22739477748573,80.73776198369148,87,17.877739125079724,326.392114260285,0.49151592153185303,23.327296679932243,55.89861518945157,90,40,7.919430797732438,1
12.31399802722051,19.11780125659034,12.295580264484364,4,199.94927051454644,26.539432002158115,0.03622851908954016,173.0474718270421,8.456158780564458,1,1,95.06098026476408,0
81.31697327153759,84.45487438426608,80.43480323477523,153,23.471679686977076,188.3551234886695,0.09064836515196757,29.902094606617133,88.91957649395444,45,5,57.92281289017509,1
6.232903966980559,56.51969203362812,34.64769977591075,8,75.06040740772299,64.95310953106993,0.007747384548155961,59.23721399378252,8.82249117277305,2,0,97.15634165023438,0
44.30344131310219,51.473503998456344,20.742382537643266,4,92.86001707537145,20.554590891394145,0.009487119221404328,95.01663698006729,1.7197224406872502,3,1,99.67358245146949,0
20.132024955605353,34.18969637725132,8.21465458628344,8,63.49656212788773,66.29609224963406,0.03249270874591855,52.07506832598881,7.850430550230058,1,1,96.8675777226732,0
65.24315501037226,97.22870586178709,99.05433217427192,58,16.750506266805367,88.70908250168122,0.24787394658417589,13.87476061945785,97.8397359736307,86,41,88.21293805459366,1
66.56288792130228,98.29456251006512,89.03877863980948,88,15.960895504274442,210.1900323933316,0.7393386482176318,4.467216672334076,93.0428015325481,88,20,4.249262474876292,1
21.54307044502798,25.188286900028416,42.70637775894018,0,65.47105477132801,7.404164755939599,0.02917223164898962,174.42950245248673,6.368355040428306,2,1,97.84022279615101,0
75.03312143899828,87.03149925218004,85.82774255586563,190,4.617750066276774,184.85376379225102,0.5494814500629495,5.9843594099747035,21.489775947144626,66,22,81.74533601313071,1
89.80761627332973,71.32842224459185,84.92943827561777,62,9.469346743324873,324.8646576226994,0.11598909986043328,19.201179057990004,67.49293515703329,53,32,9.76495018021166,1
69.17233362090536,85.94202210853516,90.30593610407612,189,9.84065179412009,250.67440330907166,0.5070598215174684,6.595096132547938,22.884758404924305,82,48,56.37342259912529,1
9.839470654147735,43.62571857198841,51.05317239900524,3,100.26526798436072,77.18337844295507,0.0306097772904505,139.6781470892423,9.936971681704513,0,0,95.27974998113358,0
23.003252400139427,26.98292157106373,5.5648080382237906,5,162.73826270647461,79.13934505387402,0.027822420183287178,85.73841089072462,5.811976298429633,4,1,97.79993477967707,0
32.85005951334476,64.0500797108065,47.02445798990519,6,88.76291286994663,21.8404526052187,0.02413539480297989,88.26523714491833,1.02425801382922,1,1,97.78304087732597,0
92.99731679342327,91.29083548631364,86.92488468536762,166,5.633210166456262,436.6171002728245,0.3304412729405935,12.35339462022581,82.15233702718957,32,40,40.636665170115904,1
33.2105550163851,28.080149286030796,29.73761292903604,8,54.64346710961948,3.8152162467791326,0.002657010139061894,48.97758460892742,3.9570034135341947,0,1,96.70139591565571,0
39.48420533651183,66.9389210749759,33.4897534293582,3,56.469782238339384,59.16103643188143,0.046321767675760656,70.57896058253854,2.3419021260690123,1,1,96.43633737235945,0
14.933396518062525,65.03033989123732,27.10766712630815,9,71.40155626803863,61.648543993860365,0.015426129012752188,85.1104132707657,2.043889272771273,3,0,99.31389652717306,0
85.717675655151,72.02951079433102,88.71927620082329,144,21.022257415171275,275.8116252307258,0.46896427888406383,22.820762636251946,60.184796383278524,50,13,13.781373672435429,1
63.26021513102709,84.6360086340615,96.07638599248752,96,15.553247719456154,153.0480962215131,0.5549376832057268,24.53716821062661,99.21480049746347,87,43,73.51136637954302,1
62.281752435390565,96.18642809206247,98.01184210057934,67,16.589247189467507,163.1767654930067,0.31102964847754094,19.74508751624334,13.768482580260386,72,10,1.8300248278371745,1
28.63604884998804,15.92361244101305,7.238694101457546,9,157.1483197261666,56.45094955472106,0.005959684620897266,93.38134138754386,8.203869760925368,1,1,96.44752383333787,0
88.86769646308797,89.30336266581001,80.96516362317423,156,15.619124210160113,235.49669427124329,0.5638077218231041,28.026191172175785,23.53468070312283,27,26,28.82537989873412,1
58.095279376723035,16.115904858227307,19.703904914395707,4,197.71398813571696,54.30118799597615,0.007093599261859757,101.12542972388995,2.5509843884553884,3,0,96.56882402034086,0
58.00672916946561,64.29645349684307,12.751718396901484,5,117.14487693610971,77.46282093257405,0.021111917762578203,103.3155557907822,5.3814200945890045,0,1,96.9514330536248,0
50.20082222058884,48.15063050781134,6.58950500062191,1,83.16582648840162,63.56670903749027,0.007315358443570875,95.67444053343888,9.979586614626811,1,0,96.2197680169426,0
17.89758123269852,22.28254306752889,24.740751097341956,0,89.54098598455465,46.81532770868209,0.04004326985557752,174.5510415185763,9.286304329992639,0,0,97.0373292855646,0
88.11347496207604,78.0898920754641,81.86068338680981,142,11.829099229140335,390.8323304834116,0.13259661156335262,20.553762637781215,98.23025754017885,95,47,55.36788642994373,1
78.99159372961073,84.43915589997194,95.54653787797935,150,15.613819529809641,361.605849688603,0.48053132204162,20.644895076134265,88.71777160738993,28,49,88.22775779568876,1
13.555844830978788,20.478892411979373,12.570977683936885,4,143.30192251351815,22.822809119996116,0.02626064702134591,58.41209405241127,2.025628695731009,4,0,99.85908070270287,0
30.740008076953515,57.95686800598641,50.948563234958634,2,184.8698349450526,5.844527660155196,0.040552193391960034,164.96481703433514,5.071528543039166,4,0,99.9695754613208,0
80.29457368533672,97.33133013125175,94.54527981157086,32,1.450344235369041,153.72841595120195,0.613394107787423,16.448525538345134,46.59790378797601,23,47,67.39846932453392,1
63.884575559950264,70.65574712609074,85.5094848283667,195,14.758287430664911,243.6389440035943,0.5651971698529028,22.31499349691481,36.973010708081176,37,24,6.641448633949112,1
68.47477358209878,86.91067034984079,98.60392525535156,181,22.569598679233234,331.5532477199813,0.18624742863839916,17.80131013533158,91.46731412253675,78,8,56.550296081871345,1
65.45646285929084,80.37203545628408,95.87929799363357,62,26.59491157778027,92.17151740065931,0.1438125392946804,24.914282496567395,55.88828563565085,10,18,80.775541542687,1
43.07420572596499,17.9716708629006,27.68797699536761,1,156.35913681636623,79.08597922215219,0.024754819282481872,149.98090263787975,1.9075484360235329,0,1,97.52637252449793,0
52.802658948868974,69.96865593859397,5.190914119443163,0,70.81413614709123,77.06421107789305,0.030623975949117074,53.066118952388344,6.266847184961819,0,1,97.39266716328603,0
78.0310636766297,79.43597929752569,91.53222116285293,42,27.22747204690553,400.85428463893027,0.32473080746048805,28.224301146287708,13.489827811038683,16,22,67.27982633983363,1
7.808146419329709,63.57813056789841,47.002737027643484,9,76.34645545179917,10.83776901508155,0.023509934004939947,161.20075871363426,9.827974476994903,2,1,97.67963904350302,0
93.7055280397051,75.45481603643375,91.43065348805736,65,1.8853820644421333,82.85164965589884,0.5225358283837159,11.981083901360368,38.6561784182381,59,27,33.96990954346989,1
37.73083899252367,53.65041231364838,45.81133371108749,2,62.592395740173544,77.45557275188473,0.021664457653097293,47.29627874067211,9.125721415678797,3,1,96.77354361815311,0
89.40438144780339,90.05139394616609,86.12414155669465,147,29.564280349313695,208.62646248992135,0.34735003979847195,24.4586358653967,56.50106047130065,30,34,35.807533203871714,1
19.85806077039403,60.79219155008265,6.098634519445813,8,68.6985410948653,4.598463997245259,0.010498251894658939,58.36155423416898,8.01308980377011,2,0,99.20041521026883,0
60.7718309630036,95.66123970230197,96.74404163141884,27,13.052295201206041,499.00138350210995,0.08947423108359152,19.721874650593094,38.9431196613514,59,13,64.20115379835399,1
28.505483665815188,61.385704212194234,44.30949499693765,0,137.67127951070964,5.166714942796021,0.01982430608404842,143.777123738882,6.026242801544159,1,0,98.79637209855031,0
71.46723870827115,75.46702189456575,92.66367807383928,141,12.899278255947262,87.25303299740683,0.48027787550101436,13.22052936046424,36.99567050977605,72,17,27.029133958340935,1
47.76676126469512,51.762711820389,17.839906089591576,4,128.94136196614778,14.820385996181399,0.03231144413029752,55.057556822008955,0.7807958363746959,4,1,98.99568234541039,0
43.66051779813957,39.976755598884665,30.78477895794834,4,104.96474912390238,50.22236060382361,0.001164828312138705,75.6618416360074,6.385602055945884,3,0,98.72850001348083,0
89.13597729456464,97.19189259801128,97.60611332112245,55,1.470457634016076,487.93966798114616,0.6380131936947009,6.568288717629077,48.368427987834494,24,41,73.58257192239184,1
13.972737743535042,38.77605660881659,53.11790206004187,9,96.21987470255107,79.99008131692806,0.03315880723553238,73.41446542941648,3.616900703586221,0,0,95.1462250719201,0
37.66835996098769,24.83102295240655,38.191872214464965,4,132.66277497467024,49.186829874963685,0.0009730027448873691,145.3242874806056,4.238765433549516,4,1,99.3786434775758,0
81.18727822128184,90.6452852435319,91.18294742035334,179,6.728662367465423,290.9639310849715,0.2836681073258083,7.607270672431651,15.192078209227017,77,36,69.57344706519568,1
99.72167545248152,72.55923992945404,89.673532289609,75,20.435075753015592,337.3480612686768,0.7309669073812676,14.911722406806435,54.17842450219164,10,18,37.936022669046956,1
57.25826476388032,15.552590836980261,27.71906516921818,6,172.7044245001283,49.81733806193171,0.009668584823763482,138.21821233104825,3.056608527473456,2,0,95.47117317973202,0
12.4015250887666,58.5691288704094,35.978489578057214,2,61.1161040709105,71.29565621962062,0.023524586938769184,46.924460250652785,5.875572017743447,0,1,97.78518457873555,0
85.96304916661907,70.86564279515783,81.85178503768586,146,22.502926714517965,87.33346717880883,0.4409883075499034,5.476953265491477,24.94418169784644,98,27,45.62379434788995,1
88.71405966783253,96.28799005384143,89.13117125899215,104,15.736929875718838,476.6619223529945,0.7223381532363378,14.000314933168102,78.78451159797773,75,18,7.047729770061614,1
17.76098411354233,18.536517556930573,7.969575364355885,7,195.81859409538032,54.275067367617716,0.035458523457989104,57.63751872105999,2.0802972448818755,4,1,96.59962230891753,0
54.383289000457594,25.249124506549855,49.823514963208325,6,117.46570358763645,12.275846802826452,0.047774540045643424,167.09531743340193,3.0999450854712363,2,0,98.07080831625942,0
33.55523159580309,30.342451720094648,7.7747444678377615,3,71.25483541430661,25.22635102928673,0.024290885115605395,98.47201349821131,6.24387421948959,4,1,97.96961394443294,0
25.052432802665592,11.005064773985065,32.072473061262855,0,144.28738812216307,67.77394991423846,0.04237849493156255,88.84270804863958,0.28600051824243855,2,1,95.19096466501858,0
53.962425001664556,27.670283087479216,54.95233307144513,7,177.89966271110137,75.38204102374355,0.04820790866424504,129.57469580704972,2.5615385021129344,2,0,95.36631573649848,0
47.81966180620189,47.976898511892394,47.825183229283454,4,63.483335391285976,75.98361225086782,0.014581616740749032,44.954193299717375,4.28206461342742,1,1,99.78143716719033,0
84.81453332012727,82.35011003521247,81.7248070845935,191,4.788786871915209,99.38262122922242,0.25993893367364473,24.6672141645007,48.42483667137879,16,11,21.363064340170695,1
26.139636780535206,42.19022083124295,9.697131047639413,0,59.803402798780034,28.257649317632037,0.0404342687086181,138.45501692161457,6.221930142111827,0,1,95.81816793711428,0
92.08425635789423,98.73093168882417,96.84414471059856,166,21.228528744209456,359.6340865803002,0.2898279872012704,7.831655873340333,93.69688464926749,63,38,73.56757387899388,1
89.17922312707577,73.14022570671592,87.73998537731714,162,15.87517942401259,433.09167451653593,0.379821693758137,9.456666272832823,28.34128021830631,56,22,31.470242546989233,1
79.38244211636352,71.80896868802748,84.13425385660419,68,2.0394165552368912,111.24138030117092,0.707354902130315,16.36374427897686,78.84930837639183,17,30,19.890512403369403,1
25.167984894396476,50.68373314434616,59.46835486377837,9,137.60126929712115,37.61031521346882,0.016455811963377583,93.96249335721532,4.170557927065529,1,1,97.20913103333804,0
12.11080560897646,46.74644505988226,30.86912046312758,3,157.5320895013482,27.028517174321657,0.03249830751854231,194.54260559566188,3.4082962178575493,3,1,98.90281452844887,0
67.90974158794008,75.79667862316617,99.08543319461181,30,26.778303915019187,312.01354652153685,0.6291305071127695,4.846626278184198,91.56191646549131,42,6,36.480228462580115,1
87.1432368751729,77.280376275472,86.45695197022206,181,26.95252683197547,488.0541195974764,0.6643124496414602,17.809328290944777,65.7235573346742,38,13,47.09001338864031,1
43.73899100669871,21.958588043396126,23.685944477479904,6,112.90277484964706,49.43005758395292,0.02372825656521954,119.0840206702077,6.7031572999396305,1,0,95.47372812801981,0
82.39446187153509,84.47417297721438,98.8967367702871,107,15.63945073389588,330.52527748162674,0.159355969803801,18.214231390471134,83.3599634799591,15,44,60.42900547891404,1
27.660857032252206,37.835518071915644,46.53587808600182,7,186.90541082221415,62.25084563029874,0.0202368175464343,180.58970362338766,2.775622330727705,3,0,97.26959915083648,0
12.058977089028307,69.22997314287429,25.484542752073057,7,68.23839564520092,39.12197781271604,0.03184544055664586,188.1813587490333,9.805868865830513,4,1,98.47073278406663,0
89.45623251514657,71.00039246515321,80.833091129691,80,7.171471544818052,201.19191486609503,0.5294805787631616,17.173337427234443,57.776499604911635,51,33,37.56099288855914,1
46.659052176744545,17.81596744373018,41.411108225802224,9,131.46043001008704,71.31430729065966,0.016926718835392558,196.52462104608992,6.62212680176461,4,1,97.75501545765707,0
42.75520612776146,53.49772122850426,37.98478316758442,6,120.62191470874369,65.10355525233057,0.040563612829535925,134.2930721743325,9.029164591669922,2,0,96.83454562122904,0
57.659861135682824,56.650146040015,36.393035218601774,4,83.15510661455917,77.24219074973952,0.029848885864441912,140.43384012261495,6.7477380255355,4,0,97.34048300905285,0
39.21045674873699,20.63792032216373,8.010355010886439,0,106.42138806076397,44.0370215690042,0.0384916464001135,69.19768561329388,3.5318738225721127,1,0,96.88745800541828,0
16.662898041023738,60.27286982092874,19.702931256481435,2,60.29072026233827,2.9378591267883385,0.011102724003574394,128.84942946481905,6.185570405057482,3,0,97.93291918397182,0
8.667369352069537,19.022210770439855,21.15238103197473,3,156.14342819231774,47.086710061507176,0.042390837333874956,69.8881571367039,9.207796134125209,3,0,98.50007432751521,0
36.84442389979345,69.24675295075728,55.95560574305195,3,182.03019255295482,72.00821127915687,0.016196854141820007,199.09658441735507,2.174579829530221,1,1,96.62616992549177,0
34.53856100857313,50.55210712640219,37.51019458719058,8,69.68581078254427,23.960778120045877,0.023137159105162643,194.71906085497997,2.2251574499301805,3,0,98.39591692655515,0
11.918295044996981,10.743801117187052,16.30458170594678,6,67.85896322635803,19.9594610979605,0.0325388636476829,112.04409641625628,7.944939960837657,4,1,97.34124757480903,0
83.80610537820255,77.52923454745397,83.63229042913935,151,4.922121033630004,188.25747806071007,0.2701809461392617,22.224977809571573,24.430068504807217,65,49,54.62511137446019,1
77.34583332068354,86.8741404861727,87.03136857654002,73,4.564725738977559,479.0762645124461,0.1393329872069664,6.967853355017928,19.62847636586389,95,33,89.43744010824005,1
44.887779991476165,13.46764444377377,54.29090460560089,1,182.83613149318444,55.61483998456446,0.033208745430361834,108.58945084670745,7.967820074831071,4,1,97.68372423560973,0
31.323381098892842,39.19671953035144,29.023112463029275,8,173.67525954053343,20.01142402185006,0.01502559033091553,175.0424768091759,0.049649801380095004,2,1,99.62666170960233,0
43.025369831426254,18.598993221995254,14.298681635597616,9,91.93494615575713,2.153430959259038,0.02165598775982642,178.9320541500045,1.1546008108811245,3,1,99.8038669399854,0
38.74012883753856,42.366460009831705,31.034652595581797,4,120.29710048485359,57.10766343973303,0.04837716601390516,81.93503268539581,3.577176411054145,4,1,98.38657516590689,0
39.09180496844712,48.316391585052095,58.306019412938475,3,102.39872911825847,10.93137326071084,0.02456807550039572,83.368285985005,3.00633130446693,2,1,96.71861479571741,0
54.58045543121857,10.448911744476522,25.36069519282637,5,124.58379492109492,63.336430230882804,0.04229867416413782,51.76902875880305,3.50588646788888,1,0,95.59489525119415,0
38.65571808129972,61.63866023379691,51.171463843371825,8,173.85290930810083,60.39202077820478,0.00018940964372999303,44.03165353687221,0.17365253891200472,3,0,99.64450073332094,0
39.4746951935785,14.296638472185654,17.135904900440764,7,180.17853815390825,11.661473977010251,0.007848795586158275,85.8718773749919,5.181043275160078,0,0,99.39121662303754,0
56.68052993685348,26.919272471686742,54.55036147267937,4,65.52762987636217,22.71816652294601,0.013663140543353948,128.97456910460073,6.3182174364111106,4,0,98.3328195795426,0
31.92798120168395,26.68123523162732,49.98159277934128,1,79.20422254010836,5.359611888324833,0.03614992203851574,132.89121202343586,2.6606437604271993,3,1,95.9143554628539,0
12.45570252721443,62.48270971777142,33.80046785342992,4,149.3070125817989,46.787426125244714,0.010809232879629815,85.17474854924929,8.687819870626429,1,0,95.55952813629708,0
82.62025439894074,93.51321098356203,89.77441892230998,63,11.695724590591464,441.9694582393048,0.4625867651140765,15.158126336715219,77.74820251170605,69,36,8.281757612645873,1
96.67278266215882,87.84306165421356,95.46888579164157,108,17.553438996263996,466.7364252675869,0.5578633467935463,18.670189156620573,15.061180827276555,29,17,45.631249096426586,1
96.05610769759292,95.63672567207831,93.38070552327713,74,4.063766373407125,163.76866326341235,0.4030153542274737,15.717783820887766,92.78218193305281,31,45,51.26518131079988,1
50.46969793395963,53.64622358426489,9.991973730724117,0,86.91107913521182,78.94973756213358,0.022840122579884683,63.606499942831235,9.982237514438898,2,1,95.01178067499625,0
29.089884993864562,54.233967602738865,20.35375551429754,3,65.50923976661026,30.35611227962542,0.010792976533349331,101.40201372853902,4.698407342197726,2,0,95.22058745866522,0
46.516204767724105,34.704756198944175,36.104720503998564,7,150.9327746403918,77.29003572194313,0.04798583969784062,169.77838340965752,9.54734703298853,1,0,96.88160213459845,0
20.879814603846263,27.999915805589794,40.03831718647829,3,160.4555098759975,37.3281243385834,0.030864661677069055,185.7127736200459,4.891096171831631,3,1,97.6335809582311,0
76.41230603665817,84.10151966333802,85.88602834296964,89,2.8427804543890143,370.99659336461804,0.6727809127821726,18.69526612707093,99.81483157624022,62,14,48.46200077193601,1
72.01284544848173,96.44154310295335,90.24404913653527,55,26.359148338626046,242.64292901718318,0.1503041654921619,28.58656933720252,23.97946621025693,82,48,14.170369446105283,1
5.670198729112911,56.34351159527962,38.871731776083784,5,102.97898475543181,21.446186467129994,0.03045316727396449,57.50685022835194,6.535840607694618,3,0,98.4980129278492,0
61.234529612994805,71.02335786316743,95.49165035726361,119,3.0629787527578625,268.67305880430854,0.3860969244583992,23.29900175547119,99.9973220007547,77,46,89.88153869321027,1
5.959166417810596,14.258475393894688,55.68414047424076,2,188.29983891865416,7.246710775645123,0.02410228036556644,44.97412269665272,1.1764950968627996,1,0,96.37249353227253,0
74.81360002828674,79.50250543643536,80.56015770615933,122,9.590582684111373,480.51680341991823,0.5104765576953836,9.238617465571743,78.45617875508286,83,28,60.41077791650066,1
98.82447639580101,92.14533428052648,95.92110993684038,28,29.434324398663787,405.3774689639309,0.4642353359694564,25.51372765115637,92.23838205248455,40,42,29.228738472924153,1
59.968549972864515,42.00939229586785,33.118382052162254,5,166.67784663618346,64.64879518580183,0.0006985764262561312,88.4618996857117,0.5070819627109424,0,1,98.47362391724619,0
89.92186745106062,98.98564069016342,98.9703727147681,168,19.095215880036093,164.86180066485633,0.24853334825151002,27.46444527075027,31.827962527776272,50,22,7.288742166084102,1
34.808945061591324,43.5279694310812,8.312380630353957,6,95.31812298375883,11.384173230996252,0.020791843167802415,59.966183351325064,4.861550812378978,4,1,96.18072388678698,0
52.74422943236183,59.38309636968782,19.58502487200151,5,134.65116573258683,18.89424644010832,0.009733415647835326,78.02737812635772,6.292703760690976,3,1,95.78939430140176,0
16.963756604407102,12.37415082618043,47.74374066185641,7,73.41741304696555,72.96191101723188,0.007942351607231847,126.58561324236004,2.678161255639575,3,0,96.49327606461642,0
68.33770543463862,97.39904268960255,89.20874434831639,90,28.257957494435264,148.23568981886694,0.12962142387209524,16.624407642103613,19.37049243214805,87,41,50.041312002951116,1
51.089114711637485,21.48981333739843,57.524471993332085,2,165.01952024212807,16.00619835447018,0.03479636073409295,123.3362683047214,2.1831940719605294,3,0,99.17046000030842,0
26.715189475563474,12.282354490893589,22.98856794423125,2,76.39486826235208,21.760718158510542,0.0035054768993931177,173.69655793309778,1.2405898806314097,3,1,98.7220757247744,0
10.190673169551633,31.429913557911178,24.68527852188138,7,191.97832559178946,6.09122242205203,0.018104409859085537,76.18806621573557,9.531747986685954,3,1,99.4571599393831,0
11.305435275073634,62.68722847602002,57.84932085969995,2,61.42472814766152,45.58245172924134,0.039491286920563626,158.0423567477453,8.994612259832683,3,0,95.00320720650868,0
25.36113428834151,46.87341613026268,34.82149491129767,8,194.9782918403189,63.48215235444062,0.03832348565958835,148.1976027373534,9.022811356867159,0,1,98.76830932199164,0
94.12664921741973,86.20370094354436,83.41852837049537,57,26.031071914230132,452.56441791957394,0.27337338108232223,24.671678839025713,48.55081444292552,69,10,78.21660843624481,1
18.193249312252085,16.936908269051614,56.19757739400111,8,128.24623237904075,13.342024909580896,0.012304283052448961,76.69076040336716,7.411619258865862,4,1,95.15640647193997,0
52.2925052100819,25.235737286377777,35.407367437823204,6,118.80148840373081,62.23494732605611,0.009119464827438528,70.55359291054066,5.872148644041207,3,1,96.91730767140808,0
53.68774694992992,35.70778305028319,21.159811396777624,5,52.59461503239882,11.941195110063008,0.013268728068735676,133.3298068756348,5.20039897348343,3,0,99.58543009056471,0
48.80558433943588,69.92765049023735,58.02431049340256,9,62.56213861084288,2.4686904076384004,0.03381608802100442,164.75448346042324,2.623663696490839,2,0,97.91708406165094,0
7.454854748189607,31.27942570146275,26.688596470696798,5,72.69862727475522,58.68792031795772,0.03284660887193952,113.5702990556964,8.522401607636018,2,1,99.48019534345875,0
94.41449225399495,90.89742053523638,90.53948899258233,128,11.061611235570496,492.37745602455817,0.3479685473975658,24.675287394744927,12.435823809060453,93,18,10.437404397393221,1
30.328316796657166,12.635649492849218,30.73338849601045,0,96.50109698164437,67.91360616211456,0.02870253115032788,80.20361636894279,0.6214547172262463,0,0,96.50263166602234,0
82.97504737503384,77.03350473186326,84.33807036929514,142,11.847402129163953,462.88832317074815,0.07791788562958447,21.26260836118293,63.81024384142856,68,18,53.935369184057826,1
28.064275154672014,27.81531420455477,15.686712264949666,4,181.55569083926417,45.31574602714669,0.03162426748325396,143.81184985320192,6.057815279609486,1,0,96.38848986128717,0
21.18631734174686,41.61461544833943,35.42984890483162,6,152.31159967078787,34.026598184627915,0.02891237541907582,49.67814713835908,7.590161929831436,1,1,95.5893245643673,0
22.458749761575586,41.03421268079529,48.36771161304984,1,177.9952436741998,49.066107958858055,0.03170741041755653,174.05636033377954,4.959485967644886,4,1,99.36290754887926,0
36.49111497236153,47.52062458302591,45.74070366370499,7,145.17081149786748,61.64856889819604,0.031795270744430386,92.90999202439272,1.8961269587280183,0,1,98.29158135543547,0
50.95419944081233,34.36292030146585,7.90826092026568,0,179.7225804325457,74.53589303727011,0.0054068776745330345,168.04268200685283,6.614264764937925,3,1,96.89474087068145,0
57.26327972387967,66.14209600843154,35.233357240446075,8,117.02173225424362,13.055356399519106,0.010914772079512254,147.29524852675522,6.364535416297197,2,1,95.31208620995211,0
25.22625368125112,11.67846891050121,58.829616296108036,5,76.86549458354757,3.8474708804344644,0.031667066111488784,125.18481501301244,7.08387762831307,0,1,95.43379309529874,0
85.2741224330776,84.61584370018215,98.24312949789844,20,18.37722810751912,426.39163712901114,0.364595612920875,2.9474580038705125,23.713248636664915,13,36,82.78287467032422,1
41.43982883206765,33.569329203079306,16.91659483365749,6,87.9653072954672,3.1013454781385654,0.04938485759720151,184.84781273709464,2.732716153309469,1,0,99.71575690718848,0
29.843020954018886,63.27263222626151,43.59646422888966,7,179.14960323614227,9.289572093534684,0.03331274841492631,167.0841770352682,5.947772007241631,3,1,98.3821008781456,0
27.39644989034279,44.559676196995206,58.53435332303384,3,61.53972338395709,46.08723328168386,0.03505887261189619,124.49299549847507,2.3089077679171535,2,1,98.53740555438918,0
12.99284549107729,35.07748445562936,31.653024663827882,5,125.86143464793689,60.277510145457406,0.02614740555745701,175.82651044336896,6.068710473764153,4,1,98.39922136549778,0
96.47911422507288,88.15194729903256,94.41859378368076,131,15.744875118358884,151.30462595708676,0.7206234096442987,25.139801355054804,88.77659079674079,16,27,27.29120484121578,1
83.00485632265932,83.64943971363193,82.56723630643009,191,21.6791247626324,214.56264404431056,0.6288044301487516,5.28820236147459,36.452254437593375,50,47,23.044108040825574,1
96.4692602521518,93.42505854357654,93.13014858037944,142,10.735559041586242,287.159997133961,0.38437812210449235,23.504187339485693,60.243742492482234,99,23,20.36263554423445,1
56.07593439132583,41.55078819025109,26.483963371030324,5,131.85657770008243,8.115305978434375,0.049106748147747396,95.48638098985775,7.505642873830852,0,1,97.91584487953246,0
19.070775630447628,13.057533177463043,44.91595141788561,9,140.67924263323954,58.64198524974046,0.040350674261243155,191.44033033788102,7.340672890118355,1,1,99.43987754727048,0
80.5414756923701,77.54626183186987,99.74839258286656,163,16.498884218871652,465.21347789843986,0.2232972423281725,7.660291324890079,44.28969851738326,95,41,1.8366679117431606,1
70.39546075870138,97.70672595346919,87.4701348227883,39,28.328190578367522,317.59399101152997,0.3933594838344457,8.080869686298104,47.17313711293622,38,5,85.25151932532553,1
88.38909262344984,73.87695688996297,87.45055727139133,70,10.752732716565884,306.6947059767537,0.6800310010919125,15.262185453785092,52.32443433635733,72,36,73.07167134522827,1
82.72701622085106,76.08790110280628,91.44916091754538,142,24.72737256264459,499.6767870465385,0.14564864028868985,23.671766088099414,30.314973003757064,69,32,61.14712391182021,1
25.96913803621987,53.142478686001034,53.1913637000565,5,89.73981195507005,75.02429204365876,0.017860230935658424,199.5187695361449,2.321770329895032,2,0,96.24938182390899,0
22.40274076971886,27.949976138688076,44.833759084634465,4,172.8999104719033,61.405516312867846,0.029391960856896993,62.40623952502034,5.251063677872922,0,0,98.41208627353909,0
34.19617023468781,35.85737894679379,44.01218600440913,8,83.62241242328108,11.675507282826922,0.029101557003427744,120.18893609448169,0.628492987616317,1,0,99.93796565853471,0
48.98777478899436,49.070345410978376,48.21498732668909,1,130.93841577354766,31.08379134768958,0.040208240476155205,183.77805477598218,4.884352847970033,0,0,99.52146156895265,0
8.153427474582852,69.8811581393112,7.065124585578049,3,76.30873926710206,58.30498131163234,0.01321464326103638,147.8746421394227,9.504621217639812,2,0,98.57687779658173,0
40.69351226753434,60.98585498474567,55.985904801215575,8,172.18824186651509,16.701003024605605,0.018568643024255687,70.76204883892191,0.40617713619853,2,0,97.14749054989673,0
41.392673713454265,28.849386303192084,35.50071617743405,9,168.9279284975454,41.51471695239172,0.02801867055708204,171.5957980075144,4.916603110852252,2,1,97.71691566671151,0
51.741958035566746,17.93417365497691,10.957999016678553,2,67.98795790836706,30.892011557351314,0.000993593266550008,103.45054905192085,6.024600152122459,1,1,98.77249852426769,0
77.23531148020363,90.45052437217574,98.34390982660959,108,13.556149112777602,234.3995251390285,0.3627573763876006,5.902586218355409,43.59879373214722,87,47,5.129452064712073,1
95.58693936847382,73.26092466608164,93.3839499580325,67,22.355959454607788,357.65601620084584,0.16958882741961473,14.961398094844471,72.57684531973138,99,32,78.63641144612032,1
42.28658692288346,29.39343636270278,31.967343040618992,4,122.79376985882082,76.49675995058006,0.0038656689947965564,96.35508909928339,4.586207669618175,0,1,99.41194471544976,0
25.45906516792639,15.447772921462592,50.241998962593314,4,94.59276341803033,70.40769355306709,0.04730292634521026,71.62918579555242,6.855084187372331,0,0,95.09246816799545,0
98.53450282199324,82.75544923353486,85.9360363204419,186,26.526366717079892,486.0874267525352,0.4873034022251845,22.994427283131913,68.07727361726968,60,22,76.05749465876269,1
95.69034860829768,87.16069668197574,84.4713202822505,172,23.50825993327841,164.40412935339424,0.363577662053156,20.88547815408635,67.84336541177977,71,6,39.70018483387284,1
18.00077079534711,11.163397167304709,9.697226289877216,5,101.49455283287386,32.36107410989534,0.04743291899237552,118.39904075992365,0.5995999765328874,2,1,96.71105528068304,0
54.986688590337835,48.894751293545696,11.66290064767373,7,159.82309706122345,77.7258893883199,0.0006849656097892066,101.41334732560492,2.0007852261472294,3,1,99.20191306086001,0
92.85111862671477,89.74061223304628,99.06486510136253,169,20.505012834546186,497.38971094842765,0.41217706439404844,3.3654953169724844,84.25088209017579,75,16,26.243375202695862,1
75.69318525315542,90.9687572114535,98.75776777657389,137,24.08187872064679,439.3071772462817,0.7739953456343421,20.879019760895048,48.97313845226797,73,19,14.81650354843375,1
61.60612760079778,82.77774311823866,84.41508831934247,77,20.342968759984778,404.2247328194453,0.6767721063693495,25.697200477602845,59.3485560965076,95,39,66.11892755687313,1
27.988907415008324,67.52375161809883,19.908748981400514,5,130.5226498051205,17.16831580562633,0.035058500569248995,150.02639666001085,1.0164782072581924,3,1,97.69262736437956,0
24.399891035067387,55.29561763177212,16.830194418371782,9,115.22891386847373,71.6155910708071,0.007496760633893468,157.015919800952,9.518376473371383,3,1,97.32667824692209,0
87.84865032077256,82.69454708495185,84.83812183417555,92,1.0219540854615612,301.5035925623252,0.2336399432684632,21.30914969658948,21.41285236453117,73,9,50.95360352462597,1
50.49622775049096,18.739642037088473,33.16405368104839,1,102.19679441028326,50.498737542891185,0.043958821136232167,88.56273701950732,1.1389752344120496,3,0,97.24604566564314,0
12.69055527660645,54.72761143472763,14.392996416431444,2,82.3171627558753,63.281554364827066,0.008712337183081564,80.84789668569526,8.152862827422528,1,1,97.54543923993384,0
90.62452853562895,79.23406948270295,86.42593884214472,64,29.09248715491825,201.53152422753556,0.07489710340240106,28.89528011964646,70.73797331228147,81,32,61.945481421689735,1
33.06011249572169,46.790861264882004,45.97113382570016,4,105.26089755286257,1.5753698185266973,0.014824326542382534,197.65885476990962,5.290195748619943,4,0,99.79363013209672,0
30.107054021033875,30.97204881493263,55.60358106282023,3,168.71886894538014,30.496412830916,0.018276089326664413,162.90309970167152,0.33197084145343947,4,1,95.48266485950697,0
21.144018374785176,10.221115881225272,49.72580551283476,5,151.9241666639797,72.76538770479253,0.015964447359043937,47.27360183757702,8.759129325903181,3,1,95.81837723919041,0
64.383867977415,93.756582170917,87.94275443530292,81,20.71217268562452,492.9277619063988,0.7990426966232617,25.673048057171595,19.405467527994222,87,15,36.92716300703219,1
58.67147447689613,66.00655919742243,38.085757339790135,2,112.85183840768723,45.74054530087699,0.003197141614192123,117.4972917276665,6.243387972262607,4,0,99.24351116367838,0
29.73817072421453,56.55643747494861,12.830291962378391,9,60.470125570465655,25.345069689406383,0.010676490742964501,40.70058272916755,2.7270289292624748,3,0,97.16949583228104,0
97.37282899016662,90.06357104586347,82.05999075748431,23,1.509965580900798,215.02735588466365,0.11417189206300458,14.437646073324858,65.36063918281859,38,40,1.269990863530076,1
9.5534089987379,56.359466280462776,15.683814952858103,4,108.51937296548155,68.68164401771419,0.04577320465119234,129.737306072336,6.769799535204087,2,0,98.7175316601782,0
70.61710761698103,98.6062886770433,81.9876958190842,83,13.678082857416149,367.1729234900952,0.6004467252756571,14.504077129047431,62.970028798896564,75,20,61.90864550482229,1
7.3598703858744186,44.684982747728874,52.27173009498837,8,102.3974974864504,79.70864241320265,0.03091447836194712,153.93494388995566,1.7392949313817574,3,0,95.17550532900938,0
5.796151277787121,27.274271764229916,14.18912016135987,9,78.73562318550057,39.55679580885996,0.00013293602490577205,67.81871715452903,7.262343738981446,0,0,96.57224955264908,0
34.048084960620905,27.68128875145186,36.84540961957436,4,125.21015826435298,55.988342795712676,0.03239571550309696,161.80245353986595,6.572923689784051,3,0,97.03329099649243,0
15.857036887857191,29.728862348269733,45.69114181135614,5,127.51997147789685,33.85553498692027,0.039706183264787434,44.50754833788123,9.227474618244624,4,0,98.41252342570938,0
87.02544824795835,80.72890759789964,93.62622571533556,184,12.488008597932295,173.99840712869153,0.7622110847117561,26.878861252285205,46.44593685108752,65,48,20.486399792430127,1
18.50045863097298,16.268204590108045,50.85679835791952,5,85.75928936211773,1.6193204798822491,0.03853527515712121,42.58427774527556,6.092318008277509,2,1,96.41534558615342,0
86.95718849835171,92.97733112356406,88.8024813569096,168,8.661009781160253,457.93818873453864,0.25769430514366354,3.7938830470256573,39.614275695602075,57,12,29.560253936553202,1
52.17638672659347,53.788994150904365,23.216701833822345,6,147.21120778667847,54.63196755510133,0.015874050684901577,138.4243385959308,8.434387667106497,0,0,96.3375068164818,0
96.19519364801252,73.95873623781968,86.67252830535436,157,29.31607624339408,335.43966459076165,0.21234962768840238,17.24502693663067,75.77750253785061,42,27,82.9393425058295,1
89.18410684331892,74.34176910433247,80.06782207578316,197,13.9935526504364,92.78884994469452,0.3819791182223197,20.653671825071804,82.51007631554279,90,19,48.31338256099874,1
54.007653057990794,43.65280147066076,14.55104486438292,0,191.10602156243482,63.77148898627911,0.030641647616910996,165.53913079998034,3.554431753220549,4,0,97.7899871802858,0
17.944817940170964,57.547316133152314,31.656836304923488,2,181.2268474746656,35.03468209103885,0.017353992989783525,88.75142507184677,0.6249774563346355,0,0,95.30517967918114,0
16.42578695787858,33.535660313223374,11.98679059763749,9,145.06146694732422,22.479367644357218,0.03403001717715377,175.5791390632428,6.322805382976727,2,1,97.99462618275413,0
10.057508947534835,60.791701784371604,26.339234663502303,0,177.4424130885456,31.659450289576878,0.004253777433023714,77.9088950473488,8.943688495908273,1,1,96.838180549703,0
48.62847794419378,54.08649265623397,48.06016388879201,4,110.69773286831492,30.335317992935874,0.014669844111957521,115.55515481258426,1.0604356858108377,0,1,99.32633472734258,0
23.67283067372138,39.084466464160954,52.60369908864232,3,136.7179720812283,74.32675758499167,0.00925594471586953,153.02008019327508,2.460558232261568,2,0,96.95460457393573,0
96.36204313144083,86.2624107824214,98.22102172473761,114,5.979283010660706,417.3229676565766,0.2990840538970979,7.4334668217457285,47.644206817097256,43,28,85.63035531129313,1
83.66662610629362,89.91095743748843,94.20739778345944,115,14.30072110583926,362.0644422602064,0.3879728144041891,9.940304467425218,91.02034889157841,85,12,73.44538557381755,1
82.23187255895041,81.95410349455582,84.42737782568281,49,16.74515495131198,387.2569320332147,0.5725769434263939,15.405719369697145,37.52250624579122,94,5,62.9323990475961,1
48.360159031274094,18.7598733592073,45.487755611330336,9,59.61885870929999,63.89256349142323,0.03535908359958105,130.8919926958518,4.8104569302885505,3,1,95.75193668963857,0
46.48741200666471,63.38275100937535,40.99369258464714,5,51.95433354088234,29.431733183436926,0.008220741995271291,75.52142543255701,8.344805918968483,3,0,97.0501842829974,0
29.655512485655958,58.46738671146942,52.27180095620814,8,160.13727391603263,49.57033534182849,0.027678634202472963,179.73594431368582,8.700202826071555,2,1,97.08849936481016,0
51.49640863533328,35.88491432095117,56.58191730390932,0,192.42554306371156,40.95697931134759,0.002261993760757913,98.40214490397229,2.0784416638253465,3,1,98.81873851385846,0
73.18388767780635,94.19185418811824,89.86285919713781,62,18.605909213874263,95.31542516626683,0.5094395894386882,7.458039890717668,24.26311815845103,68,36,71.45989875334476,1
44.15839615941184,20.454608383289454,53.693167191601816,2,119.70365511642444,13.9954202878157,0.007975277890341482,66.65902495499509,8.562272827551666,1,0,97.08457443018774,0
39.091795379709104,57.75455218155009,8.46977921686612,4,80.83346298947222,8.914406215985235,0.0305551491673075,98.89431903041405,2.6480182330202693,0,1,95.04889440966856,0
99.27166853619329,88.37269532649073,86.86109118601613,63,8.383036845137099,97.37137867978042,0.783727079071491,6.060155473974177,85.78334810285595,75,16,54.916404992254186,1
70.91447880110107,83.0896830033838,94.26465214458118,120,25.18847113800111,212.24775341522545,0.12723226422720424,20.76051161639965,75.49325373792115,83,29,31.538645059020677,1
86.29940890574585,70.97978571331052,99.62375969204797,99,18.573456615654674,135.4682902003088,0.6035581935010872,27.157844980123745,64.9477993151427,58,19,87.58579474664538,1
40.46853690862663,60.001220489835845,39.78620735891311,5,125.49358648974379,46.85525932302433,0.04861414840835659,145.13945666213917,9.097588975345767,0,0,95.79648595114512,0
50.084389924770285,61.197236809259444,29.95562973415986,3,185.25050307874156,14.945745008102927,0.03396242311529013,198.4533720105427,1.0471540806976465,1,0,99.49905997307502,0
17.12275679890167,54.090506220359906,47.47593567754305,2,176.90323387413596,44.78291242064784,0.007944114314332857,68.88014165553948,4.861949879739612,3,1,98.2214073912311,0
97.73275313522547,84.70904250129686,99.42261091564086,191,24.71950997711343,223.08727212553669,0.6543142325822607,4.298710269750362,89.42836612010547,53,10,42.03753382670944,1
36.29517867118972,47.705732654436595,27.764049450667947,0,152.4428329136535,13.271364293339749,0.043313355874805906,96.36199870167286,8.760235356440367,1,0,97.70946645392848,0
97.13122236087091,82.04045682174389,92.0533680099118,53,11.837813823999609,257.6270412069374,0.2159259921796146,3.1647219158784177,88.4979248843107,60,29,21.248120933463806,1
13.208560958292313,18.95104430099434,34.88915946532727,5,96.54587141637833,68.95216422631954,0.044429856943301066,60.123083947807615,3.130469364581012,1,1,95.10373056897407,0
38.467419019578045,11.938007808628297,57.0770436403116,8,103.86220024591798,69.10772355074813,0.012427601479003875,163.6569163852397,0.3134558172469004,2,0,96.73423796114726,0
28.24232444148419,11.403321585273842,19.03033735487027,6,51.45067427567883,21.05398388253588,0.009651391950801875,143.05126653543445,0.7200968892018245,2,1,99.08815538075798,0
94.43932330921932,88.18415804805963,92.8432042354876,162,8.463716423465353,106.07761228061894,0.16030420134134682,26.906091684207325,57.37194359519004,52,37,34.35942997921045,1
5.7395167737156605,14.223216641268959,19.178435732734425,3,125.43350599198122,72.63446576224267,0.00582499869946212,152.6187901458315,1.3141790520193675,2,1,96.88907456185675,0
47.82147928043221,35.066044007565125,59.716709192080586,6,180.28875428979842,49.32837413099722,0.0030433305036544848,76.87623742585089,9.221466495117248,0,1,95.09967092516943,0
44.44447069018048,50.79458283123715,14.18957895954357,7,191.63526213892402,79.38116358171335,0.024137461710753053,57.817864333556784,7.050373887850531,0,1,98.38154260907143,0
35.42862450290748,53.76935976307589,48.34773206979731,6,107.79863235997576,27.939459637103074,0.03538500561006376,145.21700085974607,3.538863526071394,2,1,99.55469124270216,0
37.8188979645714,58.77920625858427,24.770986318978174,4,63.32517588817997,33.76276965583026,0.03879583300487094,103.60303696302424,2.1145446857799732,1,1,99.175781946792,0
55.39808021011374,42.819165630809955,31.58370755656712,1,100.94992489856537,14.11218480191788,0.03305548356724915,155.9117765385302,9.675691215949733,2,1,97.65501144062102,0
30.85439312770368,43.61288141644516,29.445523916481303,4,58.75849708832165,46.88899189770158,0.0031916173751802557,77.16573663543214,5.516057466506144,3,0,96.68101821031763,0
58.22468446999404,47.571491098461735,30.557674122195085,5,161.2336934332489,78.45765226208142,0.036599058276312685,46.08886222993309,4.985843300951112,3,0,95.59013061820784,0
40.18215800738161,53.005414974901285,18.976544216033155,4,100.8957537665595,54.58614983699898,0.01332057765111896,143.39860625052887,9.073822700134219,0,1,98.66621730017495,0
69.42957506660245,92.95462686667462,87.04261808247755,62,20.185099404792457,298.30426513971366,0.4331865861852876,19.772684274589988,77.86812662807668,76,32,60.76865701078402,1
80.1203724769476,90.78840230455404,88.45734607584346,65,25.840860428457717,88.87614374851128,0.13467863384577278,7.800529844994684,10.941086100707633,81,13,38.42253327969525,1
43.03762588518468,64.7286528967295,28.86083224124697,2,51.071570145584765,17.611244011553808,0.014250672947138826,85.20373080343381,5.346926364757514,0,1,95.89751444927631,0
25.516936324922096,52.30154103240358,58.77959598508346,5,92.08557545445305,61.34173811303559,0.035211147103888785,153.23480261829485,8.951855829980587,3,0,95.25480984875269,0
16.635286314690433,39.91924775726096,30.743644822838693,2,91.32787688636085,32.224431239747375,0.017134430808529694,117.52568655015408,5.902315255318248,2,0,99.12927977483625,0
64.22640910504909,96.3310740976241,88.19236033213264,168,22.567503832512358,477.0936635286619,0.07690836828926366,6.775007477961862,59.41766486110804,56,32,60.88922959722664,1
56.233400213782005,55.868477218603374,13.470993859942665,1,66.66699068452668,34.03486068618455,0.012086353952754947,64.89790881134047,6.334347811653424,1,0,95.56628150274878,0
5.89029662647553,12.481692006815997,10.211998402523873,8,53.415030879186816,66.53714795353424,0.0348260626143243,187.7703319225302,2.769977466683504,2,0,98.61318986767942,0
96.41606409728809,92.45938332636123,96.1772155779015,183,8.117180558829517,413.55794569620116,0.28816044215427083,4.7370927466184645,69.10865199463353,43,16,33.92531281933787,1
43.68644954720541,69.77963579299882,9.218004612099032,2,196.10820671964413,67.92186010919167,0.03727631366440042,177.37815372879678,1.9864757279424328,0,1,99.69290312656342,0
89.28132253987074,99.58655864104753,85.57524837980627,146,11.700170267462614,200.71713891314607,0.27366603760849073,29.343995574104316,82.75322764744773,70,41,56.43685488254479,1
8.202107677656546,34.012386516000376,33.27329019698304,2,133.45545319075055,77.99034684925502,0.048684401170770636,132.74703559318516,5.940991069878803,0,0,99.47465245674898,0
96.92168574605076,82.0280762551821,95.05431081110616,177,19.711763818595927,283.53726883969387,0.7374244281981523,19.460464137750584,25.32054529327457,87,33,11.951338239174925,1
51.85447558457006,32.14896464788588,49.684074289128766,4,189.9945385614454,22.523194807357633,0.02286065603616772,165.98656253913623,5.384071190099146,0,1,98.0248861653395,0
30.05432809005409,11.733081494110156,54.86050587482361,5,138.2332708595335,70.98815754607948,0.047870736129957674,140.42206976110526,8.432829121197521,2,0,96.81619296172676,0
35.44099913336197,50.89373375905344,42.79260967566762,6,70.3139058537028,21.59235230320324,0.01771915804104998,116.93402145086222,9.137203207501074,2,1,95.61418578055041,0
12.09205606489784,61.18638592742207,12.791677031781397,2,126.26079140614983,29.773066899048107,0.011163389540291413,165.4800182042112,6.322662321019051,3,0,98.33142474163705,0
12.227542441227753,65.0832588765805,26.160211894513917,6,198.17879744887495,4.009813475998058,0.003691547697861997,107.44364631975024,9.763029699970971,1,1,98.88835166112025,0
89.67897723693679,79.1060985114061,91.61860600561948,193,17.212268782984644,488.7877310243073,0.2574591465509018,23.199190082545567,63.95707224811807,62,10,87.27474750355894,1
10.187295601861361,22.907211780432867,5.32183063821948,3,101.38808752817957,65.78599626410627,0.0041753799883835095,97.25586425000122,8.24198509145636,3,1,96.05826033186526,0
99.04846058102078,94.57309011894667,87.02120323065454,160,14.354894581498597,270.92962576799545,0.7598511822408442,16.10417759414885,15.484582276774201,84,13,70.45105397014734,1
41.35480211156702,56.79590895129888,26.034733267206413,5,188.30342573047434,54.15101427925541,0.027680209262472284,154.4893054621883,2.4163788272795683,2,1,99.3469206681559,0
8.465091587446617,56.157748635962875,28.74131086245309,0,123.3541640854129,60.60622384658549,0.03020454785332854,58.75638341328106,8.47465688043108,0,0,98.46791957283448,0
48.196989344618714,38.706683117389034,11.409717390734492,1,52.9841337668416,67.1458313523407,0.01532740695698595,158.3302603603005,4.491735673047828,2,1,97.83825772911445,0
80.97837523638788,76.34572429641243,88.23573161258392,21,27.321295821703345,165.33621232350544,0.21281378772159093,26.383290873277303,76.64120735069287,23,49,29.238676495712877,1
29.42380575721756,43.87657321188338,18.101412170146688,3,50.28805241615717,48.704159461401275,0.011923620428808674,41.75146631042608,9.555639743531282,4,0,97.45633550801831,0
30.821847117583648,32.13395374860292,54.265537683201565,6,154.80036497208175,70.11163041772461,0.004954068731663386,155.24209919602373,7.474065724415383,2,1,98.17979113343972,0
5.986894382170902,24.661779190945158,17.648462599987248,7,191.49987209964686,60.08439822075885,0.018277197480905456,117.18457848254718,5.065376707842939,3,1,99.75084490033183,0
36.3252081560959,25.836263779133276,28.346345244830236,9,146.29803871975827,38.59665819139026,0.010997928308434086,58.00373660424208,4.618926112124404,0,1,99.74817423614313,0
29.740784994146622,32.81787166130812,27.572609750576802,8,135.8890968618661,38.64620993105009,0.0007548963334484682,142.39254388003576,5.438197737807398,0,1,96.82452497279478,0
32.50348327385587,20.29579043882803,17.77829988870087,9,190.2265069069058,47.19651831986424,0.024631232774898443,182.24470743156377,6.429695045026042,1,0,95.83176216444053,0
72.42217936651363,75.47438762672941,91.9735055866815,138,18.962554090060085,193.15254852788806,0.679409788197008,13.44168744153027,82.31212897656876,43,43,10.326748814328166,1
38.93955136647609,27.13476796366005,23.714292288977887,7,88.53295682934515,79.02514461438332,0.04607220647701576,195.88108221335412,7.273018738470224,3,0,98.79438356528132,0
74.45274993613904,87.24607617895789,91.05677580403867,91,10.731597161185084,270.0667140526013,0.6883107855151399,23.91198430497894,38.396323837942205,83,7,6.0771509425806975,1
24.330605732629106,19.229971349120607,32.873093985445934,1,53.719983831434654,16.353610545969886,0.029039003632537825,109.34553598125328,7.7339199780905545,0,1,97.8831248178532,0
90.49818968843063,92.38500482294694,81.34479934875397,45,22.070909672697034,163.8269434283776,0.2440266425515119,25.251758368564825,77.00455717155937,41,24,73.00470283043995,1
33.80637906132159,13.436011752324095,15.742920748259667,2,142.01024127918757,32.297307053693785,0.0383450272719483,89.78135687960577,2.923526236954265,0,0,98.39785509693122,0
18.492467777674435,43.756617711564886,54.17741176625993,0,182.59083078429842,29.426112611907318,0.008369548889349227,55.22824130176163,5.197115714587829,2,1,98.44849815263542,0
49.09520893744132,68.14325060380656,59.83027708707966,9,106.85826240004369,56.982030623719034,0.022006912202889806,144.855024730057,0.3110274506340982,1,0,95.60964347707566,0
12.976185014892508,56.88163471759954,52.924179332657296,2,188.68492936209992,40.0638790779241,0.03656840194518792,93.70812377883547,7.6928750538233,0,1,97.690073988835,0
37.468529459440845,24.586479822578774,30.15779107621573,3,155.710910357097,13.816951930552422,0.0136816865384578,187.62879050694718,6.308147403502727,1,1,97.60753853952967,0
39.081099882902826,16.46372005483103,27.56455767712421,6,163.14115282008328,15.961268211234756,0.004332182515848326,171.08315529317042,2.227827423154073,4,1,95.10665969074395,0
41.85367116943559,38.1425918974071,18.721776272139742,9,149.41700608765666,52.42997294982937,0.021315848736090687,59.4383374852865,0.9009545968016319,1,1,97.45120165514004,0
90.16815785226191,98.34377322972162,88.29881063343659,185,6.068064340585147,490.7963092291496,0.12742388146260153,11.280454980414744,97.53408504087216,90,34,56.860690633869396,1
77.75972262086994,80.26338391807226,98.04681699878986,179,11.843174170737818,81.84753008778281,0.3503254671958299,26.156790570223603,52.674291337947594,34,15,30.717106886928434,1
9.918753213551591,52.708656170628316,53.4739802064788,7,161.4603754817695,7.955079860987601,0.008734659315143401,94.11885691973085,8.713861763943138,4,1,97.34072580993309,0
20.199623553707802,48.35619270624323,7.256700145085339,5,182.73046047309637,79.97616665018731,0.018005354831270803,167.76054067072243,7.971714929771593,3,1,98.93620270629204,0
88.90846963594393,90.54000972045671,85.45286482684197,191,26.73029885707304,177.49793892487645,0.43642181992987833,29.641397587070127,88.89447468183107,43,10,8.410765960098797,1
47.733169483268966,46.450214417210134,58.90445369092525,0,68.3600633052862,79.20459185861931,0.019921186022703038,94.08264392714815,9.811323182850861,3,0,96.8304100806578,0
64.60457427802041,92.24394848953163,91.93144047728576,132,29.276612635757765,400.81926736989885,0.7312735910004078,12.403871723861245,32.67709469107062,65,5,45.03303344032163,1
15.394151515181596,49.726593261256575,59.481145854601,3,169.50904596728867,3.487851067171092,0.03982550864207277,43.22357341706283,7.356582497150797,1,0,98.15089835242739,0
43.25559756617367,24.891815406141333,24.356449182981592,3,77.03008354427283,48.5380567243513,0.007504312257485735,169.17884884446164,4.729709005060524,2,0,98.47468526682756,0
16.46670653888338,58.597655954841386,7.347322545689241,4,128.347334108817,50.38064082711707,0.039293457709706645,47.07357106271342,3.7887015803881052,2,1,96.39302980894365,0
29.818464192366527,27.51709925573393,57.35625036243255,3,184.77790498359914,9.746923096246082,0.01139267737410134,147.39029315081638,1.3134863992703572,2,1,99.68721175499113,0
83.803096639992,87.21642273318508,84.89994259795066,195,25.75478934022166,167.33509954922818,0.37668310586821047,23.599072573048325,30.105400227698908,96,41,77.8281711666035,1
90.99515227103329,89.43257686431969,80.86236443107275,49,18.198347486006103,362.3058904367486,0.18309566196169624,13.123554187504844,19.29404403286661,63,6,41.74185295896098,1
90.16730031998443,85.78438973214126,89.14566972244475,49,17.390104384149,266.1408627686245,0.782320613578681,3.737622508196979,55.07112573474248,47,45,33.87552363240284,1
7.033036520524808,43.000925310963616,56.74565390925544,4,166.86411175789493,79.7658433837357,0.001634541988430699,100.26395188026615,6.678687110484675,3,0,98.11405531101347,0
33.34650780042259,16.736223650265345,21.847958592864888,4,122.30354720080919,47.31300533092251,0.002781878097226265,81.49733429498745,6.61777523144612,2,1,99.33083259702411,0
88.21577730901642,74.5592655459291,94.27001174199687,28,13.299744212459782,101.42661397482223,0.3161117714366089,25.56072150905904,80.41636247659011,86,40,80.94460378655079,1
58.03052292242005,25.63687690002162,50.123179483249956,7,127.7739383292463,30.288783230981,0.04133931652734012,44.06984255297573,3.9318911014857805,3,1,95.58721570544246,0
46.065083105579724,53.270323356282326,22.547590317711716,3,103.26208496017927,78.18568253638617,0.035977856803022144,67.0969171617364,0.07854532621289878,2,1,95.60387064332932,0
69.116730079409,83.649579879594,89.62119709632604,172,17.869984764458703,340.91249894172176,0.48271344116499865,29.420430771275196,94.28290681393236,90,43,86.4458364796974,1
21.375365282574975,19.51514451610257,44.44324852774197,7,99.3729197028571,6.506085457934331,0.00964634540123101,189.6710152449948,8.839400336828758,3,0,99.92397004995604,0
31.96511102960439,39.47881379810795,9.464638774483308,8,84.35809466579204,24.734788201116107,0.033888936558597926,77.47587098635054,2.451468817246387,3,1,99.30065518836722,0
38.181612901829105,51.81056435366495,40.427312585107174,2,175.29297092749675,70.58092307725855,0.002477577676734494,125.96697788625764,5.394687085100209,4,0,97.31041960778796,0
62.122135266589595,98.70646781925393,98.75217544401535,42,21.63827828067037,419.6178361032815,0.3466996795334267,7.275007681944361,94.24752310187135,21,36,79.2174659915409,1
20.538317645544723,68.85454358792518,47.730092564436944,8,190.43974784955617,7.011256421729891,0.03926571214555655,55.05360404481594,2.3304564644626513,1,0,97.34070691870892,0
10.530573775118157,27.898497703701167,34.261506150755785,0,66.84246638654095,43.347428350494376,0.010077027998018613,142.17679020316035,8.466303277716277,4,0,95.91071666870256,0
15.723974360799879,68.67488191700276,51.772158594288335,2,53.458437789800435,32.60110576729517,0.020297614648146386,122.92317439109706,5.940223317058043,4,1,97.52175646198461,0
54.87988500630829,50.50025435712494,48.40108008130341,5,177.5034673746639,61.173306646376005,0.01906403962783314,80.58321528156755,8.26589296522531,2,1,98.99074716130067,0
85.16460916722065,79.73037208649531,81.07525013791454,40,25.689585791179148,202.74304207773002,0.6998195645844124,4.049753565042321,98.29159160885843,56,31,84.7523649543947,1
51.40594812576966,31.00677277797309,50.47132152679927,5,99.45784098943679,14.427233092371807,0.032622819625449474,110.02264243983979,6.3555416665404065,4,1,96.66878298497065,0
83.25268832899788,92.00405178471803,93.53412019327321,77,26.702402980455854,208.40052101744686,0.5137155929111829,7.514757900319263,40.230666964558345,85,10,73.18963974524175,1
89.09891905727099,82.32348261346272,86.30196791725744,53,25.05463363398084,438.4092472284378,0.46368558229689577,8.62647141824412,66.47949167983967,98,45,45.56705847233654,1
62.92355329105676,97.0652091674695,96.64546069078962,41,26.47304093423211,121.02068051460414,0.20088204208671645,8.875151708597418,57.08032600158597,50,29,87.2621199295209,1
56.290934663155966,24.36367233994868,42.491873415446776,8,161.29834811145065,34.66636125039647,0.030406126547628084,172.2379067667689,1.159180192193231,2,0,97.47114927666281,0
12.84469688937643,13.12560955282304,7.043195539554501,5,113.03144993867727,19.11158436499463,0.037363848929963014,98.23110264736576,2.52885588603284,2,1,96.49368415886971,0
50.1134227365492,12.000399880234498,15.044606326319887,5,85.69806501821074,54.472524102419435,0.020266934987828125,190.73340223174478,6.725484110011615,4,1,99.32074975903927,0
85.70002273938988,98.11615548617841,97.26161113704265,84,22.56389762486048,347.3075670285794,0.5223962798595226,5.901953762712149,78.42842190580673,40,13,34.91779493890481,1
5.832428673394512,42.91471854895967,42.20594755954847,5,77.50128915149729,23.578404906171848,0.03816654889921903,64.63214542530922,9.442658459022468,4,0,97.11991329428842,0
30.7570525452164,62.52888197664363,47.08956316727946,1,106.83486590084564,67.7305539749474,0.040310162544934414,46.630147855518054,3.954096334118643,4,0,97.89685691872545,0
57.30139687931517,27.686653153103187,23.94180528409689,5,134.91967351136998,28.389409482380557,0.025023756040410197,61.42215123203924,4.779251064561984,2,0,95.94027076989909,0
10.01232514606788,11.558173734944447,45.65908237116548,0,169.7538967329742,48.049390375924446,0.03178638297114223,160.83539589503374,8.499650172743223,3,1,98.01578320022367,0
98.36714537570975,73.92471867932159,89.09119033489851,28,16.270301576548256,183.28359387577134,0.7584124274588506,16.522774029314277,27.55539326268018,53,20,77.35616995789415,1
16.378698869364587,52.78228661373514,38.88489721809249,6,125.23305776479617,13.476167068934009,0.018912122618612026,132.707107031954,3.1608125416914943,0,1,98.51119686285045,0
17.11654052501372,24.132852722439402,48.58982856932164,8,135.73247326709972,5.181014041518434,0.000586615633781612,156.88424580664662,4.09807223940804,1,0,98.78881047107996,0
18.563596357881565,55.64121065653306,15.876791540280802,9,118.49983121140342,37.16969018739847,0.0004094520392535273,63.585141823232746,6.794931960444845,0,0,99.59142619911876,0
45.97667102127749,32.005038715382824,48.56008832621693,3,156.08152154818038,13.483826866425751,0.030881932635812594,77.56562392289976,4.950671213262552,2,0,95.79876280196757,0
85.59307147960203,81.00164177763982,85.97692161444954,40,10.950633974922452,477.9766441806636,0.672896039762922,1.3378531783359713,26.35302586876272,11,23,44.94077162369139,1
95.58468889653622,88.93708417383237,89.29283586498087,163,23.615614394551095,151.47925402323293,0.5748583754741509,6.425219108310189,36.580076367421945,54,30,30.29534681897365,1
8.372889015077503,56.834789177243785,17.610780969702873,4,145.72725586238266,74.47580412735088,0.03772072127571422,185.19275583660104,4.838801087875735,4,1,99.54734155166896,0
22.310447206423227,62.28996790201268,50.92598408985945,1,140.41355188148833,45.23440655588457,0.043966480530560154,149.62402808695555,7.70665854057432,3,1,98.43794432746242,0
8.811241422904857,44.13901515222035,5.967181481034622,4,190.79483003737352,44.87413663825804,0.025051455069942344,96.05452707288566,2.669010735720254,4,1,95.54312045482334,0
12.55863796777291,19.88113343570489,26.926906858615773,2,158.6387885167481,77.60922282287845,0.04257922911552602,149.30115338287737,2.966959394822253,1,0,98.58540455756813,0
73.51819501408299,91.0472541623602,85.55240190558757,73,22.66933318591422,88.1743870722824,0.44554961995086956,2.155173216030684,69.21045952076365,98,12,58.37989081278024,1
51.47544905949128,11.604662766418517,5.432804247354928,5,145.82884791760245,36.01538122400902,0.030611812700641828,190.7486869452837,8.293302631820152,0,0,97.29188307734789,0
53.9881615071906,11.000370873972429,57.713739711513554,6,73.38632017199845,13.151877225191267,0.012760106262017663,142.8899089197749,8.035843312507149,2,0,98.00114126823823,0
30.982493296097672,47.96594823582385,16.903120154381817,1,116.66730093069577,9.062042119946582,0.01640861461367214,103.32463331779435,3.719391245457114,1,0,95.39883204759863,0
84.27287904302332,99.84183017616765,82.78259284165298,36,27.035550488069177,256.517626201487,0.7283678694777245,17.648686303539513,42.16514124959163,13,47,0.09592683464041851,1
12.491521123140576,49.37182361207984,12.169798816993264,4,192.93279449793906,40.47826959093546,0.008940109205420632,62.18107083752615,8.629441841085033,3,1,99.76016359827477,0
17.8579802319938,12.736829273854624,28.279701118358375,5,68.2416723681735,13.510384672026548,0.02187872076676773,47.91707136390883,6.295678010327046,4,1,95.45299803878193,0
34.376571558199956,43.669114983882594,54.01354413671299,0,126.96621676984464,42.33883357181866,0.04523201927865154,89.26814782757779,3.9666041863681545,3,1,99.79339224591463,0
57.198174695329875,22.133154725437024,42.423057551307124,3,77.65545821607918,56.8445825866974,0.025399250388587376,61.48323476339403,8.816479711642524,2,1,95.13860275385122,0
41.70103772583716,63.159843806960815,36.813197513877746,4,155.0953379279115,62.13855404483544,0.016260484277708747,165.84778175474577,5.507490908528752,4,0,98.71895509125713,0
21.09779749214139,20.68135196065544,40.79531747214693,5,147.90388734867298,33.384113253741596,0.03706620827643744,67.16784724103299,4.920483539077287,2,1,95.3469855567673,0
35.36716989022614,51.42902335486067,5.550320591053382,8,102.65498471647498,5.1347349857588656,0.038785799603487665,61.91364472916065,5.488966706366557,1,1,98.28124170302644,0
45.631442555728476,37.53580558148046,36.51606329401059,0,115.09008108042755,16.779525985829387,0.03320375457332259,180.1747971493304,7.122171952342824,1,1,97.96631156022993,0
24.070394237539364,42.11686032527067,27.565088504296263,5,132.5445420640254,32.67548222236912,0.0056555816694119805,117.44587615424025,7.540424926233694,0,1,95.41872497497764,0
53.509291815460344,12.684598362115945,43.63522548824816,5,124.22848099706803,27.082040376715117,0.03283126332926088,154.76008084623288,1.7273670995278922,3,0,97.723304564205,0
15.9170892703538,33.90371479920531,48.448682154753314,1,120.30522877229384,19.545432071884743,0.0008023542940161,111.43518462743191,9.100681737548914,1,1,99.05477885151367,0
36.066471475054485,13.019686038561106,20.82190780763604,8,102.96167990126636,8.371042913809298,0.011420048798462569,51.51306699959788,1.2372229097962395,3,0,96.03275577017692,0
85.42802851928604,90.20951145855071,98.4382063106406,137,15.452457925654628,150.59721862536628,0.5033294406244864,13.879177653364966,95.8861118530313,11,34,37.24419408106573,1
80.68484687098365,75.41523755578689,83.7622696139804,40,24.214426078096484,102.36893008901937,0.10303925126903661,2.705347428758897,24.73400653753913,87,43,18.373520111433024,1
35.374700066778814,26.474748082481916,25.306126172868805,7,163.88067333790943,32.783507371352684,0.005056699071337923,83.18943505922265,3.037802502477441,2,0,95.65178071340625,0
95.76698468435717,78.18672385359807,86.19001411629164,80,4.36132843798008,329.11525810016394,0.41350102742484046,17.306719083474967,17.23769679014868,97,23,47.288957100954214,1
37.55896461752864,22.177148939909223,6.919992616983613,6,102.98416686002258,30.94724818768366,0.037379399146041076,145.53715566504792,6.393038204892177,2,0,99.12568842749197,0
95.5975007218845,96.29333825190423,96.04113044589066,122,24.603126220354376,312.7103889319207,0.3671912268278283,6.3279072110518175,36.669364119923515,26,17,48.8714688064931,1
12.470821769753243,38.398291155124994,53.35585982498546,3,186.44394144377407,17.122681274609253,0.02983493567232666,179.70330921396297,5.574522209187843,2,0,97.45070925496063,0
30.229241813745645,24.32695134418134,59.82865816763538,9,178.4651913283131,1.182518870412796,0.008832402570034743,72.7140203473617,3.43648874140962,4,0,97.87789938036524,0
76.76904004485705,75.36798975074876,80.22992596801278,145,7.561885679283241,333.02712908457914,0.604791778522096,11.094218667317367,74.11836649992001,61,14,47.496540996757986,1
7.801812572697879,28.741741942810442,12.088284690279211,0,64.01385879738372,25.983879749653433,0.014860375222166784,121.01217722331519,1.4241101405768586,1,1,97.20040945113823,0
16.849791658735903,44.03722219036293,9.42755077007822,3,161.57083997089552,69.2072970246769,0.037757895566219814,98.16635926168473,8.815887639973717,1,0,97.97179053031196,0
28.287060659139623,66.22132822913127,56.704857491056515,6,164.69720824154928,77.00298491923257,0.017737365073718366,191.3378553475178,4.00732356768367,4,1,95.88872163785736,0
39.27894665877979,65.27281353692449,14.898486814235051,4,159.11032471289334,42.32640113792729,0.013033014093285028,57.60986610924828,1.1720202992196094,4,1,97.84004426569557,0
39.01675711081812,10.34785998399942,10.33204744423982,8,160.19278488381974,32.69702971393883,0.04667028538546057,65.96650759322878,6.567983546110591,1,1,96.05895197387018,0
34.32128413548899,29.913906602568836,27.038207721402557,1,62.458588148205585,51.69675768142941,0.006183131833327982,199.55205571180417,2.5225648550087487,1,1,97.0966337911826,0
34.807212901513665,56.76193420559286,24.652886542614002,9,143.37516910598305,8.361589720926283,0.025680989739012422,50.51920971534699,0.7500127217881436,1,0,96.43645710263911,0
95.1512478504498,89.29438536286072,80.81059996762754,96,9.24267132711762,282.63192425401195,0.26638127783713994,3.393965703868378,91.54123150301344,76,26,23.566325873637943,1
5.470570982152285,22.648257960195153,15.356160643478978,5,171.99598502425613,11.114291739235751,0.014090423474362252,158.6288339352821,8.02510828065211,2,1,98.55749421415611,0
76.34889775882296,95.2417179199725,99.66802209662661,35,26.871826938955003,158.86224131078194,0.6722388544333519,3.6321662630311877,85.12170196907557,39,14,16.011819420268083,1
45.282057231194045,28.459253331857344,52.987353520191895,0,70.62432843972834,22.034568050859473,0.02090286680994846,115.8360182665204,9.889635237243779,4,1,98.8903400319022,0
56.682124407616726,13.017966015710712,30.395901943843278,3,183.40625806808683,76.91959222556571,0.0011781685679375766,89.5502565355715,0.044108447693629316,0,0,98.47409908733907,0
7.397263700162284,26.815239807805945,23.07089429534257,5,84.07559974045591,21.298905887696826,0.0423221303692147,145.56515987823684,6.889942651416167,4,0,96.20998500163947,0
6.3149033121219595,17.197333735890457,24.999034167768976,7,172.67517753244158,6.7060970624265925,0.04106023387909203,108.01718055797367,2.6461196084028415,3,1,99.17190054344732,0
94.6347215857758,83.50447524629332,91.7933128189681,41,12.397533606797008,348.1899695087928,0.2606501411023043,7.155463680329141,84.30292821099155,50,40,32.75359312812164,1
31.49241138518806,61.47617605245122,40.034462221001114,8,115.15962718795795,10.128927407822015,0.015795300476850245,117.96557842017913,1.225109083013629,2,1,99.47967448840332,0
47.25864871793108,66.54810041862703,40.126719001511574,6,111.79185153924621,72.15335680016149,0.01664038307796085,125.3183320875014,3.8338317747045334,1,1,97.7694897704704,0
29.134739493265254,37.03593883959931,45.08247548662797,8,193.57298819627783,72.87677769599253,0.033649942460668957,140.37878754617668,7.935343833249115,3,0,95.55443610531168,0
8.534445958590325,53.8933526760957,5.057289064113911,6,125.80650376813131,48.08370330332196,0.01327438809475854,150.55669899800054,4.422660199711318,0,1,96.54792840533827,0
92.99995411377614,77.41065473934889,81.83281304269315,86,14.603117628869793,276.9206880390402,0.19744426907453982,24.259704216617124,66.08111634849116,12,17,23.387557389569896,1
31.67550444171399,35.28423634998167,14.828155912025997,7,65.00390383270386,48.888127938060265,0.016375076472560597,168.58786705560908,6.077814950916522,3,0,96.68379895427839,0
84.09921732018394,84.27985055234423,85.30505570475026,132,10.651223650980228,142.63249383522657,0.5897639896287709,12.941002315913881,76.82418418310492,73,22,73.24740792086735,1
80.95293156061653,72.23559089944506,96.46418344281548,33,12.07871852994991,218.4787374762311,0.7982122463337511,1.43111643195859,66.45342785038623,24,5,49.446797678379056,1
83.2547917540571,99.78685683048336,95.41753802458844,185,5.9712496129402135,427.38235350193446,0.7757506034042835,7.465792418504428,87.6060569767897,45,17,20.390770033832574,1
41.964182659027976,68.59560925411161,5.761277760628911,1,82.92242977787907,27.54018141787962,0.03588703233694384,121.38089825788121,8.859482980981104,2,1,96.59742932090953,0
85.52772661677733,84.47044791848464,89.68572045537408,71,6.014261846015152,423.44271800891505,0.1555516299676823,19.922979557437884,88.424606994165,11,30,45.52028490885428,1
31.998133743215107,37.9940931631413,36.45720445993384,7,145.00654106498905,45.0476754385853,0.03896894487913663,172.93327734724878,4.277942406999769,2,0,98.34157580664372,0
46.630664310827505,37.35172536670174,12.965517794359407,7,179.12917742023467,64.26711741062043,0.03566339296959042,147.42099449291803,9.497486002641896,4,0,99.99912670074708,0
56.028076651572036,60.76791014939689,14.125128772963551,8,92.96445994360462,56.39918325329453,0.04365495689276657,59.18532162814705,9.34751660729391,2,1,97.05122353402747,0
90.0048879474515,83.39497411081899,83.11869336670951,131,17.106236823239595,354.60596257494353,0.36248920301203674,28.154051738567574,96.60785233279515,75,41,12.24414541944925,1
92.55453343004494,83.79067315269967,85.6745365611154,71,21.930245413669912,392.91934706249776,0.29521934940072114,28.046998213519597,60.00752807818905,24,16,24.155637245754715,1
84.59011195154423,85.34938409891157,83.46127633532254,77,13.531348436174339,158.38341003694086,0.6363696951269765,5.057372629875585,49.69197500853645,94,48,33.69068472566772,1
91.44834190099428,87.64675483717039,89.2849871327377,20,15.076962955297958,129.46337787185706,0.1340453445623686,13.302607341992903,22.89581187830621,49,22,83.9993080621273,1
20.118663005424047,42.26517434776213,35.422199379886656,5,74.47849495966797,11.128023280262134,0.01419585531999067,139.65029946339973,3.0334766728020837,2,1,98.06778833294557,0
34.735564527148995,42.385876279227425,42.32014768933824,4,64.04315335884225,54.47229001097129,0.034002988097404784,191.82597028561293,9.316014898936887,2,1,98.90549002483658,0
49.7694292641919,47.022988059804725,7.689651930951916,7,108.8603190338696,68.58857839746493,0.04830377540609812,87.00220776070915,3.9557355105494385,4,1,99.64187774065647,0
77.23080952009973,78.7836127535153,85.2470313770891,101,10.204789775843011,479.13058386270893,0.4057220664206022,11.103230744958083,32.08932602635983,63,38,69.86774185241502,1
50.73536194400384,32.400789309502855,37.287896273404414,5,184.35708097350158,16.484772488987964,0.04065344135580687,71.28183703950113,0.8197986043098726,4,1,98.0819228806453,0
44.391170052690526,60.142575826622895,48.514035348147885,1,132.38923327302956,69.57817043135195,0.009835339959720963,86.48688408596911,7.0134236098893386,0,1,95.84127930793751,0
13.813293700007966,26.25297103677991,32.40080309485816,8,70.21664843153746,51.682725184013,0.01879081959982039,110.5838641952797,1.7662157975958959,2,0,99.46017510114308,0
47.54280614682805,11.71336798680274,54.56115785259129,7,110.67178016215482,1.1548675675244957,0.014191600072450405,124.80465106398088,4.88844793455415,2,0,97.56141077540991,0
94.68151979073414,97.43272709470875,88.06316758213083,59,14.147139024988086,110.95935889182033,0.5537435742622921,11.621911922055357,27.082634550468626,87,45,68.205414388172,1
40.66476899319663,10.636978815923218,55.97694433092411,5,65.4471441883654,37.79700161102216,0.008145345060301212,191.71153711930947,0.8456303829397738,4,0,95.74285323814337,0
34.31116249712993,61.013018456151116,31.33549161273377,6,84.58240539150512,10.404716657815051,0.011023246705999518,155.1881189986428,3.9669687860025125,4,0,97.86421554076523,0
71.54145025221908,79.00462852192851,88.28918337418565,177,17.062782011802376,321.29295817182407,0.13213493256326764,26.44015001729113,38.55540424749984,75,40,87.83067067914014,1
23.885694740679902,17.455927652182,35.04781447806231,8,108.70548926942227,16.312395684605725,0.017422930130183877,109.07026120774182,6.711670221124749,4,1,98.25521877600654,0
89.19180280293125,92.07399501766747,80.99245681908448,164,22.229929185727038,148.648080648355,0.7253607376027852,25.234819606315344,16.81277066948683,54,45,48.78835146054901,1
71.43028332537034,80.67536204973773,92.47958584201884,175,16.896517221472607,156.70944641328356,0.15446808989428712,26.174589800096776,25.407789999102,11,43,53.542471417176,1
51.05026044539071,16.215272489683038,21.802709220364974,6,148.54010542425465,62.77781579158798,0.01030537109060995,173.95401944399407,2.451169953404171,3,0,95.03793826373732,0
44.562602873301515,65.80306968581418,14.516790148501572,1,105.09233442882648,56.88773535243125,0.013443586058678354,153.63325171962626,1.195899707544964,3,0,99.63233485363075,0
14.2904879933789,53.03059196010453,49.09970783517382,9,97.08433739918398,68.54622175536555,0.040325907002626074,173.78644236121812,5.138625335159231,4,0,96.91702960833962,0
54.42987326296163,43.17797581980857,27.550246698684973,7,81.57287633136102,40.49342442096618,0.011869823651018142,125.51334214105383,6.29811980958447,1,0,97.66404502596176,0
22.32997601244907,37.93456727524482,8.281526924044428,7,149.3872513329704,78.96289970521681,0.009167971057905334,96.3947027609735,8.856880279327795,1,0,96.68291412535638,0
33.31886696169819,31.75123609683977,19.543210832969258,6,197.10372216864184,64.88113221731399,0.03197425194798886,167.83043480515693,4.006189576161143,2,1,97.32689189983589,0
32.8812807581953,64.52813301436859,30.813457076673156,2,149.60070138619534,70.12274325955818,0.026936056685032586,120.16990739441013,8.468235097385952,3,1,99.1739397826404,0
19.334380218543306,38.72459435886853,55.279681118697155,0,128.39739110207273,62.258121874084274,0.019511246460448467,141.39548392534982,0.19777886053581772,3,0,99.2882909878266,0
68.82856875981618,97.78883865178051,96.33205309315416,108,12.084901019341544,429.75156977744075,0.670720014104633,24.722137224067104,17.455358749619307,33,33,62.42665626927203,1
41.10526297556495,14.323837040940571,54.51807325893884,2,136.80807746147872,54.64287112863976,0.012362089818860462,134.20948910610497,7.548268631895554,4,0,97.12942212263252,0
98.2232920616672,86.37379644799027,90.31365154171854,101,25.356776117942776,222.8292537679569,0.34643567567234396,24.576695669025217,95.87805471037872,13,44,19.822245594427816,1
13.718044541996269,21.075941691465218,23.68351835483157,8,123.09694003758153,35.99955995058883,0.03229260409374993,184.25486521514657,5.8119665890576275,1,1,99.58239757840731,0
6.922727569888452,59.42470720277255,7.805953535952424,3,191.2465129367937,38.03262170519824,0.00993276377075706,143.6336239627214,4.060999491683129,4,0,97.38703545482815,0
27.464246374859606,66.12490312645997,45.91201463183861,6,81.23315325099016,36.2390990929603,0.033293992925622774,81.5349729203686,4.230567863729523,4,1,98.4920527656192,0
10.569318098832227,31.18640167850955,15.105189354475595,1,148.12497652245088,2.715769476968262,0.005358720661196321,182.87201222439882,7.9850576266307005,2,0,96.33134635753677,0
85.5155257738142,77.05982692421378,92.81661371944723,65,17.17735244719151,496.9106615463854,0.5791212600282432,23.75055627606937,70.26794846749831,13,5,49.67036713914762,1
33.720093503262014,52.84041712699743,44.07109233430315,9,185.84492625314263,2.0451371865219885,0.0009798087651138822,169.96143447733903,3.9312252959771907,1,1,95.39999738473443,0
12.65879874045913,69.7299559509908,21.08883737412696,2,175.01235292347076,78.33569941797136,0.023318455622674164,166.29998285957458,9.408743420163233,3,1,97.9359886726801,0
53.653526124393345,29.435413904515265,54.64449095950979,1,51.85735902784959,73.6866113869254,0.04793338609799853,74.2792769231842,3.998798214692653,1,1,95.9583014374279,0
80.14144124106116,93.58160773982664,98.23209916799934,137,25.540744438060624,330.8121967889125,0.6266958883912249,27.730665401372256,85.63475324225429,80,9,35.97779051181639,1
11.007338687129609,30.778508383392726,24.83535122688588,7,85.75168260644139,7.199090188320422,0.047430279596320735,90.65315176296863,0.5574688720561327,1,0,95.34288409169154,0
68.64401639681648,75.72497182204258,95.35824455239155,75,9.914463220328226,335.7006503595199,0.6943032976492691,1.4714905826602553,89.51498834536862,89,40,56.897372285126416,1
94.83344948286496,98.50019728099169,89.77426720036227,171,12.110622091303968,181.5043429070302,0.4196549589049984,13.028489903010803,76.63989917421601,95,20,82.40077352010955,1
6.816678619769071,10.944541167230671,34.24205534936082,8,102.41679020518154,41.07732158312689,0.0013068555767577596,92.90388226893654,8.64531708058925,1,0,95.42697503557311,0
16.432819197022937,58.555015327875836,22.36763751086733,7,65.32234298325785,53.57257487394014,0.018796264630272258,96.57132563208745,3.9928420487317915,4,0,95.78387768461592,0
42.2962237255958,59.809926892257494,16.615419059027516,1,103.41628266185273,34.60972009988946,0.03701666667611799,71.4013578246586,7.921129080629539,1,1,96.58899440489111,0
7.8414294381617236,44.38474092057387,14.3207101879873,2,144.38359868791014,12.875315268118381,0.019926963076474402,186.01253900434187,0.025253458087278746,2,1,99.7233780637586,0
15.860792619689327,38.12755998839688,22.3826022914113,4,185.44676405904687,8.528959303511229,0.0003481976974974377,79.09907305081538,9.283422655692593,3,1,96.05248873185626,0
44.11629539666817,60.00883098814537,7.299207649753909,7,167.8718018063641,9.367741282875992,0.031102257756904752,122.77311228891755,5.256923695756046,2,1,98.1696491491524,0
51.23025926992001,42.11407555096776,27.25432009597966,9,141.95445938435415,3.6350123607831306,0.047088524543822195,172.26760044825375,2.398851506907241,4,0,97.64798191759573,0
29.448198427691107,14.769766711552794,58.524205838754476,0,166.48851355348359,71.6382841214865,0.029804476526174323,138.94276027661553,9.25194093563561,0,1,99.86529481473937,0
58.72575058300782,34.56501538692946,12.797687356758672,4,87.64245996171545,47.90840067150866,0.04966194536265106,101.86931829904488,1.981887611492843,3,1,99.78611466773712,0
59.91259069835734,32.278202062619556,37.14243354154646,0,124.27789513596261,13.187702793799406,0.03994177567832515,136.36228562343297,0.6784875006011759,3,1,96.55504531728141,0
5.633315973197183,41.840307122815545,25.220963916166657,1,184.24445186830707,61.21117397180595,0.001037571971104845,104.49412188153282,8.267792927145031,2,1,99.773458723778,0
43.34969574336918,26.945078882834597,24.039230284514012,1,119.52785353767827,39.188901544538254,0.0459243949978026,189.1355191844297,4.7500092151959485,1,1,98.67806490402947,0
72.62912494441379,82.71013833250576,92.62629341202343,155,11.627004543118261,290.81306999966347,0.2399958384953806,22.04170716461596,89.32432695448024,17,30,63.75016524989091,1
97.62151911146736,88.12984567609116,88.05486896342926,61,19.97855837274876,340.43168209330685,0.4853159242426432,24.615020993805008,69.68280435214001,80,11,50.16215615966928,1
9.605457893960558,10.59616269700022,12.362246407553346,7,159.43388368707065,3.6402782218603247,0.029718262033925014,158.17448194523865,8.614751233402371,2,0,99.34071136480446,0
20.08305792664796,50.85854845029179,47.991451976419,0,123.05064361862976,4.919619471370202,0.018505738290202706,88.1151318765963,0.9396934741343277,0,1,97.34471382052467,0
78.09541827638378,99.2383698161782,86.12024282262709,159,12.220109640083272,165.31265764412902,0.09922839876342686,10.288207103907512,68.8913485456038,12,41,39.53623347747778,1
44.234785258216085,36.5659498278142,47.382296060537236,8,183.25384908139867,78.76220558123391,0.027180615772828626,64.2007522328747,6.060497833150807,2,1,97.10115227497522,0
57.12157498602839,34.65852967459145,18.536133970879025,2,195.73155643458438,17.098074535825543,0.036479263565480646,47.678107039866084,7.508712256681078,3,0,98.61639183012574,0
15.67485757582168,47.53245852199237,45.115333454266306,4,117.02182650065599,36.47600713067524,0.04888073097280349,64.46936055681184,1.5042792366458624,3,0,98.73690192082265,0
35.603648412788104,31.077338446471718,59.88766392098424,8,140.9374814931423,53.57277819136404,0.019167754646035637,165.68943828364888,8.030436643620341,2,0,96.17152610731732,0
7.5191055927467705,26.907496098199104,45.30332817096419,9,197.19453395159601,22.833408232515186,0.024061998268828818,134.97572889010408,6.146948231295859,3,1,97.245583829998,0
95.64867837702374,83.45084434723107,80.83257653172178,199,19.790334129123373,133.97476148467354,0.4012559313480299,3.553848779660951,62.374613276765615,72,18,76.00208907859165,1
99.67352907619448,85.20994511006145,96.5246121744723,101,27.938767858762628,139.16690164966673,0.6036467316081271,19.85713531954267,41.60871220128236,91,9,26.881488684297373,1
47.06850324522763,51.33666516286832,34.077296074440696,2,176.01135132605316,66.54634591432391,0.00578193127581762,91.71403257437083,8.980837776862828,0,1,95.87723257249704,0
42.06167858918026,42.489706673183115,34.854141006034155,0,53.26116369692679,49.30631013505348,0.02537013934539898,100.24410450950003,2.040247029330634,2,0,97.14373107224746,0
66.80256836133745,73.3769656837805,92.15227237881078,189,11.88796061518797,443.0449683479724,0.18695465954272217,14.605067869437466,63.47171199888562,19,8,54.496112559192554,1
15.754001880220992,69.22896184914596,31.47725128516219,7,188.0460002157937,78.34599811328212,0.029851410112504518,53.192112283958366,7.743980159935888,2,1,96.67288698206887,0
74.35764813232343,88.63050530324195,85.58671640713575,143,25.563928759167396,142.06541398503322,0.2420488189803789,27.667742745719906,92.41473573965423,11,17,57.85375322166198,1
91.18730032771059,72.39169485613363,81.8833309863322,126,22.544633725746696,223.40758180375323,0.20867118281156793,13.454614478228917,79.83451326361978,55,36,4.350972308886345,1
9.968011668721168,33.63893857685661,43.13141490986062,0,93.9518758224085,16.362518800117776,0.031589880055481454,162.28546553158614,4.332805707092797,1,0,99.26151748546252,0
27.456752877947448,57.96661970706467,37.12255061881003,3,150.62864193421996,67.40339226346435,0.030450070237146683,56.738006870145,0.3048234177582254,1,0,97.77418397938965,0
54.954252053532535,69.12560788189104,59.90924494066121,6,66.18174853029103,55.05003653284098,0.047157317381230114,104.98411107490878,1.5332117771083387,3,1,95.36241485754918,0
28.310448186318304,48.94599553944139,10.094520552246134,6,152.10058946220508,78.80618445272027,0.014762889740512992,106.1087828579022,9.833460432703806,4,0,99.52501513268886,0
88.30221746131726,97.50734489086999,86.43356420632563,192,27.209546959517755,167.68042795895593,0.74687157444123,8.71778656489523,80.07193323710537,42,19,63.66639386732236,1
64.69749990506408,90.85639100398389,85.90220687311955,23,11.644100700280125,232.83890198391128,0.3987617144509383,22.629286327362674,14.553583111418963,89,40,70.32824776854267,1
24.381888888410444,12.42280887621977,20.8105143677777,0,118.8984587094877,19.96831273711156,0.01771312797194924,87.44832729251279,5.288427011658817,0,0,97.56258649549801,0
68.72781273642487,86.50916560879963,90.64313639601707,67,20.529273508099713,193.3956003948818,0.5467615915328724,29.229821489529904,99.11809731117322,70,35,65.04001053470483,1
61.20967916739716,77.07704333735526,99.08430360634132,131,18.887065670228345,438.88461884423185,0.541759118342162,29.852104275883224,98.06109869364458,66,42,21.324529618366522,1
37.55877242005042,27.22355533129281,7.515722348899215,1,177.8927139205423,18.08129848415621,0.04742665985677674,40.22220170793272,5.044225506978366,2,0,96.26013813453899,0
66.26620291482888,86.69090118446307,85.624092582132,48,29.59111460045315,350.1698169575875,0.5615866670284909,10.744375796422485,44.95292535532214,15,33,75.8447327244232,1
94.25246011198244,88.08671823442029,88.9121266976189,177,19.23036753968951,383.53628486787443,0.7426087461925868,12.606109383246855,21.792424041971472,77,34,25.19492546062133,1
52.78439336004102,11.099858799570036,36.070275920671605,6,117.38216608038388,46.949424124118174,0.02338118641765043,54.540576744828414,0.46107682424205376,1,1,99.89969622387872,0
42.60989454202548,51.337248148549975,32.686960048333376,0,78.0783543835684,5.541862442578684,0.02997143411792342,128.40016677646986,4.6484187166491715,1,0,97.31722123343158,0
71.77654271710095,96.0947516131779,93.83480402606384,150,16.96057703599249,467.7954475976248,0.05862512656725531,9.924232959989286,61.848717905918264,65,23,7.309545479248682,1
35.73906129339471,15.316952732576958,17.28427421975644,4,156.72121015865144,68.84983316051567,0.015648211885996306,168.40464845559862,3.5052987975791083,4,1,98.32604019462862,0
73.6974642176205,96.60741932256846,89.73615090054632,112,12.989527455765515,285.6722432625936,0.2803322942858717,24.618253118469,54.244960484466745,39,41,85.25400435586982,1
93.8332867152599,89.8827207779677,99.4908582576271,198,16.320426212717205,286.31382916053934,0.3431321155443401,9.559207467092842,83.93826662509339,45,42,25.44828501905186,1
28.32447459923273,27.78962998403469,18.635147298554354,7,69.15760989296179,24.49200747175677,0.021435408877172008,195.3870521723903,2.735357692445067,2,1,99.61382077644645,0
20.313546110897263,61.21460274819841,23.603634821396064,2,116.78282590483892,22.499338175084546,0.027764450152088494,97.24314368125107,2.833835881629695,2,1,99.53231915794537,0
40.82406314404528,19.753465918054737,52.392885126980104,3,131.5587229865475,17.362178684392948,0.026471849837865276,132.44513091527705,1.4643876034672731,0,0,98.20677224088315,0
60.264314462960954,84.61877680669915,84.23660491009794,66,8.73312040989132,216.33317802642438,0.6175962087630422,19.979589340014222,38.1778800186668,36,34,73.10125244991188,1
50.93835579395441,43.30809210867634,17.055292902733786,9,186.14845352763444,31.45248005761887,0.012800340524730053,122.93688203082732,8.388763448631632,1,1,97.68957043272417,0
76.2562833357528,75.40915308790498,85.56944891917581,127,22.589861869116017,408.3572389707752,0.48039496135589127,25.18806270334798,65.90982812586057,96,49,2.6552953945040447,1
93.68133090184345,96.81130559542063,87.47240452138323,177,27.754680797807893,117.50780473870174,0.7006664142512478,28.69856595170862,24.77570641653729,93,40,41.79245877277634,1
90.88002624937016,77.63693567003557,85.63739871008428,95,2.050898019408172,398.3168235564061,0.7053831721809535,5.306893545961527,27.128207179212485,27,33,60.118660617296165,1
24.64073192534438,11.399254411082794,39.0676568613741,6,113.7060429953172,66.29844756186978,0.01264136219695386,183.59996938353802,3.2275575973259074,2,0,97.904578499108,0
63.80504811935569,73.18797925765068,86.06929377163868,136,20.612947305465866,260.2749107150101,0.5095164890717888,11.877556595323885,23.933428462207385,24,43,26.34995673006054,1
40.77689288260413,17.987595248503546,34.08809980601714,6,157.98030684625422,29.984517941865732,0.0024777207295358875,154.18829933667155,3.1941444646314854,0,0,95.11682006671404,0
13.454478806941589,46.96710664310943,9.086593110023877,8,92.59145084214197,57.80406883638282,0.012290071650262536,179.42644343109106,1.2047621285034182,3,1,97.94234359455075,0
17.526237606678748,63.42586968195381,58.15682523422071,3,112.81596947200558,38.44328745838887,0.015157262401428624,43.415481671578426,4.513342567145637,0,0,96.15069051394299,0
60.63208303087385,78.3412430408021,92.63170609486507,135,23.35105004675252,447.5444458441398,0.621134303010781,10.09033029148496,24.531284542308867,42,29,24.26068766571838,1
69.8140004348488,84.13540715337284,98.46863312593645,98,25.54552939524856,212.79470470414776,0.7068173689489043,9.254365033300775,93.85584734796049,70,43,65.96282487125731,1
41.332323030462646,48.43515585675423,54.790876668513896,6,126.9717033949189,61.01019614236889,0.02217365575253128,144.92306925798988,1.1886397617657463,2,0,97.6824476308192,0
35.16070675513474,28.99607967887484,52.81247214303674,6,148.04802702711902,22.034784595903957,0.03465767765949389,64.24902869036565,3.658323742569701,3,1,97.07018419596253,0
96.74994589205315,99.81616627607875,82.2413188266902,127,6.703839253624569,176.94164276193843,0.36472241841536307,28.174651132984014,48.1799798550706,43,22,79.79294649722446,1
46.09309653865182,53.87652348830966,46.46376340041999,3,125.38409281579202,51.62825201812432,0.03867782757637122,148.10228012694617,2.8189797644113535,2,1,95.76805277118655,0
16.05208959239925,61.77398039637824,31.06123997358314,1,109.2232937900616,20.353195470721683,0.007222582783683757,45.46706399126965,9.009399961176179,0,0,97.35983303961784,0
91.78839546473677,70.8255071793426,83.22343586272797,146,27.562521584730053,86.66002844648604,0.08803466053319604,24.757487988958253,62.21958709264613,55,45,53.974507561406064,1
70.86726866498232,83.92340703875435,99.0151123214466,92,10.924807296044202,269.25407692228873,0.7657221751039881,18.55860798061829,39.661005984209766,68,28,55.97868798352402,1
23.986956593886266,44.115149044335176,43.48754149532263,3,149.56970513257926,41.723566551792366,0.01749553565164939,113.5859368669961,9.400417913693731,2,1,95.48409290112023,0
47.67124291539083,28.018553387993958,38.82498325636633,6,197.17032606350548,46.43030837159179,0.03712661587361887,40.417768486333365,6.261209311524347,1,0,99.77745503471277,0
54.94430213819336,38.749396231950044,41.51264739051485,7,93.66795033462796,19.447981778386684,0.026420743415773197,50.373303518888676,7.644645669100529,1,0,95.4739425588017,0
39.89417999201773,31.783815157786997,52.03108700087368,2,184.5689326880478,13.161755214258838,0.009136979927395057,155.22819007826405,3.9621887156682387,2,0,97.09802234233831,0
5.001986556075944,48.21641605403353,13.408408819104645,1,127.83620116646473,75.51745683299497,0.01536682058197576,191.44266096299492,5.375122348750924,0,0,99.29949974470685,0
8.626951443149185,11.416105531794434,21.86751374054,1,109.17208834991123,55.42086836458534,0.038051408799588994,63.99920487320435,0.699518258305587,2,0,99.11285188866869,0
11.73290499851697,23.941325436673534,14.06338332543037,7,157.12677030983303,54.95592382137578,0.006993247690885152,165.27429989227764,1.0770615966523,4,1,96.47191562499356,0
52.275541017426775,21.04945199101613,25.550047953491404,3,145.09949348140685,36.75317278978134,0.03978772881566899,159.50659207933563,7.597428593973165,0,1,96.55211673065301,0
18.506105904814852,28.427373324033756,56.14514639232001,2,106.36682711383386,72.84422958392669,0.019594874736459125,61.2700228361831,5.724431728000474,3,1,97.168468613766,0
43.42459236797962,42.647191915923315,33.880220206313595,5,191.8666001140715,13.2021888840445,0.04782651058752113,180.51610085994255,8.668913206491467,0,1,99.33585850394547,0
47.1124115643167,58.0208472673384,26.40998989847775,8,76.52315235124274,67.66482743975888,0.03327853265469859,64.8966579774902,3.7852121701919117,4,0,96.4697380743189,0
13.856938390702545,19.106948408167383,41.36960203950078,3,53.63374683038707,39.930419052072516,0.03319898680428473,64.98829119524133,1.1496965599362452,3,0,95.98830353118066,0
42.88069055140597,64.96326928652722,15.904659561400788,5,60.1432984742348,35.81365479887088,0.015419817176553647,69.53679116209975,4.189620281137339,0,1,96.24262524746403,0
81.82484418220231,88.5792221416198,90.9394798096847,187,13.637222483645434,192.63987075886212,0.514403435563913,6.003281620836854,53.30372341243301,11,30,89.07251747362861,1
58.46347280009304,55.53587913755373,32.25023081328467,8,193.21096579304205,67.95205027832206,0.008984821540821404,196.42836368336413,9.956686426567009,0,1,98.27387704043703,0
59.50742689516976,54.269717411693485,40.69381632428676,4,76.91379614885534,55.59124440118509,0.04701940226921271,119.39657423611486,9.39792562679464,4,0,98.0956361689028,0
35.11767511921573,30.629843678482708,34.146100296999684,9,102.60781548378678,33.91777767336649,0.014878937201825156,147.47958567025898,4.003790448889179,4,0,99.43250884097188,0
53.584310987480826,43.70817572747465,48.099974237693615,3,120.80118253569688,58.62237036663086,0.04134917043643428,134.25344415914927,2.3860189260745477,4,0,97.38561060550053,0
39.27633656531084,53.90681113993796,21.19279205810147,5,119.663933293559,59.745117125694804,0.044806967821749866,199.56286561620573,4.453409282114798,4,1,95.68840310087714,0
40.08779923467151,18.363055301378957,11.4465817404058,0,52.810346713549514,77.20859165550033,0.04937337870754384,181.7716644076869,9.62788134583705,1,1,96.87245042947836,0
62.66602135437968,86.26599777918527,80.70352800458862,174,24.969026982152407,406.90042395091234,0.27403933542338793,12.021168236536042,32.40220785061862,95,14,5.007897675692138,1
50.636102971312305,18.88754271240966,50.12554647671325,4,151.6927779673301,34.98629474789037,0.004235581022435919,145.54841192992825,4.317818673725959,2,1,97.98697499182863,0
11.269516183487571,28.568403806436915,45.15068259984695,2,124.50980189917118,19.00029647475564,0.016764412078653475,151.54374261714293,1.601158464649044,4,1,98.97687698360978,0
33.890274974453575,55.638378825112085,24.08630539122821,6,61.466478000548584,60.396196129919886,0.027408818598359017,167.8793224505635,2.2243729450920178,1,1,97.02167323059413,0
32.70363398448789,16.662850601797878,7.555943018296512,4,65.666986363532,61.54028521642585,0.03193870173748398,62.370181449517084,1.999877347727086,1,0,95.16958613697034,0
11.290945909117898,18.02259313640824,14.933103733559731,1,73.81598364309652,65.62165188127247,0.024268788248512637,113.95692810911036,3.1063016720883896,4,0,97.39797217854024,0
27.165147046792676,63.4921668733462,37.6181219274456,5,169.3281228100655,74.1573034811609,0.04308820833835026,191.13755665891483,5.1029199736664745,1,0,98.53990974321967,0
21.28286873399019,16.325204543106295,8.990597927177511,6,67.43665879643125,10.18020162542658,0.042654365702921845,148.4481128110817,1.806670678366491,2,0,96.95171527122652,0
55.33042838040074,23.127442879267214,39.65884108944487,5,190.2279329743085,22.818117234779876,0.024737197845110803,57.54952222194696,2.556318837895215,3,1,97.4755170045461,0
95.35493972300573,96.27672394681358,88.5578570028829,174,15.02230289851157,354.7016122037562,0.3227755721490031,22.44817658211573,41.09852782118443,66,34,65.58013666198858,1
29.525494181627597,64.33270731969884,21.888045941489715,8,62.48851346988905,29.322644714170305,0.04183684999503024,128.26682796662493,0.13500747131784951,4,1,95.63747723385309,0
53.92182173875648,18.170535803301814,18.428604783205994,7,117.76261103473892,41.71889980871019,0.03008061646968313,118.38615073935613,4.566988320821914,4,1,95.55631426013481,0
6.667337707744034,66.60588007612529,24.370124315093072,0,169.03966861656497,6.905027304323492,0.012208503181483078,72.78618554644078,9.117667818232508,3,0,99.77249265412627,0
16.638179343633713,12.626961877938896,13.872160987615253,5,186.2133287890433,31.39062173744581,0.043152728368398285,160.22545140061328,0.4648529502656529,1,1,96.6283720935763,0
46.174299794875054,42.90335907271419,44.02897416924363,0,63.44359595464409,58.34821259876155,0.04688685782667917,118.79722076155755,8.480207572757292,1,1,97.3651222263032,0
59.63382300570677,37.27629359709695,54.89075910083126,4,67.39205628339079,24.220484238811455,0.02705744496565561,87.81030611664902,9.21522851317332,3,0,95.3743411993701,0
88.34190844759885,97.86799213265662,82.7300648922267,63,27.54521100358527,387.78190354994206,0.6708111578240171,6.447773954066309,78.25615576128621,14,30,45.15097454095387,1
31.08473039357437,68.1923204773892,49.1176843416185,3,191.02249583005514,68.02481650399578,0.03050740696889725,166.19560801080536,0.34790790837408214,2,0,96.03810810450004,0
66.2487296977793,89.57374682745991,87.39185596398721,142,19.708780534835746,117.23044879758407,0.4365004513060974,15.199450717947704,51.80237386605862,22,42,36.44643871369974,1
51.74205561574376,36.17883405630228,49.61889699511063,4,192.02469684958024,43.92086977642541,0.03471243889173612,53.96589731214418,2.1383575096512986,0,0,98.58873759563018,0
34.34210291221305,44.70471465615664,50.7607858871881,5,61.96558309528948,26.102275547899215,0.006352239660665571,174.19873099653034,7.84344821863599,4,1,98.34810907070204,0
42.381044842167846,42.75666019684268,11.112297575252349,9,52.367392011163915,16.852115196765286,0.025963224853153978,40.809882309217556,9.535253038917842,1,0,95.12374139831668,0
83.79183907742234,92.12626353751867,90.68304137755527,180,15.003342706172468,99.15331749323278,0.5855247949393702,23.494675372994454,25.85236527317248,19,29,67.84418011966038,1
22.436101788679967,27.926384438784503,24.55176598663393,7,120.33331098357313,45.485767337994034,0.02322797845404402,50.80544724183498,0.03228207266222749,4,1,95.90297693159393,0
52.865308196824564,21.17084458468683,49.94863341915227,8,166.04674128815893,25.058271938601806,0.008638537237089506,99.6555340081256,1.9281744189425998,0,0,99.78619109271472,0
86.28993865791983,86.28626505562816,96.57046397975802,57,4.933888743598182,88.34279598456241,0.49995241160416887,4.7583382815508015,89.46633303238637,31,34,21.930898769805843,1
38.69713067064339,65.85265149006742,20.43290504982594,2,135.22812733005225,36.49114183670661,0.02414453054342108,99.63245629501627,9.669075082522774,4,0,96.74308233853128,0
41.97701936987963,15.821130125527604,22.425135270322627,9,144.6698419557828,23.70651501120419,0.027017852832853403,89.64820368496757,5.120588213035308,1,0,99.29829786253667,0
39.80070687308335,50.5843834961319,37.48026638745641,4,160.80594121645512,13.414608591494451,0.047690284166752715,117.05567312760296,0.14258667746930853,0,1,95.58887206762809,0
65.14299511893924,78.58603034958291,84.45687429298732,140,21.76117593048529,327.3380596532753,0.34405281603386484,15.498906613241623,25.852119819157217,52,27,6.355148419646759,1
22.65788730246565,60.34590302850925,23.02748186287301,0,179.5114635621032,41.835668991938945,0.016376970209695158,141.85471641502173,3.784480005646632,3,1,97.84173868298652,0
16.43830220591591,46.62678233139447,49.12699867960376,6,93.88715727458819,42.75816262420183,0.04923973374606313,192.4322055276796,3.1925473472229013,4,0,99.85181549386499,0
80.91719926203633,73.99236007850905,89.63125539507067,92,14.683088323696964,168.82524522722196,0.15246045273866432,3.2628022846568605,56.40379953477894,49,41,6.674012758398115,1
14.269247257841547,66.98826242395772,17.08803136076414,3,95.2966919050597,40.23656045777065,0.047689161570056635,119.49613969023804,5.10857467792394,1,1,98.36836424605464,0
36.57971132240215,41.491634018707096,32.239782703194535,1,60.37295920886939,68.73254351008077,0.03596015747916255,150.69373579369466,8.549143950124929,2,0,97.88684481391506,0
66.2824709270833,93.76559818195554,81.37064631956193,191,24.53130812824788,465.1905742684742,0.7629972588157196,21.422953621705723,76.9490329179041,92,9,66.59586589808157,1
19.045137691194036,30.048609294515625,8.109193478525443,7,192.85017405666562,55.040878915781654,0.0041494483776292335,79.60726075711918,4.992273819351128,1,0,96.1756295561244,0
60.64520366047466,71.43628401143485,95.65410727072938,168,14.20687961476677,424.17832478633505,0.5620631960583518,4.4344171115760895,20.82623720847652,37,16,75.81134853579388,1
76.09270551024804,80.15490837651883,94.40845114015458,54,22.465818285256077,273.39166494468003,0.29994795641132777,3.390973910152164,11.412912209909377,58,12,76.37806552040776,1
15.372656349742398,29.786220280735765,53.0840168991686,2,139.05501640658022,73.76457960250634,0.007772035941018052,143.38855963721312,6.919965923392511,1,0,98.779882321271,0
18.071726999439548,59.12609152799057,28.14512694980949,2,117.11947973917367,71.47867335707885,0.04972022333507548,144.2651854680998,3.2131789653523404,1,0,96.73089165755384,0
24.886189298841728,29.348179163955127,40.4430819306331,1,82.96376649894728,7.880415808721203,0.03373898790933629,120.35460538365804,2.571566443439155,0,0,97.82576978934222,0
7.563578489111473,60.44362873935072,12.75732339271455,0,178.6321454718183,38.530578200747065,0.020329830395467548,51.13899791746352,4.554816068704547,3,1,98.42867698035344,0
89.59061057064154,78.4197259958239,86.0151791858395,60,14.255192157983638,492.7926739116544,0.20260000241665466,19.086498934011363,93.68561515557542,24,40,21.574358522591012,1
41.98718604163519,59.00721006923987,50.13645172294616,7,131.0257916709137,64.7392663359905,0.04229106468878093,187.08518808317908,8.915745250506184,2,1,97.8271256228862,0
38.356795103538026,12.147418224260493,27.606323575161376,2,184.94796360509167,56.37116270054441,0.03031398995396788,73.44741960384971,2.5698129082563117,3,0,99.80589589756762,0
99.84141295285716,72.89018160664746,89.97731544003707,80,3.548325112940456,162.46442594956517,0.1204647345027061,29.05020183343033,45.39919848215359,40,32,12.891748638672812,1
57.09659643873635,24.08730765661538,30.01855553946165,4,180.46510904525996,39.56781008669542,0.010310883124899023,65.9538060796106,9.251951484927615,4,0,97.35147054008513,0
39.84932959344724,38.585411093793766,48.4417484780766,4,135.71825732758305,61.47603527034733,0.014709616623050249,106.1496474295065,8.676749880105382,4,0,98.87721747436073,0
8.736855199145456,54.11505665035027,55.98553284767375,2,96.75206657568893,29.178387764678916,0.03549106946138187,71.90255444033124,2.6921262232272545,1,0,98.509321248218,0
67.23536376385559,87.37146318410664,80.81974433499138,152,11.716272186482474,374.63776119525465,0.4779083067960001,14.15685863943079,70.99875407931502,44,10,11.028574535107813,1
32.97440753266119,49.838073459515385,45.092879966153134,2,121.17771990530582,3.2560223994304263,0.04107406605195521,69.63573205345149,9.6703335415221,0,1,96.07525862424987,0
65.13336931439198,89.43690088034126,98.47543824405358,133,1.7883505686253398,335.90547275839094,0.32677777222734156,28.552981674853562,25.48767402066167,71,23,12.511162720346535,1
38.183097919622554,21.721632729975717,18.434141341374758,4,101.26808254083781,53.56905115540439,0.010855360619031824,140.80240951755164,8.843838722276743,3,0,96.06064327339521,0
15.489911289363052,20.81654923684155,40.57283649615676,2,165.55277442731156,17.736231011893864,0.042298878198854584,88.97531427330003,2.362598927405175,2,0,99.66363389962699,0
59.05509721592223,34.37794994485481,36.14670985639949,6,145.41289995986614,60.26650194559325,0.027947055297738412,197.75879151886664,0.11737129833040871,2,1,96.10550292282205,0
17.542535532273973,11.952424357316438,46.50269680288517,6,158.24463527400923,60.942535851253716,0.03617178465338926,127.10075132882608,1.3826901592670815,2,1,97.73759323080711,0
49.51150932303878,45.48895380173115,5.76503811092327,1,173.3468449438696,3.249727475445561,0.026998988013068916,47.20742149440413,0.35446350420538897,4,0,98.65529263808939,0
54.80457106771014,30.479710736357582,43.65292009171975,4,79.52349451243309,79.49901588293568,0.036160896688276004,185.9029550353392,6.300995118498088,4,0,96.74342655696313,0
26.698783677923224,54.7147385516473,20.24519764476853,9,109.87669929239301,41.22405200238099,0.0385467242392035,63.309790156284045,3.0586133800913693,0,1,95.71856190760519,0
8.898434112760178,33.3559873729092,26.076074511048105,3,101.38677293250322,52.86160231038139,0.01586075374108228,179.475555098653,2.6934271751784653,4,0,99.2270720971189,0
71.90688384968081,78.45109568351785,81.53193004742148,165,10.392139441201588,366.57511633315585,0.28099167060933894,29.178514711388267,68.13466214373469,85,40,47.72590925105192,1
44.91026809510432,62.52399669285818,50.69450486051363,4,52.820995226454954,72.49267482219585,0.028664905214691852,99.76836096354677,4.993054284164833,0,0,95.73884425111783,0
80.83524325156534,84.93913393077841,85.32963780969834,136,15.435780959169072,258.12016061029084,0.708131675740177,15.532094419503862,85.80914230047462,53,36,1.124786157540556,1
55.689290904831516,69.67038086330098,19.517323795727435,0,131.9091666404289,51.79823145682103,0.022043750243484733,118.75099917633946,1.9888185699249061,4,0,96.65886555371534,0
17.810713929765413,13.39095543354556,48.785297700199706,5,187.1958732762189,40.42539189410633,0.021453186569828194,183.44283417503615,7.416291645363663,4,0,98.35030185896314,0
54.3325281312743,58.191715396006025,13.43936276613524,8,77.38887215062364,38.54153461502301,0.043745035282276856,72.88244343348057,7.239378793458253,2,0,97.42718362320392,0
34.12024269307228,28.669377947767725,30.081250684986294,7,110.14200542858185,43.60555637050658,0.014111054472427565,108.30937597933647,9.085524576312674,4,0,97.11884791988085,0
54.04659713620864,57.23399231251675,21.542171374329545,6,186.23052876996846,40.90256819466466,0.021053862435111415,81.19376358740281,1.2048155689095141,0,0,95.38793240227565,0
36.372917582476006,17.363234417566233,9.59474694031757,8,77.17245135597861,33.7088266307963,0.02967905878869185,128.76160542367845,5.923846141430969,0,0,98.47159465458326,0
91.48211797467735,87.87089491477694,84.47507727562022,195,26.397702602868122,318.7020845678875,0.16755787766467456,5.447627255872175,29.321509121084027,10,15,56.86528756294271,1
90.3008344477966,80.89393843028974,83.34943321211165,32,29.699379227387873,464.0981782785154,0.42660376668596617,21.410814832667956,58.33449453164243,55,49,42.62830698544738,1
68.10548790157279,77.20959037823889,96.79775575187378,179,6.6620033956784335,216.61568553811742,0.6119346365451233,13.494558942606245,40.69401440100955,90,26,57.087160834710225,1
35.576599857741385,65.48534188604341,31.37866967058744,6,186.87527072406473,56.15501958581111,0.037902795437624086,49.602864830000186,9.766885185437301,2,0,96.91966537479836,0
31.706426086795013,68.30012507846803,7.273797834860899,0,73.30508301576245,7.399032283121804,0.04519629094386992,46.39919383349307,4.557410831808964,1,1,98.15958089141955,0
76.03699029185053,94.026561395871,80.93042422795564,114,19.56598779118805,311.0728731741006,0.3285946953743976,5.7713778720211,61.885031606770085,72,24,6.20480273114648,1
34.73887073715771,43.483445515904,25.991439551147348,3,113.11394054052516,8.121772968278552,0.025116897333964234,76.95874593154768,3.3998957772516523,1,0,95.94855196491577,0
6.924885496134631,55.43872647944094,18.989808312828004,6,197.44568876381314,20.583823826696502,0.02210112234596763,171.55029376709066,7.1327745451216265,0,1,98.19076947809857,0
16.031666324218214,69.1250691404621,37.13556503971073,8,111.46445412513265,20.95640440124832,0.01988148925813757,126.45358883985402,7.002131050660116,3,0,96.20304784885994,0
93.71505169061496,73.05410246060791,98.26626961797442,182,24.99024159864483,186.21041397664013,0.7388550704503399,23.19389520871932,72.59153537238161,22,29,20.66725881716438,1
39.79533904369554,53.034847786405926,33.62414188979451,5,53.99022229596533,57.53497383482669,0.04745433149011727,71.74852067404741,5.266821225928007,1,1,95.36624561788886,0
37.88135635822202,59.74113168018633,44.51867137144985,7,105.07701505055633,48.8596161143943,0.04459766962236569,181.70202600869962,7.276307444932505,3,0,95.02823493554091,0
43.54758051914175,43.60729283015582,10.694058586395473,3,166.60289738941333,9.325657034630451,0.004452451929208312,86.92151089765467,3.8827277604643573,3,1,97.5273301628354,0
24.651584673479302,37.80263980027393,58.483864877535694,3,50.71427315666509,37.10661216175989,0.00804835479093059,68.75616699978747,4.743014975976408,3,0,98.11038184466665,0
92.9184221835985,86.6550941260827,96.47803078942125,56,19.487275160740083,498.43024628761253,0.32608843624209716,11.144025493792451,70.99187309836216,34,49,28.264553791827478,1
69.5515642579299,83.09133735728831,94.98772990986302,168,29.032074121649337,289.8390131684397,0.3657967125436324,13.223520756034779,74.24027741840261,19,11,38.284218197716186,1
8.036592602179947,43.86640781353699,23.92293465477558,9,83.67361884170188,51.81991295438642,0.0328451006756515,147.87082633322473,3.3090431492944896,3,0,95.06607124072424,0
53.85379655116443,50.99985680977181,19.534353700333533,9,135.60590114333985,48.398572919065415,0.03951570586062924,149.06030060700766,5.443420969037157,2,1,95.25035272516057,0
54.6276786210809,50.28192908866634,18.070269143491906,4,74.0650669992439,26.290425362349144,0.01052531982618124,116.24515098888921,6.079388226763002,3,0,98.91366573566518,0
24.904873964315993,40.07709652386576,36.686761223974955,5,187.5590178230554,38.18907632560583,0.018764879245793505,173.62661052891576,6.187128823682927,3,1,98.18104576666849,0
48.50823330241773,51.49383866253947,59.17054901169504,1,173.43502081413732,6.3964065185880035,0.0381080467588547,49.22581102369822,5.743156945065881,2,1,97.3101248692848,0
26.303023638242102,42.54874999212463,45.23783099898212,1,51.11358687461499,18.645518014387186,0.0006224835720984923,176.64598420950156,7.110038172646541,1,0,95.883946671572,0
98.81155431735823,97.39888654808459,93.6004481982846,74,15.746723552463775,251.56741570799514,0.5546109818551923,29.233574767566335,20.81283858142298,79,41,19.509217498035962,1
48.739862632511425,57.749359588866994,10.638512498079827,2,113.45326221829465,15.714050649727344,0.0007655044918216725,172.08447228279704,2.7937762252302987,2,1,98.23924377501478,0
31.694685803610565,10.339489828036568,19.052797261273128,2,140.99817139964344,22.267629637007012,0.037238116891486164,131.6620418910024,3.906284419280918,0,1,96.51233298179113,0
25.248532085924367,32.17901486866462,9.402361459659348,7,161.2085232098296,44.51653660756065,0.03293023152655076,65.15236122251535,1.7936061149319638,4,0,96.1394671167303,0
34.11895529036054,35.45542046692311,55.57657276700044,1,151.1335392585331,60.96302901432757,0.04168999267417413,185.84893242576095,3.5544973872301524,0,0,99.12542106348425,0
61.66682340307564,70.15054220268976,81.05992830024208,89,16.950627427450677,185.82315117699824,0.5153523612239629,2.247243461930125,13.708551813134818,92,45,44.174995350326526,1
8.656322108876962,51.80369436743692,35.61635791961512,7,172.4197946877702,77.36887445650595,0.013191539758472294,121.24909576843524,1.3247114739717658,0,0,99.81685819212018,0
30.263829179621403,19.176886546356734,18.81787264939188,5,74.01615627374483,49.23781122275276,0.04876317935727531,172.66463883400914,4.699847373568421,1,0,96.70068470499471,0
37.107300307721026,54.294302614978996,21.982537573254465,0,131.3698960618762,25.747421975805885,0.01642885786903712,76.68048366796754,9.794661573477585,2,1,97.73407040164292,0
68.06976296713353,95.78687483181943,88.85622327282917,143,12.358711271734736,321.52094090856747,0.5182748188620234,23.285828787347498,88.25355910907383,16,9,64.7450490019107,1
73.45896062169703,87.82491759027872,82.96563432754459,140,16.13200669290731,426.3904029931436,0.35561071421468693,20.208796537600147,26.699276663277132,54,22,71.75774399219574,1
77.00706388214225,81.0010243179829,84.06015052386365,43,5.801490360632883,155.81650967659002,0.5702796585022054,12.125991881802163,14.069606103026846,85,10,74.86361770914338,1
86.13317512367342,90.36916949376118,87.03963976030053,24,27.12226682123112,188.54956695407668,0.3728702024547869,10.229408120344377,75.16282587758545,65,37,6.493782505513197,1
17.729622700177856,66.92528494238422,53.736712915296955,7,53.331765595346944,72.30701690412958,0.008652630078475821,193.9264149423274,9.131729603056307,1,1,95.18735997527595,0
54.007414738682144,29.7061288675649,5.4549950815125285,5,109.54922138095453,18.55741362932702,0.007410947022319542,162.0370366435796,7.179187177078854,3,1,97.4634125001794,0
55.0338124931254,59.716346489631405,40.429600180907364,5,87.9261785423514,78.43671949670295,0.03965071709073457,89.31503075972842,6.510820818986822,2,0,96.14623414468517,0
75.06274731318496,79.82686038681214,88.76628494860861,54,25.418238255235575,190.49233421134585,0.6449466625723717,17.873253486183952,53.735566016797726,16,38,57.482175577028826,1
84.99544288788238,72.1251346779086,86.06872501210236,38,15.928831999800673,370.0217840960326,0.338154151683366,13.558545449848081,57.97897471482006,67,30,44.8188734392305,1
19.355941270799654,45.14567744148853,55.30546656833566,3,191.8888616639413,19.14111777830287,0.0075295692161556245,121.82412349993838,6.182705668139745,2,0,98.47204010734366,0
7.7921257379237785,28.69505655566432,17.076466522583388,1,138.97052204107814,21.15192163527977,0.010452765430151851,120.71690040719588,4.894685793090842,3,0,98.97763280237845,0
38.181344017557144,65.48708783465713,33.43896510621713,1,101.97287652287329,45.95773013819738,0.021628161003495624,153.4797212029781,6.917535137380303,4,1,95.9724038752687,0
73.52411333437304,75.37133497655249,98.3240741721643,85,25.054975455866227,252.57369082103583,0.3744779229088597,1.1907502928760434,95.75976326245062,40,48,16.506176176582734,1
45.99830301149666,32.13132403169435,29.45877329651059,6,164.25207376704077,76.00459075488965,0.014239192087909852,120.38387109943429,9.249817818086761,0,1,96.06444938942931,0
50.54534594707025,39.1316020759099,42.68832718366724,4,82.13618543448396,50.03403980800296,0.022716569726739723,84.6572123500053,7.536433558076036,0,0,95.94589444131975,0
39.79723281240817,42.85787444987499,28.457494363249005,8,198.3613217063632,75.32962392016655,0.020242898752636847,180.04028425844845,4.582298724786293,0,0,99.59041901535221,0
19.781798546806748,66.97558721462701,25.338961268653023,4,180.92782264059755,59.382796423687886,0.028733119249208003,192.60499383532152,7.014126384325186,0,1,97.88379157943825,0
88.29223840124429,84.90480292427023,81.05617026309335,55,1.1385743172703728,279.40041112308626,0.4766781059391553,17.86959784654912,39.32734274824169,64,31,70.2613841737267,1
42.29606596771214,45.10027698162079,17.832068703903126,4,65.95024491813905,62.985456413169295,0.023888001121207453,147.33853895935638,5.883022363904039,4,1,97.4639886531836,0
6.392243610963595,63.254194421915045,47.96605259020828,9,170.6541445838073,39.48774377405585,0.026082262125745815,133.84074827275037,2.1964042567472006,2,1,96.09540721349504,0
30.77985409881399,45.2731973471649,30.94132215071441,5,53.56266224869519,74.26316686759154,0.04054839260945238,47.610473348168,3.6347991857191344,0,0,99.24867878445681,0
81.05420953723495,96.02250077048792,80.38884835889185,81,11.745953461372894,269.07160708681505,0.4490512241489108,28.521428615274992,84.53985180149625,95,35,67.78992940450829,1
67.43712309232747,72.60914762530209,88.77543523587306,47,21.479383814642187,415.4165628978576,0.1941113721355313,21.768150049779663,34.66025839368868,63,5,43.630333645767124,1
99.55697409740408,85.26054021833696,80.23153008253168,29,25.824163938745176,396.2436122939612,0.44869712520517563,29.68132661055045,68.93445856595565,94,49,43.48104418494735,1
89.04981947878184,72.01059673850362,89.71929208420751,176,4.7089013663417365,183.61726743913462,0.5494820347944689,28.611243875196877,97.07758641350638,21,25,2.812448099335214,1
72.05814110010516,93.65046956217644,94.39726175309823,166,17.399448830067456,182.019485297137,0.5678589463303212,3.988394755996513,72.03637474204228,46,26,29.280817298996674,1
10.134075416148702,16.698390698401873,35.892102068505835,4,139.88529347910332,41.757353178160294,0.017753855384104046,190.0219283630317,7.997935643161124,1,0,97.16671713975282,0
32.719313110323355,69.62861324147127,30.248350002836144,3,115.38996005187678,27.66473082780293,0.025565623450723603,42.4866896148381,7.103390694236801,4,0,96.12193399490054,0
26.75530237002482,54.25574240341948,24.35508526285074,0,146.39606602984645,23.712754183563945,0.0197469647749643,161.49634910254605,0.12503757623692047,1,1,99.66381674171879,0
25.47250735925744,19.86223466100973,23.55464765291485,0,109.47721732529712,7.334768119619933,0.02498830103572565,49.570732273220095,9.732189039375516,2,0,95.10274387016693,0
35.205745445956666,64.33201004033418,26.252857400132072,0,199.7041630307872,4.205011877722466,0.008509112005620628,55.37398143009638,4.80047724194414,4,1,99.71261307059969,0
77.91275488751722,91.29234830890897,93.03614614072532,39,25.756019490673093,174.88515956365447,0.6778132113312476,14.6685744602575,80.1267539105468,13,44,1.3748280386250256,1
66.17870449742763,74.43767558547019,93.50514111111828,162,27.52927253967991,84.43694576904127,0.5967147029184191,7.371177776089779,22.994728947617403,58,10,69.56937818799047,1
35.26136158010445,40.44679086656467,21.429965821249752,6,177.58807318128174,19.10496730769147,0.008092647499997191,92.7508570811105,2.4213665470901824,1,0,96.20696701781276,0
98.9673589307539,83.60882172462371,88.88766805069328,125,20.969608810601894,419.6212643129409,0.3249794319299412,1.1242099140754163,81.2396070701945,72,30,62.16322924162788,1
29.650845721712194,52.12490152702908,14.65445609737355,8,155.08218675840246,55.38642264317919,0.04317991534144411,183.77016609902745,4.843398267314941,1,0,95.96684132291183,0
69.66172150388108,88.54301359299933,94.69634990334235,125,25.591567649069518,431.0094618368918,0.47533171398183144,13.21888174085123,65.66229005810953,91,16,71.05709777437856,1
7.807842433513123,62.205894172083305,39.6147221538081,9,59.527022436023856,61.838418082128996,0.016968783726707765,68.08743511400715,2.339110633055186,0,1,95.94871624676166,0
12.22530942748529,19.772542671307725,6.1179721053514005,3,92.34233252554984,73.86454847125151,0.047176171482506676,177.01651362495636,5.679734600302294,2,1,99.27439359580463,0
16.262023933777527,60.88542246885866,49.579666613771906,6,105.97508392472398,24.423142107602043,0.001115959103189812,83.4625909770481,6.297088189491546,0,1,98.65163524439834,0
33.77231629890939,46.397404136243836,41.27881181658965,5,192.66956447503176,57.00624513310535,0.039726249032732676,151.7274710162671,7.434450312707784,3,1,98.56028375641067,0
84.89330493245558,72.80177380403283,99.47520210758078,34,6.426702523881827,283.05196390917206,0.33640478030991783,4.052568805085805,35.03879950478419,80,43,80.29045113267435,1
33.3415802409468,23.507700761618196,56.498919287833914,9,106.37816796099051,51.11730858181513,0.038196387968594855,61.37142091006895,0.7275913337363449,3,0,96.795500268475,0
14.190021188805682,59.35740288792737,24.606958341525036,0,195.3018836482198,25.495448364010453,0.004730362998531995,132.1033157488542,2.1356570860681954,1,1,96.86595502306578,0
5.307261249844899,61.895013553253115,13.961658837427718,6,192.94325725580546,38.3295963088024,0.008315289281067185,135.12043538902446,4.643766313691209,4,0,95.00920436100517,0
12.651227261962639,34.48319444440856,32.83085922156244,3,59.59942964445938,4.462520372496804,0.0026265512886110122,106.28110753364712,0.6355297117109038,2,0,95.24503972970558,0
37.83923206178969,28.696749749233085,21.632745835117422,8,150.91434775174264,45.69351474643221,0.016006783974982425,133.09246102203042,7.37205391890265,2,1,96.23023521930482,0
11.7217674847797,20.8148486010144,45.79151694650969,7,104.69413118949046,22.244030427828726,0.035284814652021275,156.07941951121683,2.945810425986072,3,1,95.28182969851274,0
35.072139994532236,42.99147434692722,28.43602304295152,9,66.49740482767523,42.62945438069032,0.013840461504589653,164.33113767988016,9.436272744460883,3,1,96.79085619091622,0
16.499190316007095,22.609083537615827,26.59470082071962,7,63.25041501806289,38.33636921599233,0.02838653328303306,163.35282866930464,9.716447867857006,1,0,95.78522791955942,0
40.38445362678461,66.1229321357352,21.160328477512746,0,51.75966101274837,50.79144403268352,0.04241245151767903,157.19698407467814,6.541207413627486,4,1,96.86524239836272,0
50.85587495862734,25.943687802728302,50.3315367444031,0,132.8760703742273,72.01738299302185,0.026791494464432648,72.49490493656177,6.497611758363871,4,1,97.279003857162,0
41.72379178465257,42.63271393100162,34.84194625888888,9,150.14924450561745,43.64217615920659,0.031347205400674656,171.3712803107465,4.49960353991914,0,0,96.30732395369586,0
42.60038148964403,69.18444937209117,28.04700328120103,3,118.51944367459234,72.55460693193483,0.005201751730106941,79.86484508424952,7.202730694831416,3,0,98.70741405270036,0
22.90455862294471,54.63555617853051,13.962014816860249,7,158.41096766142198,17.398706391260706,0.01977592136956252,72.79514259074544,0.5456819329557794,3,0,99.07786271680543,0
89.04556873847079,88.84402096791375,82.77471040984786,108,25.37633225889496,374.08555672752095,0.7785775871835056,10.544037573869385,23.807194650883467,42,46,5.633950780389681,1
98.52720080284334,96.98207985876178,97.12692953236326,40,1.4012904156447372,165.78280367951578,0.7299091724238918,26.777928210874805,18.25473300703107,36,29,74.64496567034251,1
98.82812589284084,72.74922512536327,93.32030947270644,147,5.922456370215501,211.23012393191237,0.6845807260201553,11.073602057795298,31.465449949613603,70,18,24.265851421023825,1
76.31008403575869,80.44964928482685,94.77765967385282,72,13.53635559828695,184.74611117040345,0.3974048485691713,20.617611875186686,68.14830178169484,36,8,61.031863829054615,1
50.37970337173545,17.817167048750896,25.39358364450739,7,122.0794561011299,48.423779586339265,0.04758346285110249,103.19111538325942,3.0354685175604876,2,0,96.44851589670115,0
26.645162334104597,43.645044607541024,29.133736516355288,9,118.47968729328431,16.028415129999615,0.02917926449707503,142.30527439566697,2.252574290959707,1,1,95.15880239238436,0
40.86904564971244,10.383845804511147,17.612290972462525,8,57.51176899920634,50.078517703745796,0.0015338737662110857,188.47715637446086,5.104146636981572,2,0,96.27937961282927,0
69.79432920488705,74.41728599230497,93.14623465503317,25,6.893997967700508,491.8466113173377,0.41462118652175634,22.773069305723578,78.04376611285805,19,32,8.490575372577467,1
99.18605471325785,88.23255470117321,96.50483510827291,53,18.827936985240996,360.5216043019403,0.47248807608583326,16.815594792485683,80.88433048476438,68,37,16.575894858193898,1
31.919478595797354,46.97820344962567,12.658472926712298,1,146.07013592344177,8.506174543837488,0.0013891384211769386,157.17541991240847,5.11631718584666,4,1,97.6004395444339,0
78.17264121851349,75.63938248292989,97.74642727154924,133,23.55293818998685,370.03388223208947,0.5218987891642195,23.196568370339474,26.549141089861156,83,17,43.46383339081422,1
35.51167314600208,26.4697907650991,16.759674931989498,3,164.11554847798595,9.0441840339989,0.011198869815530295,54.12781612654115,1.685940600543896,3,1,97.15190055279656,0
27.371205434392046,37.10521847164105,5.3387734088207415,5,158.08554842282916,35.410748241900556,0.039264907900766186,84.22441181578917,1.8653616757565694,3,1,98.50442596673646,0
24.60938089262451,24.21538897722665,7.336608451531724,2,183.3762626374713,67.71566634096038,0.02387602517831286,83.2081463022588,4.916812304748031,3,0,99.89904583152797,0
65.42215209933991,72.32536799326834,93.13331711430115,122,5.60411977687382,208.93318624958044,0.4718019659766581,26.621534082705214,96.07933273577811,90,36,1.9291004208500628,1
19.677317507040957,66.54576417858466,25.17521127525097,6,102.98245651730323,51.68523900208798,0.02137944583503293,85.78748243543471,9.792703161485889,1,1,96.83098752810562,0
28.873370263971136,68.61364836651838,10.719401151729553,8,63.890981991242654,54.55628171009437,0.03687078883717889,189.52774181158242,0.6874814930232498,3,0,98.59048446659178,0
48.72473895012404,27.338619436786473,36.296209619326255,8,86.36353012893014,13.858952129506914,0.03906469818945772,190.102791068453,8.498286505113747,4,0,99.66638330585619,0
38.06254351245622,40.91318163911445,56.88239877085632,0,194.48052936630202,5.806850848965867,0.01915310217846532,144.47750477117134,4.387840312289244,3,1,99.31212657244194,0
33.58246329064784,52.75330359798993,53.386492133929494,2,132.79930135316556,64.01325059543395,0.043703050639938235,174.7124504164306,0.04011344921070803,0,0,97.9233750317603,0
37.35373671140475,51.49439920588877,32.73553169195235,5,68.60735845376853,60.116965424446455,0.011694622775567959,159.18613619933836,6.118171079190525,0,0,96.86461225976593,0
51.71395271732716,30.770789679216136,44.077264824899714,3,112.88661866175485,38.18514289024652,0.039660256195666016,143.44095232332785,9.888950266544098,0,1,95.82229499938573,0
92.62114854939446,86.79629666248425,80.96228730031599,56,7.368661256599088,187.4094920128739,0.47878605698327764,6.492981250342461,94.91683647220857,11,16,79.44475383722707,1
5.838014064846938,59.65480785601829,56.52939509759381,4,180.10619350924745,14.399017476162975,0.044278883158158915,47.185829328370176,2.1115244753914553,4,1,97.42758210065959,0
22.047767840084703,30.01525662035235,19.837561361683353,1,102.64028614002675,36.73014548008148,0.03808382988060102,190.20120688668388,5.863778970877024,0,0,99.14974592002666,0
60.071761944931794,93.42096536189607,91.07323779462712,68,16.773438718314978,388.7646682953323,0.5438867856995325,14.014785357919521,62.45910993118277,38,18,14.558802445252574,1
48.24194783490902,25.453327946875387,36.044475479002216,5,181.3140638056173,70.52187095717825,0.046087410276810764,150.88616629047425,2.6685741492444004,0,0,99.21316640588543,0
8.470073203090436,13.433428935953804,17.234952306529845,8,185.67953025541829,72.09876926120059,0.0320513806184154,41.203710572753316,9.327808407763635,2,1,96.8728061970818,0
72.51429089260417,86.77460594529022,95.48064525060033,70,15.39764441416909,395.4844004088461,0.6478666718657119,1.6172712350936151,37.22804740258035,77,11,47.949115750978294,1
13.091826176823771,25.441780157476913,19.901008359941024,5,197.03596404918596,13.566643110871084,0.013265742043916569,54.83991593764653,5.137149747410542,0,1,95.40252131449243,0
70.47692338539747,80.60203951084257,88.94837006903263,62,21.103445873102668,203.15301577802796,0.723896877337741,10.235056259070014,61.77433267961352,73,23,57.95910374437474,1
43.65575088944356,21.926398061065214,45.78318049066738,2,97.50432940805543,11.158255943898036,0.0019317893454627922,69.23891158600595,8.981247246242056,3,0,97.14788045378202,0
37.80261677987683,30.843705661713226,6.820360658840354,2,167.16128097523446,1.8331563600620608,0.03294944068429253,177.13560747360214,8.657669678803787,4,1,98.94373680127188,0
89.71489131224087,88.48724576051546,89.69582210529259,146,28.0538743261115,183.8436573278659,0.5542337383132111,11.92946676776584,42.81725041501782,33,11,79.39481800192759,1
15.360788579932663,41.76911977502592,18.916355585164016,9,177.12070241901753,63.624564216922536,0.04111565990964413,186.7474451894101,2.5683372232564086,4,1,99.73436196345263,0
43.2573722252903,26.416999989744735,36.11979065734029,9,72.94745176365663,59.45787861591368,0.011257468852615993,58.758762426780976,3.1759922845166355,4,1,95.19746848744317,0
69.63676534210968,93.88260039760452,85.43908951122637,135,25.161129307067327,317.4878822066769,0.18250849177746636,5.906662448325345,24.667245404906687,17,33,66.98508022990012,1
88.52474252227292,97.8667536895726,97.08377286880963,145,7.185492998372753,428.4784793874361,0.45307885117423513,17.944425350790997,36.55071863843738,46,12,68.37879472046063,1
64.99639932279183,79.37458086924539,83.6393242651598,181,4.697448451770782,245.05539269329415,0.22043865683174801,19.380785841021176,26.017664459327964,44,30,29.96280142363501,1
18.10707254764023,50.357531662965656,53.45699008948675,6,81.48550164887064,79.69131446240601,0.03747071344853815,134.3261682207044,6.03548177301882,2,0,99.48619212343831,0
57.40122474708265,26.16957985359585,58.68263803472707,5,105.69545977457484,13.637801535741145,0.0423541693664099,151.57106642396894,8.23751642101597,1,1,97.09316379205414,0
25.52031400296215,15.580543366720956,59.09874216384143,4,188.35157680532416,23.159954323745374,0.009782522135804128,131.3120422839147,7.457362236468846,0,1,96.92772445476025,0
53.12981616948353,38.40456555773376,56.07241818657924,1,109.72340812015523,11.521020700169593,0.003920862291015798,42.77759550014706,6.836368259013658,1,0,97.25341836626257,0
70.4977821302318,78.48448111724682,92.35540079590241,87,28.036297633466322,389.4743482636451,0.41565678641587217,26.937850416315328,67.17265813279221,45,29,70.02088735459301,1
65.52769421065763,79.65679589412376,85.84384771425299,42,4.635194033123512,484.3979086638112,0.3346167376677032,7.688069436488159,54.48021617283884,88,34,33.7952949637077,1
8.584946947129541,18.679941742180354,55.8852650045115,5,66.07307283679339,8.747861630170036,0.021926633322194928,96.86510420996638,0.8748041227537673,4,0,96.67106658535307,0
71.04603210084551,97.78988441367298,83.4074745018297,192,25.43281180801679,225.0392047356584,0.3483119747093271,4.6389984232716195,41.84409720730193,19,38,24.757202265967752,1
41.53459993981114,64.28066571794449,31.391796728719484,8,94.77120595299016,41.94048641903357,0.029967379564936048,199.56264078566826,5.699219282985855,1,1,99.23591030877078,0
58.27643147693648,57.13706025942193,38.054209359837486,8,157.9942778127114,68.44140819833555,0.03664000757567089,113.75487963945949,2.6124950651826695,1,1,96.44859427725967,0
53.32652435805043,53.76373204846175,54.26780492560675,0,189.23828716438263,49.89561526116187,0.03700892080707547,107.47236116548689,7.95943111441046,1,0,98.77383578460919,0
21.341394379992664,22.913691027653396,53.923782582135274,6,86.09964979118526,36.421732593719426,0.04416403283274201,176.04409645284198,1.3182995824069899,4,1,95.5596796573814,0
36.709717345524304,15.694951681588087,34.15554871334159,1,80.37023881204166,12.299540196620617,0.0411978175388398,149.57077902896253,2.141925951484832,0,0,98.4214844704411,0
19.046763339781698,62.61995515815782,21.613909896708204,6,154.5328872662996,34.858181219423756,0.008241616068121228,139.85758503642353,3.6191019522231214,4,0,97.40466750564492,0
33.339088425851415,18.493060149385023,51.39995043390726,5,127.5497227248193,59.0918325514324,0.04637345490162062,138.93372256056938,0.7839442707549205,0,1,99.58349675236077,0
36.55372099655129,39.88182146253532,9.633596700864613,8,113.85121155036101,15.976393145752798,0.046029127466100335,115.9836710162478,9.093858001897093,1,0,99.1175105270875,0
13.655814336840088,15.20531152085611,56.2004906968522,2,108.92724451166583,14.485749710425269,0.008108079880881936,168.13406604785445,5.516060359432854,0,0,98.91726670371001,0
92.87241667972057,80.33197434850028,95.95264747947961,75,15.728545016641537,385.2170857814679,0.07027466045851576,27.97324703436491,78.4203144903167,15,47,68.79337852190403,1
31.754985310338753,12.157718268405295,22.094776305907736,3,190.95928840310742,47.56548420736691,0.02221821670961165,183.83865006973053,6.532488691369402,4,0,96.51033660756845,0
33.52274803830791,42.43645079927181,21.842199057995064,9,131.40905880372088,29.682855394772144,0.03744676513008878,55.092734520292325,1.1561441671549921,1,1,98.37154283835316,0
21.772756385946288,36.84605293592896,25.492174222529258,3,191.0679998250897,69.48561731731535,0.009500132051609812,140.78386795222832,4.14172314700307,0,0,96.1396701095542,0
29.15967666059647,17.496606326562812,21.894594650183254,9,190.81714963682063,58.327326029646166,0.0032836634438305535,132.46842171642342,7.13543760721671,2,0,96.56498605784265,0
52.0188811306051,12.645499864007729,51.606762308918945,7,73.26071889440622,17.401773154631595,0.004792624669587803,95.01032346801672,4.975719347722877,0,0,99.27468688865818,0
31.681025757572364,50.825103662349726,41.858168842136415,0,82.9134082373046,25.128367575252163,0.04768012205678278,179.17504837625944,5.7413749921136965,3,0,95.00097149909625,0
6.357968665060973,44.356190620196024,53.70408260652389,9,189.9388961146332,2.3578132158200416,0.008376248246162133,194.00157290534986,7.540886710514644,1,1,95.12152897328964,0
15.667204147960287,54.40734178565621,55.02301996253581,1,155.66497820752159,12.82109268520744,0.0031687791107330556,114.44636937946898,0.1996728072898235,0,0,99.45619797583507,0
89.42592663924583,89.32942542885749,84.74149805393454,159,28.372543918090628,350.44283318942,0.1101869237815276,10.908322552176067,74.60486470237774,95,32,61.69455641937645,1
13.05412686857097,44.870263551629,17.22524671004531,9,64.86231338772153,17.91956413223419,0.015323182405288377,102.2686260221272,7.2995860151745475,0,1,97.66904831399496,0
27.230482836849376,58.43088878223164,27.944047839388006,9,170.81264128633688,73.28746440750017,0.028539381572877706,155.88826987328508,1.790717090824534,1,1,97.1047879198502,0
23.39697118859176,58.48678232731463,10.752790285136886,5,147.97436759431037,6.828907354659724,0.01707183775908556,98.70015896121423,9.276224477226446,1,0,95.71288248964512,0
21.939635024606776,26.87294526287369,47.53717125424599,6,90.02696088555686,30.8833087479631,0.03898797828419811,109.3477756457896,9.162547171997401,4,0,98.05740124796667,0
78.24676102950394,84.88505196410543,95.27416582415691,160,3.2491040173417214,342.8737171704593,0.6640047255908332,21.613376491088705,42.21879428136405,13,42,52.134127944878934,1
84.31014823046513,73.47197978642714,93.16931682321288,69,3.7588038371393324,339.0774526097344,0.25477320606285775,23.763964236129265,98.24317945519132,42,22,45.314620373644004,1
28.997201612149563,24.46159897596951,10.668338786701518,5,162.48063602645428,33.784913386113956,0.027088146353967658,101.85109908661543,3.6675302054034375,3,1,95.83651870275992,0
22.2605762610954,31.15140816562359,13.001658461801036,6,122.76537364674516,18.588677861023854,0.02927122834011139,87.89492703838471,8.733304739595404,0,1,96.93957941755721,0
20.898687491044328,14.361586638924845,6.734487557143396,5,169.38888610771923,22.942325866260653,0.005899777452698724,105.03118469901068,6.765703018962423,4,0,99.0391929947165,0
12.33493313803298,42.70522738832091,27.009873415396196,6,185.09900876597175,1.959436075665056,0.019787578059524726,58.64755967393562,1.4670588001442852,1,0,98.29248176443369,0
38.31483177151146,62.603202244369925,5.672627889264646,4,145.31522682425216,57.01369640236377,0.02348579392172602,90.64401922152445,4.806990322539299,3,1,96.19149254261582,0
16.042322017451973,66.83264952817223,57.154951851811006,6,68.05018963831834,7.2461381711938895,0.00015511700025155895,143.78017856947116,4.142938742933804,0,1,97.02511756549706,0
72.49648648960631,71.76519455687793,88.5019816554729,191,26.928183640168697,147.455268325294,0.08065758843391503,15.288520598344315,15.482742870400617,90,17,34.730017145676435,1
40.48875743661065,43.0258479212162,45.049365134791366,1,176.5364108018643,63.735925345119995,0.01805294344186208,176.3065424559992,6.2445639692003425,3,0,97.20193686361785,0
93.95376351176053,74.0201766096504,81.5900648872817,125,18.68327657757588,394.655397003188,0.07605490302480596,2.614967919602476,58.58362764647778,89,43,68.11652170572599,1
86.31782905890311,92.36795061118377,89.70132314619914,76,1.9275054083915562,376.01559088009685,0.6017210458319207,10.557446652439502,94.09405954644018,58,6,5.502463123288303,1
70.52445501156588,79.48519236791026,96.6444819378882,171,29.002180790055075,377.95960299009914,0.34575979196687306,3.44579329457728,74.187974299732,28,38,46.75853879460452,1
93.99115392298499,83.60801982875587,97.75114255465112,44,19.169227914086427,454.6080572661929,0.6440193291802783,4.130840447677903,15.140045531660192,98,34,13.355075902172318,1
54.43102946220345,33.62429306784858,23.425940150306797,3,124.1900822546115,9.66414163894088,0.0008768100893295439,134.95069553676353,6.023327846995778,0,1,99.15921195567732,0
5.657250264458362,12.648469755241168,45.57458153600812,8,97.19191946527951,20.45718836274279,0.0058767011284504185,78.65186578050935,6.1716048839948465,3,0,99.17438142792793,0
13.582132540824498,35.200829816817595,39.867967203671284,7,51.188690029015795,46.37417242889955,0.023482304173931264,102.97742009719856,5.7843820531172785,3,0,96.77655619937524,0
13.656067446653065,29.637634175770128,41.841607187848396,9,73.4349372487014,67.86549772506338,0.027788025754373693,66.76744144269247,6.149083169221893,0,1,97.92316298537013,0
41.891187393061614,44.486830064209954,27.60651919163873,0,124.26536927640556,25.54290599516322,0.04055046712929787,172.72003119214995,5.851904574792906,4,1,97.21643876402904,0
36.44401997727638,19.238221250227735,24.025742220272715,0,126.36464220109426,4.051305827179123,0.01511059257206756,124.1962801860337,0.8029913686065693,2,1,95.04601693703603,0
35.18209743014879,25.658720655744673,44.26657684270103,9,178.36507802561113,1.7678822310801998,0.016930662185668983,185.39458719870092,3.687472193566941,2,0,97.60037045372113,0
84.04322721714595,72.53033696839125,89.38622467027075,113,16.4155358914008,127.76671657809987,0.3566093487479273,25.301291811376473,84.56953550560645,28,22,1.3027339639390922,1
98.56495568685946,80.03716968113665,81.94252903604912,174,28.612219320209046,209.2324477744418,0.41436518374577963,20.588783223766,85.70987200217637,23,34,78.49505666681965,1
30.893437511379656,65.07766724223055,35.25739208502756,0,112.33582710655138,11.34814140466748,0.00038359909205831213,144.2904947323517,1.7883318360240885,0,1,99.22032770668665,0
65.76446703287733,76.84363975920917,97.56265734345085,168,9.402508091331505,237.7335780171102,0.5792893185493726,10.95360508100143,84.06989457198635,54,9,26.72491022659389,1
67.8444729656684,93.79626956497592,93.27271745657457,133,1.2536137000233991,208.78784477015418,0.5168955737711695,6.375379066049262,64.98340511669201,25,14,60.811490263129954,1
33.024632674611055,25.136565637223285,58.09356197403851,0,98.29105715189007,47.77231869176235,0.010245060869102852,114.58023167747271,4.2257547194863285,2,0,96.36144541121467,0
11.337154620460291,19.844872851959707,59.735690502871115,0,97.83157858458428,54.59365469349095,0.04566114447863099,152.54937630481123,3.511880464910222,1,1,95.74320401393194,0
92.46943948692677,76.91484899408893,88.2098736846466,84,21.986783454458312,262.13352550558113,0.37443839310819244,25.035879828180523,78.23481003124168,10,19,61.86433627570592,1
6.227873264658857,44.991061623449525,14.023808979643402,1,192.35464343117715,73.51462681173236,0.03824666930646454,69.47051588149986,8.217853297979046,1,0,96.6387277659983,0
22.667780899182297,61.73811431541017,52.03021469491178,4,127.15616467246655,55.241328764301464,0.03482815744067663,189.76158180565668,4.505504882788182,2,1,99.13922831276831,0
30.620829692106287,54.019444299127386,48.82900289243543,9,103.80604300336145,74.57908957425133,0.037248406722706545,160.69149720224868,6.916049492018525,1,0,99.24640826578761,0
46.10607842853863,60.56306714566314,30.12019581986309,0,194.4876292033728,69.53630485632509,0.029371860163536653,79.66069034781574,2.068293592510729,3,1,97.67157143518025,0
59.63392719370882,38.34688664290991,57.82436587479519,5,183.94060642965115,38.88923008281492,0.018781176249859567,114.04635625113131,5.508369362151159,4,1,95.248295185644,0
13.435870385962929,49.467759261369196,30.13880383603934,8,125.12448266859467,25.187406428366607,0.014498100040643197,124.42213483060293,6.580897002384508,1,0,98.86607916257515,0
62.82516720364906,88.35056568335574,99.77563357810476,101,1.0353291248584273,376.77766236029186,0.14695286070190267,18.53908317196743,27.81409736890165,68,29,89.87705212234962,1
35.524779054113935,33.05621623415942,36.988716774423,3,93.44750457264288,12.175324537441638,0.005399325901179381,106.12455545676964,1.0070166048472506,1,1,99.48661078364586,0
17.799546842996467,30.043854628581794,38.471910288392394,9,59.999027428899474,55.236853671073284,0.04530074917367796,175.7793444159355,5.7252884486049265,1,0,98.69361050432738,0
18.398893829347397,62.53151661607852,41.668893995566876,3,184.73282142351823,53.06366297097113,0.0028646523502721456,174.47557569685515,4.892280893437256,4,1,95.86671471358875,0
56.110980418509634,65.34849484137743,30.37436224188522,8,129.01894733764237,54.373179604933625,0.04619380093515185,153.56024082791492,7.130566364192536,4,0,98.66874306869695,0
23.324847283175664,47.68591359346023,31.974978647391783,0,109.5856176522571,31.58368421312775,0.017577622459690974,188.3725234414556,6.8486702075675785,3,0,95.92855167906467,0
19.483289570843965,51.63550972019013,11.321889451499203,9,188.04753423078972,22.822309302124555,0.0026295543189830853,190.52116120829484,8.98757318052638,3,1,95.38433727815713,0
44.6955717998166,11.093565523757816,46.96847255821698,7,127.94581143795438,29.813800661125015,0.02413506911542967,88.73899231793027,1.0316661919283432,0,1,99.57674430320255,0
62.39908298995769,78.04461577907576,82.29284251259607,36,7.1940486728656685,360.53394275542576,0.6336997912176798,21.248020690495593,73.16094633404731,71,36,46.43529962376861,1
38.19794500466726,53.65050433672836,11.42345335539028,0,143.27995333507218,2.693366656344007,0.00433494588726735,172.00273427079148,4.776542346449925,4,0,95.4463592952309,0
7.192551445776219,53.87626339614744,49.96104331916343,9,86.78976852581013,14.306936667269504,0.04835170289116193,124.64769711315115,9.83253021312845,1,0,98.6928971887354,0
53.74134779288635,45.40396328440648,29.604034048365502,2,190.01342284757024,11.229541404403589,0.009366573443005505,71.52401057594028,9.095224295650858,0,1,96.67642204464376,0
18.88053504769581,65.87970983122923,52.127751796112335,8,171.87864538058705,74.55230847525877,0.044473863288505444,71.24112261913771,7.467690099219072,2,1,99.03318612866312,0
8.039941616507969,63.17997458731453,52.401476212169015,4,82.66304190318952,36.67944360716128,0.01841004540233197,182.8452672912461,0.6541091916774544,1,1,95.31403960379272,0
37.844567228726866,69.79081034701284,14.333622839948129,0,173.11591935646283,58.27745391458739,0.034057935727315046,74.37460150598041,3.345076668875854,3,0,97.04467018568985,0
57.73913470016293,32.61129257958805,56.29492375845748,8,95.26246117069324,34.10874501948959,0.006647579010468513,87.63837080373409,7.706534638466378,1,0,97.46864244775146,0
39.479161450947075,68.64057985413046,42.58486065447794,6,94.50105673984466,63.113842099373095,0.04942987477221372,146.2518978555128,1.751193399685298,4,1,99.05498590911749,0
39.337401078121246,58.97303300664797,53.34201253963209,8,57.64415728638069,74.63491069576496,0.009340872758882252,186.81914309682173,2.5555737137974632,2,1,96.63055165001548,0
57.56529288063294,27.941212104771477,39.51392702652956,5,100.16696138319908,43.730153451819916,0.03887144532736153,125.36157689658589,2.6476415761704555,2,0,97.59980501279982,0
55.12754906285046,66.89072262593251,50.63705665579951,2,142.20983882453635,59.177009034658944,0.030256796014388927,115.14247329144573,1.0921624291650345,1,0,96.37175878224959,0
90.12192040155512,88.3374434955239,98.05925266370794,127,29.05152896034641,396.2946307501575,0.08674311849684473,21.273821875898346,58.1628581107049,69,8,88.81472375843013,1
12.440963548706954,23.433945170281994,24.16265855537954,1,86.84194756124901,2.138803058556796,0.01727690639879988,197.87742656463607,6.717497459447429,2,0,96.63221089432561,0
71.3839811772562,90.61010716399558,94.33096668166033,70,13.403444535376757,138.94325488839502,0.08100374345114332,1.0972920563289412,77.77635243641309,95,12,84.65589698710748,1
59.32987767118261,42.88053704178699,36.33516928817665,4,66.51324511611752,73.81440637566908,0.025959741122907283,190.53248263422236,4.013403230690422,2,1,98.01674480950152,0
15.476194228588055,47.09128406452007,58.826378389435575,5,171.6620715914653,37.70105380119423,0.011385324997954055,169.51311801705253,7.126795809776498,1,1,98.1666671461291,0
45.87786854274711,48.958397419804754,16.92106161812022,0,65.88118450220733,16.254095087924856,0.0267597076633388,55.56287565563146,6.398364596319662,2,0,97.73996870482544,0
19.573989792219244,37.20906341157617,53.8520316664996,1,82.24872673033448,44.29036922332538,0.0076877926101446,42.79030632698937,4.844966853131464,3,1,98.16526104086046,0
68.790971559555,95.25611227079702,98.11941740051788,110,12.994127883109238,330.52899613295847,0.09419415009254302,16.639879439023947,63.89603688215062,65,9,53.75057943030409,1
90.86353410663602,83.92777826486784,86.60552628600901,190,3.7974061344175656,341.4174229480104,0.3487519585238659,25.55316663927807,88.92057950251252,27,23,55.58275863741474,1
48.35532419335776,24.270647021057073,22.938380240677226,0,139.79733577096428,70.61219543022982,0.039935079140794416,54.85162628230354,6.4350654227235005,0,0,99.76131903543614,0
31.17261890581877,55.94852175674749,16.836814804950038,0,103.94257024334911,66.03103366889704,0.035789968454482804,149.6069754743786,7.375991949020932,3,1,97.2737134299556,0
54.36553031751871,62.76880515783726,37.93463946161498,9,175.50682787447354,52.568689808563136,0.01827166750734885,192.0780481143254,4.22088117029086,4,1,99.49357620758768,0
43.44479647593554,17.5559465724573,44.64007481756646,2,117.23690375411441,47.029569322380596,0.011107801790881661,124.0220324559862,8.443453331599812,0,0,97.73119577009528,0
96.02256579288301,77.55062978289618,82.65500884083531,41,7.225363418655868,144.26744580074288,0.7876019438594013,21.73769005817072,87.84359768645913,39,20,61.3163637961726,1
56.65446804513193,12.527218542003355,54.67858804691928,0,89.14436411544196,38.189294917475586,0.02160259262376675,166.2084079513748,9.35180016593375,3,0,97.08953912984612,0
24.86193443089658,19.094691228371957,37.463797106521845,3,186.0391612337323,50.200740987001,0.01450511483717989,123.07750959743703,1.898524350251618,2,1,97.34736055872443,0
78.77406513928659,81.54312955451843,99.59056159419953,40,11.13837931360063,205.07557660219535,0.6706903175475254,13.007303595494799,87.21403468800017,24,6,52.407734613536235,1
37.82021545445673,69.01143206057742,7.388759893976147,6,174.81730239187044,31.533571155430927,0.004254777659256576,181.05091306569005,8.190317977453716,4,0,95.08386631258246,0
84.75344628363919,83.20112974587832,95.54156371141944,71,3.782729591713418,465.8163295748558,0.5316839918995221,23.065519864304807,24.365585832538873,84,22,20.724975971483914,1
11.606707525330023,58.41288120937559,37.431778338127046,4,197.14777900694625,7.571491564191767,0.03639029620415895,188.6698866299057,3.996503395961455,3,1,99.72166031899391,0
47.316185106251645,26.673292276661815,54.71372615672684,2,85.5640178396001,35.3786808078929,0.0010729097178818648,155.41804192323443,7.952091784183405,3,0,97.80313467473741,0
16.37167540214124,68.5811570442761,13.608955955417645,0,57.28493451270706,17.633377238868633,0.013153819950023606,198.8840908575905,7.487197520640848,0,1,97.19654806138259,0
58.09707331216793,62.39734273813704,28.17255774767312,7,114.69406683712013,59.202776649983726,0.026203970391282805,110.70406240937484,5.365441963173632,3,0,96.04655529606111,0
13.829718767353784,10.254766424395873,37.886449118797984,4,124.28922153717072,9.613781246724434,0.0011912111200050924,195.69329834646422,9.992734468118648,2,1,95.78996131649548,0
69.02522974404346,89.20442590196079,96.6305967431274,108,12.44428692898745,129.75125957231026,0.7640103853388467,24.064931196117058,85.59968756763148,95,49,85.10747971684064,1
83.30985830488983,98.66806039082286,96.91398472656384,34,12.224867843764502,317.2856214931941,0.4557416407413288,14.798621326731366,67.19101111857987,53,11,9.790979014711667,1
22.229111874163934,29.078667271698414,25.62278146066871,7,72.02247131481192,8.789941511775872,0.038904362050254215,164.6546598812394,5.908561170400569,1,1,98.04323889357869,0
36.85167896872775,45.99367454229148,32.082911286454404,8,56.01891934797372,36.935151956279384,0.030173348485670465,57.36000757145504,5.097904665564691,2,1,95.54031252824602,0
23.055776861166915,36.65733740273801,40.03448700179037,2,109.71966895487,16.71249952203194,0.028754806744909017,76.60504504995599,8.779783502421912,4,1,95.52533705256299,0
45.9545159914344,55.25260455364945,15.340458125581295,4,187.21566489224577,51.86295640252367,0.036842363382808316,167.37398267097225,5.956571285296324,2,0,98.87533378354777,0
53.705203787381684,45.067375329700724,39.14057456306664,8,90.75172563432288,3.8215439065278023,0.04489652583668718,74.08123579068295,2.655430206101006,1,1,97.05721937442316,0
32.520051755885646,37.675970543318826,45.933771226394676,0,111.94719932749098,65.35902101423667,0.030681048669607608,112.11626959646989,2.7374437433115553,2,0,97.64801855675928,0
40.049899216980656,65.29452864186779,9.664196472761141,8,76.0162740402638,32.8863941546894,0.03971098030592174,64.58409906790058,9.454145258608332,3,1,97.1154382119986,0
14.393194584614317,43.49847201264404,54.53526972662504,2,176.76229843644205,29.237542100713526,0.009593401280277898,166.97970168932102,0.5854522530264794,0,0,96.15062955627663,0
43.830835225298124,49.59573031048413,36.53817102956612,2,70.37974135778471,7.447519846410623,0.014060534167394851,168.78625825438422,4.322875620433599,4,0,97.76262803741128,0
11.393766935002928,15.220090143184768,5.24052524138961,4,152.2687458051103,4.781702602529652,0.022313121401779434,198.31388075845214,2.9001095514588657,0,0,97.84561804868602,0
89.91612410660844,81.50159343230843,82.97786909389868,42,20.73223852027296,113.10455287943613,0.7733324694049424,18.024729842901763,58.33649646844737,36,8,60.1706018841289,1
23.883318218311416,48.97710860093678,54.555613482080396,4,58.704445048582606,6.791133077712633,0.04124333033892132,153.50287203510499,9.697537712753912,3,0,99.33564496558807,0
46.19385360048367,54.716483138627524,8.530607282635536,1,62.732660215995864,50.977589728274616,0.04808855070535719,107.4430093049101,8.706714465340479,2,1,99.15074934461308,0
64.72322046659166,79.75744172618083,85.61315865939832,190,22.599341282283262,97.49495054105755,0.12269441440163466,6.00375191343367,93.47757154799577,94,13,32.431384242979384,1
79.78450125442463,88.36449945948763,94.57696643884952,55,6.895842493356501,450.5577695451387,0.7184290100972053,20.124997006512373,76.20733230227505,30,43,46.531758870916505,1
89.91730393591897,98.58696703710235,87.89629530345123,60,5.400410848913666,398.03944679076704,0.33340278215313685,5.7247938244784775,14.966670106777677,32,30,89.57279819160496,1
79.25707370891564,90.95997235983326,93.72172564571676,108,11.358579327415248,259.55557459319436,0.7422461162324028,19.06511845643316,90.18746078216058,83,34,56.54161422701179,1
46.966270725947524,40.583499663015154,24.196621182229837,0,138.3975578564818,49.343228468772836,0.012518186775040574,137.1891752346574,9.838160616607908,4,1,95.60931352183688,0
29.36540663109616,35.242227457450156,22.68334285469992,1,142.8664750017673,41.554212132924256,0.0004390083885678964,168.55556796620866,9.09405764428161,3,0,98.28606848184815,0
36.92809946168857,59.04258646202805,19.770550732749925,8,162.06976818653078,10.91018133165315,0.016945003559536265,97.52942774083225,5.82504874980024,1,1,98.21617801969869,0
6.1107056124095545,61.41272126348995,34.21880328114304,2,189.53208647404898,57.5980519635865,0.02321700141802692,126.23005410323705,5.962582801217505,3,0,96.95591405692778,0
91.78678918927001,99.97643277572983,95.30210930385937,71,11.134111126723608,374.564750338949,0.10337465609759748,2.859366311917068,29.112486112879786,71,11,29.908511399738476,1
21.6096119404737,50.91220811662092,22.48588327009905,9,98.99342517991042,50.80053167564306,0.04921117820476434,184.3296020994328,8.745087287607786,1,1,99.35116837910829,0
56.71060765549442,21.437539207663573,6.0706942245588875,2,122.94360097283408,27.7037363762354,0.0006484299861907183,167.54566795828083,8.894968187342249,1,0,98.4055104071355,0
65.86889461996272,88.62337035630947,97.51016271591884,187,29.896329041828906,489.23291688921455,0.6568792405164243,18.459570914799034,60.314869707794095,42,48,45.47443838031073,1
19.5242177951883,13.488838669337692,33.193529067064134,6,69.72865864980179,38.86176242292412,0.006379630001109127,136.3648967166525,6.314872447060091,4,0,96.86582691628756,0
11.612669375077072,24.010334908419225,31.111709920554258,9,53.9588561682026,71.65384961884791,0.018764544069533623,76.48683201338008,3.408950716604017,4,0,99.51107722934702,0
28.284939847935515,50.61705560926471,53.94942742332362,2,146.47933326334396,78.83535189418343,0.015557506926078359,64.6303475522538,8.119722268397274,0,0,95.10851859521442,0
58.90670274511206,10.856535363670028,10.204543695825048,4,122.45431257074208,72.7995714251443,0.021145750174808287,197.82725610702383,0.04919698924419236,4,0,96.85645422013984,0
18.778454688448424,58.88816256471222,22.438447637101216,8,54.43458126839419,44.28426859333903,0.0400315612757429,195.5059266094606,3.782857318406082,4,0,98.5832562450029,0
39.69192588975426,30.656750684626978,48.81711341006328,4,125.24927259841294,54.13152458294981,0.02041150215513079,103.73695699843915,5.761177455418905,3,0,98.44388773024416,0
75.550421696406,89.63840787459449,83.85333527039361,167,10.095499209010026,103.31469462176722,0.3561127056106211,15.529908531145882,95.39432227171709,14,33,45.02327015696421,1
94.01437820173396,78.13207638384655,92.02649612950094,176,19.301664165637163,244.8279205952247,0.11232942425581251,22.439912034600024,22.23096467454456,76,27,25.94107762243601,1
19.600747848098102,29.617131819399507,30.533112608635403,5,121.894854238038,59.265284909599096,0.037134439839079575,198.2995692195443,1.608458722463879,2,0,97.04241524476556,0
74.49670041695714,72.18862607376646,81.5335257950758,86,11.863049087051838,187.02510732254578,0.47781493537917374,16.996290404879026,62.56029835453403,57,46,87.67965302028723,1
42.49657219223533,37.58935402589106,44.97298039026517,2,111.3037658245242,65.42492896472342,0.0212380388080776,67.64334750479432,8.133489777722328,0,1,95.63869997038601,0
14.710020354129323,69.08138328551775,54.129910530097206,9,77.65110263716609,31.29532258534784,0.038293978941442625,86.24393607144343,4.0903433159038505,1,0,95.96761083584225,0
52.38105155306104,68.35058328749564,57.511685623989855,9,136.19872015221821,36.876379069149216,0.043048079997691654,146.12400319140892,2.3023943297507565,4,0,95.58331496471015,0
93.64626243367425,84.64453226217196,89.96877996840041,192,3.5899093207416484,390.26703126835497,0.5223438324896783,21.916302793823963,93.17883311018913,79,45,29.43676573196775,1
48.30448264770572,60.57025662743081,25.662914695092148,2,190.95748313503202,23.31996503605552,0.031010038147098885,194.57510219136122,5.436247907681208,0,0,95.93593531610537,0
49.865401495418,12.099709206989237,37.44972961107918,4,120.93334382571686,78.86915009453678,0.01564084137621947,141.08814005161025,2.192180683412471,3,1,97.84900584437283,0
14.938160732715822,63.24361897714101,48.76599844384639,3,101.74227375458071,67.9654445363148,0.0080761727374223,156.7586208331756,5.403066879305282,0,1,98.08180208891632,0
91.72556595841142,72.27619066962403,81.73722091520368,156,23.19750764290092,156.6142793909509,0.7808882641238235,5.079910462711911,55.9089904087852,24,21,68.70414077861172,1
56.57333406687636,42.56856895521426,51.69445069642594,2,186.00318558004676,35.694220720153496,0.04832036757276725,149.15881800241806,1.6196546465846484,0,1,99.19772836881361,0
72.79555559372595,98.96560771609687,89.19217850819005,183,27.957259534785774,310.342140559875,0.2539157396138451,19.647332903452877,45.22387249198486,55,49,60.346674862689675,1
59.34371457513735,22.997925581452982,8.763148801022272,7,85.2401190025452,75.42195918630811,0.02178571581433666,167.69426366843288,8.789140324686322,0,0,99.79106661986825,0
63.29532017432072,77.10237158943163,99.97398285754159,97,4.056702540601111,149.34255100229208,0.21596421690896922,29.817323939208105,96.23528197554556,27,24,31.462734421360295,1
66.0278974753342,89.08643015092355,83.5053205717098,147,25.21990456394846,105.20534776869442,0.09813961391226127,19.803011302393045,33.681668609041765,44,29,74.14914011169435,1
48.7710296501534,19.584572206174087,41.29657133877153,7,187.9406298641079,54.71391934729626,0.014524246770704304,42.52619476010091,1.3378174100829365,2,1,96.10124288771527,0
25.862144768199048,59.974648923388195,19.74012148296754,2,72.76551716089074,52.73498880303377,0.034248150691842325,67.52319004120486,6.787309479161867,1,1,95.67372799405341,0
31.416193935633245,26.23512123432625,13.879033658019896,8,96.50246369457935,42.84589193883897,0.04675764724644355,185.5529802770093,5.801100519789463,2,0,97.51238750102925,0
9.010348685116298,57.42509062489275,20.91169731398264,7,175.92839582463506,15.348033693378913,0.031616417869951,141.45579861636503,5.713551636910223,4,1,95.3108329414127,0
43.36759623199629,13.311091230201695,6.746939209282262,0,99.99650327874153,36.98944295364741,0.001797116080394895,68.5059899916784,8.320883542627868,2,0,96.059646454737,0
57.14182860391578,57.44021204597953,44.408660725350785,9,161.76512795372298,68.65539071961412,0.013162045700050962,164.7607115824319,9.840407805635966,4,1,95.8272644742439,0
54.62635016262111,25.208778343728266,45.25757105133322,9,63.99751842284586,51.192131706914644,0.021802496963841247,134.35157986696788,0.19923647456522642,2,0,99.37648029034636,0
46.46312762044583,16.314469848996275,22.873335261027464,8,116.87297981234137,69.01926360623737,0.04399575141424044,83.83537987793122,8.345447759596041,2,0,96.17686532575473,0
10.837783858588018,62.07487012439606,47.92268382573423,7,93.30951884244092,33.09775991568272,0.04369115815933202,53.59565494769644,4.838619011496363,3,1,97.5445660617245,0
80.53776890059606,77.82430550596433,85.16966482515183,194,8.149816792166465,302.1240062528244,0.2503874532360346,9.240753835884634,79.25466477529449,53,39,1.8700639008708353,1
91.70426065791429,74.24104347646872,94.18393499481698,69,6.515051979022524,192.97064435180937,0.6920848061923248,23.63713161352181,67.41364586619738,37,38,17.219130766597434,1
39.183096188970794,31.40756514414968,14.783194597842776,3,199.1857024844136,10.743495788455759,0.029408748249812364,150.58421470449133,8.967193722248373,3,1,96.22940532024556,0
40.95979724302477,57.38599347790754,34.63339306402275,4,167.27942456916062,73.22054783374844,0.009267130492645532,137.99930999893348,4.534683149247359,4,1,98.11012416181293,0
82.28504192296059,77.30275740446092,89.01729287829858,144,13.215558954681375,448.9436516966618,0.7909077924273119,26.90543336110084,44.24682334661638,51,48,80.85970458744004,1
36.23780379764773,66.90889310512777,11.81261652915802,6,62.2557091250845,38.57199813597578,0.0014882339048753858,146.19992090825752,9.709826759063978,0,0,99.7743184712235,0
14.052805701867687,19.24026762976567,39.60749616507683,2,182.82992336289666,26.271704854827046,0.014212259152534101,96.34283111454752,9.413379011814616,3,1,95.60006284787272,0
6.435156740162293,43.70137478126494,16.40960981751534,2,84.52206723832751,55.7591659671341,0.03615991274416398,172.51603722808508,7.602363675075084,4,1,99.53513614324724,0
55.28653016977945,37.51081091200639,7.658954276583682,5,160.92743377778805,66.58438588583809,0.04503106047233447,112.70905215772419,0.015671920855732102,2,0,98.28659174137809,0
59.14632885179183,15.427363711023022,15.622761985960366,6,113.71009969486703,55.20755182563961,0.008675056808675896,128.53501165429583,7.7608739081531315,3,1,96.25976942317008,0
26.896057123120748,11.177159676842665,46.93294988766272,7,97.37692538501761,39.15344197046041,0.009141624277114712,75.7235158323588,1.380406460080269,0,1,99.30839867496111,0
25.412247671092366,35.69591754026663,33.587473916830504,1,69.07653801739272,10.670034632965027,0.047289017485480436,79.64605529050581,5.855582724357525,3,1,96.65942371877479,0
15.835141648731867,53.9589830769706,10.475500693733421,1,141.85093094689802,18.681182355117038,0.037902386626293944,187.24846852526136,4.271059640473064,3,1,95.54995409400358,0
12.779110851859901,23.759733143036435,39.80372627149699,4,154.8354073595316,53.65065008791949,0.014826458946392158,121.90692346949902,7.201168308147059,3,0,96.78586336810724,0
35.45101829944299,11.828639122588012,10.84170314534326,2,59.21662014431644,79.69249078995702,0.040742741956444666,196.76471450944632,0.4849306972045242,3,1,96.80393344660675,0
38.411788220831106,68.05483070413386,17.45975212074172,9,112.20236340224287,54.50069529210074,0.04518652702357839,138.26922848270482,5.933786337189224,4,0,99.74415000770458,0
28.776277537693275,11.085183636547569,46.39887229361261,3,130.3621310506296,34.323988445848855,0.02824444794577806,49.935015389895355,2.9537525696266522,0,0,99.36436758151171,0
11.318111401512624,68.33353448688808,32.13357996487575,5,92.55965392214321,50.52688092852746,0.02332452509618633,116.06415022545335,7.283140231098235,4,1,95.80978248253496,0
39.47020132729658,35.29109388916069,25.800974079469363,8,155.0781034675971,11.223079091375428,0.02960389926686179,126.14857829689137,6.62811257554713,4,1,96.39232077412642,0
6.0748332011695965,52.458348909994314,24.024748588077795,9,199.50838946736158,46.85305500427296,0.02023384085486706,188.83730158450263,9.379865391812933,1,0,97.84993432938577,0
80.55633399357184,77.54238609381339,80.90665500976422,65,27.088765793976986,426.72178903881513,0.18357429792495283,28.450677167590122,95.74803977724694,69,30,13.151113501440989,1
21.373632385420454,20.256429437600275,31.40704173322726,8,134.87172404385967,3.7198230424252916,0.007922657149939439,128.24267883843063,5.053925824078256,4,0,95.76249730395143,0
15.938992503803245,45.06464659896207,23.597242198833523,5,85.97948046421286,66.18651745225085,0.029354401595695218,130.92097874998723,3.853312800345271,0,0,98.46462926854954,0
85.29026149603695,78.81154549667585,89.11413425146412,34,15.363562806657791,492.7392058373609,0.2907417712743839,12.675474151297909,20.56438871574023,43,17,60.05318818610124,1
7.338931684502097,29.730298081500163,37.540157913390274,5,110.28193821663531,47.90368026441293,0.03957647453739369,93.9864736438726,7.696253337958019,2,0,96.55720787931527,0
88.07153658714995,99.38123941973086,83.36637497630076,43,26.477254138269018,349.982319424727,0.29815369051966384,2.3041824576707266,59.27965013031514,99,28,59.45357734487983,1
39.084386366398405,21.38306612736521,50.70932200933256,3,121.32020456495225,2.230382118501141,0.005198647831246389,137.92174009572125,6.898896115438026,1,0,99.63088640487786,0
14.289353533890138,52.92385358836679,49.09173452611086,8,180.45957634439628,29.844109164700367,0.0040566292611663,157.1327637374826,5.746685616258639,4,0,99.71301183517441,0
47.51250643833505,26.090314837789897,35.53978218930399,8,181.38077678778615,64.51740714917007,0.008476891679921111,85.30956601883943,1.2768346513962958,4,1,99.4415857835229,0
17.769128847012553,57.331270282943095,21.448294310052077,4,137.9992477239811,73.93197070274375,0.04445011125070919,130.80543060085347,6.055022841845327,3,0,95.37024163326166,0
50.636424433308946,32.18390399357998,43.94185353764614,1,57.10808876388861,37.114675692622335,0.00431886527122734,83.68715380255588,5.970936846687305,2,1,96.14660891973628,0
54.90005168647326,58.122474224911144,44.947931653330635,3,112.45653095401477,61.20908136809003,0.0013906925516870507,141.93603700783868,3.3164710780207205,1,0,99.6904559251457,0
95.24462670249639,91.11382681185273,83.75479717798879,104,20.80633457233785,210.5975945455403,0.22153321637743245,17.299781706150974,42.39909877225777,24,49,88.34045450578782,1
31.251162010733083,41.238232891734896,6.541278204984318,3,164.59282884015903,48.36671879836206,0.027181385784723407,139.0290547409702,5.834760817134008,0,1,97.59929962708625,0
86.30899672603294,96.2802989205158,97.51865661234703,107,11.26836895769826,249.73559622380802,0.6068590135807984,16.12433062774913,11.265135406618441,47,29,36.25677787487216,1
19.047300066214813,61.58855512659632,16.983091496414275,4,94.64138802985946,16.083014851861776,0.007173336811994863,129.08006209652714,8.461851073431564,0,1,99.20027160403758,0
51.17884727317404,33.7636440908538,21.437439700576732,8,175.86975714820022,20.101500438888415,0.013203633935164405,77.59516123419664,8.359567194918936,1,1,95.30608135922687,0
69.54515865301758,95.83478536715356,94.80387998666106,118,4.460620626992363,243.65522158284014,0.7402882270820361,10.99940922716133,71.30276933196049,51,11,3.64862853596869,1
92.7065203202668,81.83160778861682,84.29211473009693,53,5.543788093375396,439.207779071234,0.5191270172601576,6.459923260718788,82.98585285268598,24,25,7.243275021634385,1
15.14647508264093,31.327612993480066,31.998637839340976,9,179.29481686175544,26.164999509539484,0.011999669743399994,143.95289073619875,6.735558663425873,1,1,99.7242462079627,0
18.314721348980676,38.15998719022989,34.74815278665906,3,198.62424881660507,79.55163698900228,0.016761246080871383,143.97727759559245,3.5630463526999234,1,0,98.28360220412777,0
7.6129394272352755,28.12512261938666,29.230433960166643,6,57.22282718334116,76.97679422578514,0.022298864428050708,164.78760169658466,7.937145555942617,0,0,97.57143607477904,0
58.43318730012314,17.280879798498525,9.46698660192855,7,92.2712226206524,75.93633400992566,0.020176232771860314,163.0820150545212,8.794265650285455,2,1,99.271225179774,0
5.395758919722974,24.20098540654736,47.62915672035755,6,110.9606560618621,26.520110882818575,0.0247421379966022,127.6577918643386,0.6673435699689656,3,0,95.3739692571637,0
44.04624162658353,23.799748584870102,27.269286965536537,7,107.63302766088167,17.6974163541772,0.04629861290511799,89.57451791703734,3.1390101079591215,3,0,99.36210015645719,0
29.075813246599445,46.41079075272003,58.987168681385235,4,65.21485662330933,78.51769846451185,0.016924366692388355,165.40969033363376,5.15130594887001,4,0,98.6608132378339,0
38.92100568986957,47.78863397104484,39.81017179838147,6,109.88171816453918,17.99068427898623,0.018189780027371122,118.88038000141214,1.3241097556372117,2,0,95.07493339516286,0
85.38716091922004,73.9282170629887,89.08089266656071,65,2.569609244173632,94.51692941823704,0.054933261156820165,14.658440675342046,16.47615588473864,51,26,18.433908115513763,1
10.650656166370716,11.388901324979619,49.855094140015815,2,135.65529548901742,3.819912072201677,0.03941245748529706,100.88548073457437,4.248132517289656,1,1,99.80899266185102,0
17.31527541765265,35.69759404885443,55.125512077097426,0,122.17618927522274,74.85448685535168,0.01160539409863886,195.90261435536345,2.989421830726604,3,1,95.08106302783088,0
78.74383553797703,84.89523854659188,90.52343199386615,118,15.579970773226613,401.9928273544527,0.11328382250752232,11.766665399627975,78.28585119796442,61,16,15.15761226833207,1
97.60278303710831,89.00521696051887,93.7089717348614,116,15.531448134573195,267.71149023768703,0.26840175128067423,3.8160105603927184,85.98677018108592,20,39,61.771110958767714,1
84.78115552682807,98.37944211161226,97.88032499337396,173,23.24971625306838,242.7245159667305,0.4051045615843286,11.771693647538507,18.94237580877401,25,16,42.76835399012065,1
59.793190460395024,13.508002182577286,32.86369457799674,6,93.31776750027333,10.949771822178946,0.003475043051500304,50.668827822280385,6.3752913063627705,3,1,95.57781490948629,0
10.435013417720183,66.57956706478734,38.02083824388417,9,114.76045331934748,48.06586475365027,0.04498483088965327,159.2294308344003,5.625106377486557,2,0,99.08902446644693,0
26.201306101787072,46.72550929512756,18.905432615792115,4,185.6245172959994,50.46839227722766,0.00586079099746345,134.13851429587112,4.683111677333035,1,0,98.67669382214922,0
44.68988404237678,61.679315431743866,22.3622701524752,5,109.17239414747604,73.05013929402334,0.01963734689971798,125.55866495452759,9.219923807554714,0,0,97.51661295112424,0
14.565147463656485,52.073698854838575,38.13578390993318,8,169.44394456434088,20.8840488323058,0.004544658959816222,136.86405604006788,3.349422697010691,3,0,95.54239806372388,0
67.33911194686074,97.5954476279708,98.77066112171799,130,26.822087777622684,371.0208295901861,0.2013903560027237,24.035640120332705,66.60144183685344,62,43,88.88327571437989,1
77.72959426299988,95.3694651041234,89.81569009324559,149,15.27628704183585,293.2528732643971,0.33757739374047707,11.940385792035194,94.41488783009699,72,11,50.704419301334035,1
66.72546219052599,70.67505312865306,97.74846951906086,43,21.803221138768947,226.10931656856627,0.1864268351254495,13.055076715850237,18.904428360781374,98,42,49.70169331086383,1
77.70689752476777,92.53974934639422,94.49702032461953,98,5.018656624145379,494.20280141473205,0.3689227933570212,3.7773216184086276,64.6130439674975,96,32,16.87751513692734,1
51.525260221545395,31.19715957257593,54.84674585751869,7,131.36177380844094,75.26412564994044,0.03632059414885768,118.15889873797127,1.1831061008532129,2,0,95.068353916415,0
65.37146912588935,95.78126338741635,99.96114688434466,145,6.550487027647074,376.53143950642016,0.14307333912325226,16.79410575151641,67.95520672752917,91,47,31.32351712107048,1
48.813456146795836,25.677788433397943,7.893861571445287,4,140.8248188899604,21.585256268221944,0.03153030059943106,112.75418878341058,7.911249314620114,0,1,98.37263850425637,0
29.082421307550593,18.99129141384684,21.145192921880966,3,140.664904703537,39.36416629749886,0.03321742937277797,78.78069021307215,7.073314435594446,3,0,97.81361777705537,0
78.4479998799307,78.1138271412944,99.42699705295982,54,9.461750828099614,178.75229709746782,0.6186385328019579,9.313195752325099,24.02922463997519,49,6,64.61582838395543,1
17.13606064449509,67.13740797746765,26.710198873557705,5,121.62414968692487,46.582748034000176,0.006247362622901565,100.43384789003275,5.192145822725045,2,0,99.93197022055874,0
57.790391009868856,36.47758590572093,39.8542040453287,0,134.4467334517019,52.765932041543174,0.027914778806862547,103.51447889389453,8.567127073744782,4,0,95.50445836531347,0
15.602050833758236,17.576333475721157,13.443843838031146,2,138.74452369800224,43.48443420529204,0.0016893995451411903,94.99390113873865,6.542857512828377,3,0,96.52859384296994,0
13.265819553839297,44.79925047908496,11.647257128254466,2,92.85163170177245,71.32604311818271,0.007634936109534252,191.80577057210985,9.055606514462712,4,0,96.35521993564414,0
42.32787984678167,23.08993138312676,31.47474286249746,9,109.11374230150916,45.07905242546173,0.031034260175600178,161.01706528957146,7.790422227323992,2,1,95.95655613550423,0
18.29698979331889,64.33438859084343,55.869480910545576,8,126.88268493322187,4.904599503572978,0.03253330997514462,47.67719123680705,8.777895543254907,1,1,96.78716867804661,0
12.204165807254958,62.15798902404425,34.38579749074722,3,135.29589934052706,60.20362361836981,0.018767412303668036,69.3314255069271,9.218958214242875,1,1,95.58010513196712,0
40.95881542654676,26.380670908114027,10.84663904720617,5,77.83759239900613,78.28697945979421,0.049604610915796495,66.22575903128308,6.369939003463667,4,0,99.28400432350215,0
81.03204510736217,87.14981135340034,89.7760520487309,26,26.690587976706862,166.00769355317794,0.5323066767129175,5.756887208508724,31.902163040320893,63,49,32.16943832615379,1
17.375051110028743,21.16979317118103,49.118437141365234,3,56.223609819831864,79.61847929971113,0.0006448549896180989,176.74434244045955,9.272956881071124,3,0,96.08551557096058,0
43.270563301294665,62.393979401158255,33.369755743617766,5,136.1766819509917,39.33802329945752,0.03758264836578029,180.73373732497402,1.972459932711792,0,1,95.66335743129521,0
41.406816858991185,10.325943355481149,17.362420151232406,8,125.60619048773447,51.47705133309394,0.019391422586585102,178.19253123230834,7.760914173675894,0,1,96.74094656219835,0
39.40574288591638,17.38644972328136,24.665980095514183,7,53.29461557730849,37.844072545993725,0.006053009044378644,74.72295613420107,4.183906660970191,0,0,98.90312225438103,0
34.1060984867606,19.80654985563842,39.47744954000052,2,80.5205479741274,55.573425094056766,0.033360069067482644,138.7823279227268,7.268746995950172,1,1,97.98794482467905,0
45.69337851606876,43.02034285548145,22.524574253983534,9,83.08844567707891,57.5164435082691,0.03374845217281816,184.14673161276698,6.118899325317827,1,0,95.93604172054502,0
61.45045155529133,80.85868991666071,96.66398538379443,187,5.712272935740207,415.80083781941914,0.4146871148012486,9.665073296948037,29.71198733011338,94,47,74.38278850395274,1
52.44037183234521,16.67175929673892,39.21602473901615,9,52.93977343636494,4.944456977783169,0.002174948186080311,92.90208799976381,0.020435498624257198,3,1,98.26693503276014,0
58.41464987493311,62.71680032267067,9.9742941615854,6,67.44215302475715,11.054590212571638,0.008660196918448026,165.39410621185954,8.923210254554396,1,1,96.00144943279818,0
49.739598255112895,27.89975520925125,39.741117310076156,6,156.09631558312816,13.057869435090973,0.019260761162587604,190.26364768948324,9.815807346020941,1,0,99.89304809971432,0
28.76989909574449,28.632532458203354,41.67857514181254,7,137.81855362436826,28.647307139344672,0.037537952269781925,117.87142705123708,6.199550532914775,1,1,96.93550081773638,0
21.055932356848647,45.214554389205645,39.281163226491344,6,183.32693896651747,19.88280583092445,0.0472490676605004,107.83824633259962,1.2046714896336108,2,1,96.249161442786,0
87.0521962626274,91.00434141458142,92.78270591023515,105,19.603235383022557,414.70262485740574,0.09753884914893217,23.83626127977487,52.9229088564752,16,38,60.79591138508311,1
37.6846302434589,40.16334417347048,43.089901668150375,7,131.88612932120105,60.62550544469989,0.0050860784042640605,70.02356857871428,3.1009518912971243,2,1,96.90610271908483,0
14.354159328805135,14.311807560910282,13.453271481222837,4,102.84974547432927,9.76557782806078,0.012546673417617194,158.23646674072546,1.300057306554897,1,1,96.9626480728762,0
44.408252278580235,19.68851374950224,5.121479634472919,4,78.88576219833354,22.565379983205943,0.023753069172602354,174.99489480502703,6.598350504607245,2,0,99.10203003576072,0
39.63859690994021,33.38215658716295,18.445110353334506,0,144.08353527956064,70.05116242613502,0.022639463665678112,121.70677748066899,1.364729081892161,0,1,96.38904609729619,0
87.45871077173676,78.38328464874625,97.75374110737478,156,22.935332711933825,251.90774384861768,0.6748308061424061,12.447008565887115,45.982185458393566,81,19,18.57262090181505,1
38.694414850615594,21.96776112027119,5.1607223346175175,9,158.99443110675668,72.95838466393073,0.010627759032116657,122.40047154367653,8.174327446765643,1,1,97.37555961814027,0
22.977500330608382,32.97554356157293,32.59479009126201,9,110.73686226580082,73.15175576291078,0.04561295068666866,109.6999764926343,7.446816407467583,4,0,97.60358071481869,0
44.62021214038733,60.41594808791936,29.800992785256504,8,196.27839004285227,67.32886890088189,0.026822395849248892,93.03172806907855,9.043213684530055,1,0,98.83874089445682,0
51.58446191751952,56.373323614581125,48.1214955289837,4,57.453315898289624,44.861016793330045,0.025885711309782036,79.64873383656973,6.970433354249335,2,1,95.21225254207158,0
58.82124166281535,38.699171751227844,25.09887125795033,1,148.4306114155034,20.521222277334257,0.016349101472203854,127.34527267859096,8.770904182234668,3,1,95.07201831675178,0
45.05532084564517,20.42538639942474,21.96821226874188,6,187.8454118677187,38.41187778446198,0.00804956630213401,106.68798752797763,4.949203510811798,2,0,98.57913883109386,0
55.14816938774992,41.632754646117334,12.075957990741168,8,54.61481811509457,65.66847047010155,0.013542185664973245,161.58034599157614,5.840114621537939,3,0,99.46658465137004,0
10.372563189459964,13.621236367591527,39.59922206603636,2,115.67461305270216,58.63164945077163,0.003979175794322948,189.518209433471,7.219999161264278,1,0,95.02734749243201,0
29.44117084818223,15.816056660814233,33.452254445007,4,169.9669745407209,42.651792774629186,0.037793121419097124,82.81249705481915,3.7748536564876445,4,0,98.87897227980345,0
63.0238144122685,91.50695916002326,81.5750769888159,36,21.499105217219327,214.66097517545134,0.19798375941622337,9.7114511515694,40.02010748245394,71,42,42.39303703043969,1
46.95169535035472,12.534755987637938,50.54161235967517,2,68.65454994995751,57.0769165945368,0.007376668801381353,147.31049606133007,0.9188598758209654,0,0,95.96057557156901,0
8.761394684832732,59.333931227903854,36.96367474994811,2,154.9507679105369,61.07334612642275,0.044567933298859205,189.02426871115597,8.104160048749463,4,1,96.69899363494872,0
94.83521420035555,94.5136822258267,93.15700037205579,114,12.571284488413559,443.60255604079765,0.07690969480378772,3.048603215197565,85.23732202389981,83,9,26.222698006043956,1
39.618710074305085,61.88506535467452,13.851861314097418,2,192.08456445594854,76.26423454093778,0.021977263298601776,68.32314654807425,4.630317003673705,3,1,97.25340049691866,0
41.506007634705234,69.5705379993041,18.89047615035187,4,187.2323532018151,42.90136514839034,0.024637485912906043,128.69360390055766,2.114879353017336,1,1,98.78498178501059,0
47.373632776228725,65.73589765077354,56.885637379585724,9,150.86105337043995,40.57494767877655,0.007568868567019971,180.60518439048866,4.4994012725117685,2,0,97.31101388404336,0
21.206589228678524,63.18941777530106,24.064905355976304,0,80.89209681720334,12.876098844185485,0.014391325402026218,140.29601560913568,5.480610163690739,2,1,99.39259656811981,0
78.68297890639909,82.13602870263794,83.34773570630163,198,19.264095046545005,347.06045269893144,0.6623640872985609,16.2651773566331,38.90089634280735,24,49,75.10014998166493,1
40.27597392331833,10.20180250061709,38.22922649603649,1,159.4007693498201,45.89419731980384,0.007303083347775435,62.02954938878783,8.941406703382427,2,0,99.5723293808598,0
31.68278348819616,42.878792461428645,22.006101193793697,1,133.60205578951536,47.257138945217655,0.042768781147021456,119.55500875035783,6.31745683341571,3,1,97.31253576114571,0
15.908737075477376,68.36449730076399,43.81575250401592,8,80.16030359513852,42.343439342207866,0.04045852328221233,105.37284520259048,0.09236100425949023,4,0,98.60233647004947,0
23.166401153536324,27.2287712639582,17.372465732318048,9,102.54272721208729,19.8062628136019,0.022360591332099552,51.94975085633891,5.612677281615344,4,0,97.62812430720847,0
60.02824002094848,80.31330042302625,97.40587597240967,143,8.063141351642496,323.8688095436614,0.47732324494281864,29.693110875058235,61.20344702449099,53,9,37.77344740094475,1
34.431986507126695,42.783362709067866,22.80302059664843,9,104.99220462398458,33.00292260454846,0.03311080640397773,155.76211290556398,6.455024392705417,3,1,99.01477635547832,0
10.49880601558082,17.09247356120452,6.122479548128352,0,184.88470056938058,41.4051027720957,0.00845978868663479,83.51578826941982,6.641997009501985,2,1,99.27018324661896,0
8.799314344246303,50.51176464666957,27.41070221346454,4,109.06843642004458,8.756194763221279,0.04991812870029812,60.47240955953004,0.3644096977857847,0,0,97.17684851076832,0
45.07295935383044,35.36119531312083,29.841614824844257,6,180.10822240513025,37.73568426968923,0.015944519076765192,144.5963030940415,6.913070914994234,0,1,96.17150235177398,0
41.94417729432773,37.035433283753896,16.243011254415446,8,177.3291198666746,63.3193344102987,0.015560439307812486,143.187933232467,4.268878502401509,4,0,97.13043272426121,0
57.652726261524045,25.236246183863948,6.617916734548372,0,73.50586780559499,18.531435636784693,0.04766123837200453,115.12150092060844,4.293711747658517,0,1,95.53073523975189,0
48.68871198266606,33.41099632445885,20.357995918157112,4,156.48199512502097,68.17512592351835,0.03174305998118517,119.03133823061438,3.420908944294101,2,1,96.49946310895962,0
45.33090829069815,36.503322021806255,56.9220215144055,2,80.22897037235676,52.54083642488795,0.02325349593812906,165.00724182427064,1.119440326422324,2,0,95.18439151998221,0
24.980009781114518,56.29812135125959,8.993935814520057,5,114.33981008271353,43.351898750468855,0.020067456281035297,148.223239180956,7.299273019741391,1,1,99.55119658558675,0
8.557796743189861,24.852806800046487,28.622387400736418,6,84.60190334584709,56.20451898820218,0.0036486398928343546,110.24515651723311,7.08536961388848,1,0,98.50172697338576,0
5.1036425328095465,16.66919067855802,24.636283463086237,4,167.01574114528498,54.21704202410453,0.030562553752663216,130.4647875391473,0.5905547070835804,2,1,97.1786927556189,0
28.567126906242407,21.71030209010165,10.006195916044952,1,180.43841074370164,7.040597268049172,0.004595042346816647,158.71954447497154,6.870342121613867,4,0,96.30434341490907,0
27.942698638326302,45.64400556389691,10.748826038705255,4,64.66078029146077,11.696398790847386,0.0057428599722767265,180.41662520042973,0.4214812558082148,2,1,96.32905417504833,0
14.571160935696534,10.099913382588486,51.426243709673,3,169.7815348122732,65.58576931864742,0.02183681643590701,65.72683434691024,4.9951374923115015,2,1,97.37966387852673,0
11.8834371314238,60.24972330929174,26.84517976148104,7,119.87008315779745,9.074175103060432,0.04479413153192577,102.81098549759504,3.762266096070305,1,0,97.08484331153802,0
81.7773472381114,79.3433315908675,85.6048528588472,45,9.44585113597997,127.44371757103929,0.6583856737817075,19.499454866380788,30.037811099498796,86,25,72.72213354504153,1
42.91766042632527,39.28261736755984,6.280398598549628,2,172.0439914307234,13.662779874874456,0.017386915515111907,111.63081229748528,5.981320799053538,4,0,97.99373360570146,0
77.86668011769244,86.6374800125038,86.72270650335295,29,14.291169007276272,180.24136793489765,0.17239572675177772,17.31943643864132,58.97738352886165,81,39,60.99086120629189,1
22.285373106307592,18.884737914826943,48.393445453356904,5,88.34090243814727,39.5707730754949,0.017194547558859952,132.4664255915577,2.514034450146964,2,1,98.78941667524315,0
64.04266514749916,77.00650405939345,97.84276676253211,135,20.24613546328946,216.27925079957262,0.5134462581483155,23.579124898757648,29.040915448755037,87,24,14.163573421037382,1
55.52087005320289,55.63195365313396,50.44989180480688,8,183.58434432519874,30.877328019272515,0.025653764264695407,189.18062205932915,4.094755579057233,0,0,96.81384891022185,0
51.31542760535756,48.80397809311368,8.846031540906832,5,153.41953614585736,2.995734571885761,0.04881349967817992,179.82626058720498,2.899692643943773,2,0,99.95536939710712,0
92.56855035527876,72.56295202593924,99.77278798186829,125,5.493055916117795,423.1379856939742,0.2544856995936287,23.751512178522976,56.89275558810495,36,33,80.1388129323067,1
88.75516841966694,90.40146869096202,86.66282352778344,191,1.3093729379127064,312.9796774864645,0.2751002093138664,20.102189992367155,97.99606520332618,35,46,37.34280802739041,1
23.26481074414407,66.45157330141564,46.09804714073892,2,61.87367860877742,77.35186773936518,0.03941939578573118,64.54250280731138,5.35933867213501,3,1,99.48136708338077,0
59.154519104538565,27.1521987379607,48.432395523199595,5,53.03410940513847,62.89557335140427,0.03681185766102087,185.8199985535477,9.01350520474704,3,1,99.05964649371221,0
10.608864236797405,60.57189120621877,44.149985464464926,6,85.88432664573011,5.741146489679499,0.0008850894434440926,183.86038568143346,1.7280472976915895,1,1,98.55989269850576,0
9.575656123657332,33.26269761218328,7.328353646344424,0,111.19710191726243,55.7831152357486,0.03008634157230099,80.50506825319566,2.964386114109078,4,1,98.57166072754204,0
54.08460176634513,33.0170629898587,39.66470325043878,1,94.45243260224231,38.37630229342056,0.024991294369535563,144.85593752863082,7.176870954895507,0,1,95.00537085923276,0
32.40876816741225,39.06758022869603,49.43516607038912,4,131.88982684787737,41.10285806055739,0.005680627473311867,86.1485949069946,8.1870417169775,0,0,99.8921490368512,0
54.01191357985184,25.307437147235404,29.27016915591299,3,84.10263633001478,40.773447618619684,0.006947289302354821,149.63661788153993,9.036214873224331,3,0,95.12146152424525,0
72.83045016986367,71.96874813458506,87.78597578528388,73,18.835090029234284,120.40305260682484,0.6733542670281393,9.588070988608756,58.08193300331759,43,8,43.415409311842765,1
18.573950777268045,56.10156671972475,58.03817850010136,5,67.21085196388856,42.09850664357204,0.00024773884113648,140.39059993934782,4.831375237732426,3,0,95.46476594288393,0
21.30367184761141,38.648520450972306,32.68678451389334,4,167.60370192792203,41.21313660788059,0.017622389682521934,74.96559081843499,5.356840846647915,3,0,97.6181363410443,0
88.68185994745505,98.43083981364546,95.66068270178378,92,8.571135059657735,450.9882421339458,0.3529594060292051,11.773556138268324,14.495905818119663,71,22,38.74609519589028,1
57.92056028855712,23.08861973461326,20.12006305407585,0,116.70366318995262,53.77151457510991,0.02017030037881364,60.355434034362965,8.554497359903607,3,0,98.63538615587699,0
17.350407431203575,24.085556772215227,42.38067095300375,4,175.20257406810128,74.68370353180211,0.013226900480593946,98.5612924430022,6.312025598623881,0,0,99.4398112147657,0
54.269523794968535,30.106022560729908,33.57109315247463,0,156.14099366609742,67.05105786285442,0.028985415951220884,143.7772528233249,8.063913868104741,3,1,98.86874923367228,0
89.58208043340773,77.13066603915782,91.39544607516174,137,15.960920442578415,441.33989858300856,0.2325221203976669,18.12981956802878,86.36376682557275,61,42,51.48757157105569,1
84.263035658663,72.22637046091256,99.1966061880728,106,12.681166263424148,125.59012310086574,0.404330184893327,19.067902655326314,56.822577323362204,58,42,34.87124751861209,1
9.208063611509877,47.5653556923287,58.39081530095732,7,134.4883483720971,56.86138384186769,0.006826235245901924,170.69537728848118,8.452571696148139,4,1,99.43689579253292,0
48.77003411682687,20.084372571467107,19.82008492895615,8,104.63335631448453,67.07282827293781,0.024114297700782845,180.89671505319134,8.193030785026886,3,1,95.85644421025573,0
12.685293598435472,32.6540828853971,22.517607686406297,2,128.46400669491297,22.02748699338061,0.0022366059704466757,62.11232665883635,4.145574998640332,3,1,95.33227068602086,0
68.83140263406486,96.19615329912189,95.81768732042792,115,11.424368191204525,291.6385939694767,0.5140590283774404,6.00540077467719,44.659000011557275,74,35,84.00199048798923,1
73.95397411443703,99.62929689813957,84.7090155094934,100,23.713083870298956,439.29880536407757,0.24459716305703993,12.310951072109688,12.21941571406495,98,36,27.21456332985572,1
70.14026453334873,99.16998583484661,85.21733443161969,116,15.850088967671466,300.3687126193247,0.19965956848807653,10.580117341266662,85.5002329498816,84,47,52.05805210383967,1
87.72094242279374,70.44228341929974,84.88400676027152,29,26.153031852359742,93.78458665360172,0.46308047386985685,18.047001256161597,96.57905137684837,81,28,44.88554881311389,1
38.82445702421121,40.2626379681374,16.58552927495443,1,67.6773055005192,39.88604653623522,0.04575165662448358,74.93239803123309,9.497190214632775,1,1,98.00311294527461,0
56.79406327435787,63.61552968682888,14.133482532299283,2,109.14177923257212,10.487633877164102,0.02729904837384154,157.27667486614172,7.587676908608297,3,0,99.98667125534766,0
21.40847601125073,31.84080879447738,6.541719835911045,3,128.1871475790052,17.867441427953754,0.004232389216417398,146.68526242336821,1.8976674944467287,1,1,95.57056324992354,0
87.76608653258671,98.06583045736885,87.64961460662703,130,7.935802696273821,435.77837314683853,0.49607889871726585,12.478447936121285,91.82571773876316,68,44,63.66495040548625,1
49.74610826720163,61.85714973561861,45.84789146971289,2,59.84423662011105,50.66614183850691,0.01539719149400713,145.2680100855951,0.13449185823453003,2,0,95.30267084820274,0
44.18081580917693,44.21543823707604,35.77512383846554,6,110.88704107553238,43.73833120834929,0.037521109092065213,171.37852719829397,8.79943855897346,1,1,98.55147101578794,0
10.131505249878728,46.719269498518884,56.271725031283715,3,154.47669258728916,61.369757461162685,0.007847819299103132,87.2420760730462,1.2676362242131656,1,1,98.14113827307742,0
21.837163418137564,50.276602255026845,17.878557383968502,9,144.93815324308014,72.55963846875983,0.02214881752278469,109.61587275436875,2.3082389889771413,3,0,95.34789179314204,0
84.57377846454912,70.72972435575588,95.46758055020436,59,22.297687142241703,276.64135046321667,0.7412784152449892,11.475598893286529,44.805200703797865,31,28,26.656868762638837,1
15.727518360340461,32.70731578002078,16.828618521620392,7,61.23929366576546,29.513790878670108,0.005744575529267226,83.05361906793246,1.1845122782673656,4,0,98.7911633051715,0
60.010021957895034,72.1597969578012,95.0407598377464,52,28.692232793532348,325.80716104910437,0.2233302818712865,4.199056064948542,60.36452222102098,21,9,20.94140264065875,1
90.13965169815398,74.44998843532582,84.95895645973427,83,24.03137184637021,215.64432505582099,0.3889365426401655,3.0679002393526087,82.9463029319424,40,20,52.20533962628561,1
37.056634136792034,45.27889188357131,35.36244462963482,1,186.57701998860122,57.53605786451732,0.04070219782836864,158.089942418007,0.32253848442958755,2,0,98.14281753592593,0
57.38377695215996,69.05026098045174,14.522032746030419,2,142.63225903326048,25.255395157165882,0.037241016495635486,197.53549868582547,2.8782406076330433,3,1,99.49678457654134,0
44.42468238201781,61.13628830202312,14.150630293520553,2,164.1079059407098,72.42246564278268,0.02187062569091744,126.47449012173114,6.29506021403868,2,0,97.3427154095052,0
66.22720022823312,99.82236431683141,89.02720433095372,96,19.59006469663316,91.23561514744141,0.06177295707678769,26.95493011143238,47.72166948650262,60,9,70.22976608369383,1
79.73743108277264,87.525778232394,81.7038265192091,56,3.9946726819377583,98.97684354965413,0.6708508910748474,7.060928068501284,58.09576992309059,56,23,58.34009092779099,1
53.63711658498705,46.84568052922182,21.0345861136715,5,67.24976570588382,47.90090322298697,0.02075198077851069,55.18321741405751,1.9993331199391629,2,1,96.23641466108681,0
77.36414240948697,71.69827534327288,93.09319024156157,58,26.196515733927683,441.51096848285863,0.6078393950936957,12.22458087025245,30.414620141949275,22,23,18.217618783102825,1
11.018530574396195,15.255719953667583,13.435931574770322,0,92.42346547836172,22.70161291885106,0.04391763170867638,140.24811566676792,2.1492037462897895,1,1,95.90708795340578,0
89.60034231397792,71.14326204907677,94.56872752886787,26,22.396001243282438,146.98340580997964,0.7869050145735108,27.099026990860825,69.60613256897268,12,38,28.835684318991436,1
48.30875236945717,22.45557109496616,9.306081256976984,5,157.3617993054961,14.704372240526986,0.043349101196873255,134.2155024937481,3.6861835163956655,2,0,96.81265490691558,0
46.73812403452416,54.13268943307128,53.81817024337464,5,159.46239317363586,31.707643678985818,0.04765912443248554,107.66654106585267,4.5846482006373,1,1,98.67760839297092,0
70.01460803436834,76.69266275276192,83.77189615377326,98,5.1072674147576835,425.37624366878043,0.5847269282794452,24.40895390144752,47.03101145493046,98,38,67.97101257401138,1
20.93291987201826,62.53104822910688,49.7660940884723,9,103.47957931128258,60.37237486002474,0.0337022932969351,174.98203658722946,6.662532674960085,3,0,95.40691986873126,0
14.67105827557007,30.95281304324597,53.89167296669321,0,161.95758636736068,35.12211877502045,0.018535851460068704,75.71305359947614,4.810280101695956,1,0,99.14019390415889,0
42.45411303061636,27.226079337792584,34.62784302841963,1,177.13488462129172,59.26437310612135,0.03916389744734915,104.57915230936058,3.3149446668653857,4,1,97.10562047396179,0
37.79252064389286,63.46422843956367,46.22164141363685,7,192.6821564805763,59.389361182658845,0.029796947913921103,109.1559968750685,5.866704808629813,3,1,95.40041614368859,0
5.607685107123857,51.93930656131684,10.557121178753716,8,159.043752307344,4.118452040694146,0.043060447448193755,53.382898237225675,6.87605691656662,4,0,96.32911222356597,0
27.897649874953945,51.5267677173985,35.7894422758718,5,185.85613134850067,11.04368748908484,0.027773689308600177,74.23858519481443,2.0776380350739476,3,0,96.49483425644469,0
31.501414772373533,61.726485814327184,26.98645497113635,9,143.1976278122615,38.1397938511332,0.038727380219428724,60.229428749131614,4.098997582107382,2,1,98.42353909256967,0
48.378135348474224,40.68068536621858,30.735555347846542,2,160.06409309164235,45.974000249735454,0.00901634324566536,43.1306004571495,5.537213893769049,4,1,97.16525853684026,0
49.60535862711272,25.716237701007557,47.95001550522781,6,103.79841308397252,59.30415663672327,0.049574798210389265,56.57543943719516,5.058691113930717,4,1,98.06042675169368,0
21.500636712965463,10.03049650867984,44.20739215218177,5,138.0522606232372,21.546175145748446,0.04109058946843502,131.05428471604642,9.948045013513354,0,1,97.8985445683597,0
39.8238797160018,38.14092694242525,40.91551150880641,2,110.74769701639568,59.020303867684454,0.007227567432271109,136.20865537805025,4.034912181597078,3,0,99.92748721183825,0
33.25634794918082,29.167473893475893,42.37514447035628,2,61.33854852571289,53.235898007832965,0.0006908700056552864,161.18716740523527,2.992713349527676,3,1,98.02938227543976,0
14.901495226862627,24.059613962254947,11.932439677205117,6,176.33513610998563,51.764685467915044,0.008219712727905065,83.73949008212294,1.3414994925546508,3,0,95.15349129128757,0
36.04893022057544,14.276135136131094,24.29556544979699,2,157.87467856684054,20.7324889982538,0.019659488307107727,84.06044278667083,1.3297297737703662,4,1,95.45183565921208,0
50.8989073983422,17.002759818001298,10.878579448680405,8,152.23438249462743,40.87460370672681,0.04025450733948966,99.59762877172061,9.64965071043946,1,0,97.15402327977175,0
22.3192323466428,44.73451939291118,18.672308573111607,5,56.849765754302375,45.30745799959343,0.006915463719375659,182.3064590310093,1.0292360347111085,3,1,96.05499284683336,0
45.77165208583414,19.88234836621819,31.70432812635052,5,104.02648019548377,56.439443821025066,0.01840698613175613,128.99259398177907,2.842050090136232,1,1,98.33172074405901,0
46.47620869786995,54.63884271774027,32.94705876772683,5,129.47865425612179,68.42662245318391,0.010634728590704462,145.00953639624692,1.9354443949272693,4,1,99.8278215195444,0
59.431557718896244,15.867164523426908,32.84077945720105,5,145.24620990762918,35.26361350663774,0.04718538579311854,56.8352006168344,1.5214665970906416,4,0,96.28357181082774,0
26.172183050467677,34.82530345462933,5.456648599130626,2,69.15408204289096,31.75720389021424,0.007509612651370706,143.19979596759788,9.496567631088062,4,0,97.67505102459381,0
27.33749767147815,56.154633042559695,25.548242289992736,2,185.64722229174876,79.13802293823487,0.0024833708381123924,172.631060481265,8.593411519245437,2,0,95.78526390256621,0
37.36411534070759,26.84671226810123,7.051800748396923,0,80.85900830946949,52.73982865474983,0.017211781494872274,51.07984524103962,1.3252683055199244,2,0,98.53963051143862,0
9.39417941588249,24.020976080395677,38.896918117162755,6,133.15309774557926,29.840141865256705,0.012167770979321724,73.17856305833045,4.041190784739662,4,0,98.86178158750141,0
58.64929382545863,56.02592964842542,59.49521286983992,9,146.77280509999352,34.18043187364764,0.0310128163581887,165.96104434668536,3.5912335286848487,0,0,99.34058432808396,0
16.925343386974937,52.16304644159785,44.17424351071281,7,68.42377738968966,37.693938840467915,0.018710533008770437,187.1964679825724,1.5293937512479006,4,0,99.36148217184078,0
65.30913604208651,92.2584232105423,80.34419531198564,32,5.921459951247023,165.5743907625431,0.3025351892328493,13.01869958940408,44.37647112764679,40,49,10.853820325242001,1
19.89564692389709,47.05873124087615,17.594704495210813,2,194.50885548771944,33.18426838578533,0.01226090319701157,116.17594011848318,1.6571289970722858,2,1,99.6141010167281,0
35.92629205717814,27.987822305631845,44.212079927932415,7,156.61238949716147,60.82359417863938,0.04360935699897098,163.87112754270402,1.6877917326081282,3,0,95.58410163530577,0
38.10298763384034,29.207939170187444,51.11651602768032,1,52.14743157230702,55.908302327431414,0.043977162373091835,163.3338718095133,4.228147045326567,1,1,96.49337985684322,0
12.997403568269023,19.053489233964918,21.898249850101106,7,75.49353336425983,38.21843465104657,0.006440242993150647,169.121485889959,7.596336686952309,3,0,99.85042967902672,0
48.98980703255273,53.099983601924144,45.24129373288462,6,112.39853051622055,47.169200888008575,0.020920295946881325,168.74451963695805,8.539129775864279,2,1,96.78301933670741,0
21.15590827701152,10.847448628965271,7.835488172559209,5,148.41272969448403,38.26244569979176,0.04911245770241662,84.35324363332784,1.9594077579572455,0,1,95.89968819875389,0
34.284034372269865,37.93633911780515,25.56632207152428,5,97.87553662457623,46.35290146525273,0.007278114414453047,183.31972548002878,2.6518968143191057,3,1,97.27359402884359,0
92.91074451582712,84.94569664602255,84.83045434987163,64,28.494513663544005,470.29382743634096,0.44452051786211527,18.2490439327649,90.67311986737869,98,11,70.43351574408905,1
48.05399990871568,29.235495754350936,29.654721786923044,6,118.72998789585182,12.517315693227001,0.006041788062307824,143.1542236992174,1.437121091808553,3,1,96.45399346880637,0
31.01834243375924,39.01907687303819,11.076030025225162,3,179.48206640054914,72.49516739038107,0.0020067308299345776,49.83140169287491,3.459814092929163,1,1,96.25553189899357,0
46.15728066499078,47.46170571693947,32.11796951222229,9,152.1704462504411,31.660791685151942,0.030391411001726883,40.63288711543778,7.433405893270515,0,1,96.95400448608342,0
59.330208957327,20.99961908502432,56.13885230061203,9,134.49750567154211,63.307188804229995,0.03898914450636568,70.31293015309512,1.0595923611923896,3,1,96.23082512662542,0
51.50808547480548,50.472575944738274,39.92122814244508,8,95.05104153213681,8.164754297794847,0.024432109845521383,134.1913551029836,8.409320883102792,2,0,99.36078782109216,0
79.57530030577792,92.49011512837757,88.80408651152842,29,11.235351449827355,138.84355686073425,0.35047463151867414,14.802085236427073,94.31857564662016,23,18,84.45453297411159,1
34.46851011583331,68.2886683280742,26.916213879295285,9,131.2486911491183,33.19330822854291,0.025551786201588322,72.39971829752592,0.9594469499251668,1,0,97.90306966631357,0
56.67551962462068,14.034663107881807,20.67916810208267,5,119.33271694973193,8.702915416112745,0.023774195329083647,123.33821327762277,4.976427162850888,3,1,97.65507564372729,0
12.236013363534498,38.19819913768188,53.21242384240323,6,78.06771143120042,18.152551661393,0.007810685882455576,86.36991226005767,1.2693728521261871,4,0,99.36688583617529,0
44.175421758519406,14.97965265595677,56.43059943361101,3,161.05792280144962,75.26984835137218,0.03224103713246029,79.33797353458644,9.567330699381882,0,0,98.3565925724562,0
6.889480761863622,41.02565148918001,58.67795658562941,7,63.17011405476385,61.66496721202962,0.04043746006077555,96.92232199774251,2.5946193080545976,0,1,99.64620167665112,0
28.536371046880348,21.992787914085454,19.361133069238193,4,191.54000492868184,7.058570125277282,0.039556910323261356,118.10863013463752,9.904145051103155,0,0,96.81851295167907,0
32.45915760981477,64.52240717875577,40.75341943416794,0,187.54754732224058,36.62370457232141,0.009506037007446245,68.43173560161674,2.3600275035587526,0,1,98.21723846078395,0
49.965509135414884,56.60415783620727,39.42779730087376,6,85.37605875255481,57.72092194844751,0.026515500841305634,193.95360224638614,5.334794143674611,1,0,97.09345145820085,0
30.31607751924992,62.14487903387953,33.06540793790857,7,179.5245129593087,55.04379916966572,0.024213974215467435,132.3600636673845,2.5700444773046605,0,1,99.92720586731569,0
27.98884957356236,25.3843025378498,21.016755012391467,6,154.70202428470918,21.83693850373213,0.009399016326716254,110.71907810387715,5.193458411336716,4,0,95.92368658666125,0
48.87557192258361,55.87050630955597,17.76107448064718,9,152.72205805938208,4.016670651536442,0.008363996151489722,196.63604936315852,6.380295112430435,2,1,96.38948125247198,0
97.96034459699158,88.23179085741229,87.58717547210234,145,7.706460043997655,497.1094056350959,0.1890000027054365,27.56281023962591,77.15784858968992,47,49,60.083801640285934,1
88.42123447380465,83.25073318905527,85.3628529997134,31,25.611086818659622,346.5270424526498,0.6237306361853165,7.066918432984659,16.432632521453044,38,33,21.456958271066394,1
12.374296320758743,43.917838599818666,14.595278999364991,5,177.39157111704128,50.83281014662468,0.010721193579906786,166.89343776959262,4.746748709263019,2,1,99.77570192976512,0
44.51220484492263,25.309559208953296,37.16492621752413,7,62.176439980452635,78.54489514860656,0.01999224694315693,189.24398678279348,0.5709589665616688,3,1,97.1972657808519,0
26.360980954131048,18.439701450860774,27.710920113700865,1,95.22369902328734,48.51636501125572,0.01936137430381,103.97523610181979,5.024946128521368,3,0,95.79880834969543,0
9.725306030260237,66.83565163975703,23.95733274587836,0,55.195321830481575,74.63416422890971,0.02972379266136543,101.54950600668008,5.656822363552716,3,1,97.78365393457196,0
14.914221007905248,45.97926799135837,49.62902857984064,3,169.062702497142,14.070103109350512,0.030374000199544244,65.17921677994079,2.8623791148520397,1,1,96.38377028164057,0
39.93396036540448,31.1151180650308,25.388118467590253,1,143.2852978759886,22.580140550385444,0.04492534491038719,132.65412211382886,2.8530235400697035,0,0,96.28704722558467,0
36.677018818133604,47.06481438735918,53.56673902110611,8,125.24591261912728,11.171935783924445,0.03493387663749434,98.11961655700053,5.67128263026842,1,0,95.38881088504786,0
79.70346727811388,82.71362594629437,99.72220005462722,119,24.455971455149893,229.62317621610615,0.26910232537027884,15.030138450911892,51.267652533570185,48,20,40.06928307829519,1
91.73434026219255,77.3933589228811,93.92693858415075,76,7.912717062062576,243.7637519608026,0.7353415987961806,29.754457655695674,79.31349924892154,63,42,19.281056059690204,1
41.96898792521422,55.4234473528836,14.299188845931862,0,196.51846500914107,37.31760824596084,0.022560304283614024,51.78276584068264,0.7326631678306572,1,0,96.2487450683582,0
86.97976371451892,84.61667584137471,91.69781272266815,181,7.528101615965373,233.30153061798114,0.3363830125864787,2.806044520640734,89.9273972323695,82,22,60.821562054119106,1
63.02785116343398,84.70580082094621,81.1842394883301,116,14.337044106228346,187.1141251620594,0.6327987431206931,13.684367729228379,95.66755808008922,48,37,85.52548489598988,1
63.24228612609059,92.35191471574971,85.6637487061277,183,25.416798211565975,176.95407046297248,0.319205147960973,27.991125673435285,33.75515579472052,71,23,70.51507577668757,1
18.433871969279792,11.698390640584845,58.71689097749803,2,97.9224184960643,17.40840276759134,0.008731124294849747,188.1575508367271,2.0586619422220642,1,1,96.81376014896419,0
13.101794961246128,33.98418197794169,31.95388996744132,1,186.81938108012088,30.822474305689223,0.012544904177527162,192.4686729897354,2.7887932031896434,1,0,97.55501393670411,0
17.060542732623315,28.19248821447682,41.549851521362584,6,115.57557676076765,75.43544410808855,0.0010920928340671654,117.20256362695605,8.477729322454103,4,1,95.44413653242023,0
30.805359147240996,28.241396862043185,32.2074274926056,2,171.02477941290692,36.763549804248896,0.04391667938137681,103.68915741952313,2.7071800043977157,3,1,98.56287844431891,0
44.054854036741524,56.46992495366015,25.1926579372458,6,162.00495041349348,11.190000920224564,0.00838802171946893,89.70612024829124,8.378311123093193,0,1,99.77443368050548,0
70.616416919893,77.27115764740088,82.35131102484358,103,12.612869996388277,374.0501232693897,0.5787917946130784,24.75319792561939,11.499144941925291,27,40,69.0091249766151,1
31.759261676518097,35.26962159351801,27.715033938099626,4,184.86517638739554,28.175533688421478,0.00719116047013011,184.81752672655676,8.810406480237656,0,1,97.8534795788291,0
23.558729973235494,63.599953260777035,16.45261466970515,3,93.0481722831611,47.771896337474416,0.023873678106241587,195.6423669937341,0.9127271421665384,4,1,95.50317090345789,0
76.40511346652693,93.8666130491241,91.29306459691426,37,19.942234430725506,115.5119058631422,0.3890223201417806,29.119712314126595,79.14279634755368,19,10,66.73532091953969,1
48.36621672776331,63.925690245294035,26.213598589176797,9,108.46441535378354,15.527990212588893,0.04148503842596739,154.40297764394342,9.019720963948739,3,1,95.90031309590208,0
89.62104294237717,99.4774330363768,86.67793479601285,188,11.073015192132027,136.68182990317712,0.5834586734720557,2.068161032798426,29.198940568604463,87,15,84.02754228453881,1
27.837753514024115,62.5355446643399,16.78469569612159,7,122.79494816957623,56.38525180313265,0.027617699526173607,162.44019107937388,2.8809680415272396,0,0,95.89554119365059,0
19.39772800276996,60.93921065684585,7.288479887575615,1,160.2522512342972,55.698754945204556,0.03676951851259138,162.50157779836846,4.079864242916106,1,1,99.55200949822132,0
36.76705362540492,28.528564730628673,21.466850953136262,2,195.27532700991128,58.34452889254406,0.042663978487716005,117.22346511043568,4.050329645007958,0,0,95.79948826899991,0
18.58636942726576,39.778389493895816,24.697171869442187,9,65.57811997716955,19.531814969886522,0.03908234144347003,176.9304675863487,1.2627940151269745,4,0,96.60139151208193,0
70.2528620219727,71.56521144530184,99.66669188835891,137,10.170263179690116,429.8769293004267,0.7485030609667808,16.42150025212603,47.59341016176013,35,36,29.57154714260778,1
13.773556767621448,66.71333600400519,31.748873357583474,4,135.42797845561302,33.71684306862627,0.010050220397354183,157.5027395329442,3.5897242202269797,1,1,95.25107605492443,0
51.469021310365264,39.44339961751376,39.69255441659416,3,165.51900485373142,51.07507402916708,0.004788695456792835,192.7886798753644,4.762917867508559,1,0,98.60392398649877,0
47.969302579606826,41.683927374903675,9.606191858308847,8,97.89845690480136,32.03452445735917,0.020197567040848408,97.21398818996498,2.402923624374409,3,0,98.57545310592751,0
40.32965751455091,39.638860360841505,21.921881012165187,0,54.80530590840046,61.60414358152868,0.01949069680782056,87.38603238053642,0.05898264246677054,1,0,98.29540344106908,0
61.48906495408662,84.78016342301972,94.63649513116769,21,23.169683970376667,265.41419259196823,0.21648712564560452,19.665934864268625,49.5174269492194,18,35,50.44692560270554,1
61.37867691108342,90.9743619477358,88.07629695417036,86,16.797198847582337,210.26532488879926,0.27394012860807676,26.085840091057054,17.321384134659233,28,12,79.31858631018018,1
26.594677312106285,36.75256881050642,18.392933304899678,5,154.24749499611312,71.97700477667217,0.03368140082488198,103.02802612596665,6.309335510830643,2,1,96.98881055609618,0
28.671174829344473,44.820408213457696,52.02561274116346,4,167.51088978240477,47.63061221892482,0.005082249479963258,179.52104525850655,1.6879084026004287,1,0,97.37717274921211,0
14.896044966278655,49.82048021827895,20.372371326962366,6,80.64563020227135,42.05100380515415,0.0198722671593647,175.64940419020706,6.406219802507374,2,0,99.02036073424387,0
29.253209301396236,17.251020949774528,36.66273890174203,0,80.16564989006532,56.93045042591473,0.04837004192516922,187.71246564321982,3.6227391807517915,0,1,99.3412468359802,0
10.059465444889913,17.315952808265052,10.20247260933578,4,142.16719984424742,67.56022121541902,0.04216444822128793,148.931703570131,1.1915059442247433,3,0,95.09935247118918,0
89.27430362486378,97.455064943692,84.45619203183745,30,18.354328124294902,336.2048469647844,0.40083264061713025,18.623396626186036,22.280878452924654,17,39,89.32056393484562,1
29.74553940288938,28.828957987739166,15.814657084541896,6,165.64651127151396,43.90569105331523,0.003777953830287545,73.0594470285892,6.6283240294444425,3,0,97.50875447368402,0
43.48300577447977,10.443465962737733,7.0415827721475654,3,171.23285915602133,64.85344991440132,0.03870613936364818,118.49504795643188,6.088378302990961,4,1,97.94502754798661,0
13.045193269974485,59.3285986854066,10.200044960489262,4,55.88466919355152,30.69783544895963,0.0356466067748142,147.94226946114037,4.030925926726338,1,0,97.15382683893445,0
34.34185197239699,64.06689904285567,48.672739598225014,2,172.5056309937973,7.615287107694716,0.04066629994479028,86.78257474421136,7.714618785276169,2,0,95.95846651502977,0
35.798200866530244,52.51954803355287,21.123296114018522,0,82.82279754367832,5.166734663105135,0.037169206591171865,89.84592229047657,4.062939907066983,3,0,95.88461766155999,0
8.601000406487401,46.332456637130385,18.721432149944796,9,134.20375704371213,11.94953091366275,0.04485230234407035,110.86999061148873,1.8094999995886585,0,0,97.79610980258994,0
55.73186303211406,67.74343831981666,50.21560610891325,8,182.6924778729156,25.03600550528811,0.003743571067302137,107.64949576484133,5.068693690685562,0,1,96.24582532908137,0
75.04697597466256,82.63249627025421,86.26766974723925,54,10.977175176544366,259.9487139403691,0.5749563740070879,6.296927919684876,93.77523155918225,46,8,36.06203783996602,1
11.659517369279056,48.848766486844255,50.766766901337945,6,133.59195286471368,4.7209401729145855,0.027414130659932208,131.9672050679706,1.5799350772331466,2,0,96.86238040556279,0
14.021739636491823,47.30306563779237,27.05900376549847,5,120.53011136489674,37.62458176309761,0.036049398670425746,94.81521076942174,3.655126517904148,3,0,95.54826568484596,0
26.659900779687373,31.293282251487334,35.29585044707164,4,100.29375823440994,54.43293448870447,0.026938972528088807,48.5456017547518,7.333999923442366,2,1,96.40135948532387,0
29.853661710567124,63.368838704439895,15.385298609803714,2,98.99310516080115,44.69081891000457,0.014270034811363609,150.72756649164543,3.806599171346013,1,1,95.9057268352793,0
20.856562317654006,50.6121149673829,53.96614130240302,2,185.00134772411175,28.561415835286333,0.013170586864383044,41.27624382460864,9.90602161007882,0,0,99.2763565533918,0
51.05937516790353,29.68415990157808,35.726091296398195,4,102.85408432773333,9.333609781798721,0.0017495710289879064,44.49576495482651,1.0840995438815393,2,1,99.36852586455471,0
47.16440457804777,59.04200082670319,41.170054384342095,5,59.92488031402802,63.75190719399418,0.04297838071057566,75.81858883108038,5.572723436383027,2,0,96.10476989662165,0
60.369796864092216,92.16094398189756,86.86591426940618,195,14.449169072740684,239.68007133988127,0.3521906835359766,12.663207073566584,44.81913597746566,62,36,13.179366628935389,1
31.810301405943434,40.90206179012703,12.739355955471325,4,52.007346490480735,75.88757590309322,0.03190478454676534,188.09257271607282,9.444452674928925,2,0,95.35210241133723,0
93.2913167654209,73.40846314603317,93.98523562048501,157,18.14095033960691,209.7912767934473,0.4041749149610911,7.629411730702479,21.104128613323553,15,25,15.253202428231683,1
56.57764678674056,66.05153351268063,57.79725298621715,7,141.63253349249158,1.215868433565301,0.040249138342268016,162.17973395777935,2.691509072470831,0,1,99.968461926047,0
72.18438715924707,72.92492927063529,92.95925178134542,24,11.185586578461686,119.00997777952877,0.7555006001856229,20.650284701862304,49.116957097041166,64,17,75.13916995316339,1
49.20516349110499,55.01006605277927,6.675949523866082,6,166.17709305146707,70.2491158807272,0.040366713952965594,153.80911541252414,3.7613833105719827,1,0,99.76267943336993,0
10.998250213867525,62.488945805645066,22.63136146231268,4,121.92233662945341,74.13205338546089,0.019972094054420186,195.17809447630475,8.239181037342965,3,1,99.82321188290608,0
28.721949007947345,23.353812226336444,6.635754582381117,3,136.78108976946208,19.12379248868885,0.025532209998118977,90.83245474258858,1.6650663054231618,0,1,98.09246292555427,0
59.300432892452775,48.446824802888074,35.38449650250419,7,143.63005302234723,18.29031195970096,0.02860837245579752,125.96427732161956,5.714132874720931,4,1,95.10247466575942,0
8.53103077797262,33.44791099877341,23.587727833388424,9,105.97188745561996,68.09528587234736,0.04761628422175886,151.42704435488844,6.100732124854897,2,1,98.0817269959622,0
93.02415097949492,82.06156877530547,90.22981023636972,198,18.16969457904923,113.40524404437433,0.43584303214598513,14.621938312007176,56.569872582911344,95,39,71.91109281874104,1
26.86730439593157,16.203340126747936,15.95302292091207,6,132.45646444338172,49.75096718664628,0.02113565889956039,79.37028320200162,0.7207783527355416,3,1,95.7069165262538,0
99.28129567097413,71.46384440023142,92.9790428396376,71,16.456365621627953,437.8883470275619,0.610277247397349,23.91921574307119,36.43124937382743,23,46,17.577246621046108,1
21.292700777620233,32.365889354125414,33.29728819861285,3,152.7785038920335,27.706333143065986,0.022471434380537354,48.47317395162251,1.588880076654423,4,1,97.75056482986412,0
89.31622856389808,89.27052141468333,81.67272585328735,108,18.02539485420185,249.20264644892856,0.30692826821786606,1.3118252934166876,83.7513816436789,62,12,69.31260037285739,1
17.777998862547477,56.41411360663929,52.29490492873849,0,136.74070909293283,34.84613835331924,0.014508298424092615,150.34256958116387,1.2688296270737098,2,0,96.33328648377747,0
63.32105883105407,73.74872199536385,86.21288860837704,178,16.794843599865548,177.23045074650247,0.22743988322983244,23.113554705942217,97.41063753743586,28,11,69.29865888001638,1
84.3893666086884,73.01842888246776,85.29418694939854,47,16.750527330576105,137.47455456302112,0.182008859149004,16.498287438423393,42.7363195914093,52,12,52.17353058808165,1
27.141660675561706,34.04006804471848,48.321455682435854,1,119.75424671563738,72.85296522417171,0.03764143702421446,159.89336303104255,2.2899529030080656,0,1,99.25232154729045,0
13.63213669718219,38.15973774595426,30.38239579441131,2,167.9232120031262,33.69404820264687,0.043689086322972664,191.9140213858302,4.4791655318703985,3,0,97.1778029191106,0
57.29988104383215,16.484262672798586,44.04505187687189,5,162.602232563165,27.429870462329852,0.04188505491874064,190.3238645991592,0.3144585197161398,1,1,98.18572273312166,0
35.06792047910657,34.27470432875927,17.670960873350253,0,94.58169594208985,22.27250954888729,0.008049289740550697,138.728658250769,7.885026996787097,0,1,99.8736864676915,0
31.21701799989576,12.058090032824229,44.07612172765578,2,70.65725166392312,74.68449438430395,0.022463866200492535,104.50023916007198,4.624238306123893,2,1,98.07198707188908,0
18.696888752439854,36.34594374758797,54.23108205345922,2,93.2051971488435,3.726290548681905,0.0055063991766531265,70.11012374373983,3.056845482653668,3,0,99.15438694826331,0
60.46890058070775,76.30946031115852,94.02767237386043,154,22.69954590100484,157.81291332719428,0.6050693465698184,29.833565294644348,43.53381976851738,54,29,14.950523459864353,1
57.37244839024446,41.7723995565579,24.291231541354083,3,188.9583002198954,73.64988948686158,0.04052818662135678,51.12259765587602,3.991947882058342,3,0,97.45142601009438,0
71.99811555494476,70.60381121098153,97.21629218209006,177,13.18811628496176,119.34329298560931,0.789487407964012,14.543915102820081,63.484065197901366,65,39,7.699787262209231,1
23.928629013462853,61.13616884647895,39.927177458187344,5,54.02530483593577,4.420474773298337,0.0022813914031948935,64.3418357599464,7.4246585681413215,4,0,97.26485242737338,0
46.71592868796112,15.099380658846602,8.63315232065484,6,138.82249201098273,9.383065277229825,0.01391261187740296,135.250502949762,3.914574534959595,0,0,96.54512599144856,0
33.86339926659275,26.001264079121714,23.15499361912873,2,188.7919155871765,32.61275937084868,0.047108125722710635,97.19632895476491,5.377337364307281,0,0,97.27784450248414,0
9.525163058970085,34.65639402846183,53.22294442092296,2,62.31164280225124,2.2579337276910567,0.01688979700534372,158.31564614302889,2.2847003501129857,3,0,97.54466035321073,0
81.75925154171817,73.46008682293234,86.11873911090586,90,17.400238827957573,157.35418327388456,0.36975311285005097,27.94450136133024,59.828642380093356,79,7,65.25114377569899,1
50.65143333832734,58.457622263378525,14.067350585846222,7,63.595458550974556,25.796506078121034,0.029568634817932656,172.94915273980672,3.7772223194098578,1,0,97.5120479576801,0
67.73471712774197,97.68114237467933,89.43356695587855,47,29.55652784647111,214.24435629179396,0.49716471973056015,13.33988917639132,23.18298525144236,79,10,42.05526207178868,1
70.31359915658618,97.25637485113057,82.34845147408188,142,24.338524584397774,354.44280169882546,0.32396441892308575,27.533537198976383,17.412095889367293,40,6,81.19289873855826,1
13.021212744926508,58.15340931568532,21.782683187777863,8,116.55870733757807,46.88119521252647,0.028614344909129244,42.201298767420866,5.255647961731668,0,0,99.43766483224819,0
30.942366734991527,46.151834026251834,39.70881426771121,0,54.908653115736705,34.076488531697194,0.03532930381042872,149.93983095026832,9.075242988382787,1,1,97.89758543862598,0
32.9991935257858,60.535507456126126,37.55741828945838,0,148.55091952276894,53.45988741481559,0.032252464166476626,169.85477945600257,3.832367932712489,3,1,99.57120863771065,0
13.562071759349758,49.576912214205585,20.975213699063133,5,104.5860373448294,11.105319168601294,0.02687567935212301,161.42140006672258,7.101674974173145,0,1,95.80994736682199,0
58.35750674153212,35.50153882270059,24.4156849920912,8,122.3017404558739,32.73395830439336,0.03351996823065591,141.32941809521307,5.728203571552431,1,1,95.94112442337313,0
14.30024153471472,60.97152375332484,27.798635259527693,8,129.76739678114728,64.22230584426624,0.026474977952675713,131.24367262631617,4.003441502106325,0,1,95.05970645326845,0
22.797023955376208,56.49328480715431,38.59834599146179,9,84.31355704604286,8.502674825638746,0.02206580031908008,125.39013060574312,5.7879922990977395,0,0,96.0264132639551,0
23.378757441808432,29.616465647993994,7.518127924618596,8,132.3464574492324,78.64525836374382,0.004050239387900184,138.17714977441682,4.497421668568659,1,0,95.88679020429426,0
16.94650106858459,17.68713042451063,44.73938882067944,5,74.8800018550423,26.446368099717738,0.048449401706166684,70.88756228266575,9.034921812192415,3,0,95.81858347231228,0
86.79724062111671,80.10938573370629,90.87847397491326,64,26.498454288686666,334.5213677031885,0.1981853980104501,16.33290876839966,28.090128936886185,20,21,15.555045645799035,1
56.993517274771925,68.03370834442465,51.831951394796135,7,59.31772970598682,46.16804330999945,0.013252297436980294,118.47399205235106,9.12848483982875,2,1,96.90067164125892,0
14.49501015448777,55.760195828845816,38.70921745780037,4,100.68749821445846,61.38195732721687,0.021006491829629794,81.01698366286122,9.039147377144053,4,0,97.14220709081535,0
89.4025922360197,93.20654004700168,86.56196629701367,111,28.53582347820788,436.1649332418291,0.6376450141910072,8.437954169560005,97.17780939756716,19,37,82.58804062795556,1
84.97210200036176,88.22651870423168,87.59366503826533,63,11.049807752472393,332.4102696352353,0.6422143670616589,7.7827325370584335,75.39753237022832,64,26,80.27282496609136,1
6.8020217928435,68.62322375777755,49.00267250023869,9,74.96463064011232,21.28497559359718,0.030954012647484236,58.47479517472859,9.676619899994815,0,0,98.33929946398321,0
20.91984924553997,62.92774863187424,36.29918557914262,4,149.1156088124979,23.551351814490065,0.018832268305314398,65.70837589981268,7.9692943104904295,3,1,99.6448138075812,0
91.89403569439284,88.40462941113091,81.44525908081063,112,14.531875862492628,156.91793342493864,0.7345055293300464,3.0529884203779125,39.97466227939995,91,47,80.62373325187986,1
52.36943991277542,18.45700268424959,26.766858122109383,8,99.3595046667944,30.020319597335224,0.038979886084208215,52.486161011277304,7.784405136424416,0,0,96.29705148638895,0
80.65407590439082,98.99423980473979,84.58519507162049,188,15.906626038019134,485.33574620888174,0.2127438484670317,15.568632033748722,91.11208471582104,12,32,16.03845426686045,1
84.45031337292826,88.33033772428142,93.37782237365627,173,28.247498353334766,373.6195456596695,0.39709103040176336,27.498824846655328,93.30880173405853,76,43,53.6321951152519,1
25.104934680630592,48.24158553356854,37.01454587131406,5,120.6181497534347,63.69562318428231,0.007622850882485744,172.52175589649403,0.26326814687865463,2,0,96.99712455898006,0
20.995695180131634,63.8327321494474,21.30182887370835,0,131.7638742232388,75.66086141799765,0.0295106913825628,96.99011467259906,3.3660533948416616,4,1,96.1087496970636,0
14.333150367676065,31.998035473086965,30.866408860009702,0,191.0913299511227,11.543214467611861,0.046772574094826894,138.61548131648183,6.396388276474962,4,1,99.72360982920014,0
69.69887687895857,88.56000637668538,91.91503282086447,95,17.172195684919405,262.6524190760408,0.4234009474249614,28.953574597522962,29.951075632142246,56,26,21.467201987953292,1
53.57666887271746,50.915916853869625,22.655118235047816,7,65.36787684260652,17.921412637668183,0.020047049816795056,199.73196766587026,2.7322871407923466,0,1,96.37734234658429,0
32.03762829695788,48.81920400167607,58.63847604649545,7,174.2785284795437,16.182302918228814,0.040588155008146394,118.31872738263911,0.8567960373863004,3,0,98.67786085402793,0
57.64327689786711,52.238782303981466,34.74509984337054,2,95.38147035830035,58.57535456881151,0.026524100756178122,80.7824612507244,4.7740477084508,4,1,95.43085687161887,0
20.230050209879515,22.06527056035737,44.386366225302844,3,115.23588219700535,74.0518715779638,0.0449667931138437,98.9850675541412,2.631269425899825,0,1,95.25345168270503,0
15.6911282207376,39.50355405812942,24.4812557284731,2,92.88978209690487,54.99996125591102,0.041550680262845335,197.32808345738954,5.685872654709913,2,1,95.8091446820032,0
40.738570786175856,38.27975435706091,5.014580655588915,1,165.66006431252563,13.16510872755271,0.03826098571410617,162.827823756481,7.5920383119803825,0,1,96.92370867834947,0
86.81645662874537,98.7113382157562,94.03993941284205,135,22.230189496231333,460.32491025883877,0.09460862478791969,10.322728851535617,77.05391904396173,33,20,2.929654471459331,1
59.18541327104406,27.369940538372678,43.075437167083024,6,60.439616872014945,42.7391516522026,0.04404925975830602,135.8132710534697,9.69163762903606,4,0,99.73557010662464,0
22.04950063725794,47.114050638808436,7.089860709228784,1,110.62510821975461,45.2562492471216,0.013158808887270935,65.16073250713417,9.080552412776187,3,0,99.41746898823746,0
23.961305360137718,33.03252109222764,18.81599358546724,4,106.96490818735793,15.170285929113849,0.032573404127091525,146.63991834408907,6.083112640867255,2,0,99.10448239563097,0
40.1938904165274,11.221918132550465,49.707429841910404,7,130.80554225663116,44.70436466696609,0.04115816146031347,198.50267101372478,2.004843820494341,4,0,95.84400463559318,0
51.454912052952764,10.223633334500906,28.1700307689581,6,69.52247093189158,14.387150335300456,0.04139188185996094,188.6484684655376,1.7946068866326426,4,0,99.40089811774838,0
35.31711775658451,52.463230757504014,13.738393148574852,6,187.61554818797097,4.673526629015305,0.0038288501278626267,61.50224829395859,8.210463378041304,3,0,96.72594098962804,0
24.073667608184667,43.720008907737785,55.60683848160096,0,128.90665531495415,2.1273044879560534,0.043434237362521694,177.83669902959733,8.501897802095456,4,1,99.72667738842564,0
84.12620766334435,82.51658901809334,97.8936876181089,76,4.403157647937352,492.2394365035305,0.6264268981557608,17.8210583606818,20.237313998617857,84,31,77.38807219705227,1
33.72237936229201,22.438708634712206,51.788211243901706,6,108.7231984077192,8.102978280941254,0.00034390494227199423,186.51914693550827,2.314405721089373,2,0,96.18866458118434,0
39.222469406420515,36.00671997237137,36.447769315702956,3,59.35154303411503,71.73007172634904,0.04541807446655729,171.24504347875234,5.273820515876367,4,0,95.1524698418512,0
52.44297456253624,11.598707977267315,8.951069065128472,7,117.5217988758576,13.096873447997393,0.03843354143705043,70.65396503118082,1.1918652167409394,3,0,95.15613166719022,0
59.7273237101811,23.083506230648354,29.09604709480251,9,119.88197237156444,24.209130569656434,0.01729556295471468,138.35264564433115,2.469127742708628,0,0,99.34775286460336,0
41.837682719586155,22.35694122608824,12.786001927311798,3,85.30872380682985,40.410013894926,0.009341812601126575,48.08225608079397,1.5172854694848548,3,0,97.22161831988963,0
10.714440896534974,37.03034149566032,36.61737419989848,5,198.06950618833764,71.07715126961605,0.011707272219198395,90.79178702741659,9.559702329312355,2,0,96.7347319831111,0
41.127891160980546,64.64734124086026,11.691131991478922,9,188.1872024748138,6.276497188913606,0.011562945826661664,40.54309921205174,8.896155251497245,3,1,98.78030577404387,0
72.48359301207849,75.25008458383797,94.60048130289177,199,29.592508002962852,322.9843687170529,0.23257692404300429,5.164561538173056,88.00850615414927,89,39,62.425424548364816,1
50.39026418133096,49.295277702957534,13.86796994851557,8,129.29872259613032,11.10707310031385,0.017664638204893085,105.62472314245342,2.434273773165895,0,0,97.76583167211815,0
52.82414763447572,47.59054172039877,46.64971975450651,3,63.0327771888969,49.799760384707554,0.04272250495477649,73.49900292880594,7.404037187688618,1,1,96.88187892990713,0
40.60349275067985,35.50892201033308,49.39092288692239,2,148.52072112081933,22.017684486314582,0.02860163666002999,62.23805591039245,9.123346428072933,0,0,95.82195342906957,0
17.752853842685646,20.671781633328226,45.15243124444908,8,153.94018572829657,30.071232320454666,0.00580960519622773,152.28135290232416,5.019932667925517,3,0,99.98436650388834,0
91.82811091154176,81.00602275598168,93.19146911671241,131,17.829202535844555,290.280489218704,0.5164969903423368,13.095907497259478,80.30684842278833,26,43,23.74348028089997,1
7.649393585915611,16.59820559053214,21.80075434870337,0,79.24432010810418,25.84073524897264,0.012840755081817052,148.78746354671728,3.9758676717449557,1,0,95.07754456844194,0
58.07940733923426,52.23768987433996,37.87277487371875,0,136.67749250477868,76.02068647872947,0.04841592898448105,112.10644770218062,4.171454040656426,3,1,99.59402543593977,0
7.485787180985993,49.66178925121402,43.83370973140678,9,56.33958820888272,27.738437500316415,0.011022263900217412,179.62538301754938,2.261786697778577,0,0,95.946212054723,0
16.8843841183645,60.80930963765848,45.109013656403306,9,172.0910144681271,19.64110098913989,0.048349184440725085,117.52159087190881,2.3285512997166613,1,0,98.02791452651766,0
19.481225261261926,19.101161080554398,48.06328850733908,5,137.94500186236044,15.366659824223007,0.027487232185224933,58.92110492436245,6.400544839478187,1,1,96.19069451576401,0
36.116552717186735,45.05579490212024,57.2182335170698,1,133.9929386152161,52.33774436420002,0.024515889031104545,156.00502772500244,0.029460042174224155,1,1,99.13953965698168,0
98.33076609085364,82.66117976836708,95.27162870862875,95,11.194207657821812,492.7736500738157,0.7273355856016227,18.80391937564084,10.15997299204191,89,47,18.329266588319634,1
29.879598281967382,52.838053115035656,21.250730953134248,7,198.87496687942436,37.95482108667308,0.0009688050759293354,111.91664482732193,6.601074205991546,1,0,96.68971322520696,0
15.967709172469025,68.00636265449387,47.930593248397614,7,186.3233466772288,47.724704117559334,0.007653441822584201,100.30598101175443,0.11801336850279953,1,0,97.79554576290181,0
75.40734155243562,77.18139523096751,81.18635451055805,77,15.26422938818411,240.42956300876946,0.4597960267727222,14.263140307486701,45.218611004294594,97,10,49.58463514272423,1
95.45680687144484,94.4529668077555,92.44361740152027,64,7.003942142133768,303.7260273680692,0.5372365694340383,15.814955097575373,91.26950752593113,52,21,77.68570149832911,1
46.6026476048732,35.40782882377101,17.00921364958218,9,153.69518596779915,46.812017341365674,0.0342819604071371,45.053611362952175,9.267279234186956,0,1,97.33651690909039,0
68.41574099350106,72.15348856156656,96.76864732627018,68,23.777110405746342,330.28075295685164,0.36564052415048004,19.10460385763765,73.13811443893508,73,38,8.86566465372425,1
56.72787837816692,37.675423152171625,58.87272831731811,5,113.94116432636561,10.294784258796648,0.01602665528525626,83.9518204972493,4.683758256862993,0,0,96.01053469102035,0
22.877367194069954,20.102536427086335,41.46699774633796,5,136.6496095963895,66.65707425643694,0.008571976656447183,128.83307446120813,5.882176476251168,0,1,98.82282536439055,0
30.023551179967434,63.558628511594534,42.85599519400869,9,175.5330474389798,74.4816747084357,0.04044304259036964,44.86992651010779,6.959010914817492,4,0,98.11472721661022,0
18.704314463361854,21.985948751419446,25.964863781649896,5,84.60780831217753,37.4957605982732,0.032412922081031796,46.59266907712892,9.012911279985458,1,0,99.55921134369167,0
48.16188456123966,42.058563633631096,37.634494021230196,5,191.6301074631819,41.5673301506261,0.03909030701298519,60.13262405141706,8.70536543362742,2,1,96.19210778278018,0
57.416275577179384,18.93407161047007,51.3766175233777,6,87.68146386042258,56.7679571315577,0.026638908370265647,144.9984718431512,9.945049232899914,2,0,95.92828610402935,0
31.96950036304835,20.85832711773191,34.22511331807027,6,75.51673232963003,1.3458617551546825,0.0432906555528086,196.17516975425983,5.256503906683701,3,1,99.35149405284247,0
71.39478943456638,72.67785120202564,80.17453646489011,39,12.72651606400667,448.8845610002369,0.7454722099607871,10.479007461861887,71.56592001317877,70,39,25.305401988361798,1
7.925123169910565,40.61237003393337,48.200139414622186,6,68.05103132898518,51.20109645085232,0.01759437188714209,41.42002824994593,2.2486012485347495,3,1,95.44791033197211,0
35.89083347856303,26.226348331003567,12.253473995517778,9,184.58776023426967,2.6463668660049366,0.02907529074006811,155.2149458567144,0.4177956346152034,1,1,98.96324321878691,0
66.72408851346655,85.17328968341216,93.97745950799289,158,29.462425900140026,303.9491893956335,0.5599336943346027,25.202494857506267,97.93700518568671,20,9,20.38261997833792,1
48.69837462943414,20.8583554369848,48.48196651639651,0,91.30477128895251,14.55417274032822,0.025590563469889024,61.040056151176586,9.975991429661399,2,0,99.07585494811049,0
17.5916653531685,50.58433067786703,27.26543977392779,4,119.97907375772076,1.7802465594384822,0.031099104710722844,74.26735341926889,8.214887628594461,1,0,97.17787975425189,0
33.68294126268212,42.21609255654629,52.80818021167496,0,185.02660297757805,76.3952640601636,0.04606608556092676,59.163233106085556,9.97383936573688,3,1,99.00834592916848,0
43.53632143995241,56.54245124967228,49.16356189913967,8,111.12864195022264,29.07680587575362,0.03420245267883346,165.24399851264397,2.7855010612531403,3,1,95.97204239440656,0
97.99688038790453,82.81816199926007,88.34328622524367,163,19.455618022305185,412.1758210732842,0.14380216596560502,20.950629635278638,33.38372516917282,65,27,30.65261876513301,1
5.836508261389634,26.042808719204523,41.34540119721419,0,80.48146445041642,61.99782932660631,0.004980226905428498,135.7993715094682,8.746759040015604,2,0,97.02783867002616,0
21.771513552335445,42.47881421871604,22.3673874373804,7,194.8948065722414,44.420187839514355,0.015756374928073826,185.12275236280988,2.927014459823866,0,1,96.88914873898173,0
89.62112952541587,82.74904654219976,91.88747068839798,68,15.631595493577798,414.22046386011164,0.22579399512024317,28.779960228913634,41.58577868094994,47,45,88.86873801708226,1
54.05656922055478,25.35636684995849,55.511468866605696,9,69.01642150446368,62.32858560481797,0.013034855370532096,107.75522718902423,2.532786670293498,4,0,97.1287596875673,0
17.293393127298657,30.67310189731081,42.75057447848845,2,94.33254680064442,60.682468025718855,0.03794916543572252,172.94317213506926,0.48434194319643353,0,0,97.92582722390735,0
5.594630396731118,50.93477706533203,53.776222022085356,4,71.03240282283164,46.19525248969094,0.029167386780708807,162.1572037537001,1.1596764644569602,3,1,99.45525555331633,0
20.145195957597174,13.488235066555877,54.65406044776027,3,164.55397195269398,25.925938585262667,0.002775538114296994,169.98897008487194,6.6520587914966365,4,1,95.28774589354427,0
32.297857513631186,59.88030002785828,8.846962813025591,7,64.7172050532534,69.66651545843143,0.02901689453519517,160.02448974189724,2.3614568164363305,3,1,99.2356215139842,0
36.75649316456111,29.729044922697966,8.286341221703843,3,92.4333330101932,59.62530963364352,0.016642283809279602,77.24691154300955,3.9662344368629587,0,1,95.90224959815197,0
5.081315373158864,58.506450067930935,39.08543268212309,4,138.35665715399017,58.66965723358425,0.008356268541605977,180.40404103688334,8.619317511952909,1,1,99.0428589279963,0
65.57666340860233,93.95688161804938,88.56997978601687,22,17.691871406177874,227.73764359234352,0.48627629133770894,21.270137850143602,64.49899868237293,42,10,43.49392915481307,1
12.447007233072206,11.744046268245237,59.35247425034127,3,98.54342780926797,19.224416419677965,0.03291905329027681,52.611689519455126,3.218192125902206,1,0,96.3617124297058,0
26.27441173156197,45.77263623604524,39.84186923853428,9,70.37868640534123,12.793198324965564,0.006995913587781866,55.51023620681626,4.422317407602982,0,0,96.55303247976697,0
82.30090780600058,85.75436267339411,88.02041861537553,173,29.21578341322057,425.2394856782182,0.3438963206167284,18.01515643559225,67.66298032806813,67,43,24.12517845716503,1
64.93148858158573,95.5971391801192,81.08609715394445,161,28.645154716938816,310.4549163529107,0.5697840342462553,3.123603961557497,16.46291821367746,95,33,82.46152286695661,1
92.08144511311242,89.16557346704407,94.15054719441483,126,14.808531841888167,419.3591507927903,0.5573338115385317,1.9600882799191304,41.81068880957825,79,17,6.6305458275323215,1
81.2620582914091,97.74320988516627,80.96938347545952,93,12.444121249761906,131.55780653319513,0.4596283306188376,18.543435846382636,62.09955860077158,54,14,62.545171923643,1
62.63762843527677,75.98432585414591,80.5546909588985,110,24.747775046189705,414.32899429508154,0.6711335996843195,13.68724457219534,91.01516128413284,64,47,56.6224897258142,1
64.62412114888646,79.34428151311512,83.56402219677292,148,27.349150705582012,245.40369636571796,0.345802451544103,20.996077404040637,66.69964235784221,97,20,38.38731864432287,1
96.62039183770617,90.8137091264472,88.68492153175204,190,19.295494549981797,151.1545574789202,0.6754210308944836,19.178559853963446,92.95254363343234,57,13,74.22692399417984,1
99.71245189543747,94.41129807618239,86.13642967808768,159,23.096341525067142,278.7736530513732,0.7713571910469044,2.7108837941520427,51.28011277042948,48,25,79.03315742625338,1
34.306794428114635,13.007172345235464,38.3305546821248,1,152.78876912972325,49.09637434964129,0.03913042552987403,82.37424952136791,3.9147376051644436,3,0,95.7850306763325,0
97.58625885698527,90.49838973299767,90.56980385628185,100,3.4422919949612645,80.3224185307323,0.14914934180110617,15.044402455716387,25.231258648469453,79,45,24.736293761328064,1
11.914083110637995,28.949656633163393,51.44322434926861,7,107.15456858671429,35.87968990186643,0.029687961514607366,50.922342602697555,2.664035220189577,2,1,98.48036165207472,0
84.54817090392972,70.55403841004168,87.24456442579147,114,1.2409737555330684,328.4332873198629,0.6340288854475703,12.660097380573713,31.09656530892206,11,33,83.0757862019775,1
16.753067546543505,43.50291237158754,32.38803521002488,7,52.17615356584244,70.87811167810484,0.027974842379718326,184.78426919435273,3.3965894311444087,4,0,99.22995863567755,0
56.58928421452654,57.270642787744656,39.84348517947722,8,81.84878690718924,70.00682139011656,0.023087929006040883,106.34510405368741,9.739346687256258,2,1,95.68363682077495,0
55.90985843858002,41.07348203616267,27.90788724054304,3,72.02870153148797,67.87553819513943,0.013086232023457446,173.6939053173266,8.430424442530885,2,1,97.74446685927032,0
59.09362733491824,42.262556706568205,26.72237806092232,5,139.6317677316024,9.99273918327688,0.04716213709227336,86.7131553573162,7.401460991877281,1,0,99.41793610791579,0
27.61841045446563,67.74593630330833,47.29520108773382,3,63.56234274212835,1.6164015337247957,0.0274947489615147,41.49712230375588,9.571004363616641,1,0,99.81809772528025,0
89.16043387356929,93.28573744019144,85.68790940084591,68,22.17690708586909,146.695303494957,0.08663144744685862,22.43542208288511,79.87757994571777,35,39,71.27687277531706,1
19.59548371279204,27.906420689297985,7.38461763302843,4,80.5455798383874,51.196109843418775,0.04373459826867072,158.95211534433062,4.22612822863246,4,1,96.66822659632822,0
71.1731455119525,76.78926095806264,98.45561822619781,145,19.17473909764606,197.38830074394292,0.402687357399338,27.199647863443218,60.79257387341234,25,14,89.53270852065903,1
34.86796056682673,52.97159955287015,49.032586686351095,5,151.48085100962442,73.79654632683223,0.03955285918096408,79.94220994972339,3.3458034978611106,3,1,96.00633578520045,0
25.039286821197198,43.638875362038014,17.248635859124967,2,81.81229219756797,45.82239349161237,0.011177265928020425,91.27415858712234,5.337659562668565,2,1,96.21906829311554,0
97.07173938745751,95.73478705545726,89.19848900840911,88,14.628995417413789,244.60393844855713,0.24370918504690015,26.306258774728356,41.561971753001075,99,43,13.618809406670273,1
32.88584420940127,64.81502523197652,18.702446106568154,6,132.56143613613128,44.905731111430605,0.01210093132200748,79.70034241653056,9.482795466738809,4,0,99.8527625745987,0
25.071917306302524,17.588548038470474,46.71578952537665,0,123.70230280506736,34.088446879244664,0.03463885465405105,112.19828651399854,2.3397998368756734,0,0,99.18699035515074,0
13.457747925404432,25.38601459039272,48.212928652068854,9,143.07224985055035,62.32426143986087,0.025963841608253886,72.71686017641437,7.585964988723344,0,1,95.85191695332985,0
26.73919351746865,23.503247612209123,11.754576748451063,5,193.03627843627223,55.733712426161325,0.003992460717151758,82.93867841249629,2.8444178736779624,2,0,98.61799385316401,0
67.4483792166711,80.9118212766585,88.28823932633333,136,28.279461836140445,83.66707143484031,0.7969244584891648,11.631906857316554,41.651162873733455,22,31,80.3944786574731,1
46.98528835852611,25.217750790362704,30.170867565309944,8,153.97023928338285,1.4272380826553626,0.03468618565928512,161.229094063535,4.616720985607334,2,0,96.16102744979798,0
61.71918200535988,93.7515942174997,80.92149685340503,43,26.14563672987151,390.46778008690984,0.3600825359225511,17.693077797173277,46.56340138541369,94,34,81.32779058110026,1
59.53087274848269,21.048421857849522,14.061395565978428,4,66.332005605704,57.65031735293678,0.023064636446155157,97.57589883967553,1.8780757089804312,2,0,95.912425958497,0
73.80053877806823,77.55957611738269,87.2637209620623,93,18.947324725309276,286.17466585774184,0.072772176169375,8.880095237017196,65.83638853314541,38,27,41.629182552029114,1
92.77476712856583,90.92682661675549,88.11590365214705,190,9.961932552159283,365.5752493631419,0.5798387623348052,9.963816830934093,13.433461991482138,75,45,41.420368333788375,1
7.81716182708765,56.92899613501096,42.51192148359567,8,91.24120660038403,43.17545437436378,0.044303603037716216,60.82128972850052,2.3165744357027918,4,1,96.27475574653783,0
99.46618886812371,90.25496180799351,82.31942510258328,105,7.867043311961826,446.0366306976725,0.5651925448674066,20.29906943875433,74.14207978193288,60,21,33.482307784068674,1
33.561278280474056,21.85969989698712,38.813201292214764,0,137.85139346037656,28.249954659774694,0.03837017993848524,169.83403854993543,5.942192313229682,0,1,97.98988202156421,0
10.306896022855645,54.01765404139075,24.029887541286538,4,123.23361269147773,3.0449503484828675,0.04564333931169386,195.07574230520254,7.542516451101774,3,0,96.23197431788705,0
60.971071874451326,85.0538677968118,85.06289173588827,114,16.407988795719014,151.17727626419372,0.31092913184159326,15.834461564118739,84.83837246155203,22,25,9.13190491013746,1
64.0210809053368,73.29393844664173,84.0817337769511,120,15.395073728950091,173.98862956304208,0.4924561018507843,12.112015497846247,42.40502333441754,49,31,31.8218376900104,1
39.75145744137202,14.10445751988729,37.69007369789846,3,132.86014939559485,30.79254498507529,0.03426685538851958,90.60271675943481,5.165805878998544,2,1,97.96059983461214,0
74.16942372660966,82.92965558330825,88.24811652529533,33,1.8341443715727568,238.2043201137732,0.35075377730606244,25.23419644628659,92.21126311982485,31,34,19.391659689815402,1
93.15037539728465,76.98312981599683,98.82789001819832,45,13.497993364449469,86.78248846542682,0.7004118105167544,22.70112437696903,78.75003745068508,16,14,11.942247288201353,1
88.15598989355252,79.26879130492684,91.61063652858903,146,7.500983812046195,171.8409542788122,0.31475155417732564,7.534500174354632,94.678245186861,56,17,6.734809673230993,1
43.948435505462584,54.36006141714418,11.213329703206004,5,73.01303511082374,72.3110243801401,0.03437115507962079,101.69954632139442,2.663041627802385,4,1,95.88901364153122,0
16.843039148420836,18.47446387202445,10.945187486882613,5,142.3921477297243,48.40218324495842,0.029461341475356104,117.78427783863879,6.242178422272298,2,0,99.07312197481349,0
18.91048842485826,17.796056676326195,17.11738622717447,0,128.841494372491,32.25542825438859,0.0022907296278172787,191.19544123285414,5.735425144020498,4,0,99.17529058919096,0
78.07623573739852,75.85354663971458,86.4233001493545,127,25.69397550753036,354.27110434777836,0.3266955490782318,20.21508540890512,83.28230798195571,22,15,37.762997726862395,1
47.229981805748345,58.17704219588828,17.26698363723008,6,76.51964386449319,27.256921798108156,0.013800239842337303,66.53488939411709,5.3186792750449055,1,0,95.49989058053907,0
38.042312728861354,18.23489745273069,56.500724418687724,9,148.51383421071978,31.57489256926502,0.007413213944060981,104.30042889450625,4.075323068970608,0,0,96.04047597812179,0
57.476890094624686,34.29840644222079,21.301367067712526,9,112.69882919181345,11.754555949657432,0.041153480634454585,175.50674744475253,6.237431217213248,3,1,98.97454131190378,0
40.20801511484865,18.247411002549,49.10871621286507,1,187.86909628316033,18.463703788794188,0.029655815858148415,106.94530809487135,3.955204376229279,4,0,95.47270716230608,0
16.485895997603308,49.84162760505563,29.850061539274922,9,98.96303378002133,50.19951573881415,0.039838805209041504,124.65733638378953,0.7370903363114534,2,1,96.89831482459861,0
7.294358306980106,26.318633131219872,14.974689550246916,6,62.116803789244685,68.54569268756782,0.02525573102220979,107.9052910643456,9.213753999240161,3,1,99.09059652268664,0
25.434013144245355,48.427095400390705,13.762642466009115,7,96.2928736396246,34.8610708839435,0.04914621333259178,190.85823723941513,5.905986935844581,2,1,99.77195841535162,0
92.32668525130207,81.00342063706411,91.33472368080243,93,25.29511557510403,110.7259175060633,0.5141028948515719,24.4706368527214,94.77709488305142,79,26,70.71861866068718,1
25.447364204244366,44.02493088921829,38.35753690395665,7,96.49490228062379,22.943179534630183,0.003929109782673757,141.01783528704473,7.149966684908867,0,1,98.83550621676828,0
23.23487630576249,47.07770650196745,56.150383077234146,5,131.77307321576467,32.82289701219661,0.011086208303394247,41.16297147708559,4.661335740495004,2,0,95.174267763367,0
82.60646448603194,86.66082177664057,81.54194808012409,172,2.003400637537997,150.3867376679238,0.12409257167164849,12.025274204618153,60.59262969506755,82,39,31.07655772527688,1
48.492577981467775,37.78174368653999,5.064587245937059,3,149.2648833236555,60.18418945999271,0.014884948336851767,167.16621499543777,1.7018910187971203,1,0,99.07826417260249,0
75.38705257535537,91.50922021324436,89.80029291113222,102,25.02593550910202,89.95257988792527,0.49491452876228065,7.4889992372222745,18.50077403518386,68,30,51.67109562937111,1
22.601262781645897,28.08676447549341,20.87869915526219,3,131.3785993497602,17.727754094170173,0.015959968275781295,192.19037241859166,5.033998913873834,2,0,95.035859941269,0
30.898324355854175,33.946495886074004,59.819062202984696,5,79.54444785802724,29.506858273706083,0.0046789421977274535,131.4364968017012,1.938274490526255,0,0,95.72388854679717,0
86.83594742728964,75.07671161799128,86.13780305674972,187,5.661520054880013,225.19554982518542,0.7692855002969702,5.021194185797381,84.6449734653379,82,43,29.622494580203757,1
67.62970735755108,81.40796867350079,87.82894011482341,26,14.25472755443291,393.5340696027143,0.7375619832084482,12.894914575022053,39.6042688011423,47,21,50.96716104608723,1
98.39339328208627,98.74281686117328,99.9474094200913,184,29.284320234702733,312.9426667307531,0.053376100117579414,26.08895547966206,45.0528313374935,52,22,78.70963751344713,1
30.12129459555884,41.63089858910902,50.13775824699619,3,82.0408580723514,63.32830241339917,0.032868097954498895,188.13644295212566,4.384897940814794,0,1,95.79850163961565,0
25.972967961349745,65.05173731367718,20.278112340667285,4,139.0590864754704,43.89990546778773,0.022890021336643092,151.64210695797902,4.406661740487396,0,1,99.1751230249077,0
9.337501217203041,50.593872776892724,37.44402004240235,4,127.58322366992722,76.36658878411778,0.023502229277336174,93.44447924052974,9.992869815588453,3,0,96.7117441362863,0
44.25401078051328,66.07388040613222,24.393185604057813,2,50.86091153692308,28.66321656530262,0.010214435271120993,148.31637542922232,7.070326777592893,2,1,97.77074321682775,0
47.67528475503013,16.492303232487522,29.640996223916154,8,83.74477971644825,76.23579314707665,0.02406741385426745,98.51046545026882,2.7340337990394,3,1,96.9399229808222,0
5.646221846376725,35.12459913254165,38.71108064661549,1,160.49200711498014,38.68359887125867,0.007000331167552976,98.76788022588926,0.6127406888761799,0,1,99.14866180523244,0
75.7838193761157,73.88645996270121,86.86472814732412,104,22.39118507426625,165.24684931316148,0.45187537498772795,3.475099209764155,57.883339762541745,12,47,27.498536524774387,1
49.68298939212047,54.94371240611308,48.94841888573504,5,60.276739759742256,34.208497371723645,0.027813655079498796,199.77662354071293,2.421489453306572,0,1,95.07071698237176,0
26.089598639166535,38.38879784915228,20.94286494593828,9,96.27236976684719,45.852423034908746,0.04063541914936088,83.69981482141893,3.1146074908367027,2,0,98.99065317988212,0
30.153840371312025,63.15129255467536,33.834379422413974,3,196.24569083533007,68.9389398078261,0.04814418894621783,138.21022871254516,3.5858295841023358,1,0,97.60269789249162,0
42.222247249487395,36.671323726466625,9.364965854755471,0,146.06878548511838,66.86404026109172,0.011672408513902994,94.17070988787432,4.403928268144741,2,1,97.22099456059297,0
92.52428219688099,89.67310346812101,99.73747732228593,90,5.66519870198744,359.6394626874401,0.11626924105501706,9.045629023418337,13.81946705545651,95,37,3.3756510217706803,1
89.82452917225035,94.51787314569746,91.24011838908177,156,12.490179640315745,462.5464061709125,0.48345222811591865,18.34026600009749,60.23652116575885,49,7,51.83175238053318,1
37.77351945089202,65.17333934891965,33.82255122369182,0,195.2626513892423,27.84703350444953,0.007529848083807644,129.90690667120901,5.2012426567900185,2,1,95.56547475709827,0
42.876932605030596,18.865777375818595,56.64861875382997,6,147.5248350660375,30.87078174569662,0.006600625095396651,63.95411217740987,1.8664593924129957,4,0,98.16074123909301,0
48.800999574899684,45.800031774761685,24.707467638161535,6,173.02723808942724,4.026224865927171,0.04460186237138869,136.9974330788353,3.1806225494097875,0,1,95.83426854381104,0
18.065395489714703,25.646135501174605,31.45389322817873,8,183.21421229666652,3.042887463471426,0.03345182714807687,180.74497898932844,0.7674378523674097,2,0,99.20096155060003,0
89.98328218234886,74.27576277321324,82.25291223815466,72,6.904754899165972,281.9290030405897,0.5622551651375252,6.707179326965894,66.58366777885986,35,22,26.581516816799365,1
77.0904626952019,81.11067149936159,84.36101548131732,22,14.417907462584127,359.40276436758666,0.35328214360182764,15.753367558833174,14.863346268207481,61,41,78.22098198133959,1
27.781967122896525,40.618356575216495,16.03031574272197,1,173.23434084174704,47.74809262837934,0.006400808958054932,169.93853917610429,8.58396348433261,2,0,97.90984677043026,0
26.403067180317272,13.735751456627252,21.11499361947599,9,136.24726601758658,36.11163363737601,0.03613621075923453,187.9786409453609,9.757355250976651,1,1,96.62078875647224,0
40.461307787150275,33.1104538850996,17.051096048014646,2,159.67507609742867,9.002027862952618,0.021415149138560952,46.824159534717396,6.7995256071471974,2,1,98.06246976094128,0
74.8874511779387,77.4065329604553,98.5992123756117,149,8.91924565356899,184.907735284311,0.550467387304796,29.494644468846975,37.84149197103159,70,15,67.48183038835815,1
20.086242361927493,15.620577505636945,5.385968042428838,3,177.33252094272981,16.30850653029107,0.027593830514874924,151.43208059932164,2.1756246849058924,3,1,96.75399707085415,0
41.29932206533836,21.4365391091095,18.442498471565603,8,140.13321392008584,22.749752950339996,0.023151441202257646,137.5954720591478,1.4645194748832535,1,1,98.51534321584674,0
19.767699371875068,18.583593248197733,48.552614839624034,4,139.70270895718016,52.72652974790375,0.00852481452912805,108.34379674486013,4.9092745936484015,0,1,98.02269038208807,0
23.170610769817692,58.446857049263755,49.45147079329302,4,160.17466375856355,58.22121739953138,0.00184978018757333,115.65237065383415,2.059886423506756,3,1,99.68052022932663,0
21.195837929539884,62.77721288327051,23.540323169900248,6,102.87681663558595,1.3048865611639107,0.029059938329130015,187.23909839098684,4.2959589688163025,4,1,97.91842948787611,0
34.07390541599872,36.706067026339376,53.73772089417861,6,199.36320628047096,27.441029784182817,0.027946199368361797,168.2095902469866,5.026625327141802,0,1,95.60029543621422,0
63.229714286658854,77.21208595852559,86.38928053159633,87,10.165745642869789,376.53688868426127,0.3360803366005701,24.04818595565593,35.97906462152088,63,41,80.41940751442176,1
42.93502186626401,29.942907690815492,34.86895505984926,8,100.18428274667431,43.047425125556146,0.017492864212226712,60.52277163979477,0.80208732544923,1,1,96.11711319165292,0
47.98430867055219,16.681772975635468,21.058786787912236,0,180.05769341101453,36.09033187944321,0.04348853168645515,183.25813930858666,8.886785071645326,0,1,96.66357649456013,0
51.55968183976701,67.37870382209007,26.27787388756733,4,186.17029026979927,53.06113343642917,0.028474967693435677,77.49187824116785,5.714093482516089,4,1,96.6606155680956,0
44.40086645832427,24.06043140030477,47.875353014218476,6,196.5762807922241,21.81164618235364,0.03407014284380664,133.02222440752757,0.8582487021591578,4,0,96.60863821352623,0
9.494234769396256,29.91938502033768,56.5717650983732,6,89.53251921869708,49.44434727198675,0.045258668105136374,86.28353870783017,3.456112362375885,1,0,98.03266862860961,0
23.195023076940792,52.57934710033665,21.344653638762054,6,78.2460143448767,33.48997467766466,0.0028649259248925197,102.63545267362316,2.3216375850651785,4,0,97.25576808983591,0
58.44509784098521,27.352812757244134,26.79124831570187,8,183.37795619164112,3.202867682633876,0.03157264440928866,55.400663927679474,9.067577748696952,1,1,99.22513677654877,0
92.32775803486778,71.99491395942606,91.55901211838129,194,21.936203760486173,185.98599976994,0.6079635279406903,14.473652681590124,52.659389100909316,10,13,64.27720792819476,1
56.71513128694801,60.64910208358735,19.399317803229458,5,133.59529245114248,12.264425224499512,0.0329500782233192,58.45500135104764,3.2374887495601268,4,1,98.00147373743215,0
37.73881123268407,11.735187458458086,32.57044290517527,0,170.46896055380972,5.286368246084445,0.047535455172832454,42.16551295466456,2.810669480140512,0,1,99.11374775662443,0
27.41338127460837,17.102264436427127,57.46316243974443,6,198.40382942482907,74.23025881338383,0.01201792002927738,157.25478138712688,5.243526980219003,3,1,98.6803688062739,0
16.03582535181897,14.547115325052953,31.711495097983427,5,59.461376132978444,6.471072009023261,0.04455739211300766,106.52164024051388,3.9481412240899316,4,1,96.47002551036341,0
70.40880615103782,84.23986986818382,86.48259784872468,54,24.02954659934152,274.83813567559406,0.5581651379912721,7.478451325255556,37.575191194823965,86,15,10.20326323204117,1
95.27844716179384,76.36055523746134,93.92597311824684,160,24.308239688538414,261.73368165464535,0.5620052060575524,26.155668549516403,45.51741548020366,28,5,15.06668906942306,1
13.984618036930934,69.05552487718238,25.042536567915793,8,67.4999702700349,73.63892792320233,0.012421193626447025,169.26230001924816,1.6695483938516487,2,0,96.22237746494694,0
54.618371743590885,13.921204327374461,7.065393844493014,1,100.25338975697791,75.56734170402838,0.04033415651338012,108.5637821891246,5.981197155185274,0,0,95.28114650844176,0
41.3413274118518,10.57101034190425,27.68220242039996,4,185.9839438291959,73.94494792945981,0.03566028479026805,108.16324044283891,9.546810762266881,2,1,98.47338708703995,0
66.1580874830673,91.50292509382625,93.0395252409682,46,7.758299566544819,359.9771377137462,0.1757121601995591,29.06443490785237,89.79149409865741,56,32,59.51988100996717,1
69.98609330101715,91.70939738177205,94.8204936356308,109,6.9836105712400816,278.5101327961064,0.20026732376273043,1.8980474330812802,21.316645221388193,21,14,54.359273301181155,1
69.77828506613567,78.09521454082653,92.27792213020074,28,20.738827930845666,194.27506421158205,0.07432093713396447,26.55993565913874,10.234811200774088,38,35,64.22619000768353,1
13.018389678215964,24.350426396223888,38.85005399858878,6,136.36064072906294,42.22018777282643,0.03360363649679302,41.08108209656726,7.94352770531238,4,0,97.13259475134973,0
58.67324514273893,49.219315238313776,24.139336959025602,8,108.56144063689428,46.75648057958355,0.0012479031113472262,155.53018442843359,1.3703115643766706,3,1,98.35617554984537,0
73.46066709197655,83.07700944902248,92.0129323373749,57,4.744063036255369,275.0199012444334,0.36359610286313987,1.35634955741609,36.289325517320094,75,6,3.3853495738681163,1
51.2726077208195,59.938313328405734,18.63955101165089,3,114.62522205121557,47.1473900222202,0.02145810952314738,131.3639992202743,7.6343485348494164,4,0,96.3924750941706,0
85.86348315844128,88.43173297377908,84.81330022564202,178,17.56727873004281,136.27128025406736,0.7620064723440894,19.920597048590906,70.4036302543899,96,23,34.82893079331657,1
5.060430643588223,13.39238086530865,35.75902908221471,1,68.12734433515548,71.367230854398,0.007652588103721692,55.512034520446036,8.576732269236462,2,1,98.86723339469052,0
19.195968010684602,35.49989751288982,23.953574644650207,3,88.72051427328898,57.02839289761343,0.025169408965116064,185.2228948671397,9.498877246450965,3,1,97.34223945688099,0
12.877776784213829,57.17171385701035,53.906974723096724,8,186.65639005435946,64.27546393809882,0.0335001240503043,151.2473780245491,1.1816107454315972,2,0,98.5977368176487,0
20.24826909339307,36.31425419395835,44.1298518852119,4,188.17078391980667,77.20210862436365,0.04534500843609621,65.4771071791712,9.397081269734858,4,0,95.79536059518776,0
76.81268170389353,80.5869493112681,93.48435896199804,189,28.819511607665927,264.96662934701254,0.7031695523940203,21.36146283348769,76.76338937400894,88,39,10.83135918817094,1
78.37847002484392,81.58537148411885,97.71759511392173,131,26.67220638653745,206.76664154941952,0.6138204057976203,4.21291513743964,80.1251080058816,81,24,66.58455336690466,1
57.86806102878501,27.60752937384318,57.351989678573446,8,62.69218739337545,64.55829621628085,0.03563975899149269,151.6540656128078,7.506065128416983,3,1,98.96276485350042,0
84.03921998579962,82.23010192050265,98.83197046066624,77,16.312250353773095,453.70408875556217,0.6543130521801257,19.886847968899318,57.99466638662044,74,14,74.24845203825303,1
37.91585672044939,25.874321719652514,14.256926039635344,5,77.36425363374588,45.68875410851147,0.024422270102194173,154.8985709504675,5.277241063212681,3,1,95.73474245165129,0
24.747094232309223,49.32621066577886,5.771552905010019,8,143.46539542283088,43.15560967690641,0.006157386872622839,127.04058844998798,8.693913843218045,3,0,96.34559011874568,0
39.41926157243971,15.353983546342867,11.741410989956336,7,182.13119806365103,23.718963972457512,0.00880101083981944,166.950564238158,1.3115823635949242,1,0,96.74392067774463,0
54.70866905685264,62.55888481767076,37.86882908661497,9,51.07791067206509,1.1655903685765008,0.014498378929319784,57.49719305985026,1.3837452221202418,0,0,95.31643615826285,0
87.81022906590347,77.79620931368406,95.91073240160554,84,28.64900913844884,275.87107411146246,0.6579086394229559,27.89260178616901,80.15929481395051,18,7,27.941148425368958,1
68.14458305899824,80.76279188091532,98.463513277858,83,15.94162943374034,458.01872722660875,0.572400001561566,27.14799997070704,57.89292911382436,82,26,67.31249845871078,1
53.88281948112407,67.58835326951913,30.045334500214718,7,190.75891628242323,12.85236600200359,0.0188592063753681,194.8875960881897,6.749314677713677,4,1,95.19366684566998,0
19.615421913834112,44.88588263632105,53.898277079973965,1,59.277265076867195,35.76868911847664,0.030523195640027312,71.775483525514,0.8862176293545942,2,0,99.70937989884155,0
17.253482084105137,34.67100359025278,9.558643606292424,9,193.35741591216788,35.51039115844244,0.04215831416324156,142.62061247097392,3.858527786704692,3,0,97.1633842957751,0
66.71202878153625,77.10185541494181,85.57152159620857,152,8.87156763540387,451.92937854464515,0.3887383752255346,14.205165140188003,45.16476630513025,47,32,74.43169550298214,1
8.831821420516205,62.108150310331986,29.801647415499367,4,118.36613565870253,17.173200770179648,0.013838607586921625,67.51552689837854,8.46527528687462,2,0,97.04082444274073,0
56.62218164333345,20.96250135502724,56.75762428744625,3,180.10124595837297,25.545698197071335,0.002192639086537329,78.37366017511994,9.96427610156397,1,0,98.19642822587977,0
24.26273848050878,56.17955370282886,37.82672326190334,9,172.94842051311758,34.08581481009774,0.04782958951380106,174.51642137223806,1.9977112591686053,1,1,95.38472799950596,0
19.33201837558815,54.9800576455486,32.47873940821942,8,80.43530805687955,25.2689784768236,0.04297960772385104,182.8110050335442,3.554867005696848,1,1,96.5093074571083,0
36.06002105789531,41.330003052242006,48.34598065640888,6,94.92473212256941,45.46974340254086,0.005878793001635213,195.2799128833416,9.940745725533025,2,0,96.41073838885681,0
92.46980206524083,92.24646526993018,86.14374050450387,100,19.033439772442204,160.41987895299204,0.5344037358395565,25.765664904305876,59.06116625506963,67,22,85.07566609074483,1
16.550482308665124,51.76814984031225,47.24440726013415,7,119.43640217028947,72.79188723698098,0.008997203684802257,74.62157937724572,3.092418290592167,3,1,96.43017360039153,0
70.44317066118991,73.82484956090833,94.14878261649598,62,19.69636504944495,395.7960211258397,0.7886509814642346,23.527065433072952,58.60904149061189,21,42,48.7658879521299,1
18.00789516606072,12.639123284689953,44.24462748088081,2,110.22494228360708,70.47151862357785,0.019938848282933342,86.23675344542441,1.6903587557986333,1,0,97.19223693607763,0
28.439658789864282,54.23780648742646,39.67490490197059,3,168.8925672416152,2.1532611446993513,0.008366792297742499,53.72734175525974,2.1947129095852667,3,0,96.0984435750382,0
39.97032097506038,22.313668778423477,51.12769647152399,3,123.75160786582505,7.682795751411188,0.024220329849633983,174.50161517255475,5.299052843821073,4,1,99.28727462512722,0
39.41308186569275,30.46647981819469,40.65721187779695,5,187.75340815621584,50.17292447777979,0.01717130739742392,189.94710202657652,1.7569267308309733,4,0,98.36874732720732,0
41.54741441400185,27.574270180322266,44.921904094950385,9,193.91011383090415,64.74206788656917,0.02204975707737991,184.2702577138881,7.599090088806618,4,1,99.91920543070353,0
51.83600144015253,35.94260388153891,49.7859637537106,2,168.02974435423698,60.43291870177085,0.03869176424363505,90.05178905174085,6.903065287604004,0,1,99.36734491650463,0
50.15851179432652,40.83571167142646,49.10419095511223,5,158.02253545907823,70.46244818727065,0.03389835251778423,109.14062214929601,8.701644327557304,4,0,98.8846979111846,0
32.76849313567629,33.18158123792337,33.22841764007305,5,158.27377534505786,50.602344745415095,0.00764127160180721,127.43504408150223,9.743007260361788,4,1,95.78248997012493,0
62.788601427061955,78.2085809619673,93.03458332583332,85,14.187922587030021,222.7682223229241,0.48108307171207254,16.642420667479094,40.50616822434704,71,22,19.195952069141274,1
35.35335089990156,60.32014561656526,20.82316962937469,8,106.18444152450164,77.74501187281021,0.015452033178940278,132.82286646809496,0.9322017130443672,1,0,96.94338242388336,0
47.24332468075286,33.156383566295005,58.527597432720704,2,124.27573232538941,37.79812460115615,0.002771309159431074,195.2914556568473,0.042690038730771596,4,0,97.26014687451257,0
12.660688838288682,27.112240375960695,19.471988660479965,7,129.70541941593638,12.187259224778671,0.040258939850281394,99.72000610248601,7.687154149682628,3,1,98.0415749230578,0
78.21907791458405,71.26624543121642,85.61345919990012,33,11.085913144378491,446.7542834198124,0.08818763558519803,24.008488970714865,68.13254784562302,67,48,86.42964449562989,1
24.472548174739046,64.74746641656316,7.801355853704493,1,166.18264067359527,35.863673457497676,0.022189957424728485,143.86520252819363,1.6653091504923012,0,0,97.89389390292793,0
65.01676972068658,77.48514595460064,80.12317735839741,129,29.675759581849228,276.4656753765063,0.11296182488775953,12.960293548355867,10.41612014776939,31,17,30.85993806445392,1
52.546296544190156,36.91954625560982,37.60340823254715,4,100.92033129918306,9.030041044095663,0.040678669242977195,45.71950451884632,7.634210699608879,3,1,97.65527891129611,0
41.190898525311624,46.19003162488619,24.00208570835144,9,190.7221785897289,10.10752457357506,0.0032253466969091094,62.80085741059775,9.902614019196877,3,0,96.7077354918654,0
42.16237898118435,21.10479687594323,30.581740786050364,2,128.02038649103434,70.72268006367793,0.028607732558692003,148.84502650439495,8.827461154207048,0,1,98.94434319133592,0
59.06218995129126,32.4626099026261,13.25848158670441,0,68.76382795039729,32.14273935856178,0.014121929260600685,171.56319692176714,2.8469092057156953,1,1,95.80966583768829,0
7.298348142002505,21.95321891832785,19.464241454448757,6,151.69881757494295,69.86289735248437,0.0389944331306766,121.03626402048371,0.36027927696049344,4,1,96.14859957562786,0
19.564276504906633,30.032457391107393,32.41773475288749,7,182.2943402451615,13.24344206355604,0.005689944731932995,145.05106275694513,5.65855560037104,0,1,96.14917868308545,0
63.726403391854255,89.44800473553276,99.02983615332893,28,16.232141198898567,116.11288228485643,0.6198777384693062,17.164246531913953,43.37792726386608,64,47,71.08892261576767,1
95.22050472287563,88.58412914447715,84.14916169611666,26,6.04837314123001,301.1634340739205,0.2880143733845293,22.578284335110958,64.4124979871873,32,14,4.669947072945,1
32.08702422724278,66.94258047849732,44.03183906660542,4,67.25544650444644,53.98049880053165,0.005325446287505503,181.76875603432066,4.858951192462394,0,1,98.77454412122253,0
58.79537430775632,13.782267591042906,23.741387856641477,0,162.75716119332674,3.2548178842930446,0.013022861046945161,106.83257161421692,4.3853476456904295,3,0,95.40798780199238,0
50.87476845320099,67.24560584872685,27.055666502564083,2,132.6992913951825,38.00126709984339,0.0064162668512907535,131.16925526266505,2.6677803377424825,0,0,98.4399068297212,0
84.44594527383651,78.65531946687676,93.13668536415602,107,18.806600179221036,380.6910052309123,0.19486059205877942,19.871642616181596,97.34639681456146,34,9,50.6816871453989,1
19.695404313053622,40.79896978158088,33.676941968493374,2,71.45742730911113,34.08389664740582,0.0048523304782113145,199.96541397168772,1.3712296173433491,0,1,95.80786833415324,0
91.7487562918822,97.68704523734105,96.1954447772645,108,19.9911298926311,250.16590418978242,0.6776854399472519,14.070929182449078,87.82042757132197,52,8,53.84629435838723,1
65.0697222956488,98.44323013590751,84.18837096118935,94,25.008089742072478,212.3482689183835,0.10054877598891278,11.863079103088392,91.81090664919951,32,42,55.28492891591796,1
30.564911910387792,41.254221861649306,33.064686225876855,1,63.958292806888664,56.13239575582218,0.024750110211593897,156.5424472176748,2.927113888123174,4,1,98.48490000363931,0
74.42353250019801,79.42951158878512,90.60627153661197,43,20.55230323430364,133.7116017848964,0.46535723476446156,18.450167478158306,40.339684958582964,28,47,18.696884451164106,1
86.92236573911978,85.64997218504746,92.80631450093937,190,21.39636332283436,442.4577152140374,0.7639161722421649,24.585486752992697,93.04708671753562,66,16,21.82418523316093,1
32.174773127723164,49.14146632207836,46.35100881920725,5,186.5023006789677,31.026156926505816,0.016026182975075038,150.21492004853172,3.647267340585926,0,1,99.05131032994124,0
62.99073812461525,72.10424712331438,92.92647663129189,154,6.637320415797896,326.1733425597844,0.5218020240215462,26.286444515500648,38.61846816743524,16,21,8.254752166711043,1
20.434908503392727,65.12897576787212,10.936545609134637,5,166.21223578339874,71.82879620601287,0.0013436860451391198,63.690282670248166,7.7083103887000455,0,1,97.9024992038623,0
80.94421649197012,79.97731398215743,80.85489074419016,194,5.839479858660319,212.91736788347353,0.1286028934990518,15.890188462029698,31.05532712789577,27,33,39.52455282901263,1
90.79235819585264,82.62580318730697,82.96785460060836,71,18.72652919404687,467.2067687890279,0.16135160437763513,26.30463113709979,84.08134938485294,79,23,22.62682147874882,1
27.692226518762382,65.33787918171957,44.7755583388823,2,117.99156063214731,76.92383395846343,0.024388337628453712,123.06656044633826,1.3399874061830497,4,1,98.4193607836207,0
80.95530833805618,94.12333250737905,84.95977047877352,157,15.274470243622392,122.71072352580794,0.15817700058444462,18.89590915178839,34.57426758044376,92,32,76.17777617443261,1
93.43835641142053,82.24461812486649,82.16894500627292,135,23.679229015405305,460.81941615581064,0.5236502961515765,9.689891230979205,39.67797366831627,67,30,24.8953149450156,1
96.8208594247271,89.19585956629473,96.66139873880753,188,28.025500191981866,487.80764257375347,0.559544447132506,2.4588935259957068,44.6531260631043,47,24,6.045543170062651,1
11.643746603980324,27.523704000985543,50.95655199709646,1,63.687994660791205,73.91693003892789,0.04040051923602612,115.99807107543832,0.5235336064536344,2,1,99.32326197580288,0
33.53617605631787,57.803774010654905,17.464887706662203,2,127.07719694918768,68.00025489355123,0.013584983621905007,121.09563214331712,1.8076446874204044,0,0,95.34742705062727,0
92.94717368309284,71.03359006648637,89.24637854877307,131,25.381434047231465,449.36312050292844,0.7143907533867865,22.675925426320845,84.16040392185722,91,5,75.25437977052192,1
83.47789715004748,94.54700250625093,97.44082535999348,51,25.784825261314655,250.626561514725,0.4577380348558721,1.9332297582181028,26.247046022952652,81,36,56.15567496422652,1
6.064392634560608,64.8770704719149,20.401693147076347,9,103.0621442996797,48.21930724679851,0.04592801864026463,189.8547471700468,6.89258636657396,2,1,97.30490669721702,0
46.26171040905216,17.669285450631527,51.964092165371056,0,122.72898328388985,6.563027032028495,0.049183193271277216,121.49515618355265,5.44584211307486,2,1,95.7536902133768,0
83.6796048598732,93.78426651152662,93.91540111053838,197,22.451068240370407,304.1950190552849,0.6220601508236547,15.82296470680946,73.46460973828746,66,42,81.42264266859824,1
51.089280230176804,36.789199492702906,49.79282805297821,0,175.71148713267507,13.657380116665397,0.025697600698754527,153.03120787742375,3.3352834296034195,4,1,95.48831140354022,0
37.996854895403516,39.095161819161234,55.33124639425474,1,176.6608201519649,61.12164479765707,0.034413815212998765,57.37963602493824,4.517986450119692,3,0,97.35312964907783,0
69.0064344362193,77.28470137081896,96.40782380484416,157,27.78133875613023,190.35701055199246,0.7744243089693505,20.88737268520994,84.740826515905,35,47,55.99774621270727,1
33.80678886004623,29.609320733296148,56.50475370386853,1,154.314574953604,68.86097769524638,0.01505623991113212,135.66200320792228,0.3289878341263319,0,0,99.61995467450396,0
93.97806452185961,85.86222519275498,89.50577741390752,164,29.60510696638199,434.4467526887052,0.12194447908864824,4.7644805439635025,50.89765730962177,36,35,81.33014200257051,1
14.989202082262835,23.43577517146425,11.97822084259099,6,180.6393628736182,72.33197366716529,0.04383521988206798,80.56049912014252,0.5387213206905406,3,0,99.80791799942287,0
30.94880531021093,43.792435779629905,58.91952111106141,3,168.8148420634738,28.884009344181283,0.04899205700297947,144.50402724465675,4.076629487177122,1,1,97.63908857806611,0
31.788123664816265,34.016502883265204,25.051172809430792,0,183.52363089667838,64.54307894656384,0.037331252299656156,138.86687940634224,8.140032421365888,1,0,98.0099561437563,0
73.87208147045872,75.97865174249895,95.44544870310105,81,23.203156702046225,434.1898102458539,0.08007488545007206,22.306073901989453,88.50020196296187,36,40,42.47891989897926,1
66.87505362029324,78.496778812949,81.7575731381563,108,5.733294080430266,472.3399453860113,0.11460971642900568,26.02969544253926,39.48703367898787,56,30,65.6624825336706,1
23.740923243779704,11.476566712390406,18.71559362549987,8,183.2966809088844,61.74260787595724,0.022134060630072946,109.56673337442723,5.1987784141388635,2,1,95.61122405927158,0
53.06954632307052,55.5395034276705,30.57913034478133,8,178.64299085232867,4.6221511207574295,0.016303024982422688,180.85612254757277,8.161332281012273,3,1,98.09806817000654,0
33.36681320067086,40.00320762345662,9.570269463286447,6,134.6828295514852,52.55642684687267,0.006174011082117754,116.66303398425248,1.9280170630000637,4,0,95.59040629805662,0
53.635163961197414,43.96348475382599,31.044620877192038,8,97.53332151888532,5.0930826743906685,0.007229378666924458,107.96653060951641,7.546584403237132,2,0,95.8179172392527,0
7.517081257940816,40.16019583852827,53.91348085869287,3,73.2914436158642,22.611421792518314,0.036817778495970746,143.88681648065642,9.093121036634056,3,1,96.59036621484934,0
82.68116933066574,86.79792206300472,98.79203781188124,25,9.946255912014017,378.4791903779283,0.3914481893426701,26.656224325246924,37.403300912247445,51,47,55.929381523526956,1
89.16150103922504,96.62946242033638,82.85272479995092,191,12.002297601977421,194.38726123142646,0.7821234139861571,28.111548366483397,61.67627458036477,39,14,84.91438651150688,1
46.119961832636896,31.09801995704792,47.36864095600227,9,184.22947283267413,30.42289302225327,0.027436409449426463,119.17205561710463,0.586104778023111,0,0,98.23611577701266,0
19.60437671219886,37.21788574445661,11.62138918491923,6,122.09021727035399,71.04500995429176,0.023789012100925672,84.9317033717723,6.010357574940891,2,1,95.41577250008967,0
49.80727500137827,53.15750445609128,22.268938451789772,8,86.91194865905258,53.353201519266264,0.037896631441584394,74.05265433142411,8.73988590073116,1,0,95.92189864367042,0
13.795947115741841,51.621174863419164,18.48979993592058,1,188.06560721723574,8.872122453298669,0.015339876661820573,59.7165938188659,4.646851567315382,1,0,96.3064159574653,0
82.90312196437553,75.12710522952602,82.2712342054739,132,25.24459998810304,292.11904790692756,0.06161072644947062,13.496243182316014,80.38079651448378,28,31,60.264619376849616,1
52.3587308880846,68.27671947287071,24.435766327335557,0,198.49342018384226,41.82695851523707,0.03908896738354689,107.85280043211611,8.845796641608857,2,0,99.39361332933977,0
32.288135970815254,13.067751941081875,59.28820946753243,6,77.31956794569241,35.654678878105166,0.04470101103799843,168.53184801680902,3.623604966085714,2,0,99.72165093614603,0
26.683758732862117,35.01309685882124,27.975517396842193,9,198.58439451277852,76.54973403423817,0.042851900391360054,85.73379372192545,7.73012801665132,3,1,97.60714172976742,0
24.24888554729806,33.255758979562934,13.644620742939217,0,93.62351322554649,22.567757790587788,0.015110726883782379,139.61323384137106,8.324571090582296,0,0,97.46247790998686,0
34.509264183044394,43.17410036814495,56.84188834071298,3,83.26563624375461,64.52709464480102,0.0005615813774051071,146.5530184153962,8.961287666847198,3,0,98.81455808746612,0
86.64988706600218,89.25205150908607,98.99019499584404,117,8.564556630863192,321.4413364065862,0.154108412774987,26.685621148718273,85.58047999898275,87,6,23.921682387148575,1
8.148413713805779,57.41027356819706,32.927376164837916,2,172.28968127460234,37.945681220148174,0.028320970581683688,58.91807203068808,9.887565759588911,4,1,95.51307985629275,0
77.82203366789727,72.6792666257136,93.58076664686214,166,2.1822541599693692,498.34708512059353,0.15269944190466034,24.827393361335304,45.50740308117439,87,34,36.28435258277582,1
28.1636157521288,40.29838503328318,16.58246571504113,8,100.0499530858323,62.08168301000205,0.0036106993645667555,174.4979754683898,6.218435198172144,4,1,95.5742417112476,0
68.32760246214855,76.28535406485976,98.21079866345575,51,10.19142693797299,169.2754226561696,0.1346819730038118,13.447871026691107,58.21963160332153,33,23,52.5334185407809,1
98.99851984639758,80.85029336050805,80.27933305751867,35,20.519331191293073,238.78265031595794,0.33027213235340463,20.304604765596956,80.62346683914082,49,12,27.825575155091368,1
44.668292500592386,57.902817479569045,25.968327803117358,5,114.38168258170104,32.377568234974376,0.03915467999896341,99.82468455737936,6.574944668393265,1,0,98.32296480116989,0
57.36206648074023,31.689355910120504,45.88122306242951,7,130.59180804432066,23.4110841299619,0.007279934547858836,199.17520136427365,3.5818790016929203,4,0,99.73011878045591,0
63.03380170047346,90.650188560113,84.61644532819147,140,11.23453973785656,399.1206904074462,0.26694737193831614,26.826985639418584,85.8019244413164,87,20,66.03955431653112,1
22.767585398850798,16.940416608198746,30.47345101694735,7,165.296935015205,58.493092022774164,0.04151748430794108,153.4108830609569,1.9126746872869183,2,1,97.44014676532605,0
73.76645802702481,99.02478358085787,85.0145322617738,170,7.687109287522597,336.0998581202554,0.4095732384973153,21.61852447618017,23.414172572779655,34,20,84.1259460129598,1
59.71436558876353,14.584783639443051,26.16099863809297,0,180.04285282757618,20.45534353845902,0.043496424032951536,154.15555885526265,6.949798475687695,3,0,98.00302914893587,0
51.363086162227745,17.667708562649167,54.9547674242687,2,75.66075710493675,51.66922798253037,0.004856010071605493,167.0235898214992,3.281432893476034,1,0,96.96801177268058,0
32.26503246714191,42.67525007654055,47.511155858210856,9,60.87688801391472,8.537588328536943,0.02937334050851379,61.09878680094077,3.2171620498873397,4,0,95.00324088823577,0
13.15873007526127,13.420902166861232,37.12409349952127,6,56.49180515733085,51.77094456058902,0.014926519922916166,56.151849574314326,9.385962867937861,1,0,99.96610435401935,0
42.743126414323314,30.1102736920241,15.191065939001483,8,72.56266041197995,52.13524007424109,0.0008687955930419989,189.11522236249314,9.213495982327016,0,0,95.45793016545248,0
40.72435224777779,54.107221090620584,32.386480648688234,5,112.83987028583164,65.6167946143484,0.01551162235943835,51.28542963663303,0.5888042092517021,3,1,96.29630904964927,0
18.807374570865292,14.55691143080167,32.66295982143864,9,93.63191873077933,40.362568454148324,0.012163655764093352,87.06595541875564,6.90629197910297,1,1,96.63174157763085,0
5.419624783960735,49.589628557358395,49.12390009957513,3,84.33319753142328,35.68580865523254,0.016123824355184592,192.06605534246586,2.424572168944822,4,0,95.66988951431875,0
97.91646002643282,72.64352578966732,89.99731764281655,182,28.55567408791226,310.93335875342154,0.3054138628730337,6.174659837046608,14.575224622798007,37,37,17.10751854418862,1
25.62275113782953,30.235476747236923,57.93726594294809,5,127.14235943156858,36.987531661300345,0.047366002795602234,106.41287372365143,2.967558541905534,2,0,98.89306756081837,0
57.52990190654415,21.365640860631576,11.73815531332,6,138.0393067434224,5.227237179089361,0.03854712545080183,101.79446934812952,0.0671513197231377,0,1,99.6733489013583,0
38.9397385115653,56.70395945782998,29.834400636971193,3,139.29334890983336,56.51724255413714,0.016064254890090435,93.05083662725893,6.901381127610705,4,1,99.78047347991048,0
17.183035256198796,69.63010437980702,48.163733355955664,7,197.7766348830585,73.19662546894341,0.023171282148226304,84.95415773152195,6.771672795859941,3,0,96.17308298341607,0
10.250319144836322,28.059069358611143,32.332830776191365,6,166.02166078635497,30.12957332430671,0.025741140728699447,103.94700200307098,5.4215042125617146,0,0,95.56980471575585,0
39.616244228855635,51.65672870138145,16.636327321343305,1,106.29737940648242,60.86422444439562,0.041556547991365225,88.92533206966948,9.53762128613542,1,1,99.7443278794754,0
68.93841882402867,77.89191124784688,95.06203329444088,48,13.51337891228496,275.6382686618722,0.560855535608495,8.674791830240338,47.659540233287196,31,26,23.939392499236728,1
52.996186719419065,62.719411489492394,58.35134822929245,7,73.32302109533,61.67545071988366,0.019646173690741387,99.22242093088926,8.737578025833093,1,1,99.48295095251012,0
26.520584497096205,40.35547422612456,23.553844804818088,9,123.72110331501051,20.761096818368486,0.03036731041305009,163.32511868457976,2.3409967038408332,0,1,97.07730343865128,0
28.77267597983696,31.341989573749224,21.723192775735374,8,74.99402158988235,33.82753143555976,0.012738079376450023,91.42934753395659,2.01079242264269,4,1,99.18398034339116,0
40.853028132603974,37.409653899315266,54.725366985722275,0,164.48729281121268,27.278217579131997,0.029189606712532398,77.84102078008118,5.032829044742996,0,1,99.5788282995187,0
22.71495740324038,42.593119747901405,47.97671741953125,3,63.48525138436864,52.491983806848864,0.028647480994329177,118.40308709686255,7.459751671260838,4,1,97.82073250485705,0
38.16205644932579,48.42474075839202,33.91461817999459,5,146.46138241905936,65.5291041714276,0.02490496234387375,76.36201958103213,7.739594840326197,4,1,97.49037139977418,0
79.21827991126752,94.26711860834612,84.0233387093203,42,11.414089721861565,170.50593851563013,0.47924776307813416,4.958961387356608,42.09721302469297,82,18,75.35629677325963,1
74.39555618607255,81.57988019127038,92.90946462501628,60,10.587101784787642,267.65166194902133,0.4453805894905002,7.956589576491384,89.4412253398402,34,41,51.76627006171583,1
33.675771072479904,33.58119819378257,48.60534925961077,8,169.0987393484566,57.89151273933048,0.0040962475978154,100.32998457575573,3.3345569823857,4,0,97.8822689844769,0
12.45939046741467,64.27618199363849,43.851076001977276,8,137.3337793116642,61.03132808113267,0.032933483103892755,180.01403227832907,1.6099567514743618,1,1,96.13403356854505,0
80.79909090552255,78.24527431612798,93.78389334939565,159,22.790804374818087,205.67059045278592,0.18463924364770745,28.128266036696218,88.14947624502614,22,32,87.17716270606391,1
44.72563385775648,22.966215886492428,44.79998263096091,3,125.62366049251465,27.28827299646714,0.048095138324915486,140.10283992267696,3.7005968819950463,0,1,95.97728725723263,0
60.507175244803825,89.3513909389556,97.96398950969657,109,14.024916288399499,203.95300062174223,0.6858377150312782,26.180981529778524,84.82313003013846,88,36,42.202804691745044,1
20.811151308204717,60.71469736636126,31.74017132701822,7,190.5226720693318,50.959281421734936,0.019928308623700847,152.3176506224631,6.74604119091052,1,0,98.8663818442252,0
10.50583169730115,48.23253900224217,52.23282963840262,5,89.54615650392023,72.66492698741673,0.04612768991815483,177.78230318523913,0.11829698085726092,3,0,96.1464247784921,0
61.660461949803434,94.80048985447362,98.82774851234602,62,14.682808612545287,173.64388264029995,0.18333534541223578,22.159329399880168,73.11883717824594,16,30,17.8278034690308,1
24.75104591407674,49.62941082439869,34.0477891851955,5,122.6203571272452,12.147134391075776,0.014155191012561442,92.88457652759918,4.397684078119011,3,0,97.12466216425825,0
24.03041813653345,45.94082986017188,16.373897426058058,0,67.36324859346483,32.11531027181495,0.030599663939388427,186.52706769862965,2.099364538029538,1,1,98.0051348675648,0
28.261197648132853,16.469142833065234,16.0430969938971,1,72.19064239180213,25.55823204210826,0.02217868694464933,42.39034973735153,7.964599277235647,3,1,96.30981139224963,0
85.51415119648941,94.79045776498032,86.43878261423745,81,21.214061755503177,377.96565664634227,0.3129543765564579,3.434735860497861,13.220178359448022,82,20,53.99373792160548,1
39.57837625592101,46.23427651497988,51.63113665790634,5,181.50616586549432,27.879977630493173,0.016776114926127322,191.69060065452686,7.5080656068854665,4,1,98.42903589508487,0
35.07908894416829,54.849838490254434,12.637055979893155,0,161.34160937834787,78.74349075945936,0.020318606018847343,68.3062547497467,6.583537750396951,1,0,96.39864024909052,0
76.39762901703205,85.5036215111378,98.64491667973553,33,26.4675139592269,431.66653512406197,0.6980213817299997,9.45447399954982,35.19086352561972,63,41,86.57172310604362,1
7.476209070285515,14.821511809503146,38.66988055736769,4,169.35975846055476,3.8246781289024256,0.032160532583761635,113.05919248195701,8.665806679833642,2,0,99.80118251129997,0
57.78896092997846,14.800215678531092,37.74020262887327,7,127.33402951076897,34.56734503904332,0.017985058054769937,88.0476448480462,4.751025464600406,0,1,97.62148657053717,0
8.883910517255373,20.94453508131635,43.97319375076195,9,107.92298290548601,68.76415130805766,0.01795344820489268,121.23118504896615,1.1493963687511755,1,0,99.42338323872434,0
83.79200457600723,72.8798753503536,80.77168093215806,119,6.241214153510983,447.98416070465856,0.48053330450184506,9.726789564404717,31.10982290362685,32,17,2.0748277922649527,1
8.719283691865957,45.528540409423044,41.258539884235105,4,106.23631760427324,65.65084280551291,0.03750491816280176,95.63911261483129,4.199168821715482,4,0,99.49786901595012,0
69.18354608602966,74.45369553728506,88.49505920882866,186,4.514659232030456,132.50368813055982,0.5609763408688471,25.20585661413671,98.36966595991957,66,15,68.76764650534584,1
20.083631792840357,47.09297666268309,30.50454722613192,0,151.68483539059656,68.52464584013893,0.03890662605720134,110.233374259969,8.898277839471977,4,1,96.1844927311615,0
47.265040766235174,68.24416462881658,58.07475105287665,4,158.3883231562641,23.683244933268465,0.048127026846919024,180.7010585833826,6.894987230447731,4,1,95.30827738201927,0
85.80500269971228,86.85138562866084,86.46527718939586,186,9.705087995515521,85.87069721607283,0.41764023456575267,21.34294070766327,16.659769858320562,99,44,23.80101027498534,1
72.57444633568615,73.4722480672164,95.9120230665831,112,9.727619040995197,459.826462931214,0.5342130781461741,8.141612081977334,94.22994980270913,54,21,5.062836241552343,1
20.361231084859433,37.57759164705625,59.6093810354849,5,160.5943213992265,43.317718700969216,0.01750690278691588,100.84082146227986,6.030728928580188,3,0,99.48557153073374,0
75.2077547323326,76.12884382714556,90.033180683615,167,27.860960296685885,385.9177355078235,0.3552316013980905,15.358418278885933,69.98220361361794,68,47,3.873168520918393,1
37.59336206169787,34.37539990492754,55.95931795065118,1,94.67199471385983,33.69802966130782,0.0257748597536048,157.2705955079135,3.0887715469610653,2,0,96.1546112494145,0
79.87637586088006,79.25763302304873,86.73667315819844,162,4.455260471216833,300.9736350853789,0.11234627161175058,26.541013844097584,80.52388817662688,98,43,80.87116154525667,1
96.65371826216695,94.06485726391145,94.99643908597619,138,19.843247064789917,233.00093451565914,0.2539742207870863,7.418770063745829,87.28673210809724,13,28,14.4696967828029,1
30.700276111420916,25.3064804868341,55.85773820566775,2,169.5612734864583,78.61935690357613,0.016033267232917443,69.56749120297928,8.020192568555197,3,1,97.07502705799152,0
9.276303532476089,30.488079623345033,13.031674282732867,0,147.8792225737103,17.999235544829727,0.021689048400390893,139.71886085138073,4.102451001107699,4,0,99.13422440596442,0
59.042584259879476,60.63347316462821,5.1298268318215765,3,61.48448725514602,50.972933855858834,0.030959072542558988,63.1985723497762,5.408199364484534,2,0,97.32773260434006,0
62.055608488548586,82.96131456563594,88.73174992737471,108,27.672947523640445,430.420804905647,0.7252682788256944,13.737828992660905,58.798260618833254,94,41,61.84818046601484,1
99.71332711289008,95.87264790835313,82.23354247226406,172,15.879031688479902,293.58081223972476,0.4864087707266996,19.42113652196393,23.35133501138158,79,47,87.5446272927069,1
37.01886712419182,36.93323982559673,40.303070138004344,6,172.0585793758144,13.388564803970763,0.045016682220503125,111.27824429872341,8.284590551958402,3,0,98.50310047878854,0
36.74483969445669,39.09967100674733,7.2881887520883115,6,162.50730055583543,9.306846112305786,0.0026247412623481015,67.02246841763429,0.7432805206362902,1,1,98.93359065480104,0
85.32666707289096,87.50411660225298,92.0301645017492,132,21.004649603054613,281.6975917401095,0.3358940423029223,26.816569883784645,10.176417486573575,25,23,84.45151910335416,1
94.18558335538421,95.7753834570986,88.51142435895167,158,12.431548799242416,155.24081865272436,0.78345732972325,4.393868983533083,73.9390851931246,68,37,51.08779546174365,1
32.843270962346025,55.056514485323774,8.890030378680574,1,50.29776142489858,60.538649451136045,0.01389496477480835,182.4242536867957,2.2935558646446506,1,1,99.954314601412,0
61.13535090569505,93.94429702579737,99.21129018689746,173,27.42300878486704,89.04729449089936,0.623099831741103,13.327963972407062,98.72280561290742,38,45,38.8602139559478,1
75.30523758288734,80.56550332337277,82.05659072591997,89,13.244526721436976,119.01210160223073,0.2553876746625828,28.585352365410813,87.49978628745292,58,28,43.027073465081564,1
22.609247729728967,43.030732643859935,28.437760314373577,7,59.83159124913993,67.91621938360707,0.0005474587022231526,93.22733283890558,5.478752531721769,3,0,97.41899887982635,0
25.036179171175416,61.53321210858744,56.39968826179376,9,165.55189860821304,46.566547036215674,0.00022714346546407472,115.3941994493462,6.078923485464882,1,0,96.9717001756996,0
6.409159816436771,30.59929460593476,59.079636675469665,5,85.15027516241557,19.098616474390965,0.01969272666336281,91.94558118977136,9.974228999866448,0,1,97.3991513835652,0
93.64411979281661,75.95866111418529,88.97098010077238,185,26.40739159311889,195.74324326933146,0.6390944746106921,7.684676664721239,49.10868964172986,60,45,35.62754975460249,1
52.99752218647847,61.51692925019674,15.450632009364092,7,50.52586501114744,10.990542831774427,0.01786501309892381,167.50538243275784,7.841445440171052,4,0,99.88537198092638,0
73.60215384760511,78.88381827333217,97.55772154515077,111,5.317679680935408,209.80637516093884,0.228081208449691,6.705483518280572,10.529027062426058,83,32,1.820001134694501,1
15.20300822186287,58.695917961445566,38.33910395941808,8,147.10748913224273,14.826222140305326,0.020111905949487432,194.95232854023064,5.523162931805967,1,0,99.92261768222009,0
45.02446106312586,27.090731453964686,25.89267991647189,8,187.46420372569233,3.3081600043231347,0.038084393194262954,184.8958285808654,4.944490706997332,3,0,95.70987339011184,0
95.91732918834992,72.90961031065427,87.79144411927976,63,26.236455516859902,345.4228216172967,0.05473124419142507,4.332152902480561,23.538067196551584,18,6,10.671969112469906,1
55.05116922348329,52.2301183147877,20.601928642618923,0,124.65256475038211,44.75635580021216,0.04218090139231524,114.80745182782493,9.636178076331248,4,1,98.66340777486204,0
62.75835786952995,82.73471753887459,87.49264373339096,39,11.525721191289652,429.42484705800433,0.364841252844272,27.229735975115005,81.84020228433415,31,26,15.777354433716157,1
37.892213892581005,21.794436035780564,41.67437362006685,7,55.573242427209316,55.80379538029389,0.043170799135092815,180.71898541212948,0.6525236871247853,2,1,97.29387278396332,0
13.857393489781632,17.25221389731995,7.712190606701848,2,182.4989967822458,41.22281896902734,0.018013785991078703,90.55473658296438,3.4112643602322934,0,0,98.59538049691922,0
38.49258202747115,59.07261146632586,43.16215158681749,1,83.90744052749591,40.539258108379244,0.047728904112111184,112.00364073760049,4.2646394530637775,2,1,98.70894259759108,0
28.121049469100576,24.54845917256468,8.364054351340195,1,109.92603240101613,64.8338891715184,0.026234584202547657,118.64825119944847,4.075525824785583,2,0,95.53060036203703,0
10.524492654794681,13.452455520839315,25.948148484388533,3,81.70572715934274,66.24314774050058,0.010003884286353154,162.65312294199572,5.930655574983281,0,1,96.73629547255497,0
91.94145645295193,77.93026731756716,96.8201441693135,26,8.959490522655724,130.90309106817043,0.17289133275766405,26.181700869805976,31.54266509367516,80,28,41.04793896060734,1
51.00674763234832,63.02644935448268,38.10786091263146,0,130.93421729021205,14.728516947644163,0.03299925104594322,111.25589821146602,4.482544378651068,4,1,95.08682150416634,0
22.389641830371698,46.370531652822734,22.803091409749115,7,181.81114908905803,27.73530605356112,0.024794813384938615,122.76032101495579,7.591081336522221,0,1,96.24820802393745,0
30.286624156905347,24.834497013772264,39.603489165414466,0,113.90839308453926,6.255767604023568,0.00584311496112257,70.45857938246417,2.773013344031848,0,1,97.65134631698403,0
82.99496861874181,71.72596625304362,95.53284552588278,109,29.356424898578737,110.12470665744894,0.5145124767335726,19.246289715052235,23.56995822510352,83,13,71.86786315926828,1
20.36326149972168,15.787001764749235,17.3899933862973,1,169.09526021359514,44.83966026058306,0.03558294453056831,57.207385222995626,5.246966064892805,1,0,98.98548014566784,0
65.31772942159908,81.66836890886455,95.27968387473146,23,26.24479681016321,199.44238027962575,0.1409630472614573,6.8227137053573745,71.6023432936378,16,20,6.001474856294331,1
70.34242636206147,70.59817335760224,90.30644086775509,84,13.065117556315139,183.99553023735888,0.6520533171668682,2.6888918477454977,43.69476712111484,10,29,66.77607309006925,1
8.364690849489312,32.74728785555597,31.883454509433772,5,71.24068290142208,14.084750142697974,0.03739988831255477,100.46134312357388,3.570613605909302,3,0,98.67218441057314,0
91.26183428853231,89.16909838142439,96.75417545988009,115,13.510099431755208,171.09001405327217,0.7380013000584945,27.703298869170006,90.14262051308894,31,22,68.96528574399535,1
52.54492311212371,62.27905274369754,43.6958660405093,5,181.979121530604,54.80370046855814,0.03523310294631492,103.89757717805347,3.211036861409373,4,0,95.7555501986742,0
41.43599158102989,20.234625185902054,33.7292519344186,3,174.32265422734767,38.74029742700494,0.023808271869397792,74.75543978580185,3.5965050192796544,1,0,95.95358375533137,0
14.086787113369844,49.18429568402988,39.79244641323521,2,187.6842375735689,77.88607016559168,0.020997222863681716,49.006390269413146,6.010471881684735,1,0,99.52239687339979,0
63.48690546416356,87.64348770169549,94.53643921974654,161,23.9161340467748,348.2265060387668,0.5111276588923428,3.7020944939526275,84.8752959911287,32,27,21.987264223502805,1
15.02623495009731,22.05352613061093,29.840528448514487,8,145.45262746569273,46.30859520990066,0.03474457907608668,183.34883755636628,5.050603246103995,2,1,98.35358864824255,0
54.50487558718715,39.26772056841503,11.46803577815782,2,142.1633719611458,1.4949472448897094,0.008835747423852264,166.97245380548458,2.089445833596888,3,0,99.10754774690915,0
17.34669131002122,46.15496032569953,35.66367790009072,9,64.27070731284067,53.910663562500375,0.0044740217240125,55.606522239091305,9.245216544929713,4,0,97.29630722922705,0
58.63607566733218,14.608070082382463,41.53805772510562,6,59.35333931797159,16.13249271473381,0.03502529948618498,109.97859555710421,5.732335964113684,3,1,95.25284830754207,0
52.98583571757749,42.358898220501096,44.50755211220491,8,93.74417715641567,72.59425973162271,0.012263544923194036,132.91402796372265,1.995369718699287,0,0,96.20211278108138,0
87.11999895530344,97.61425569807516,81.952049320538,33,5.951597061830832,153.88102771794289,0.7553295325735883,1.4136292764698086,96.49370865942402,20,40,85.77648563346884,1
57.616493156189826,38.27329988641691,8.327961162249215,0,186.36113437928725,63.97266940579144,0.0374429409836961,116.70052970090063,0.2513391979064228,1,1,96.56495913091871,0
13.73395817765341,46.000523910190374,10.50293920218467,4,83.72906431682881,55.69922420113504,0.033550693187190374,192.34485190701884,7.0651769910936215,3,1,95.59302610496711,0
49.525739748078685,48.59162204710473,26.15735229467395,3,180.79292528477978,10.350007080721019,0.048022666080827,103.57909400292193,1.4758419456995298,2,1,96.01139669524981,0
22.448283351015313,46.987382856842366,14.282286084851863,8,63.51432389657245,75.74815578563015,0.01877953949194714,53.528734403292276,3.5417156744326714,1,1,95.29701609446356,0
99.29225536970472,75.31430969906863,98.67989102540528,170,7.628792792505248,124.51059633241032,0.706477483686057,12.366551180235648,90.1971049586271,23,24,3.996291477403803,1
19.95032782221537,17.505307689692017,39.6894556750333,9,71.10947117705433,79.72846931540109,0.02612929599508866,150.2382322289529,2.613424982309549,1,0,96.62915388872982,0
14.922040563421538,19.029036221116424,23.209587510487907,3,186.31622592078403,38.00374541300573,0.029291328188974636,50.87114577487887,9.053622139618566,3,0,95.46695538944336,0
23.89619585540024,38.338327179366864,6.057901639458862,6,158.30521246421722,59.98639080971574,0.035146256279754075,196.84800110504474,4.859070936825312,1,1,95.02037400365587,0
47.36279617448996,63.47374546952083,42.257043339946854,0,58.400324261803036,62.35602116420874,0.04789328815518933,118.10190102455513,0.6668775476731581,3,0,98.3943283444238,0
12.191923160699222,66.19852888341455,59.493136976863774,3,132.26150410301196,2.623919362085015,0.022040023618082095,88.35131148733228,8.32024460539802,2,0,96.31248710380474,0
19.164298496059253,16.965929337084567,46.368575977816526,3,52.04271238545951,77.09442961929497,0.009435338778527447,83.53922796308095,8.433626981239513,4,1,99.95026136468248,0
21.41608930823929,27.782071562470204,30.10163268478105,4,133.20638003415746,33.18575521020677,7.714917210823736e-05,191.8853040492249,5.503376422486651,1,1,98.05567006374496,0
76.89721814250576,71.19895588834885,84.82358506863757,140,17.843153778405746,253.7852000468204,0.6416299373930247,17.830634457863546,93.61655500106512,52,8,63.553378079608734,1
58.94563974774702,37.81916676872707,17.032994900098707,8,52.878052865576954,15.604635327526136,0.011206517866847272,47.4671861780514,7.558230739648437,4,1,95.57146141808748,0
45.39886459429798,57.323653116117,26.398870133403875,6,60.31035982931334,34.73423160938301,0.004088817806077122,154.96642713380936,0.9528494164566081,3,0,97.49849517517397,0
14.387485807444419,58.410870355639055,28.96387173493449,3,159.50142393257408,42.89837696011443,0.03325758753464949,119.8183867351303,2.558151570210038,4,0,99.44658339553193,0
47.26110088497412,17.485937280614124,16.722252909272683,0,72.44188767846512,67.95536022872766,0.02065297227091364,100.34527421950501,9.581601436010217,2,1,98.57143280019694,0
10.513966394555167,12.254856265573418,38.506384076610836,7,129.83561691157485,47.74424157300804,0.014907707894746559,164.5337030398025,5.929758908593229,4,0,98.04752441686162,0
23.670864370434312,41.02085210347602,21.571661152161763,4,75.10468330017105,31.331331866254992,0.008154542774164586,60.13343948696107,1.3569539495986038,1,1,96.0840248651643,0
35.89608217671936,37.801480592809455,42.86867269851006,6,123.72631488718719,63.80994575280818,0.0268200155134189,119.38607765885358,8.939292418465065,4,1,96.7617713157146,0
41.470278564573405,50.62807193009527,50.10343688274791,0,145.68559149661547,26.580955113862203,0.044152876259238194,113.47849398667634,9.586113577170316,3,1,97.3457908604358,0
14.08715060663922,25.783421342967046,46.45741423821644,6,144.42866952831292,48.0083096278547,0.039909771798722044,75.70436503346365,3.4895544998951946,4,0,96.2045789262003,0
9.000875006180578,48.7133033794996,56.33139900766872,9,108.46869475196348,49.84481687098752,0.012840388201576642,106.16331954930645,8.024799690550035,3,0,99.33319275400697,0
14.27945432174774,40.96449491269125,33.75575052226346,0,141.58304928050342,66.54017300716346,0.02107520076004181,175.7262399729157,5.9196046975976735,2,1,96.5865650554462,0
98.97991120310269,99.429898030855,96.56810963335998,121,26.628873986459137,431.3069988527563,0.21346217197960415,18.1437525929253,11.490835082085262,46,18,33.44071344394213,1
22.79852852021944,63.357664853187046,28.739372686571798,7,77.79808194831628,2.7711735871622074,0.0023652670763025796,150.2899605282486,9.8331800512158,3,1,98.6614940511844,0
25.119061665439368,53.021664563578994,47.18820775708542,2,130.0309441955962,8.701751269876429,0.017669149743235846,144.65224232057034,7.921400416829246,3,1,95.0746166092024,0
50.48747515038607,33.01470585716602,22.806513749216364,4,124.06438022487312,26.80118326535223,0.023424626061537158,118.04121195672568,2.1896899449691523,2,1,97.29528578562699,0
94.7267634850744,81.25667922427601,87.58035959066274,187,10.610139660810052,253.78722046855765,0.7259169744482667,17.601481786345968,99.28323993032122,74,48,5.553117892810402,1
15.2178422560561,52.04956839503352,9.177998574234115,9,171.82709038842864,60.74870980846248,0.013452556236243324,191.20262878224634,7.498966419506231,2,1,96.47884019622624,0
46.95356129607498,15.91280464533858,17.745952765595284,8,75.95417199742784,54.44070963844432,0.014780181739901295,110.13486873944461,5.117185554227625,4,1,97.69010786046455,0
9.9618331520752,20.052627083546483,28.45790209727129,7,176.03291031972262,60.32302834976279,0.04568857943960064,105.66538665410617,7.305430173656347,0,1,97.92411036228495,0
82.34666009289208,87.17953411491806,87.97141303232398,189,13.714398454670055,445.9043594922153,0.2459501140366337,27.46411955895535,13.080910389760382,93,23,54.82115444477398,1
26.09999891322018,12.63350437476377,14.736299632487261,5,118.74090734092577,45.71890586335635,0.01073426904860999,74.60274284806172,0.08350468534345512,4,0,95.47788209673506,0
88.85532147296715,94.83674563861274,94.82865203679879,42,1.7777577598510166,192.30789887859396,0.585939162236194,26.9009948288065,73.05943865723424,95,36,55.98177404316506,1
62.92587531700474,80.93993267993943,82.78843903736355,102,6.856281004161485,233.29808860563736,0.49912269907956197,19.119201619088297,50.06363871992894,78,39,61.50532732038288,1
79.30995954938275,75.46090199984819,87.54431855349384,127,27.47426122570684,256.361804828651,0.7131334236512468,15.048116670483703,21.835408826875067,22,33,28.156033841914155,1
16.278401502161113,62.77025889447112,39.73555358864846,4,86.73066984106515,50.62950765663577,0.04101791865671766,97.58854791968696,3.480828936989532,1,1,97.3896505367521,0
29.00516071810167,59.5288243186307,27.295348057212177,2,108.70891765469992,57.20653327578538,0.04194029997905339,77.78454303346919,5.274195231847937,1,1,99.37246538233707,0
10.785157855395331,12.16539409761591,44.59628307498212,0,97.62741587478428,60.941821090208286,0.0484952964360551,189.23525976077923,8.496033065868842,2,1,98.91825013241473,0
38.61649672524181,33.62260626982484,30.125151828286953,0,173.64436124875152,42.55376533157746,0.013405590510597698,63.50092524677487,1.5716204888268615,4,1,96.12665698260238,0
98.9239229912393,83.25671571803022,89.77857795002355,141,23.98693870831428,489.42852026290285,0.37404516955776107,9.933466975127864,63.0620192497483,50,9,53.69986409305863,1
33.918145357553,20.912773446851176,10.561866988059368,4,71.38455612309141,17.21353048574507,0.04889878581213225,170.3623062450475,5.9323719433673014,1,0,98.67773587602586,0
16.90069841669834,16.13372418306028,57.46999361216988,5,68.10331914635108,50.328316389448375,0.04885651855886918,135.58554923261255,4.620213060734742,2,0,95.06890618162679,0
53.32096505455751,59.56311852512856,28.71769539386345,4,50.33171241801841,17.054202608927273,0.04886459538040245,111.0838089537141,8.649129339310868,2,0,96.10651608171071,0
34.504472775377195,65.63378663664906,12.719734756787894,0,184.06040212249653,46.36625553143143,0.0012772044587840926,82.08087931246354,8.595950004961924,0,1,95.8156266590268,0
17.329295112318185,31.260917856003278,16.14257641475057,8,61.06071659547229,33.73553036540756,0.01818655815698409,53.62792324391967,6.698713842769396,0,0,95.21956525664145,0
66.71594815252192,80.72267977236152,84.00872420445812,32,5.615671581512852,210.7022260551661,0.6908770553205109,8.136534308939606,36.39375276341768,89,35,74.9373855224751,1
87.62034542182892,98.02332290813985,91.27490954566827,165,28.145414548307123,201.93877550852898,0.12999103234329457,10.33577447396291,35.612606540205576,49,31,28.53680232834201,1
46.71726505033119,65.31018504108316,5.304357548762208,5,151.79741941616078,70.52119097707894,0.024732604444119424,164.78998050625015,8.775655843887662,3,1,97.1569495537001,0
7.329396644916198,41.552005987093196,20.492422703996667,5,167.07879078977226,27.79913751479136,0.04349964042482435,170.8137842756292,3.993115286509654,4,0,99.54162290880134,0
30.126143292476478,56.35674826489485,41.65298439133876,2,119.179572029307,57.35932041845966,0.01806058101146844,172.44801385464652,6.3222569007214595,2,1,99.79455525354805,0
22.935317195432074,67.86464222122669,58.49028838895297,4,187.94501239958126,45.25173261392838,0.005015503125809601,191.72007864675916,0.3909698529720762,2,1,97.80583062574853,0
47.40784511134342,51.76314103319374,11.028161834177762,7,141.2821877910488,30.914884178345204,0.038625503875754516,57.23713754959306,3.239358757419062,0,0,99.90025645697547,0
26.79014512350148,39.4127722810893,8.54637689958729,6,91.84012587036574,53.136029652779456,0.03435803348208788,132.5988501954354,9.717011877283927,2,1,95.29068312831085,0
70.87046850759029,92.08841532707497,89.82982019708035,99,3.9329663950156633,279.60303556365545,0.4079222265243331,9.600914759931065,37.09621907053208,82,18,10.542407577121041,1
42.673437839495236,41.587274741600794,11.217560452477791,7,56.110615585722826,49.51112707578774,0.03198546911145851,186.65666372005828,9.803389637556137,4,1,98.43181432739311,0
15.212907865244173,29.384747113098225,16.233752975683785,6,160.725004858893,65.23016588361622,0.03271904276437972,156.75797498267548,8.47051503777696,2,0,99.02951095750262,0
52.56101416058327,35.2186743768935,58.49101411887467,0,99.29774499823853,13.093552878444358,0.04548676100532186,175.31450996440805,9.642075012738037,3,0,95.64897317535491,0
41.39726396645038,58.468591868627264,36.68046493808199,7,64.15755781312316,74.68787024502566,0.045129479541538293,119.70264418686023,4.76195750745001,0,1,96.27517534445812,0
86.89082806571209,86.17541908452135,98.65211664466422,60,26.83855701530166,308.0485000047237,0.7601691713305865,9.701252103570086,51.03006544207006,10,43,67.45854985081588,1
13.794452584168578,22.057878908731674,53.58878775931303,6,133.91389059940366,50.61294127570268,0.022439401106376808,43.774598978082594,0.30555399653989346,2,1,95.34517278692392,0
32.78646880332548,43.52434084656443,37.22661223723935,2,138.57223260817062,43.93544505643552,0.04542123768603639,163.99620202389323,4.742839747658114,1,1,98.3372173579029,0
95.27414404646547,80.64980715674471,96.72225481376442,35,24.420184327503005,105.82141354348366,0.5824650834758458,9.519909053501443,61.859910917430156,26,38,34.935622089972135,1
56.959143634066386,19.39864875179738,59.57634142877369,2,126.57938204170317,70.31780453423315,0.013435030390685715,79.11010791978583,3.541565658070105,1,1,95.00793043276101,0
92.97445242683091,82.35406202826158,96.06792331117802,82,13.279691063236204,292.1644790270009,0.389415747895936,2.1298929630421357,53.526384602258034,92,10,27.321735561601017,1
86.86003949028843,82.43356462213386,97.59103491099086,161,2.5264497721610963,103.8686927682374,0.6088807981629565,16.41432234259898,89.78371071230023,37,34,72.80658639739873,1
19.774095483128953,37.432090887382515,20.687555356026287,6,80.01682020878448,5.455875111568153,0.0205801099602278,54.40288928030343,4.181930260510315,3,1,96.78558799926445,0
93.16036429965546,71.76988494019452,95.5000442772923,29,5.309153402550026,406.8218623783637,0.1588768874255665,18.90100743601324,38.643020764188016,18,27,58.568955694464925,1
14.331792855550834,22.21838937611639,30.57549246484419,2,141.6384761012876,32.435436443806346,0.022565755685703893,141.79535984823875,3.283917507335884,1,1,99.01328892455685,0
50.5327715176987,29.462825128315806,50.69316568355766,4,53.144181305370566,14.938136542265333,0.04892453004849279,128.48202138188884,2.7180755239228835,2,1,99.67577607965346,0
47.205684493730644,20.073398201817945,9.0990479671127,0,107.80553096423495,79.01291983765411,0.04683265694634471,153.10207812151265,4.877323084942104,0,1,96.4428730355026,0
18.310247400374806,64.21713769932404,49.81987222935989,5,54.21006538376124,54.309427339344374,0.023201059301894436,60.58611173636681,3.9788881071162976,0,1,96.24906262766379,0
27.886838157993022,33.32593522956598,51.599426571217734,2,187.6843032691725,57.25624346842938,0.03421628550483718,149.14922456205562,0.22930505832703063,3,0,96.37204913399597,0
22.52715487628068,10.219589149253645,52.70974372861298,9,58.59373434208503,10.110877525448181,0.04667100948430533,68.31802393579972,6.451327485659598,1,1,97.02173672044673,0
61.5731095913915,90.36222767060906,96.45405086276276,112,24.23515227798903,310.07987983386823,0.13010060614271085,5.758278963425118,84.05358366724352,70,30,85.42994830013579,1
40.966622009999526,37.010469414505536,41.65812220021794,6,171.30142217480864,73.84316945482632,0.03426346629464013,134.97368186794938,0.7386901574107008,4,1,96.73996876193442,0
54.53689891393955,12.17836521562323,17.842532600486805,8,97.45462699135535,46.28621899464383,0.0035668929315475885,168.42518096849807,7.646530013961586,4,1,96.63994727098103,0
84.18902735449359,95.81336934087062,98.5074343934724,37,8.395568457212303,301.6085617872931,0.3151789806132897,1.3387281167218712,46.50070827210502,77,9,56.334237737140384,1
15.848453862364643,19.654686373029207,36.80054685485497,4,125.81966092439727,51.409714435483856,0.04000880076465598,73.13457202996071,0.2794421492893562,2,0,97.82511500851648,0
43.457756532785865,43.440564956673484,17.164804062452912,2,164.57114300081798,8.476482186177662,0.030862032664646783,178.1933819657216,0.3657488936270348,0,0,99.07744731617667,0
98.7053998853425,96.09501157595729,86.31850310284206,137,17.905381768823677,223.235279543475,0.11493294191565238,7.2075546240989175,17.984578061670177,34,44,25.422651292145083,1
37.870909821875195,39.92631650169367,55.648355813219645,2,128.95539176577586,21.133517124272792,0.042882759739597785,46.31957379352588,9.799816161883573,4,0,98.62093449228203,0
69.53611985860861,74.25576061911883,98.13172285228904,103,28.631113483369685,491.66326011656827,0.492732639549288,3.2686727371823814,91.64881213154982,90,37,60.84397335143234,1
83.29844000616292,70.57974335116275,83.02917701482467,145,10.231607683462201,180.8853374479333,0.32754696160796554,18.89432091228329,28.63921915631553,75,35,43.6529799960575,1
86.74514802449335,79.75414031132637,91.87585884861166,176,2.0109163868118727,107.41472805709847,0.6790406180711244,12.700449583920456,99.31406255301225,67,43,21.076829782414862,1
51.17704377178654,17.38054753709717,51.0306862587546,6,74.65634393324146,78.8970566313146,0.017870746473418558,40.329606137974,6.9874666908578735,1,1,95.82278340024516,0
66.36695616839515,74.11461758023366,95.23780160404712,109,22.67498037941331,95.47739993904851,0.2744943074511311,2.345028781428445,57.55758932397809,77,29,37.09028651760147,1
8.347893788432547,63.95332013157192,40.88224345666519,0,187.75163716451118,78.54337760972854,0.03046968224917009,83.50864337474322,1.6096425070888498,3,0,98.96703559670453,0
6.317820192988179,39.09131274943218,14.594871282396987,0,58.125721940942185,43.080615307511245,0.046787579820381696,127.08131850351863,0.5519511633938112,2,0,99.4129207838778,0
36.13593823283108,17.870699099303685,6.48816954121164,6,132.6665161725664,38.72749482340586,0.020816492717506102,83.70138035718655,8.500902316525345,3,1,99.98200551297522,0
51.91643329431229,25.32553375482616,18.532962596129824,9,116.42214391871408,20.500998870299416,0.049377593034018515,168.1275573845153,5.865009342095942,0,1,95.29765404332201,0
79.846445414306,78.65913901404929,91.55268145869304,182,19.821957644506316,322.2269898622469,0.4229406411962063,14.157612918583064,35.87619242172543,16,49,34.66057512928698,1
30.620576408861723,62.09710866507534,54.686225542029916,2,199.8550464105668,14.690808562660045,0.04480718470904724,128.09844337599353,4.9973709318533,4,1,95.93974314065109,0
57.21791198146864,20.552182483284106,34.180538532127855,2,135.57724264800333,61.459571048914746,0.018254164251935136,154.75549360355,8.370605555212538,0,1,95.50944299641053,0
38.50733767817333,16.02487385648803,29.331842231920465,1,93.39888221091597,75.27027090153489,0.03668437254918223,104.33333695976162,8.631903891269543,1,0,95.08253052116385,0
73.66105336947149,70.14195411392882,89.78156494644247,67,16.35266537474665,379.7836183753193,0.08523206811327512,23.728430742726076,73.39645177261448,83,25,56.63181680378681,1
37.11988023637731,60.25924333979912,55.27051451145061,1,52.994641830343234,29.0722356510477,0.04375435680684177,109.24892788779513,2.730495913136445,3,0,95.10915376292775,0
43.044350520413474,50.51494801139602,15.693371442335108,9,196.77043061144073,60.09019258323729,0.040700564403918955,61.356600650018166,7.081141001538689,1,0,96.6504885864493,0
58.64467069243381,66.79887766792254,19.704542622362208,9,99.8085265213634,4.321028367573972,0.001931401317731446,111.97378578398825,0.024146336244849076,4,0,95.18600523805794,0
84.25194778040456,76.75604876663022,96.0646659477627,165,19.67578469273336,384.93402809266206,0.48933158569640944,25.060182521036793,22.662352929840942,97,42,74.0502869469004,1
7.60622087306591,27.423133332461383,28.613520772351,0,126.64935384230154,59.425073115508674,0.038489126771036386,192.39658986305858,7.864970446512848,0,1,98.75822168690554,0
15.009944967927785,63.59184392631454,19.474845981448002,1,95.64558330142475,63.97522158973847,0.031681102950307585,41.56517177466918,3.491665642521702,1,0,97.45586780518647,0
23.090476844219708,48.67760944451726,59.96828483204401,0,77.58060711437344,71.70423946064315,0.023110495534762077,90.44376424835684,4.4689872711436855,0,0,99.58195309665624,0
46.62095313908989,40.63055054763431,34.7519393508474,2,180.639905803745,37.25681466190264,0.031523811767132696,104.36444730906233,4.204004613652361,3,0,96.42488209864482,0
24.293440391618603,27.801555187205672,54.65566605899739,8,175.5959122903227,8.024289925541392,0.03555076058509954,43.68450695483999,2.147362461197032,3,1,96.89049546317227,0
30.87648287039978,56.01422998760319,43.888507705453286,8,126.1034011355102,51.08065678621636,0.03137871284431517,52.96094683363022,7.460555770283868,0,1,96.54507135303038,0
40.382337285942995,42.99377201817403,32.265643233543,8,62.65778533889167,35.141174952427725,0.04512275155622586,41.424975157736114,5.14031357649673,1,1,96.18683224411318,0
52.776177025728686,40.61992356605574,12.124440096046165,7,87.68776993589951,32.77371197656733,0.04918687780160843,56.09033882673341,9.930236557449465,2,1,97.72486566610903,0
14.935498144320723,29.789598149795992,26.160323804687696,7,53.663455069072576,52.149515562285785,0.0440109898477412,91.49141763392822,4.939028793364311,0,0,98.76750700014108,0
19.3137998492522,17.617211779524304,5.967338203187987,6,159.8509683353982,59.72275642888883,0.014591891747665009,55.25688315129764,2.2906555221792924,0,1,96.82020347015717,0
88.05059628841443,87.64291130420264,82.88199494152633,88,8.297468815932724,423.55825983878196,0.5148665213546563,20.138803687220815,43.82411804808022,86,7,11.12475013602524,1
75.91200603322379,78.55934157791839,93.11920277168272,73,28.72272261510308,164.04542397701948,0.5030800578616265,22.499479710544602,40.94899096403631,83,11,80.63063401843183,1
19.755494582962232,66.74187812207603,42.58783466398771,3,93.30462993618065,5.490183032063212,0.007278459934327275,197.5604319625192,8.276233418239203,4,0,96.03828297437879,0
70.28975594143152,72.00118232779306,82.59898413148791,121,10.365254933389577,309.27110450428364,0.7581242592528233,25.827938483760093,56.87829141950846,65,6,30.86551045814301,1
35.870298814994115,18.08103705833318,57.753910080278814,5,170.56486591503258,60.8853119063224,0.017377336308596027,120.09104097321887,0.05557909128753091,0,1,99.1855065188168,0
9.109555123430574,63.85316311664813,36.440047693278686,2,127.92786211241585,55.96417345224266,0.01553112543859278,113.81014054942972,4.179743186637516,1,1,99.19627821405572,0
19.86079320165571,50.82105189716264,9.593347030358427,4,164.62586526843563,4.340789233212538,0.034340450349469795,168.84749183140306,8.686576938837051,4,1,97.74643838755762,0
61.90969658803367,73.94523152634808,91.46440017332986,141,1.9760040151579656,384.14371351460125,0.6497487410617905,4.448437286845286,47.178929492951724,77,44,16.01523762570016,1
71.89874769234399,72.40232791037643,93.39905782431975,168,20.12919292073757,465.6452719152572,0.7597567086287595,23.82162914417842,44.00577946374003,38,9,79.4261703236486,1
11.399847448525598,53.41397387673625,25.84711580267214,9,135.3656333416641,46.66492223298145,0.00036991046071021,86.47850477407891,9.413033746124954,4,0,95.70825754592036,0
84.86248417332997,88.13530058416664,90.56560189993553,145,18.813748986374122,268.08105244579633,0.1005409111719122,16.90157894845072,12.877768142856304,45,14,9.195994153526527,1
77.25968469246124,96.95090308786469,94.18828819872094,44,6.270669929974687,136.83114860894295,0.6605883941816644,18.56327294074684,59.78586551510675,19,17,54.896402046658636,1
98.76321984070907,81.51293223822063,83.90921657429152,148,24.17154149866924,465.50282090198067,0.07900997375594453,8.37531114706179,15.874079267913345,12,21,45.75207770699294,1
12.044263779351457,14.530011992508227,15.173092741843314,9,78.29458327047244,73.8017817513325,0.020952827376143734,191.0606394177537,0.264733267180155,4,1,95.65916628920606,0
12.112367919012684,30.876409008374967,21.963765947581116,2,59.96153733758342,37.86479246033494,0.02514604770104144,56.148785439423904,3.367139427617387,1,0,96.5546272278909,0
97.14577575976581,85.68087560392702,83.51262815370099,45,3.0003198922021705,431.9904373263552,0.17799204775909305,1.8613275315276487,24.700265828475523,31,7,36.63984122439807,1
11.88576294355266,69.18043214109731,56.40069193790121,8,197.61237912596127,46.8387417629491,0.023023462828893893,57.03607114147612,5.7679333864045015,4,1,98.13183484725906,0
79.69099297774079,77.21182080070226,90.66557969407442,110,11.299306321450743,277.8729740660093,0.24944301538465774,11.337943264764462,30.837881668421627,54,9,62.44800754870394,1
67.96598228238844,78.78872606444337,80.58790172602266,171,12.81806849380231,87.84894325414987,0.7096692100553095,10.849409281663497,47.50364775951572,78,15,45.51293620926807,1
32.017940353835456,20.129079299357723,50.528651263555915,2,126.18066217581858,23.531910986568064,0.013095979023981836,107.93015680790822,5.211804585961779,2,1,97.73184828044529,0
21.46721689421504,43.421330955051445,50.77067710605997,0,167.3963813331282,20.768168936430563,0.00481545080061665,120.45687597842665,3.5309583197245953,2,0,96.86497000994206,0
75.2669339499356,95.71247487376647,86.72240684561928,157,17.268986924946418,412.7051192620831,0.2763896829010822,9.146644281394618,66.5780536027064,48,47,63.90922982867218,1
58.901398677150844,20.56897581606371,38.14861021939235,0,106.76581817177342,38.68940108826342,0.0009833944928915761,193.78207830204798,6.859487650611595,4,0,97.54892215329191,0
90.79796035121262,72.33134553570032,92.72510127890675,149,20.478096097875767,271.31604156720755,0.6568030729216244,21.63365793504015,19.788610010009698,34,49,8.602412973510567,1
33.39061522578313,47.698100618321284,6.063271383232537,4,100.45836997939335,5.226316162221528,0.03855874735992451,166.51773934715476,6.5887805453998824,1,1,98.73525402378999,0
17.84932838090704,50.247272611219685,12.67019371791551,8,70.54678292760723,44.700748529937464,0.01965466609507717,60.96565360951652,8.145505451954238,2,0,96.37674363552648,0
56.44005148776286,14.03417679678197,48.34749894362995,7,112.79625681395038,30.895683965272443,0.005150145614559537,180.6925831091347,3.2984634593678317,1,0,97.70947286551043,0
73.82636907552502,73.81180402910275,97.94337378947651,77,3.4288673193397,196.2035450487681,0.08877375156166543,5.818139856690434,65.32190038356893,47,45,56.87093241116286,1
54.68882140914069,52.89132934851373,9.124041713467282,9,114.24706709994933,3.013894261759426,0.019940669432289372,195.00282350282652,1.7856934424390225,0,1,95.90065005044254,0
28.5928244830185,47.93380643699613,40.677230727434065,0,177.11484015871702,38.35635690590184,0.018068381940448824,116.9317845473494,8.325185308199645,3,1,96.28499496126838,0
19.62994503787509,25.12273060546129,55.77323989597864,7,153.15295451375394,42.06549750584987,0.028297941571818138,45.12040917241077,2.4718763766261365,2,0,97.96479001976249,0
17.501918503712115,20.209908275032873,53.01587004666392,3,95.04083082109113,35.770476880861594,0.039534546231309156,110.40445059949664,8.77357582190047,2,0,99.51243928645917,0
15.921549796321436,24.773587874329834,44.72972327145657,7,52.31777751605778,67.80577929348897,0.0008882450073097071,144.7860978261861,8.899104757640442,2,0,97.75489895913925,0
62.54839748345806,88.12858751523382,91.24320001017607,195,9.721696107136719,170.2460183535408,0.5284414612292078,19.81857095763942,33.80054097891876,94,15,7.912052353936251,1
71.52876518175034,95.34865315267764,89.06076679443228,31,24.31543596306929,232.0826823662229,0.22712224461251979,2.8468732963874714,43.068120490999895,87,19,15.37257519434516,1
32.890761215568816,29.86264199612356,58.33669073502213,4,191.01024227115738,52.80676611343382,0.00023331306898956574,195.75316147639688,1.812891052373704,2,0,96.98680044645862,0
95.95754409547746,79.73362864080944,83.04459118029173,32,6.8340973620766965,255.60423741314546,0.1626752337191128,12.064068646908535,61.70099017215774,72,13,38.92546514101478,1
62.552565300277955,88.62365870139178,86.92830458435982,116,3.95804720896822,373.7301608668623,0.23902944928931358,17.55382296277856,20.609816274023274,10,34,14.8735149770101,1
75.36473743362352,87.4972420768413,85.51008969114501,116,10.103233843211573,421.1881440722001,0.7417096708075197,18.258093666113247,59.36678008718437,28,38,17.031921717382613,1
95.26556536957285,95.38084870825796,91.61472091150475,37,18.8455055704577,484.3075297293152,0.6908672292989841,20.493266929910117,55.2805388677066,82,31,38.5261555148289,1
17.387846499771392,41.954768714259664,12.794970675414639,5,127.84631101008009,7.669543053154552,0.04856190232620424,54.714901803551385,6.804384393720452,3,0,99.64026815842054,0
47.882738042879375,20.302813839152925,18.750202736932025,4,141.6663527851491,5.267234436625663,0.010896758997407219,155.86080982308349,3.444768329218413,3,1,98.5916587014724,0
14.579522284061534,44.05724198821677,29.096443424439677,4,130.36953048347152,26.89083280225557,0.019226862588499635,86.59859241796067,2.374395705842396,4,1,97.76305026379218,0
60.62686135325253,94.89448113122445,80.58186312230907,26,25.91931888269565,172.31213376818368,0.14700226579256848,18.296856198816247,29.138793379896406,87,30,62.74257621941739,1
45.30873535120827,17.748296626479846,32.593290014733086,8,113.94528306958593,61.81530268334665,0.005274054841072729,94.44656573402551,5.649362562737381,2,1,98.25718936623446,0
94.1477947346782,82.41763653787558,92.90094359055175,130,22.284106385140774,93.61729073359251,0.17265338983758244,18.309043203881696,27.095324217504228,94,9,52.56656935223265,1
38.72210076645897,61.85872145083212,46.78507445726187,7,95.33712084498283,64.2440522172677,0.024587143863833972,122.21220193564702,0.5518999641863076,0,0,96.44307888563904,0
76.28392795774833,71.8697756321538,88.83560054809172,118,29.173598867900026,178.0019139047398,0.1683572572046665,25.02054413027032,96.6114233896606,45,29,7.672361552146823,1
55.469994686274674,69.58242670728148,37.442804111958516,6,178.98689351113202,49.57694313068321,0.041798309906971705,141.61263403535582,0.1514830775623377,1,1,95.11958442979024,0
52.37710630167833,42.470979031837146,18.733218682289987,5,167.49086289700676,57.475784464081975,0.011639278136672732,148.99654817158986,2.06583380568882,0,1,98.95836607987528,0
7.74399717048496,30.1159629146397,43.5150336384465,3,178.05385118486475,38.09468544808806,0.02976184663487452,167.64584797534908,9.129525681849008,3,1,95.89804485602743,0
50.419310950783135,55.77049754997775,52.14620465214251,8,77.83988944071872,70.93448284201227,0.020511880078639674,184.6130736555709,3.8662292372043816,2,0,98.36856151706942,0
97.74612948216212,86.65582152725102,98.96243386473697,91,25.05438833084288,138.43883488450382,0.43345250059830825,27.482098184822444,97.53645401245724,50,49,20.954526816805604,1
48.777698469395496,51.52323362718617,33.38341766785294,0,165.80763215408095,27.826211989356867,0.0028443084412567822,102.2552825193946,0.7393755733207408,1,1,95.42202263280957,0
28.47194002123732,69.00066719062147,23.25020954253179,6,123.42981870283211,7.778038439492091,0.01839206112212276,49.391296025605996,4.1379602486263956,2,0,97.11617836704156,0
89.79638034503097,80.58293233884764,86.91551912949916,180,27.14380013396422,387.19763450360773,0.7038277720502326,11.390357166949013,17.799989688240704,74,48,3.051748141023196,1
31.235747024906075,47.5143647645003,53.558033765817804,1,59.50726102205044,49.667614953380856,0.013866354007534543,136.02109014368466,2.202688414982088,4,0,98.94570095391218,0
82.0893374853587,79.86312662468083,99.62190315897396,61,23.255376048486745,344.955424536317,0.6316147429205208,5.237759545907064,98.47238048162829,34,29,65.77236824853301,1
28.35773352430029,29.097411987347606,57.947887863794826,5,170.95011070733614,56.04668663392969,0.04257506566629007,46.75003143633081,3.2745156340342207,4,1,98.27381066468483,0
81.65840204098635,81.03462703170572,85.65057545871926,167,20.59093978832819,303.32333193710735,0.18874151951859186,26.49081683092867,59.888616451525145,88,34,68.3465984194994,1
40.697112085658695,20.57123044886981,7.0438324358384055,7,110.74609577478248,28.88176074804053,0.019798825575030068,90.91707369032733,5.2907948705941275,4,1,99.3703156464564,0
36.10183189431977,10.85499295256633,28.612311954057816,2,168.61032345600526,12.543256831857489,0.026866025970450694,92.79842342060071,7.7796669868200965,1,0,98.93886538769364,0
92.32787411676776,80.29634694144971,98.21080740545892,126,26.0971030849766,280.95641219273386,0.7645044149785132,11.778989055532227,94.73003285261568,93,23,74.64787515365606,1
55.09211741701815,58.965463193772706,47.34627466276574,1,58.557518090916176,64.15659153258323,0.024657172359497704,51.00881021857893,2.0127981523874405,0,1,95.4992111349402,0
66.55645535024308,76.10543415013359,91.66987093671446,72,14.15235219294669,251.54296027519385,0.755173747192427,9.781031872941716,74.02657082284249,61,43,68.85300156674033,1
87.32662640849496,80.9218009971187,80.99812777626869,183,28.493078387452798,180.69999755008962,0.4013633220804229,3.368500961958241,31.388704688709815,48,12,24.322072058750113,1
40.35797285908588,19.729403616680408,33.156462623180616,3,62.77683493709691,16.003633590904503,0.020983286432065047,164.78719683823297,2.2884578534168796,1,0,97.28100015667522,0
28.124037654166795,12.444208564302926,33.51308777916104,4,121.37507239943947,48.619283013495625,0.023434070319516432,78.84326780969957,9.777283455239619,3,1,95.83099547653678,0
56.75429522015849,38.28838725498318,44.54454865302706,4,92.47952810038501,25.93680229281037,0.012600737827104237,108.67563934024041,3.4769894949434277,3,1,98.02563097640241,0
37.91925760414712,27.496929000592264,40.02482498359813,9,197.92768070903563,28.79347740403394,0.03498227879958021,162.3992913171339,5.327925665023052,0,0,95.81774456656774,0
43.161213903139135,32.03830478326735,51.4697672840755,2,145.4399455000052,19.30622985659422,0.009986743575690505,111.89608474738735,2.888134412385063,1,1,98.4841671557805,0
75.95738338812639,76.95624076875976,80.83933440729508,113,19.981314786747923,453.01948264059956,0.49376064832897587,15.564397330552332,44.1839087197218,35,29,64.42442066197114,1
30.120697003305246,12.893547696050687,37.357229367344175,3,85.7194079235133,1.6755266341269015,0.028604318493890293,156.02886904364104,2.4523492845074135,4,0,96.72080035757673,0
31.1203957077993,42.43036563896245,33.38428715209369,8,120.77760251410112,10.308854563370744,0.023372010797120993,73.83753449669169,0.2873185027531078,0,0,96.47411239840808,0
24.63582403974668,13.399998195638931,47.097986829727915,2,121.25366304596493,4.1341516502741165,0.048910951824973216,65.04663862032814,2.4906458430764533,4,1,98.59200077708365,0
16.121465888020058,63.521724991131926,28.411458931908875,7,68.46510312013996,26.080282252298968,0.007706579440269013,66.38240897923569,5.343874859925501,1,0,98.67801864713715,0
40.86549516914265,45.887289036203825,23.302565578043488,3,140.56972855884933,45.266109680374434,0.005248805977470173,157.49207022255234,5.7489207648092435,3,0,96.16529693269835,0
43.88138623561518,43.52084863586539,24.063984224654746,3,126.04180668226029,57.648581852290434,0.03371600928347089,178.1662611247539,8.908117156671963,0,0,98.63923880853673,0
49.53704950304112,61.85209991500102,7.510565455592735,4,107.79422792725703,6.445477193128873,0.04813243018752684,196.07212463815677,6.079275249849959,1,0,96.13215523574736,0
17.35584974832082,45.158188304330785,15.088592213024706,6,127.41900038601005,69.73785427500563,0.00208030460510375,117.82159169847671,1.993139506736683,3,1,99.13121000951999,0
97.70223229994012,96.9997258094543,82.77523118639513,56,2.8701683221023426,316.360004806211,0.6156114054161539,11.848948560714154,30.623038073253774,70,20,56.76310890553211,1
53.252087154852944,14.552988584189961,29.953707941702376,2,196.80993755225265,14.860728258207306,0.0007201743099358505,159.98771045999976,8.094145245989667,2,1,96.2971136893875,0
36.12604930642957,32.39216614461822,34.283315369715964,3,57.72947099245556,29.59747503371666,0.007950300161877444,168.57147804411898,9.907213521225415,2,1,96.41515387708348,0
61.655315561276545,91.9620566717243,98.54978405896767,111,2.404160729075689,142.37591078763617,0.4867476911967585,5.976943523665575,37.51697944112077,15,49,18.71468959486638,1
16.455627311110653,15.251073996509861,43.51847204411259,2,186.58449890307136,4.871709608621908,0.011240042823878072,114.04852489296212,8.373957678151264,0,1,95.59310871223722,0
23.426860250583555,25.05754104277939,23.67663400141225,7,108.48306724259626,11.136760562408176,0.01983766234575104,47.827755398995,5.53138901892466,1,1,96.88384846155371,0
51.75282476580548,59.895461900163795,9.606244710052312,3,183.60845476049704,68.4580521882509,0.032950569352425525,42.679857531116156,2.736708510009035,1,0,98.00761593308685,0
27.350786693305235,40.23944890115535,26.181094304731552,1,149.48298442634848,27.832859260418264,0.026191073522584332,188.54647334302103,9.476743001840058,1,1,99.44729997455542,0
94.83135155239384,96.5500432374649,87.02755781681587,153,10.217812419107023,294.67752602200017,0.14356255258136197,11.732795406823756,11.183307109390515,47,26,55.198986201876174,1
32.96040984116338,25.62201507638524,18.61324730811242,0,151.96808845018649,71.51308710636557,0.005312964173560891,112.90107949462337,2.1861154985869247,2,1,96.00514251794894,0
22.360537658465095,22.02903732781703,59.53441791045307,3,103.05165211684857,57.213223729649854,0.028978104529882222,149.49673405789213,0.04598457787961974,2,0,97.15262662103231,0
55.28373636783307,32.98141277778032,49.92763415847724,2,72.1417202916981,13.386393162005659,0.04145150836139158,65.70814093137801,1.873483397453165,0,1,95.79625241106991,0
26.704249316879533,35.16115442554768,38.40122075382109,1,131.65802272145376,68.00765612890251,0.027728894468390164,73.61405277258207,9.104076942251623,2,1,99.09727519259327,0
19.811484344708045,66.81954045708342,12.484675755140263,3,83.8847455468529,23.237859662659265,0.02214118310747349,94.40705983181164,9.860896678337541,3,0,98.95905712069634,0
7.0626262385724825,50.152920067722064,26.26311136874417,7,165.95861069748065,28.7506036811018,0.04298979881891926,132.18891120163892,1.162005931358182,3,1,99.00129895667784,0
41.31684914042027,43.11848495419531,8.848717090720239,0,176.4794706756283,38.40736548921875,0.04660882117829168,53.29388032416075,7.057090117606698,3,0,98.12956457103205,0
11.068068133616665,16.281083676766503,29.40407036583525,8,83.25594354271523,13.444470720588084,0.007381665287021,69.18495533416018,1.8429110660945258,4,1,97.36274406560128,0
20.28927459245466,43.56529386462716,59.471284765469605,6,64.39746501819506,1.8939733957667726,0.0033166311229348936,198.28876145747958,7.362857296511662,2,1,99.63560580949336,0
31.617138115593434,66.14546145119814,55.33544489358947,0,87.2453555108336,60.35781656083509,0.04402867585462536,105.21486311102358,6.41856174395147,1,0,95.3345009412157,0
76.03583230513553,93.9244464277193,85.2569263550024,113,26.4926166980469,82.08348610581152,0.7390147751954226,3.4411978025149894,57.803342639741956,66,31,22.756391444137442,1
7.326953648137639,50.009470660290425,42.90580487840001,7,62.38336446318648,69.43870896296667,0.03430367670118942,67.72322683844646,4.439811960169551,0,1,96.35973684587805,0
97.09764089256282,96.26366530815545,99.77664951898424,151,13.839524558726648,155.42682370520959,0.21493090195321557,15.774468080056801,17.009234752720026,58,19,54.572561371495574,1
72.51697607903155,83.62005193609795,89.5040107647017,115,28.397762003996927,429.3519205552126,0.6790983922661922,20.453585601884274,74.08438204192606,23,47,2.559120123442491,1
73.41064763622569,85.65160919605619,89.66076693145516,177,6.979647745118519,185.58879625783086,0.713439442966128,17.204768028191342,53.55053685318521,56,21,45.11603661540976,1
25.57536814839247,69.29161671623804,43.46135989453699,5,181.78921771239627,67.1441035227582,0.01060536044268165,166.55040861557043,5.620451095370216,2,0,97.01407120703102,0
89.7656851385198,85.46779230931594,98.80755078742115,36,21.315061372720976,232.864252182218,0.6877826094412356,4.001577551216691,83.0871908325804,74,34,27.881618820496527,1
53.74223491724175,48.0698770972986,35.07985965249709,8,82.10127516438877,28.243049884811935,0.048373184947560516,148.30932043994656,7.044769784768622,4,1,99.53765838129125,0
14.519988184079162,26.002983018680684,11.368962948152827,5,176.30574799917267,75.60586607572203,0.03816980059736084,95.73543385245146,7.763499282709128,1,1,99.48590939409269,0
76.10707496027925,84.00454389828627,86.32047242657889,67,14.25113667934169,303.2725670485621,0.5640815450958816,12.50163229173688,15.265147818345463,86,44,11.058864561095536,1
13.846166897883316,59.162445770086556,26.763454138537163,1,57.99194650803629,62.224639235807246,0.023228266869558808,78.59759589905708,7.207455250626799,2,1,96.28503277648676,0
6.902695170306469,69.81666466138284,30.985345327591432,3,77.43350256424185,61.158475312192444,0.014687964490588025,178.05384158109098,8.826874760084968,2,0,95.3745214808522,0
49.160222934225956,42.65455740275664,22.958161430809312,7,136.88476709471405,15.724501271012432,0.023134358303135146,166.67289051714238,4.069822862247673,3,1,98.54421838975613,0
37.735406351045654,28.015393928316648,19.68232545427837,4,139.85969116134908,31.148768342351737,0.016039380247096027,55.29628950174402,9.156655635600966,0,0,95.71285213239906,0
57.33055012903592,48.52914738504289,8.533240627536811,4,149.60524388858084,62.18252692142976,0.0014871781592240509,170.13097897035772,4.38133606071208,4,1,95.65923293763119,0
65.79984076169245,72.08369482811163,83.13973401159589,54,27.97023361946029,183.16267505532397,0.12939757601245505,23.717446922788046,87.58489304769846,14,35,27.79283088553366,1
26.907356902520277,11.857335905801143,56.966108508662124,4,145.22817369036352,31.239650392594836,0.011409728775797929,186.1504721538454,8.858247030518983,2,0,96.28416613377361,0
48.38502977706953,44.378489023179995,18.380519223016698,5,195.81182273623054,37.25698147498964,0.029885202861820233,55.81885951396728,1.056456398524318,0,0,99.92103644215123,0
14.437084881814098,29.946144470909605,29.905958128651044,6,161.64920974236975,17.98035005478727,0.0423189683342458,101.9531955340841,2.6405209311884503,4,0,97.33606905712449,0
82.41599498712878,97.75350243649021,89.06500718026676,61,27.874946951249697,424.83328595788333,0.5277349306623649,15.86298903710896,65.93747578235889,48,21,33.485807310108164,1
49.854369182218846,60.015134465067504,32.37260213793056,5,88.37322917853146,70.57371346948233,0.01648455527384074,105.47895046709033,2.819532529223344,1,0,96.59158595922806,0
35.262859399581586,35.52458064729031,34.50276704989871,1,165.53169328840983,21.655717209398148,0.015655926148088913,106.84290058943287,8.284216213601082,1,1,95.96156273248914,0
12.343193779136804,52.94107878016056,13.307680297338361,6,60.72113831251981,34.5634745482966,0.004420139835129189,146.62506243319734,9.270850138279618,4,0,99.05201216809651,0
36.02186798326748,18.979697970485198,12.29214213709205,0,50.08225565574057,42.92443989653497,0.015498626870384224,189.20199747587884,5.119490159358361,3,1,96.96153836194493,0
11.814730773612197,35.03366245391508,40.56665495269758,2,60.19319666247798,38.39265270081083,0.03222421282753958,186.3020041811693,9.486565882831446,3,1,95.79450768395449,0
17.20747280489953,12.796732442913372,12.600924759153399,9,61.179247879218096,39.874967443640124,0.0033159777423303564,193.87316146045194,5.92497608046448,0,0,95.64906528280245,0
70.99110591002173,83.24700576346005,84.37859484133591,156,16.331119058956244,138.66044932630004,0.05697247165659668,23.247402293941594,14.124888943338657,85,19,73.18877914174942,1
21.14525260904817,68.58377055806548,9.167609851530592,0,183.19653181849168,68.46263737232923,0.033572564582166856,66.79445801208102,8.65342079909545,2,0,96.95129545939798,0
36.488404143178855,17.85904986688466,19.389248451132538,5,156.62196139053822,6.3749416659628295,0.03250164167310758,119.99939678492744,5.33273392857284,2,1,96.24620171184723,0
19.049101622092216,53.62483498846815,6.106403449170435,1,166.1534536520593,2.690765544487278,0.013340577893231315,194.40707761862123,9.016018912804885,1,1,97.21515477392968,0
5.524129472929097,36.25545967493292,26.117563315373964,1,76.14353562390406,79.15718886288239,0.03870733082681597,44.88761521043466,0.8450941069516482,2,0,98.25004480979129,0
36.712508612625655,38.74448705737292,56.69845092741706,1,198.6978519432897,21.983525324937283,0.01891763134355598,128.1349323499748,2.9308697523654823,2,1,98.44042060267225,0
77.9450420960644,81.76589537713853,92.29015771057755,72,21.706274620407477,434.1692492179777,0.49459980916779717,2.2088043883499893,37.271602808212286,23,43,2.092117976738005,1
55.1780850914529,68.81204530734973,20.596598926758215,6,160.5752705091341,17.950181169987054,0.002346786631801923,52.59661368695344,7.454445250516899,4,0,97.5461362356774,0
13.63618245630421,64.07920353928378,24.505654398662823,6,100.07640825909384,71.95216894047991,0.03328288988902427,60.343052030228094,9.825092413171703,4,1,98.13675155062657,0
52.31108622276431,58.656013829280994,22.318792755942987,1,60.63140444276818,25.345841968950225,0.004360103383942987,170.24165322570934,7.734482566546486,2,0,99.15621184210832,0
21.445040650258477,39.2909348158033,20.33303041291027,3,136.42626575812017,74.38639850217953,0.043858685544356145,148.46586911107607,4.831143528262069,2,0,96.98103223201873,0
69.83835693333799,74.93268264730436,80.19960822982704,199,20.153327066871686,180.30522238444547,0.32047276610753245,29.100191767834048,31.955982113136944,77,36,2.7697181827446293,1
24.698690848584786,68.2160375456141,59.67608694080148,0,84.44294201787227,4.375872406241453,0.04667368589899824,81.7338145891838,2.971337345182603,3,1,99.11769157386492,0
70.6618623040365,98.01860995742084,86.5026004588168,25,7.765577131456471,115.08216229487255,0.301923138110891,23.238014251859468,70.92715445907072,10,49,0.7439009336114955,1
31.560705203537783,23.923775225008384,9.323028473088366,3,160.4120430786857,59.722469381928484,0.003342382928062798,136.63305095250684,8.858777229511755,3,1,97.5537843569963,0
59.34750776675064,69.85846988072034,34.69149426292981,5,195.7892395182427,56.77879947634119,0.019384905114140982,50.6040820243469,5.416980431473552,1,1,95.24584031278336,0
10.838206207092979,67.20446797191573,10.480400560632935,4,148.27386540949868,67.37528538179266,0.015518334875966572,192.37454936425908,0.49791390717767503,3,0,99.96235899940788,0
38.83992604893956,18.354416220980056,29.21828869949893,0,95.12741108526293,35.50316273440942,0.0213187195141422,165.3451699440522,5.551478978018412,1,0,99.98512057280156,0
72.76096692328878,80.5292717444219,94.7480992961953,194,29.04223156900837,390.54136270513357,0.4852335518730532,17.299015566115877,57.22741400356715,73,13,0.7363755902119673,1
48.406797121167536,30.957914293621947,25.990542763390515,5,136.7148216149472,43.703499042817654,0.03822915364759347,196.73796583070407,9.279080080306917,0,0,95.71623417926602,0
19.588102247354954,58.531206465252325,36.242855888042634,8,192.91445127541058,11.06352745232536,0.0213588689746642,55.00206180537474,0.2559046947508825,1,0,96.35444699339895,0
54.206015194523374,31.72537822642731,44.03635230080592,9,173.23853043728047,56.57508043578098,0.03607694720018703,177.3657925312321,5.127913840159212,3,1,96.23992056321018,0
32.033638683319296,18.976734707635593,47.527473142536564,8,186.93201050677777,56.324389837217026,0.012145203830767483,145.99969164637713,1.6360117863424162,2,0,97.58674155960819,0
44.65801449871979,15.286336669886486,22.167587406406117,8,178.16270396623216,79.89044929530384,0.006997518522593177,198.36220049590045,8.040720842310897,3,1,99.82464233667983,0
19.763154934448238,20.95526466354288,46.61996230347579,5,53.033927767349915,25.31482297883619,0.04939474749424611,142.41011972977526,9.221604016416334,4,0,99.06717692300138,0
50.08307880734881,29.667811460123048,56.68690017994668,0,160.6779353365945,78.39413473700718,0.028213644151363446,184.75694586291416,0.27173827788916194,1,1,97.87518503396004,0
7.228868001329677,33.96346347847788,40.72618457303975,1,185.62064368442728,32.161682428323616,0.023162985890914808,151.1454170806536,0.5987106485438776,0,1,97.86928431970716,0
82.41001117919389,83.58341885592725,87.04142989040915,140,9.606331541212358,286.27560654038814,0.08350982158324459,8.199106838076736,40.696118759603166,50,11,36.1528198302421,1
90.55668407263599,78.2754139207859,98.65275361622281,57,15.14794688378574,408.1973764060698,0.7918714909831275,27.889338983055357,39.20208028696773,65,48,54.30319964397731,1
16.6362364567075,30.40693933287155,35.45135531588922,4,56.582202963924054,23.705910619975047,0.016522983056620633,60.25616052424361,7.391422360590866,1,1,97.53782165303582,0
37.07940339395379,57.24205758326195,49.90820099093404,4,178.41223701215867,54.434041261308224,0.0074450654063293155,71.49132262544107,2.997214136496181,2,1,95.92925333390423,0
56.20325527885831,12.183366670202453,35.1927819825715,3,97.0477274687929,9.883654290436866,0.020795803021824117,169.7009556993174,3.3570622046361818,3,0,98.01624315340095,0
57.82268433858699,61.52354345293089,38.173800435932016,6,193.56170015337767,37.343195351208095,0.011099505465320453,97.60726107961304,8.543749275742925,4,0,99.11824151434375,0
59.062505602499535,48.63810065638347,38.404001936067935,0,129.2629031932159,41.2070685809235,0.009965664329429004,168.41822554833726,4.003324982921504,2,0,97.07210830172036,0
36.77791672451336,64.90773402397579,43.88104191734073,0,197.63121356735846,45.68227635469814,0.0030720093036362864,177.2817579054672,1.024978483052491,4,1,95.218632933563,0
9.816214723912086,31.806421211237257,46.909429894636375,1,188.44930290421948,31.04421528672445,0.04491451269508792,107.63912245010557,4.637742660359457,1,1,95.05715881962232,0
26.75417889881254,64.20351791696359,5.460895916507257,4,144.18382464267717,10.450552720336587,0.004774179444554872,97.73955424145144,7.091115563599938,1,0,99.29697017054798,0
55.04220274989449,28.552004887535972,40.89687091094394,9,64.48595113357158,61.58162818054881,0.005831074577796958,49.657714829793974,6.916876498053877,2,0,95.41463135185717,0
37.2549562056638,37.78918796084206,19.29129211063206,6,104.43664728895928,58.33452065671496,0.01183797252314115,120.93343967921393,8.618095604342225,4,1,98.80869973194507,0
25.601097027107123,50.08293734880907,40.90638876679755,8,163.37248494729596,17.949405741442593,0.03461131990425729,121.64064227724725,1.2793994394247121,4,1,95.76217088536087,0
38.8270640922535,55.97214378776664,10.651994215852763,9,125.48766573132015,5.668121673907436,0.02191674975435401,112.38571539203835,1.422613635376796,0,1,99.47017605012937,0
5.544331691428791,28.239637437788815,50.56306813616936,0,187.37840881673355,38.732477084222786,0.0062435650366106325,178.55259366172623,0.6838065597332221,0,0,96.20523571950872,0
46.71420962562906,50.11968138512593,38.716431065768994,8,158.34985435382805,78.68454610125978,0.015463800414413337,127.10282973252706,2.9066259183153065,4,1,98.13611171553538,0
71.50023807740239,95.78682579041521,81.75439413629712,37,13.775711470936105,297.80111821017516,0.30738408026409375,21.4974764586702,14.58381822395262,79,5,75.1907001198049,1
42.01990571294809,58.058510529069906,59.39154688416758,4,84.83366032829726,6.56070583757629,0.03158340307345377,59.28080861037364,1.831445732251441,3,1,96.48772517573552,0
93.54081409513964,71.24782873241669,80.62856317253382,185,24.134923710819923,223.3356728656368,0.3189630040180742,22.132507915690333,23.586655756910808,66,35,61.1929055200074,1
40.875610291367195,31.24126724336118,17.170707827218056,1,141.70694436065776,3.0965716986889458,0.018076668191002187,136.97737934152912,5.529630814131522,1,0,97.91438040525084,0
22.75770683884865,17.94922402686206,11.90005261413463,6,129.50922483813713,40.050848009718905,0.007442627964760362,107.50163723481421,8.919630941808958,3,0,99.25208733110398,0
74.02654029435551,88.08330650024016,80.29617254475434,136,23.50043905823051,160.86555385874303,0.5263539095860139,19.118688461573658,25.295578766801178,69,49,40.99071154705759,1
13.142053398154815,53.50819384351773,46.39147412800183,6,103.09177267327235,28.71315841250994,0.027080236644782953,143.1489399920431,1.996123342658952,2,1,98.60153666424982,0
71.67403180828225,97.65421976051508,91.60034479941976,134,18.62007338035385,146.93986959813725,0.07303161813227475,12.414354887026022,46.81528426855054,19,11,81.26322964082202,1
23.600016253742776,46.549618288812646,13.010567860644207,2,126.75498512984404,67.54297138670188,0.02149851935793139,79.73039607170745,9.167106463158431,4,0,97.65612957083435,0
10.549486109444057,55.17293155518118,20.268355276249398,5,128.16071718437667,47.20205798432691,0.02399910176425333,166.68498459227595,0.7410867334868032,1,0,97.1587601668509,0
67.55829637569951,95.87756855229048,95.52764479720426,108,3.0001555045147277,287.7378264114019,0.3710544459599125,29.861243310722777,63.302045241426306,34,18,63.413484341272415,1
35.5237573487288,32.37589795166052,33.838695291251355,9,175.31074839027085,78.01940091592547,0.010495818742625658,47.42237302860643,3.671708804745326,0,1,98.96298462421167,0
66.47134941751172,77.62466879051702,88.10933609545772,24,20.849979906349073,455.0985730681825,0.39293600271339474,21.532778852080547,29.54346368018618,53,6,42.94340842990457,1
32.032052118572956,54.32550372403484,38.35258608752527,5,169.50446691156927,76.67611244631816,0.03514505804396275,73.97179052349139,5.471695860631475,3,0,98.06685620637418,0
72.09280634947022,88.24527909145453,94.33375155911914,89,12.838405797622302,201.56135637744413,0.5955230584890093,25.871091951851376,83.25097666890449,40,15,64.30905359759937,1
40.32905251892092,12.296562043405423,48.50416277503393,7,151.84958765883152,47.63783747076766,0.007310521215200972,111.186364981917,2.2064415327038764,4,0,98.43493460665294,0
81.11578327064932,96.67547276893175,95.70253405992158,193,28.24232074065611,366.89405670332275,0.5569828950076121,24.78926004590198,14.427200168002408,58,41,44.31440796881353,1
49.484512671101385,33.04702289902235,8.056804017536457,8,95.45622279511298,75.958588095866,0.04622959750186014,191.88710705748318,7.913374428152818,4,0,97.7743403572872,0
19.51286288772485,33.53702430310159,38.33644484930657,5,188.73597478259026,12.965251322574339,0.0027233561595368717,178.93862070402687,7.052057813826984,2,1,98.06780335533362,0
73.02164553378218,96.5059124674015,81.35619527746478,160,21.14376481960254,240.8895562194601,0.10674104224393301,13.14339295791505,58.20062631011707,73,5,35.1566716830957,1
54.0412062920218,31.974108783265805,6.824933722619843,4,175.8879336817179,77.22876854769912,0.04281027524383845,146.32466599388692,0.9837014804844058,1,0,95.25145673602155,0
14.71881075389274,40.015644949684315,17.760578053710603,3,182.32458195168203,50.50170431716262,0.0358474275079669,141.26870767298612,9.680108613164066,0,0,98.5650197168976,0
60.86024083919824,74.95752749728938,82.60559539311376,84,8.096852379699218,309.15827206158804,0.051578068985580997,3.149523923657435,36.654173194624335,77,6,59.758813576009295,1
49.579031046364236,29.01641699274859,45.51443055294223,4,153.27221692339535,16.40151003266359,0.00043756216721071994,54.91245222914108,8.400000079769995,4,0,99.34038407047206,0
9.20963536635939,40.01713229619038,57.13033974172297,4,199.35210713640737,52.190885559294905,0.041756822801543775,74.79980667346936,5.74822115113262,4,0,97.07552865216552,0
46.54904675772501,59.847957490010806,8.642598773167201,9,181.61937562789527,70.65540699789175,0.0179861940052441,87.01081673841928,3.234870253727733,3,0,97.91741688270662,0
10.583540075309767,44.87148810806697,54.15229824434534,7,71.29312315955424,37.10275737213581,0.029462842614532133,72.20362976329159,2.9540203026251364,1,0,95.75079119375653,0
47.30177189770178,58.538534629156075,43.696157099779455,8,78.51820444256234,78.77062066101337,0.025031133629449004,43.186570822012946,0.004852743633027012,3,0,98.62565043216954,0
11.175060608673498,16.451563614490688,14.090502897374423,8,96.53844111772341,25.93856375401597,0.007563252548620953,168.15159706668763,6.487450566687885,3,1,98.5431969050822,0
32.41720637449846,67.5079782152544,9.488259414480876,2,105.32404711392374,11.56330502759361,0.03686710533866878,187.48416449906392,4.310836772822807,0,0,96.41762680954805,0
23.563116609833276,12.933481827667642,58.389248509217914,6,106.74775632378245,78.54735393065748,0.00951839938219109,166.82175188307846,5.463979611311114,0,1,97.2021496894208,0
23.497947386036515,64.1951092465405,30.84517435205765,8,195.7312607891706,40.82946482432255,0.03452534449248183,148.65734764076487,1.1781305150183963,1,1,99.66437629032583,0
35.852397931449836,18.656022863516032,55.411380358558375,3,150.73762672960765,37.72308753421395,0.010953912882937056,63.71165337550066,2.8047402831831567,1,1,98.32271845727433,0
98.61727055863962,96.10213582336016,80.48766944378613,183,2.966152961225256,497.1819676067895,0.6208644566475734,27.650963958397423,42.14508528098227,81,24,32.64491916938442,1
7.2395573651020335,54.905236600869344,29.102267666625224,7,193.7914004125241,15.91966393138016,0.0275899057916143,105.46933933335148,2.0366385257872466,0,1,97.31501231990173,0
55.734307829763964,38.68964371682393,39.371742660827046,4,169.86915746988794,36.8681244095203,0.0019656910540049757,77.76240394699099,4.4929236502840295,3,0,98.54181946320799,0
49.31841621016379,59.31524473361076,41.11012355410667,7,55.12777376974907,51.506435083564554,0.023477443593613447,138.05403487529213,3.1107373810143257,1,1,99.13487058980625,0
69.0385735388484,70.04555900188582,89.80037404413117,158,25.278101451241007,164.3102206736895,0.0998611175629769,14.063257292923884,67.07810411623572,43,32,50.11329511212482,1
88.33734675913358,93.61588918566454,82.91310446683052,23,11.631482872054129,87.07769237124877,0.2794064299960138,10.602628513354373,90.58899273334053,21,37,74.70968336568004,1
9.216946549979872,69.97370022036782,19.89309598864487,5,95.75190653009304,22.52229789972898,0.015932502264788203,53.37630311664821,4.395290981949054,1,0,97.33286417385837,0
14.610037449788974,26.881532887339546,15.21420060707685,5,120.07118834426534,71.18419546501896,0.01976873692811673,180.30811575889223,3.0411047003925096,2,0,98.565030414577,0
42.30764776316065,60.94441642943026,50.59155174832212,0,50.05808269169164,59.37716407922703,0.044361224391850244,171.3023507414173,6.643099999999044,0,0,98.76654587367631,0
21.47978551116744,61.576005489337,54.63379907977135,6,121.95610708720821,17.773623107942914,0.03577703673404577,135.8494460919657,5.869052805619436,4,0,98.71584500751804,0
70.89024796207715,89.1733656431014,99.0880371583164,181,6.073050254024947,496.6412433978712,0.2955544909762613,2.3314761892713514,75.6547545117784,18,6,63.03681756966573,1
24.93679811113189,58.45502601605495,36.625137539522,7,162.6249258733158,58.23126775937487,0.016957179181136577,101.62369001684006,1.5164806516179064,3,1,97.4586191175876,0
54.39661682854414,29.132027367411123,33.28118209484609,9,70.30285193531358,67.30094417110901,0.04644881677645983,126.71477211733799,2.9053200858135564,0,0,96.7047442106546,0
86.18469408063797,80.12057261087381,84.31846986845703,121,19.386772499709725,397.2796739692941,0.2537400845230423,28.02667484806736,77.37551155743952,85,11,79.35814581185201,1
29.185338409885386,68.80598287935993,45.71118799666392,4,190.68070971818025,31.875712139047675,0.0011677060867075152,198.12177058611783,2.0673707731378177,3,0,96.02321646703719,0
36.18420832761258,38.90995206520806,59.44161622070205,8,50.798036329480254,57.62833494942442,0.014202976551312098,85.57652913837343,6.497041753933335,4,0,95.04131005901742,0
44.472694516183765,66.98774097692875,6.575910182530894,9,78.11307285122187,56.552667069629436,0.021107919989372934,83.94695475369306,4.887929946542815,3,0,97.00038697599963,0
15.042706703922178,35.482231883069346,6.894150344352622,1,143.72688767107792,63.59158756987655,0.008361056683850244,98.0211082422419,3.868058737306571,1,0,97.33744300511809,0
62.7119611064514,82.64505816928396,84.54965025524089,152,1.323051531414162,106.58482100256569,0.6468499434747103,22.11126005044513,54.98753894401466,58,40,57.186451655625014,1
15.166266371122486,30.732658367038088,11.1894349881412,1,175.52783446468305,59.83327073803085,0.04218392140645469,95.96098960624016,6.322350546716717,0,0,95.4388473326108,0
17.609611798245826,58.873532995150846,14.707028876016478,7,94.13002473671605,5.298133638659171,0.03854548764235705,58.70453122346252,8.680728728643842,0,1,97.216117572783,0
5.956308809154626,47.87097697867463,30.24636598609222,4,89.0578863341481,22.83985597716354,0.007891217210372687,126.81493626819613,2.4806427824485686,0,0,99.55824702909011,0
56.57346041305103,33.85498887567381,32.1790222132064,1,187.84109624268442,18.587648856227286,0.01032782171232915,70.62237272067901,4.512903234798207,3,1,98.74623871005075,0
65.87070493271018,91.20178403429213,98.74962454954579,89,25.18729183628476,161.85337971898036,0.05043823300228116,1.2176137694825673,15.921272302393945,96,28,65.93866792088511,1
32.51483476564198,68.3634491730633,17.64582987776871,9,167.60818389751105,16.724723226568823,0.019317484370990925,197.28010423811764,2.1552497980991125,3,0,95.50771677180686,0
89.91039439265701,92.49398627324555,91.86267186724241,190,24.48157233959404,260.8552625730573,0.30554278087554104,18.481032367556363,87.28789006368821,64,36,5.6977280548950535,1
17.890431482802406,58.87073324552956,58.813673313597,3,50.86851292078995,10.470005451000315,0.012367670998448006,84.82767390993652,1.6735404884352245,4,1,99.68067223357546,0
18.582848487251436,61.208768394961325,6.174226742699186,0,184.3685541917588,78.55200001036111,0.04510303882464754,122.30523945225167,6.412609302652779,4,0,96.4518389818201,0
75.68310286328844,85.16652662688587,83.39728678215386,196,15.271900102962679,302.45490534895384,0.5272404318506201,9.935882537355244,51.30557843105158,30,31,38.82318362987603,1
62.19453165058885,73.78767865209659,88.14293477712603,69,14.191386618623932,135.4716087109542,0.08599647052227537,6.27242858545477,17.91352556438806,72,28,2.671800071135235,1
28.329924925835233,53.35712397199017,49.30436861002152,9,170.07794889783327,50.655510462584154,0.0427196139086824,71.01427396776103,0.6440685250171774,3,0,99.90467896644464,0
70.48239751226131,74.77577973465097,96.08188820928827,134,26.75327885621268,384.78643789840095,0.3180365220134128,28.513264344334846,32.43296141360074,70,8,38.04324020326265,1
9.77032316836604,26.753400512667945,26.997763394346617,6,66.3904912449906,8.240827995855216,0.044242657416408954,170.48694911633388,0.8816095287600112,3,1,99.70842234441838,0
68.29714694597223,71.46233118680182,99.61412115487897,69,23.059887537378906,320.03557715960505,0.7456335272979686,8.364428684405091,39.90276856970051,81,47,42.632131846332165,1
47.01600444171664,69.0742520163074,8.504286074274527,3,103.88050277783508,63.604925179403736,0.031057425227015507,179.53520254619926,9.361348045845917,4,1,96.07629458965296,0
58.20917202750457,37.92956998129242,26.19848098250653,8,154.25724473381416,38.5681634354974,0.020426616298598512,168.24699347069392,1.4346640596779114,0,0,97.43452867905695,0
60.71571048331282,92.11331254442374,93.9453528073009,90,9.199846587136834,374.8198687792967,0.24574115265627422,12.426856869429523,50.869492974603226,34,41,10.540931652742058,1
80.59492158863367,95.83642204137419,97.98433721644953,54,27.70942774177098,259.77704179157536,0.09101576950144573,11.336638507959384,79.98537566780291,80,17,44.84974937805375,1
17.41896999511982,25.635561559370892,37.34269882246394,8,73.75930520038793,38.10817658662623,0.006137848881149899,129.68849787485652,9.084772613691603,4,0,95.3020341692542,0
30.7790746571198,28.511446945296544,34.1696340281612,5,115.21100898995364,38.27055147515096,0.021726235794262607,142.57046780464918,6.852249211482482,0,1,98.70202811236092,0
8.696315261269662,22.32513029091575,52.60325879002398,0,166.53259304174287,9.729530411955013,0.04844071759956772,92.55101574943302,4.726393105332116,1,1,96.99384167740463,0
7.996374724886799,23.540106142844103,42.3679130727153,8,128.8634501622184,56.53059967773124,0.03916123133543248,137.99669502853428,4.7220788124000705,3,1,99.9706200361494,0
5.528811409341471,58.986520628547936,10.367909851380917,4,179.07137253398963,44.70420522567222,0.0029104085988089115,124.3107779216256,4.175569621442455,3,0,95.295135407826,0
40.09404449977938,54.43665082002553,47.15508398723707,7,105.41355068848024,62.27856703658563,0.023773526371525383,152.92978025621295,2.205854782832218,0,0,95.30526569825004,0
26.447906623432008,43.596651857132095,14.892711778321235,2,87.20740176115977,34.81366446155219,0.009655115671003812,133.98195943207187,4.777942891155455,3,0,96.72605617072965,0
47.32422527022408,41.77845829626723,41.61850269946806,3,199.1722475574055,47.61105850547391,0.006537998639851223,110.43456703024276,4.764022568649217,0,1,95.09904481830641,0
68.4240407875632,90.5821855439308,98.94950922957662,72,12.6886060062456,425.21129746150234,0.43385878110127646,15.533399042752048,99.39092896688241,28,36,32.927244687075444,1
95.2593327602656,91.1821330543609,82.12286219447395,114,5.350321799776213,297.1982673711301,0.12358630414966405,10.304840914717133,48.176840550158865,44,44,10.90487915285163,1
76.3110460208527,79.31932500838704,87.99162617716769,158,23.843015554045856,304.400247903979,0.4386009434622637,27.33822429313681,55.01866412084413,94,16,21.72042479442276,1
54.621374776519275,12.693284829942828,53.63060738021236,8,183.7938271883039,41.91396261842454,0.023131545777090163,175.69927066123995,5.736526658274908,3,1,98.78643544828273,0
30.3832464594783,65.71349086085883,53.9017733816753,9,139.70527907171441,40.392413688105485,0.0009138178629148508,173.2235958293702,1.1235336516244254,2,1,95.8487986448696,0
54.78877385016445,29.783220553079566,48.434249916131606,4,112.3826275655671,8.995467873435063,0.040604586973145756,169.53034364867003,3.149031803615372,3,1,97.1679080561713,0
56.21979623738521,16.278100666726935,7.304018949987999,3,151.35580102855866,47.34992919409131,0.024085454191072216,136.20959572051643,7.916760961992186,4,1,95.61829388857416,0
46.986290537655485,52.411145731182955,18.0751892812281,8,174.43278677708633,30.487005180272256,0.00861408170470256,180.82825977501005,7.3259204691809,4,0,96.2440459283749,0
30.40718292164309,35.57731024669036,26.93037528368214,2,85.02008415589248,52.90932153689227,0.0009425203595964438,156.50233316293625,0.879324897329431,1,0,95.46193072542843,0
94.73659747729226,81.69708080488218,91.37179231559928,135,2.200135897009407,370.5913957671317,0.3760850742509765,26.781080998653625,10.660094784719611,36,8,74.3656194354653,1
83.21967728090306,81.06764988734422,89.90274885359933,49,8.018610347908595,221.04386705363729,0.08573399019263174,24.9613945461842,51.16053501280741,18,31,32.42938567661771,1
60.88428899643232,82.91930988799896,91.29352324530103,131,5.93238858721283,236.4447872542815,0.3474284791944087,24.760014657855724,69.77063294016654,85,9,78.33297363734674,1
53.08137635242998,11.590819168545375,28.47246315753311,1,109.3591611000571,57.32911502036367,0.013023695738740737,155.67905370463023,4.696005119486149,3,1,95.42272959146442,0
53.05708785273696,17.076615673216118,59.59743773815609,1,134.44818729864585,36.10343828259993,0.020929798344266417,153.89126094139078,2.7395790974961534,4,1,95.03941381821322,0
16.400614045651416,68.02610615642463,16.15211751128384,8,64.13389532736242,45.52364169069963,0.015102102848845295,55.37081678638296,2.924719617754288,2,0,97.30177597869726,0
23.314829356978723,49.797911411573274,29.62679674792843,2,144.5304333750426,32.43238070338269,0.011962012024114255,131.41952782558917,4.3672317978583575,2,0,99.68502409897008,0
89.9083037293027,85.1746822225173,87.38985687661086,120,24.166847118130026,255.14443969936318,0.6401144369589022,14.400138805667822,67.61597760939529,50,30,12.957000144006289,1
68.49786422819311,86.52283990231564,82.54560174724625,32,26.145886735327853,80.20885707937492,0.3564506984808342,12.832526190243856,73.62190804804905,42,47,34.94380359072778,1
87.60244826447342,91.74039003003945,88.1569929063001,168,16.9309662901422,316.01800208043517,0.514923549598763,11.355152546099552,69.11120108816328,58,25,75.81452921021062,1
46.907796581664954,26.618152847389307,51.70400797661677,0,140.40046712451266,31.156246948295465,0.013232884752831615,68.93595820314206,1.8513409429335281,2,0,98.45351600267962,0
33.1446453539062,61.93031008521177,22.834607637503925,5,59.890440594913564,18.22515058416226,0.026146599250962195,90.64526669149089,1.9671744414075065,3,1,95.32595786958392,0
28.935157212321034,67.4857121373963,59.86195396898805,8,177.19548240853527,40.2867787864083,0.00573590905751355,81.25059906104727,5.525623117801328,0,1,99.90002987857113,0
68.10281211388184,80.50458979922948,86.64400611285338,155,29.453413664706982,327.54914458694145,0.4709629899009549,20.711435284839336,66.90608014675409,60,40,1.8141306885834285,1
64.44505729101951,97.12901773263597,84.02754118962599,153,4.661212212390758,209.4545776958873,0.2433349291029212,21.299070534541322,11.631807850888338,97,49,40.887796849579914,1
11.98595750861288,15.753502812702267,45.52979823085257,3,168.7988042881841,45.12647170568311,0.048072690122398475,63.908537754121596,3.971883412646865,4,0,98.06028783705304,0
26.409130628564228,38.75662527731796,34.42709243272124,0,176.26596960949627,65.61066993978403,0.015274445427664474,100.09343276095643,6.962213024635739,0,0,98.53419009192606,0
19.032991387448963,38.071213230453736,32.95005890274455,5,180.5760017546928,33.22886611332415,0.012048328054101776,42.15511616076627,2.2975258850378655,4,0,97.9140778345511,0
14.167505008679047,69.60526093515833,40.6197371568325,0,94.13341866501902,1.34955102374209,0.023802475962931086,75.80354837781402,2.883265498766158,1,1,95.49864851888117,0
87.38755280940357,94.22202689182599,83.03904969180027,63,12.752505235293375,219.33307281913724,0.3226450621678905,24.836261348979974,76.25100386092419,89,16,2.3946475749863705,1
91.6109441289493,88.66218670155565,80.56323008538777,183,7.48554451176181,316.45601529301956,0.12579512241748025,2.54938032568215,79.41811918689287,23,10,34.99076290771306,1
13.326819679884993,25.444867381550136,54.590431236863274,6,98.17801612983402,79.95001514863655,0.00717768743229566,59.741654047644346,3.472065913560697,1,1,96.51748160217318,0
76.47661035487451,92.17100761352698,95.3017575248305,40,8.626288679308189,370.2953229682904,0.672658878586615,24.983354394211048,59.21276872575792,84,8,67.38520996076146,1
86.4234428718243,88.33447056059345,88.77015818827076,114,2.5340607886282474,283.6615535196677,0.7733442274571409,27.38107400391156,67.66763419165909,37,38,81.30535425250852,1
19.385274608776385,67.52232266009213,33.53710880980698,5,118.84176579861006,71.32444459172673,0.021410740412946962,85.42866365013553,6.834546181966079,1,1,95.8311204352743,0
18.32268347876,26.753874819351754,11.752584359232335,8,75.20547649026514,64.33521328930328,0.029810451614013935,167.7050684028044,8.857379645457751,2,1,99.99477110810946,0
55.07744042669016,42.432136800722574,51.148614420213754,1,137.30311047849585,16.95594053130602,0.03905617602865698,162.92526941233484,8.835500177946281,1,1,95.41095287583693,0
46.21834068626497,49.008250552872845,32.86388692153247,4,165.29199413452392,65.24320826972794,0.027878637851909138,116.9405207265219,2.8466692686399875,0,1,95.72615780006244,0
55.93026110080453,14.048229483491816,8.009588613945239,0,131.72167040165618,12.235185103201598,0.04335646606844312,130.00280787216644,1.0729977170647031,0,0,96.83954811399272,0
61.00772903615705,73.28173638980893,95.73559154578798,194,8.751977267432423,152.62087281212274,0.5483013551400477,23.845988230510493,43.618302229421914,13,30,15.319693932271573,1
14.090479873503382,46.43142308534586,37.88804438807649,8,139.64953877071852,79.66211050752095,0.02238908870881073,168.36464283644443,6.967199487053266,3,1,99.41407247504493,0
99.50344148378416,97.56507522057785,89.14311066968989,151,4.378378221563666,321.7570022649891,0.6414209838860944,1.4831392709879867,55.40704872105891,12,12,50.35969000938823,1
45.090258878743406,51.2401049975356,16.28079510068291,6,120.81433062369292,37.6211468604679,0.016304233945766723,87.8141386687639,6.911203669427863,0,0,95.83110059485668,0
83.68815751210516,98.02272796070486,84.08556923930271,91,10.224499866690032,264.6433642281553,0.6205712858738461,9.56581562906026,20.77506558034358,90,13,34.553739168713804,1
94.58118026345544,89.64614111866209,99.85479305683972,150,8.26714682052834,132.46346261708487,0.5426450832052883,18.937324917494248,75.17026965841728,96,11,75.71988185933633,1
60.18280321082478,95.91654986485105,84.00770508606362,121,2.5588908996526896,120.18579507336139,0.6393207262935943,7.3470273124519,30.515000058742515,10,26,63.35327649397787,1
27.67783324558818,32.07783866240487,13.572787775053637,9,195.2062027008473,11.132832371380546,0.010354871801078004,195.79379583611052,0.2869183921872598,1,1,97.05153861240622,0
44.202115601926586,48.09857485255375,29.651115956119952,2,55.63046951293394,75.808666071572,0.027769771826768316,165.953373910271,8.995452122664041,2,0,97.95321140637016,0
12.759704646713548,10.312545888406264,35.25365161159727,0,59.57951441291167,79.937679732021,0.023446840218462814,154.49023628662047,9.719581678317827,1,1,98.49466012994615,0
46.74078969786039,32.87201225399974,31.27601688412394,8,160.19145948687236,35.846588216007945,0.019463290950729663,119.60517775013082,1.3493398174431759,0,1,98.57775259177654,0
59.267216023869445,25.569923137658847,10.614280132623108,3,170.7875334014086,30.06437651426528,0.009685421648386344,70.5105672402828,9.000358851545268,3,0,97.563241784828,0
72.55035421532821,95.84981187545839,96.00683681531113,125,25.833990152747837,109.32576247979625,0.3165775873227533,11.264120912691922,63.14104550051732,66,29,65.27195620084768,1
57.867699889628916,53.47736093583871,24.90723169254728,1,81.13556643661312,69.4235086248346,0.03684754782572779,198.2696972836501,9.07996445407864,3,0,95.43371796862395,0
32.42404289412468,23.84672919007364,39.28440744910156,0,70.10530428687667,54.030322352884724,0.034586951848516165,157.7442099189498,4.282689517367675,0,0,95.52471839027406,0
66.26377970893286,70.48081329933383,91.32345329433534,134,16.203410256976206,312.3999730235208,0.7342361829768426,20.222607381340467,11.435689915920213,34,13,15.589977537075235,1
98.0376039612008,91.49103105813424,90.23197311404397,54,20.84506514215544,86.55733292069384,0.17168936996417777,26.525694131391166,90.07414841239836,97,12,11.135023420559548,1
54.16171440519551,35.34840024656655,36.02094091595666,7,174.03769628053317,14.451385998086032,0.007629064902107708,199.98539227621646,7.093701627524817,4,0,98.7530644363254,0
86.5236692361965,89.78839527515949,88.71296217401887,78,23.029950316694645,356.6477498606514,0.15868805843506928,17.435577597990545,30.609137414193174,19,39,14.389211468913821,1
78.97328821433314,88.9368167923128,84.69148829873869,131,10.69405205681635,487.4019078771587,0.10528470932873259,21.346672992090603,68.5866930099061,52,9,23.59266053155978,1
58.63055865479673,64.84929671576859,17.358901407533065,8,166.16067789937506,79.85606922391855,0.00147760836314782,180.24751216716805,9.598733166054124,0,1,96.68457858373796,0
33.41773797956312,20.117147881022333,32.90543641559169,4,77.78563911896623,7.444758944202165,0.013743540751168693,116.98281663855977,7.7064880431661456,1,1,98.7119861000985,0
75.35322393050355,87.50505812117699,89.49423072288768,160,27.4367076666112,279.13280205286446,0.14767597606861266,26.199043432780833,24.41345607431935,51,18,6.428496694736555,1
7.027539355813079,18.819101028872883,24.85504731937205,8,110.1751982200106,68.17465174184538,0.035600045338008104,196.02071159509302,5.48650316851986,1,1,95.74465429794728,0
9.46651824074798,25.505688915832938,45.03585924654238,4,196.38550995220953,76.6849465031866,0.03960471108894385,137.9009410313006,3.356544676217302,3,0,97.05410739129408,0
35.618020334858194,12.21921149680729,27.096399512845508,3,174.34835869090307,16.028933832155744,0.03127078130569846,79.77087223388978,4.424549451843008,2,1,97.73647140339588,0
19.964849336331426,67.27814470554605,55.44463943318185,4,135.26144235779208,76.13051193854346,0.044461970327192735,105.43731573261532,2.3243873961390236,1,0,96.96007991215858,0
74.88438273165738,86.21435598965837,92.90828286560085,77,10.839777315130892,474.4588617808034,0.50081685062936,5.522607138195403,83.12554000876943,56,10,37.08318657180312,1
9.563411261186493,42.331970616444636,56.16435327070333,1,66.86988260166454,8.567362283201653,0.01550336317025463,139.3090736380544,7.8129974441921135,3,0,95.99510871226349,0
43.97420996593338,28.08366880359356,11.647384676851182,3,176.13079570728155,42.07864554113889,0.049013114714543386,131.8823949561164,8.463448892472565,3,1,97.46308211604682,0
5.156018748614128,53.707447068208026,43.24253067041527,1,135.72124955999135,74.71659684949273,0.01977496311311346,108.82062153699637,4.2345557180282665,1,0,98.05649782042677,0
34.10286150103441,23.2104942284451,26.54296258530807,3,121.77094769646284,56.10821007615987,0.049571461507412234,193.2627372759979,2.4687321796937645,1,0,98.10179728968113,0
78.06358906709514,87.92407489198536,94.07000686697418,81,24.420527876102632,137.09854810201045,0.6049652381283931,5.867370911260771,56.41574899024007,40,8,84.08707423346931,1
40.50467297898289,64.47110633450896,9.914063240573718,7,92.30990086676165,63.626017302798815,0.03514212613417694,160.71808797987717,1.6973101443977223,2,1,98.30779682055807,0
45.387332869624345,21.734366996995192,43.805775387089525,4,82.25229907719759,26.453542602602184,0.0005231217307202551,104.80650394564464,4.4120518463525755,3,0,99.18758188671346,0
32.263735759297795,16.352534870344257,43.310837826258435,4,83.57066650001553,56.71784390864073,0.02801691669034026,107.44823546199328,0.8104837644172047,4,0,97.77315284367978,0
20.814267455305146,17.657408957265616,55.263776426491496,1,116.22871749298521,43.719842750853175,0.03878873047640896,101.39860794036515,8.845228991278422,1,0,97.75829410569658,0
41.87316533350518,25.071314371775678,28.24787560077424,8,155.82807541847893,53.54699583188155,0.03896911136304547,160.46596883769894,0.7719509234956157,3,1,98.18205968327088,0
33.42489985174707,36.115521483155106,51.19706423711492,4,105.852412063147,78.01927159803928,0.008909684401963365,188.0358112701186,0.7231908980495128,1,0,98.49657576361982,0
69.15948738832414,82.61061251741452,84.11678695576671,165,18.825807594160803,103.31363358128996,0.3329256592457092,25.205541132652886,13.714518197231516,37,26,4.415861357673924,1
45.24075012588914,21.235903059765242,32.58740258751187,3,130.30204396611458,6.3239810812063295,0.018519156925998297,103.42538225028233,0.33371911340150273,3,1,98.87731274904594,0
46.800829246867664,59.25468456261938,50.77193879251261,9,132.37128209296657,77.83720481345883,0.021711613354144732,121.36036222019075,8.065954641202053,1,1,99.12320691626556,0
90.61315418977554,70.2983056477757,88.56706980247013,74,7.7793584710729915,359.5054687056358,0.4852566171308105,7.907066940525153,98.04392183277021,37,36,71.64188916052694,1
49.35931208872907,42.42647669824372,19.796259489964402,6,142.7447102374174,76.98066237652468,0.0033703110253121117,133.58508670398822,0.3565637747091088,4,1,97.25330565067775,0
10.839341330352841,62.46396716749479,42.29987161331754,4,181.8273210860559,19.08510599209697,0.049946004391741794,45.09433119368804,7.576340654694168,3,0,97.1976396766461,0
68.23335353281139,76.23232646071234,98.68473215590384,54,9.36114731250264,94.40023002831205,0.4026923678598964,2.1776011095874166,96.49098062088456,89,41,69.57952974061902,1
60.63654630752665,88.0655475659402,82.56927190645459,65,25.962428979536345,394.4641638593429,0.6378645853499818,25.90474090800948,97.98812331825287,11,27,60.957025716118395,1
49.018644696717445,30.796810129221473,49.1009688221135,5,70.72739217808521,35.909306806536584,0.041746580784114,63.66878844189104,9.481444084054496,2,1,97.50117321108026,0
29.303830582582666,66.6747917724699,24.14782940070558,0,117.91494963388509,41.048475607318,0.016442853639199496,63.341725753811886,1.7381337942621788,1,1,95.59287964896436,0
60.8773348284014,94.78880491207894,99.20959463610633,157,3.2398623022034743,128.02355919922462,0.2826116086353973,29.73645294024654,50.278013347922055,16,38,79.20991913512835,1
50.686046978587775,44.30293779699107,19.262560570017193,5,92.92413790734184,33.319791679985826,0.01229707975242026,93.67944557451298,5.8794549391990625,2,0,97.14440544706463,0
5.147598139641496,56.3745391020297,19.87173299940363,0,111.06993849216384,28.84580297904177,0.007805550383012655,159.33276191868708,4.76605639827473,2,1,99.76340601098589,0
39.69748369250654,16.70004584253293,37.1639104433992,8,55.00371246671839,15.079384034514288,0.021016062914934686,190.71322598505836,6.887784434724989,3,0,98.27360993644444,0
44.02949522337542,48.478611429357265,13.950953834269864,8,119.62332206895947,42.13704937737875,0.037620972835889596,57.22784211316062,5.717907715007129,2,0,95.77135912346343,0
8.193334748332376,29.007457765474477,48.03205243890291,9,108.915362918997,62.29301873295419,0.0008749807521362008,135.77001967890044,5.140120293939388,2,0,97.82125945350101,0
16.9988179816257,64.23606111628482,52.548915931008096,7,66.13216269251464,50.245936909697356,0.02941526503100792,184.96311871009175,1.7879952034442836,1,1,99.29614263912659,0
59.405309415073006,38.234247378103625,35.25220573653654,7,63.6999612886534,55.74652896621483,0.03377712876211821,169.29618675109057,8.28610546257808,0,0,96.3959930851532,0
20.78962065128863,13.879150629627903,55.58976117622961,9,151.55289656095982,53.83883475399683,0.026973765627210586,164.4203736263117,0.2316407243838503,3,0,98.29876033213814,0
97.3009232131152,96.11009645727212,84.5825694407502,60,19.45105076928165,274.47164345226133,0.6699821666833589,29.773926776607976,46.41822894227326,66,10,84.41735925942743,1
49.393247732268335,11.24012661804306,27.31136613333409,2,102.90281710953727,52.68883555741497,0.04011406637875546,108.2960869590622,2.001467822172062,0,1,97.79374685147349,0
39.87057947756681,19.894779671821826,34.27733710286549,5,90.54026477177248,21.281672543199214,0.01201943321258705,52.18121624421194,7.61047099342011,4,1,99.63446903183576,0
50.271352136426366,32.90799628149756,45.78638326077511,3,142.86572844432325,72.66512993755065,0.014480064513868091,153.1505827166862,4.327834214258015,1,0,98.23775202736924,0
96.35577222598013,72.01889339357967,96.10372829165472,33,3.8675174625305755,241.65911015055605,0.23654328507656008,11.979140150282936,99.31714024559214,86,15,22.523949163744753,1
5.780078633952474,36.23871260256969,36.54349566313124,3,112.53424824329042,76.65917036748729,0.0427682206376877,173.7202876175146,4.744112568890202,3,1,99.13534717407967,0
23.768510915775195,13.626693603248397,39.60740391634745,7,76.10561349486218,4.943785438518795,0.04651265335846452,53.53404770326634,3.278118473872109,4,1,95.30137562963415,0
10.788104599555842,52.06739750177134,42.10434405645714,9,79.62457460940867,32.845478571543396,0.02542561338039794,103.45587987582455,2.2558837618811776,2,1,98.87751119012583,0
82.16558862904425,93.6960829389322,80.28314515142618,46,14.664525989272681,482.8476936577466,0.6096302846714426,24.692471208021793,58.5934658943533,44,20,3.3322341441006245,1
53.29490909128088,67.89130303046221,26.691897850955062,0,186.88584507388882,45.88188492268066,0.013155878765734763,138.6328400761576,5.822449024668339,4,0,99.02117460461031,0
12.92250830334379,57.88770337216506,47.91231766420579,1,81.38208857150066,79.87513451713104,0.04708433655109673,82.50036962547046,2.8238118481423413,3,0,97.56551221455683,0
59.084603283094886,50.94961096301594,15.262000407232705,4,65.05703332540406,5.303905472160875,0.04581501650650115,85.83577718777576,0.23195593034045392,1,1,99.41405262868525,0
73.14115237468326,89.91302009840103,83.8977858142295,81,2.1448397872704925,310.55676287012204,0.1025931639644176,18.359407611911124,61.99562179777877,77,47,57.28368601761694,1
58.501794054885586,62.34365309215898,17.736630346122723,2,100.16537016618838,29.713861059841722,0.00957089133474286,146.63397262811475,9.305428125461109,4,1,95.43169892379598,0
32.9970978717962,15.362351170192794,18.202839351595028,2,135.06254680737516,74.45115867129563,0.0011229528912010788,40.00721003979612,3.0612238250978985,2,1,98.5371289404915,0
89.9593587675459,71.9248847878289,96.2553687487397,32,22.61780920538292,341.77681979860375,0.0975026898291561,22.84594670542636,93.06627048399808,41,20,59.61579430386064,1
42.11554218464609,57.557228849702966,19.7661472147674,4,126.40770573165041,5.690893693619038,0.019455809859816205,118.69017130745583,8.214665747191088,1,0,98.27618057874764,0
31.45775441456151,57.618678795082566,13.198588965181445,6,63.17944350051998,33.72253849405671,0.028847200779472743,57.937769250873075,1.820881452132861,1,1,96.50838877310821,0
44.46482352425861,36.349641508294624,54.06007835496713,4,154.1085618046873,64.02042003106143,0.03164695187192342,65.08635921961417,9.902404869504906,1,1,98.22380567978672,0
51.59835971245868,25.294545430044906,24.557938554542687,1,130.13881446682842,4.489106481171565,0.027634386113837114,107.93446165166189,4.221319125305025,2,0,98.75695647690785,0
13.67693949897013,67.84351581362594,52.41970846250798,5,79.14252736117763,66.95007367601764,0.013199358129165357,146.25399376504853,2.472977097399338,1,0,99.28535046849194,0
32.70750277350435,39.21780786197449,16.11846475322624,4,68.47891415652022,21.318439009425717,0.040152565579357175,134.32732851536332,6.034560853706679,3,1,96.5852421691892,0
75.34478507542077,70.60152611074875,81.68923930237008,43,18.898398033535802,322.7317541665466,0.6795191050582486,4.764131165650737,66.02521666844567,22,45,6.657464744678148,1
38.59354255763156,56.96289693713173,47.26961733047154,2,135.669961943052,46.007159634379875,0.021119391488924513,68.02940564698012,7.6163824715447115,1,1,98.25285913884622,0
22.090989519576976,66.11916837635559,13.688020399600019,7,131.68380974648144,62.00157940539351,0.032182395091891684,43.994223719505676,9.178552211871015,0,0,96.95337182263177,0
96.3459076365377,85.32567235577196,86.80752994253822,154,18.221735046511075,349.54619122841876,0.6295918778571183,25.867478862471827,53.035745468387496,64,18,69.83206174620415,1
51.46193657550365,51.028945264040026,42.02377851722248,6,142.59544410127768,5.9723739492378725,0.04556639923465136,46.36469671920017,6.6531313557071865,4,0,99.96191284545228,0
12.275331377872355,41.94864266813053,29.27033824756114,5,186.82565956065577,77.62111841604477,0.008909535089513643,54.37461561911002,0.8225065247726071,3,0,99.35903560998342,0
30.683065242805274,37.262244437235616,21.56715072128566,1,133.21675225490281,62.76408024616362,0.023913773960007486,105.83108706004032,5.859021685283855,1,1,99.744161459247,0
41.5608032470154,24.542141848541192,24.6746735231876,4,183.6373758286451,42.280897750314324,0.02506505332460718,116.36327160581513,1.484285445691922,1,0,95.73595239466754,0
93.72206794651379,90.40806662129545,93.49114342375195,30,29.411432100502964,206.27738671667473,0.10675928608122097,3.0080052999164395,66.4325804835899,62,20,46.34665547057155,1
75.6374442262204,83.53405314844922,89.88973190750029,109,27.687959045748748,120.505604278946,0.5803550608056125,15.159587983707063,16.477205091880904,93,38,42.03740224374964,1
53.052771660268085,59.46638553605061,31.205378689977117,7,82.36472741941267,30.63476704512277,0.029972428726399627,192.51617336625387,0.3966884856051278,4,0,96.06911938913359,0
14.465404467687415,68.73510792851589,25.968746054741665,2,104.39379578913396,60.51855392314665,0.030965999275904356,163.15041929612443,4.459253186740729,4,1,95.04004567517916,0
21.889544334331344,29.351851403884176,44.13549139668418,0,150.80539128099605,23.555040871767705,0.023277754896661486,118.47666239594255,5.362883954948771,3,1,96.63595562426366,0
60.69842870608993,98.13702520119188,94.73868556147738,88,25.34779330714512,111.06516470351829,0.12557530367206432,24.89282891515255,93.01629614561674,14,38,5.686370006033192,1
39.252088550811244,50.559024763734556,29.17856305942511,7,53.49603218963534,43.136436992396284,0.045892013662326335,153.93328228735177,4.4427739982257455,1,1,98.0438384369738,0
59.07240950473162,54.12729252833711,40.156418141637076,7,57.868318375371935,21.132936381544898,0.0109539496430905,75.10724884818259,2.7360355751739416,1,0,98.36451550183031,0
90.1776513131509,80.35186211123391,82.16040028657086,98,29.984741227850183,87.58208756012438,0.49099418073582135,27.28137372538647,13.750888354303216,88,20,79.64661502599704,1
42.29430774311744,44.43201939506348,56.04072372624092,1,115.07053542080129,52.71601073473669,0.025005690411746648,173.88226730824346,0.12278153740800102,2,1,98.98449681386423,0
43.224420323809184,53.66670522213475,8.235247578706094,8,147.89609592018036,10.106997469328446,0.03292606439803688,44.75300050132564,1.7828874264747918,2,0,99.63583115640547,0
21.414782432743014,51.66068880906399,15.46568767751117,4,113.7740592076318,8.51739487415665,0.034950310657617785,136.3265799289207,1.487465570287999,0,1,95.70885231777439,0
36.36026784863162,29.72710664847716,37.79401159813308,7,70.05096134369472,62.186190871304376,0.04934298272790295,193.51455714330024,1.9164480761062475,4,1,96.34820656481811,0
12.63898248525474,49.11211763875869,7.155273205088154,9,108.38338404204606,32.022418003948985,0.02390003208769271,162.03060617153278,3.967684418458054,0,1,96.02629156164805,0
25.629257334441508,51.360324396626275,6.824399388403836,2,104.67572822598783,15.37141021115793,0.00759529298613606,159.25781071276396,1.4699833477260205,1,0,97.50868775278737,0
84.32669705196832,85.39686062177827,89.81275732989724,54,27.425245625068122,348.15540651085774,0.42622700936725827,3.386706377842889,79.7107140643875,70,34,31.07869668687342,1
7.782573856282234,63.74200137995254,59.099671246102844,9,50.81808737577929,16.917927004390734,0.02513068276755629,125.79309109099134,3.7701128422351884,2,0,96.39321365080492,0
6.529685550798411,44.77368032212236,11.413254308381905,0,87.85464250180965,23.84641070841071,0.020182070210696096,141.66391207124656,2.850256051793878,1,0,96.25419684216087,0
21.765960778513087,62.76888815566954,51.13418086620513,3,144.711076896353,57.99779619695574,0.03724714708415699,70.81690036996144,4.148068178619772,2,1,96.65201823709594,0
28.25360242386744,53.113463232216034,59.99745262944889,6,167.99518808971993,73.23146225244479,0.009594794043574818,72.04792270674022,7.880141610775974,0,1,97.84756624270261,0
26.6211326465889,12.916653728286283,36.44674378810006,1,68.07975509825353,3.7345082833287226,0.03474935352090291,140.4421190540827,2.1768670111002644,2,1,99.23265200056528,0
95.48475290136604,76.26176933468743,82.79608762862122,158,28.782930437790963,369.7073758874054,0.6464610804512316,21.180390003593185,53.24030372208897,75,29,72.41239978982715,1
19.6203640442799,28.18575539267278,41.13646024119802,2,111.64155459841321,15.25482822394678,0.02847302811154814,145.88455915375664,0.06811320812015964,3,0,97.90775482883839,0
59.19642911853634,60.24568350174514,24.71375747913956,7,129.84526047477834,76.02178555505766,0.01490005300941872,78.85662187096642,6.5572044057227625,0,1,96.68960552865907,0
62.37849035175608,95.89487315356838,94.28361628836907,185,20.161570371582158,177.69179108340006,0.767962109794457,6.641337768961879,11.368570441810578,30,18,36.93117077246644,1
94.18253908796146,76.16495409288554,89.81017211274423,199,27.381522042369312,180.3361750641991,0.3204612389351892,3.362219989128646,62.97862162725442,11,16,3.2845518981113733,1
56.54137757073776,62.16728163787374,47.186907929708475,9,66.33086934103268,65.31078955276186,0.03363810840047651,118.49979172626175,5.306800824753797,4,0,98.37157891116159,0
8.054493760351162,34.703414855055016,58.24016488577741,9,89.1773707358675,40.48782716580141,0.028520471106604994,78.38685097581282,0.7236568646212527,1,0,96.35516545902698,0
96.50267669188415,95.12256636138952,97.42628703942256,170,2.9560614091671673,265.5508156666363,0.20441456132608632,11.696521386039556,12.441257438017837,40,44,72.23469377190337,1
89.78650834326669,95.33429842390017,96.62661577224571,163,1.938158422342062,305.4983569811976,0.29173944453586076,17.488179805533072,36.75725555404004,93,8,73.99295328700836,1
22.52609386638808,14.624525068761034,43.20050715598267,7,125.07690531388957,43.81824733903508,0.013342264531952181,82.8941798099998,3.2234435451079504,2,0,98.54687014497455,0
85.22945909510676,90.193277614631,82.43264716799982,96,17.055787693749327,290.13597663258105,0.721728365977198,22.02185400309191,76.7615021594035,89,35,49.89525098023109,1
79.95503759452987,83.15515174432807,87.92316447820832,46,16.29685206578363,250.43803934812115,0.5401713829588374,16.5982269104941,99.54024529884997,13,42,74.20335505276788,1
29.313692273222994,66.7596355494656,5.031078332482995,5,58.56581774841641,34.228848247667074,0.025214077269631048,79.96467895672876,2.824797654492671,4,0,99.02470123163276,0
63.290986436255295,76.7280674370038,86.67602483987228,129,27.19967621504402,193.13906877775918,0.7467699826840404,3.123343356945902,53.59864432840648,94,41,69.47245568416704,1
57.24781085592171,44.57242125708602,46.78568998464412,6,153.68273121491148,40.383338531371734,0.00040863284698780533,179.58317109715492,7.958218399100055,1,0,97.8551751732671,0
20.297616687348533,31.188934540433557,55.47556484686427,9,118.3156985961542,24.979407500632227,0.03761572340542643,131.5045380467084,1.6592732881039995,1,1,97.43884821350503,0
96.39599511174735,80.18293149455278,97.09145110563563,49,16.080397214756736,247.88332726052406,0.45474635117276485,29.9341680926883,21.9046604489232,13,40,13.411274290644675,1
78.07129797445482,86.49969858640686,94.82847210992914,62,16.352093977393046,286.546836029693,0.6435774186939579,27.616932346123534,99.54605462026464,98,8,46.98584099718316,1
26.384156700173676,53.950349420152214,5.190442346058622,9,56.73213878165794,54.99036688111506,0.0456659464712468,197.81774737022627,5.648932990733055,4,0,97.22157617096147,0
30.53646573581887,24.829241878325305,39.28686780725434,8,181.30499919985928,11.864970559221536,0.01685693506922466,165.1191877567585,5.441897248317714,0,1,97.85446409718236,0
14.12514118593057,10.25673566585851,53.16233840870358,3,111.31259905623905,54.01439671358442,0.00924948373174962,144.65150089599885,3.2791839758713817,3,0,95.24940536831593,0
52.077334794156734,43.01641986163362,46.29452677278756,0,59.038938643639305,35.52747899740989,0.0033058023107826687,41.38898997429003,6.733561980794805,3,0,98.66829301185008,0
26.279493611374647,57.070931015643275,53.5607646288759,6,91.66065274464712,28.74184710507809,0.010626950200796998,163.19675210930086,1.7574239977443606,3,0,99.61953338459551,0
37.445484256535444,67.22936159096633,49.70910231434754,5,118.37497976797391,35.28959733306194,0.040840930268895514,153.99684628503925,3.3237727655329463,1,0,99.09127917269528,0
54.27842421418348,63.13399993566684,19.837915532720956,7,156.84075789152251,48.58526523513951,0.00920917187596354,196.2324392717458,2.43249952971654,4,0,97.49018528360422,0
12.413368223760918,50.99663133983432,9.951166120886906,5,188.5027468536756,27.75182611442196,0.008413955460384526,112.27113635263777,6.497693067489755,0,1,96.54139401171385,0
29.121289352319366,25.96443675112379,28.972503901160263,9,114.18762127566085,23.09810168646805,0.03608716468699676,180.81619380243666,0.21630712400504848,1,1,98.8382771994082,0
22.58594804609081,39.50974345067212,22.68348697867295,5,79.81502099782804,39.800979688733,0.005538214020495764,174.8967092034621,3.045103643513436,4,1,97.32975455235416,0
26.18753953234812,52.244412875483576,7.340147651654675,1,97.30523038634263,39.84001604705399,0.045421109058971516,40.73654207255025,3.3282997451266683,0,1,95.17198545504705,0
90.92319590095353,98.98106781328944,89.77309510549046,184,23.840631914920234,465.1028334889545,0.5726395376514908,19.9534198633114,13.183367527380458,71,44,56.03380597286424,1
12.767565537360266,24.23277392749758,22.882645633601303,2,111.1064300459141,78.97212667939401,0.013970112498570254,136.17973156893194,0.7388894914551225,0,1,97.13551053294225,0
43.702828865970965,52.5831463928508,28.469975784611027,2,53.09899203618298,37.54117225854514,0.007251575307041014,147.39626105872983,1.0973234998433523,0,1,95.3465196276735,0
32.29393937723526,15.603605160197295,13.489791971460376,8,80.33584677604965,72.02292188748763,0.022405234479444876,104.03141228508144,3.1700094295795367,0,1,96.70375469630741,0
14.078828009063804,45.15067992792242,27.62640298866066,1,85.42779058387258,30.00149401135145,0.028622217358272403,144.37190840652033,5.591714434581333,1,0,97.36861143068639,0
40.3148831989191,52.49517572282732,39.48732391523586,0,83.38791017953842,37.16735904864215,0.02040382481320012,117.24570485195343,8.877308485807497,1,0,96.7051693606848,0
63.7199311928836,95.89336182624169,87.61302413409356,125,5.180022261603132,81.68067119398921,0.18629509517532072,14.39771391932888,89.07915791602863,68,5,83.82335450127613,1
55.48067871327871,19.670688594548267,31.838901048911122,8,66.40170547574505,65.84693777971006,0.033981263490519435,101.05738787299991,0.12575067277421859,0,1,95.26704873990302,0
15.73648689415956,58.15104538910046,59.377298898234024,9,74.88399556414709,55.665021901127105,0.049047647495968814,75.27473299086193,6.782743584838559,3,1,97.94241326762615,0
22.59554563268249,33.423004933153194,42.7381294515614,6,197.82356138289796,7.636883590052825,0.0133095872770655,150.95391284710166,3.5348047153713247,0,1,98.53230098506744,0
30.55706223737496,62.03590704906942,51.688966528509724,3,167.36846739550646,72.85611458903038,0.010785376105630913,100.66683774823586,2.953350691244138,4,1,95.46933849298838,0
24.681868099663237,60.96438037092685,24.39763488218945,8,62.12611612770985,24.20578050207332,6.990234090491488e-05,116.57275902062895,6.4003101351334895,1,1,96.41657164545741,0
53.8730945097344,68.92304765615953,42.75019084028674,3,132.32250204280945,59.650851726692856,0.03221072605414991,51.793076564701664,8.215597561612947,1,1,99.82050770235826,0
10.541501289934324,53.76966275389752,26.37807269554381,4,113.40754006932355,31.622305716841385,0.0006933417646610429,40.39278109779669,1.4588527300472776,1,0,99.68146141048956,0
75.57668425629565,79.61010672660004,94.10515715750603,132,12.256500017910076,456.9338827356079,0.2606667275007939,22.282311598532377,11.820305361402847,19,20,86.93698442928716,1
64.3637912262045,95.14941051129237,83.50583308462988,180,2.2232591232492656,345.7671180833205,0.7231629752897922,29.723100917817785,64.58707159110446,85,27,49.163566041837676,1
31.234695895642613,69.96051800532655,21.170864957073448,9,153.56553835047305,38.847336135044586,0.016495889159895787,40.01281761763828,8.886757523187201,2,0,95.31920394085101,0
14.515764484858735,61.33700515422452,23.361701392384607,5,182.7150801111781,18.774133725590712,0.002923832284524197,107.7523844764093,1.7397633543497193,4,0,99.19152696905859,0
87.86508211002896,88.08423268574639,91.87422498329396,145,1.405586221583198,367.04925904037236,0.7402639450340572,7.353154116533479,25.517415112529957,56,47,35.66801913129424,1
68.82651773433176,80.38236916440783,80.02907920436837,93,9.570733628590842,388.8333932864221,0.06053335657099952,5.533307098755217,60.92569260541168,79,46,80.73743117892874,1
66.73885974954328,77.04008279773713,99.05060066857854,156,27.23160780311895,381.68084589880635,0.3412831228261862,16.595500100336974,69.82905745421859,98,27,1.7038699572966365,1
34.44813375387676,33.025451203574534,8.834404373989502,6,153.61511782434945,63.330095263045635,0.04797759273455815,103.28685171282855,8.573837398346676,2,1,99.30777059387032,0
71.91784878009989,74.36176345217804,85.98809222001273,88,10.215675357292223,442.14300584760645,0.6704896951565956,27.08996835653538,41.02651612313426,17,31,4.17397146577942,1
9.167782465725994,47.532653041902314,20.472387480169328,5,76.01077009889846,33.48398475185446,0.009405806038111387,118.82172973513754,8.039040630779713,4,1,99.87780522237814,0
63.75911954990408,87.50789269573367,91.82922945825389,93,6.966925036357509,150.46961748828963,0.5498803418864657,29.22282995342137,72.50155142383232,18,42,27.197046952024525,1
56.17828412511561,24.171511877609458,18.513125764148825,4,85.62650395518388,74.14172678614042,0.0469333424835092,169.00399849044877,4.521794711393965,1,1,99.02282357857698,0
50.35620536636672,46.0344281624627,5.205078055758202,9,75.71078882530477,36.570425290898875,0.0255839063823071,63.51822872260412,5.203430085646877,3,1,98.4490414716771,0
97.02925394833659,88.58089402211245,99.80780689239442,187,12.779708674130159,151.34117180679036,0.28798506704684707,25.807662193700196,67.22918240725878,76,25,2.381642224973013,1
63.507432229612405,84.25412204490526,99.48382965322543,135,11.945094388765636,494.71843737413724,0.1141462158532424,21.976371518525315,14.824870781672157,38,23,14.489225461764185,1
66.82816436378366,98.01710574850142,93.10518388120536,47,18.7271573331017,359.6034332820542,0.5442990563525022,26.701655194210574,87.25365277201448,49,33,1.4855919864692513,1
86.85917802589101,92.43172523165542,91.10189963700265,44,11.940771597801088,405.1615921316147,0.24013587909209982,16.750594305262947,23.457921897513728,41,17,50.40166001935441,1
42.95491500136586,10.281609342223494,20.646194153998557,1,142.66812670978157,52.926418786552794,0.009051301996016599,41.93629770155855,7.704729577744784,3,0,98.4366770632679,0
27.011448742264573,26.139180825157943,30.715872469270295,8,84.78884363566391,66.88035591488108,0.0063831433362226304,175.19788581129376,7.07512349970036,3,0,96.38703626414464,0
79.80993180789345,81.83653382038224,84.65239362110745,115,3.536151357294874,199.25078152513197,0.10466983357900662,13.993483241119124,75.25619261575007,58,37,18.71766881692399,1
31.597624319315248,33.71600125575326,15.280744729893978,4,161.50390573350296,77.53813846315299,0.044343971783583694,66.50795276410295,9.071742640564027,0,0,95.78665144958404,0
80.96916606451668,74.99083368258106,97.24113440877551,30,20.471386280941154,356.8747067411229,0.5577140610319989,19.754233954800405,57.63787129791719,39,27,25.022338581059653,1
7.295512370841471,39.87799161753733,6.80814873241694,6,97.93794049845847,37.338432999396915,0.00832988785592807,49.23151097185091,8.66317458005651,4,0,99.05494901333024,0
89.73259879015735,79.69004624805751,98.12455231875157,119,6.488929775870383,442.0621909838156,0.41388456095834525,6.975348085613277,11.86279506466954,11,49,58.24310855738481,1
97.20562010937533,91.50593830950166,96.89963884170524,72,25.91517875369871,110.8140256346064,0.7823800353055084,21.78414628847778,86.04891108927674,81,46,56.685843815754794,1
59.50384604077674,28.698255733958437,46.452376736632544,0,68.13566345138481,11.524229245135905,0.04296055068018366,96.04677341996593,4.580148434305311,2,0,98.13154122321166,0
63.81195821163408,80.00443368276201,96.76374868294621,193,21.454432951602524,110.38930393301683,0.4080434762012802,26.593146113624066,92.39978880681643,51,14,0.24249997834701054,1
31.787067269841984,58.03465037454378,20.2941581167171,6,96.47438398963234,72.79414142287136,0.049306102370443076,143.37889013393232,3.4522000380500195,4,0,96.37210518865616,0
57.06172135340515,67.89438200482165,16.75625248324078,7,179.30300995188264,66.03420402170893,0.047377282841180764,139.57665467517754,6.058360219423527,4,0,98.70627561907021,0
39.0901770921022,64.55220850156837,25.502042476458403,2,82.25555485583625,33.704166880078404,0.041855079365108204,136.3280428607565,2.8802432681542633,2,0,97.4281724647979,0
25.818817800185354,10.771650724427511,38.68107948026983,7,140.82339565186308,76.42472586898393,0.0038146344508053266,45.75583858196321,7.739332802440852,1,1,99.72359526353743,0
46.63708077462689,34.72963582722828,20.43604850802744,0,119.05473508278398,60.24208056261428,0.021484520931587932,141.39976222292375,2.74848976202551,3,0,98.71444357024913,0
54.96502668534302,69.69390627654326,22.177609276567424,2,192.92460469445317,35.46613123158251,0.03632639257941355,144.66153305964647,7.72011473834579,1,1,96.9684202290266,0
55.98284125563484,44.37231616117063,16.523121751518758,4,180.52175807329542,68.11131464863787,0.026550780927268054,195.56917197743044,9.12795702608186,1,1,97.99315160837988,0
80.0289279425421,74.404004667622,96.59530796512408,198,15.351644350404566,168.7323684664418,0.7312941208297535,17.368427998186306,29.7009580163256,74,23,40.90645256041174,1
79.88755960223732,81.73355403098111,80.69252585293556,36,23.261149885538742,322.26510189851354,0.0746122933968144,10.612547636895687,86.7096135735181,13,11,36.769645694858205,1
11.407892892033779,11.068318437554755,25.45225319595917,5,130.1343651307341,24.46128497302757,0.041123479301934,61.54826340475351,3.0792892599067114,2,1,98.3817932009809,0
5.997771684673129,20.45675123789889,12.99803152237229,5,121.18605167354806,46.75409209567519,0.02507354294319011,188.38371465894707,5.1575713939982135,3,1,98.56798326422408,0
78.62628970567407,83.65783512374378,80.53716993668428,23,17.348863382771796,405.0932877732283,0.36952870458925463,29.772724831942313,51.58221679970328,76,31,2.175157226700619,1
34.700341658962174,13.347539546184342,25.98013654789942,5,136.77850946774817,63.10879906282258,0.02476875028225252,166.87210658187698,0.020103829206105095,4,1,97.59822807085584,0
36.82989898564783,60.518871264468814,43.094924596852806,4,128.6758215767054,59.47008449794203,0.04009505736741993,162.16210138793295,7.274292923731664,3,0,99.55005456835441,0
12.942620852386293,60.032426452022996,10.359229368875084,2,135.14783788576614,75.25720496105298,0.040930116597631835,171.6367948361381,5.185881157112412,4,0,97.69201809841388,0
24.13216747444307,26.177311761685058,11.375250095909568,3,166.7381758988982,70.53286896886327,0.03934047704647228,116.06620345955001,7.4420852706938305,4,0,96.67272702945307,0
9.650895117743474,30.810605745431587,17.529187164811947,2,66.44705892291753,57.392375001261534,0.04813337047988144,186.21882245364426,4.255617393952164,3,0,95.90092003338165,0
32.39094471297838,17.83252220861943,41.65536062840537,9,166.85667047088305,78.16072640749503,0.03973949238819316,78.37728425382359,7.094731156454651,1,1,96.27911415210473,0
17.07643425976717,66.09155642748885,59.36037675940556,6,171.01642431314252,70.1065588557694,0.028253090972265145,69.19614859960049,4.017541130852257,2,1,95.84546063285856,0
50.60881605235183,24.573888291234116,21.654690304105646,1,139.2818657864999,14.471301364439714,0.02855239803607,156.47656855470467,4.448996949218499,2,0,99.39319034268884,0
57.881021164651706,54.39784329449881,14.704158557050569,3,55.80799604367531,76.73841918039005,0.024012127251350115,115.29748307421764,7.5095847193999345,0,1,99.76277954047158,0
70.634468866329,77.86701018545618,98.11860267157276,155,27.168776489774718,193.36735121312552,0.41509487501866243,14.319770492773053,33.24892531126268,43,15,84.16304540158494,1
86.6244769972848,96.52444229012504,85.98953963854125,70,14.30763356391521,275.0413450662537,0.21677846303908727,17.261606695500546,53.647760696360734,38,46,72.59759601745874,1
41.70043254559555,61.95239586686655,26.547551623918782,0,185.49487364069714,53.18303257199782,0.046120662893594656,161.13857124583288,0.7190086070380419,3,1,96.27021677995967,0
91.56766839276654,85.76279947577376,95.1889030180533,155,4.4972627560849245,238.78457345009505,0.6338740588615834,2.6163319503485267,60.82338031834495,13,32,11.66309871991455,1
47.43396892146836,26.137873514518493,41.400280007665955,5,143.78008530872307,37.3803881097804,0.009133297953635617,186.50860172265683,3.359509107907055,4,1,95.19799967266174,0
94.70822902325403,86.63374309975899,95.86793535602804,136,16.13561480355709,368.41792883824843,0.712941113832106,21.073305349442908,45.400849834590986,51,33,68.20178659296323,1
70.27267734666259,93.9364935153335,82.31376346586464,73,10.414870957464725,149.60858615108666,0.1567057708445846,29.642245753678882,21.1862229652054,86,19,45.884392112740976,1
62.109325264699415,88.33560914000206,98.95806538734698,77,7.94556891546514,285.57767371939224,0.7418684243252893,28.91137858693877,85.47502466915314,76,32,67.758492344239,1
22.481966411128,39.471305827813836,48.85391286964978,9,116.60308842464124,16.19013193987823,0.02297508763679523,165.14890142033875,2.6078255549920195,0,0,99.34841871466662,0
15.359839735004856,10.894571006635402,23.0406361391085,8,140.3321746336232,67.3498560783111,0.01648309412099302,108.1008113437697,4.815758940354593,4,1,98.36624472030701,0
98.3145047315888,74.35678398572324,91.32063424389378,109,14.440447141246334,209.5593213221744,0.6768265147968908,19.599507425918972,91.64844958801818,25,7,86.6048128762376,1
47.43889182106094,65.83479309149914,48.947704757147164,3,67.26026211376161,3.119895546250973,0.01639832953340678,60.85678162635617,3.307101387330853,1,0,99.8223882784431,0
23.152757337042946,39.03810622372177,59.117319977131515,7,127.41414088605801,53.87411830916638,0.028795470832905692,151.91845075522747,9.580440445541058,2,1,99.1783214967815,0
22.50110962173393,28.204289460960215,44.5612325398147,3,120.4735644207153,52.781669215663754,0.0024782892545309135,160.44990933207055,3.919384266110071,2,1,96.70492243373842,0
83.83811168033299,83.94003396231925,84.7942542777937,177,3.7318912557279282,217.40733721208179,0.7750814940605923,28.78320230203806,29.337881983327733,18,27,62.35495759276599,1
86.15902813556018,89.95348923100102,80.71783416927892,99,9.768928738857165,109.26449367153216,0.5579964260289089,11.840946477955855,48.28027695426939,75,28,66.44537037697606,1
57.26997944497047,42.17378995391057,6.198874037573443,4,189.55379176938428,11.941233625217622,0.041763125033711254,178.71652325246632,2.223643199738415,2,0,98.23775384880776,0
79.63264665108031,96.32039129660217,93.60434831290918,22,29.560559380162587,445.31900062371716,0.09627893725292709,9.840494721177784,56.73998660789332,89,19,22.102779519381833,1
11.930869622315264,17.139083763511007,6.983360710281151,2,168.72487126719562,23.88365160934017,0.02570413649607897,59.45176781594951,2.712798906463303,4,1,97.98877857122767,0
84.30352270838932,77.72558760223859,89.24490227233956,47,8.448164562012286,395.8152157316273,0.07096093488852735,19.28316216852631,34.497114703787986,96,35,37.18774548888278,1
39.11885169992602,10.124245295603856,16.47614538097899,1,87.07535758716753,62.17337338364818,0.013794540018649139,170.35683452834587,4.631649304380947,1,0,98.9019218795419,0
79.693541587288,75.52091292681914,83.17206603234503,176,12.481856201079026,408.997929141907,0.7264883049329358,28.051438976000334,58.11423092948762,95,10,12.130361165437076,1
47.50306566565106,10.842332852021805,26.637732644532527,7,109.216312228425,46.33760509954237,0.04248284319633944,101.66254275441979,9.90015720390798,4,1,96.35918778310425,0
21.659817862910927,28.399833899780514,12.463049042057193,1,191.4838089513264,72.25750101074345,0.04935328063658969,134.9887203059738,0.15758019911428,1,1,96.17969331698043,0
29.01971133759567,12.136756037644227,38.05165531071405,4,133.23838548776922,78.36618816455714,0.025658621931152027,56.703836019084655,4.816359139246192,3,0,97.06290599365451,0
26.92086267651931,35.9181349500341,13.4634361753287,4,109.6104778154022,32.18739062587913,0.03597574171503365,101.60256081531898,0.5419406092769308,1,1,98.55602119749022,0
22.11094859203283,13.628102490236904,15.423713947412157,2,55.86404351081535,2.264368549090525,0.04853019336034556,99.88632749794569,5.60313416876817,1,0,96.8866527050623,0
75.97040352141227,97.90733126896103,87.62148680646088,160,22.95739086588498,272.25195879552325,0.6753204055621533,14.402289260716639,28.844416588418472,77,21,62.78765628577883,1
48.4369575950205,58.769699619576755,59.774234788963476,8,98.1892657181627,72.07827469546879,0.010581027868285737,169.4097925486837,6.115110672908638,3,0,97.23330436662434,0
49.79473934778574,57.417633172777435,18.732024296340953,9,156.9324362419636,1.7168265340824247,0.0019278260921026858,60.07737417162849,4.361157663219254,1,1,97.46711083444747,0
35.32241140701463,21.977096519913403,43.62716658445618,0,60.27931329348466,39.02108396263484,0.04668263059588611,106.63818575880926,4.357053749069262,2,1,98.60389277635711,0
79.12218701477383,73.53567511001184,84.55137782122823,30,29.770886259634505,318.33646832951825,0.6801449035105948,28.69210507507726,11.05937213893637,44,24,48.95106453294705,1
46.948026759267485,24.226996016222685,44.61509456366122,4,175.0062390977816,17.389922653142737,0.015185499695975213,150.42065196504882,4.3036793074546145,2,0,99.85629423863087,0
10.106926568689616,57.09646431357594,34.317411390421086,0,198.8005968953756,22.810426607798085,0.023331487167853132,87.60211472400712,9.413619673022893,4,1,98.07231934121002,0
31.557927195557454,11.522715956077956,46.44153826485905,7,96.03661820013451,18.602440237564092,0.023824111141266098,92.82480634381619,4.579099879965771,0,1,95.91665976188929,0
62.62089893322197,77.78933536938949,90.38008533735463,64,16.47292273772069,259.9288439183201,0.6515148350136433,19.406817517532794,67.13188446263547,53,38,24.7132627424695,1
90.69058094709636,80.2021926764095,93.77218936998639,136,6.654482499347902,136.22955717785032,0.7495841757241222,2.1835266080041755,96.6943319357887,93,29,72.22495007040196,1
39.62742603755619,58.64723875482747,7.869865614769745,8,148.777767129509,59.52807892910766,0.0028398839604932115,106.50810824906571,6.746819810043728,3,1,97.17818938667622,0
48.67761235802093,37.02630877903231,25.42864910760266,6,162.4076859887012,20.323250353379017,0.019347982587054988,66.3592964366059,9.258170066289308,4,0,96.10928983058497,0
6.886426758289867,31.15895216073747,48.091938059207536,2,89.12557064487615,33.865693516547395,0.04151458836835626,184.24268915684058,6.787481111151922,2,0,95.3709183971855,0
14.387273508046635,18.547044628312843,13.466042106052823,9,125.52673174698926,32.66607858158609,0.03746761121456343,87.76972297051265,6.745958445821825,0,1,96.94788036912799,0
40.37331735287838,52.89976419522868,9.63139137152397,9,141.2304085439823,44.13812446613769,0.045914581145414114,151.35407712889054,6.805145115181177,1,1,97.57946768944531,0
88.4666282776314,99.47521549372406,97.005241299837,70,10.486326507397925,140.13283580500192,0.4030045482686329,24.299005391795845,11.6808749731463,95,34,6.191354271951916,1
56.86863613547727,38.19207799471933,52.31358445143227,3,83.65203521001399,25.767159737250793,0.028132477443113188,171.37770429479667,8.4047588667936,0,1,96.00555429809391,0
11.029891580397125,37.373690923181776,50.66270819990794,6,80.72259349103483,35.64914453210769,0.012507593859880923,59.42063912356215,2.687886838181556,4,0,96.8945796055512,0
89.86256988205274,75.76783985743612,82.68849776745307,190,5.625263264970681,477.9916412054167,0.21175320218221372,24.378319254450776,49.40364528537187,67,19,11.932483759532515,1
71.2037914903569,75.5350084258283,92.83339714604344,127,26.710851774090685,139.48157921794356,0.4832173663848493,8.275557302550137,24.733212902111607,12,38,59.15025151767657,1
57.82231946894079,25.0695693224461,15.192151738157325,2,174.03747064609905,75.81537815978392,0.0443701010060419,153.99133539759478,1.0103374918492614,0,0,99.43189959460692,0
71.73247854928235,77.63437256328272,96.72594802703466,23,28.091377255671695,339.477171759411,0.18305778808795636,8.289336519781637,91.74835617268936,82,7,88.89863421515287,1
55.87945278229067,48.12197993361872,15.23317194207812,6,133.73229834020964,64.67380191652505,0.029481831020986643,159.17989189905114,2.1403925506003993,1,0,99.20658397643722,0
83.17574204147263,90.64616739918975,87.09599339576474,44,25.86497726700599,387.4206102098079,0.6298922399494559,11.278335533805652,10.3655311498939,53,25,72.51067247385049,1
36.57836330200588,28.936073773175227,16.712613665083943,9,131.4288518687007,40.741485904690045,0.02345202900492954,114.19546332022657,3.248706420687472,3,0,96.9736026102512,0
54.55304248154131,39.284258471397784,30.68355191850191,9,87.9511511673496,24.308784178188425,0.04612398652081253,191.81619389958888,9.401892133924584,1,0,96.5431309956909,0
27.16327424231939,19.967914471991392,38.85344687443379,5,74.30313307811126,53.03314527451331,0.03799644939825414,85.07546142860218,4.245192981845344,4,0,97.46206231076368,0
90.30127809132057,82.38310926339571,95.26289771324993,112,5.885172533129974,179.62523507063116,0.6498613309251974,28.740197029239795,95.92167415596477,14,5,39.855165743498745,1
91.86334013611122,78.47208398110368,86.5681988856239,59,1.1114350945816487,332.4770674897482,0.6800745285229888,13.446068773810616,30.94843700692844,26,11,2.679152215574879,1
89.68410861078367,72.64341808658425,81.18170370026512,48,4.946198604661873,452.4314341263386,0.11314272061919199,21.23870116460311,87.83374379288499,61,26,73.16460430885506,1
75.16746965343556,75.54988991253983,95.22744888133838,58,25.945892977410683,328.8258005700631,0.09033289817450756,26.014468137369082,83.25315406761928,76,12,27.83566750652472,1
34.665306872690294,25.80750795582031,30.749102318933925,2,60.166371505744735,22.927004588218086,0.043104438568669155,173.049451588659,2.686559664220638,2,1,98.38487836590963,0
24.373283231497958,40.41340437233764,49.00836481310242,4,179.27681632865014,44.390361443264624,0.0400410221670249,148.9529009956093,2.7105389345044264,1,1,96.87706444477051,0
26.48933984589105,58.11360074177598,8.178758222345069,0,122.21881563611872,60.85712627246657,0.013227017429362171,152.36488153660275,6.089366034101983,1,1,96.85003837656949,0
25.743088139978912,41.50494961756941,48.52667969178409,3,102.66610419558666,66.01838684714771,0.027150566477522356,90.14044394290018,6.233995077580481,1,1,95.53162827981411,0
32.08803590472718,20.59991436680557,29.871762794930532,1,189.26923583635516,58.93444613392536,0.000842226959939929,151.65424075962216,5.411308651397873,3,0,98.23752064153473,0
54.669971204653386,27.556458523012303,58.445836897069995,1,151.1114659991286,3.7621090537400423,0.045663643876859325,124.22726209741997,8.624699991244096,3,0,95.92751403105821,0
90.61644248773877,89.90130695992454,94.88711991131602,75,23.247132014977932,100.08810076810924,0.20032589921107297,5.361475186323787,28.683844479220397,71,25,87.12918413898316,1
52.753295194949956,66.23432624364055,54.79724894738542,4,55.974588497697695,34.59707339659948,0.00881095054873431,57.389186796011,3.1343918339030576,4,1,96.72411606836974,0
52.76398570024356,68.53218830267181,38.66729564547068,8,113.49525409635349,13.445642012165555,0.04822923261512133,101.28628134709395,3.593490384275947,3,0,98.99114214225673,0
78.86205150134589,92.75282296808078,98.08280299635906,27,19.98166372582901,137.5851049086586,0.31894027935029695,26.623748343762806,63.424214127758916,50,7,15.496917400998937,1
87.5174063561911,89.12754326956356,95.40185930270795,60,12.4877591433025,384.0845511038223,0.4285986734212099,17.08620092978107,14.04034075918138,98,17,61.88755933542608,1
31.585900113801944,26.654246231575733,32.22069838565898,0,112.54295935819279,40.00339924941649,0.034923904160386834,92.7536371345067,0.8497712939690305,4,1,96.15304653013193,0
76.39047964583364,75.63046784877989,88.66351881483915,133,1.018062376263975,352.93368190092264,0.6930913859752653,14.198286678353185,30.197949467325362,39,11,22.344771880496747,1
40.00982690907177,53.388757198308255,46.08020641701211,3,120.7655005711621,34.604296986377484,0.034943345185313814,52.574510042017636,3.3945575822877383,0,0,95.48953849507194,0
99.50437599294008,72.37136000047562,94.69806427882077,165,9.835816553392531,404.6161979579482,0.6688973595809281,14.48643493864701,30.62041630507164,72,47,41.94492698043727,1
22.03310646533426,40.073020368297314,44.43381287046959,7,132.28664885509127,8.658370131600325,0.027639682278941938,129.48316447364675,1.4195466753894326,2,1,95.73323862677596,0
57.99826832031319,52.819178977169315,41.871672280102786,2,168.59808589242743,5.330906501076647,0.01616949434251429,54.22459534501711,5.617028147290386,1,0,97.22087249055635,0
43.72335667712717,18.9269304835815,36.7576380836139,8,65.93934170589455,39.124508390792805,0.04671737048847732,84.38586080487644,9.077341799995537,3,0,97.3009964216878,0
47.20911100258337,46.871165631211525,12.519411399703111,7,163.16475867295668,13.567584621680698,0.023120324414927357,84.40160109042736,6.060359384625141,2,1,99.16928444537977,0
78.50916250778488,97.34743325231176,88.48973889988979,21,12.647142646105095,430.4329403896307,0.6457314385159194,21.815548288128777,94.18956988561665,63,49,69.991997361801,1
17.148676307624594,61.94587593011497,27.68171888633474,8,100.79938046271158,54.33930303687348,0.019821929456728,77.48713704768349,8.694591858234245,1,1,97.66416292386407,0
80.22994115560775,91.31517391301452,85.38785874516904,108,24.131953575389545,376.7212887767397,0.7966101593848414,3.8761488843984235,86.79281427268315,46,49,72.54532039930083,1
54.203216108128885,34.30438537226844,38.56482229011894,0,161.62192652179255,18.272406861423846,0.04986974134782565,68.52990466473513,7.428098945757578,3,1,95.08639660865272,0
54.76914833165488,55.78801059268035,37.67160766232934,8,88.89275128486996,56.15720523398696,0.045854087598105366,178.48457411303104,6.813513376788917,1,0,95.36281470551198,0
22.574291187843016,26.541000113126472,42.19086334575562,5,193.78044224342875,76.82366564629949,0.026288896904384948,187.92860156367828,5.964038978703419,1,0,98.34283282292236,0
68.3677429847162,90.10002589979312,85.38065923132463,148,26.5160212390536,326.36156887802167,0.6483325867120827,13.856918457554077,70.60651985692763,87,29,25.918500484160585,1
61.584567448403675,81.1856506640091,92.36044811324439,27,17.18369681824585,228.74484872977706,0.3273675335115222,27.459119402930103,11.261349809671946,19,15,28.363250672191974,1
80.53524578401527,80.44270353295568,94.46373743675741,103,28.174544822030814,358.163652666682,0.603016836576183,13.11216136146041,53.24838874237762,88,29,84.41983244565759,1
46.928784662608045,40.691330347648346,35.70174084237024,5,146.5741882073438,43.78976481168315,0.025945097294708508,180.2712194162165,9.86787497980777,3,0,96.85490136362401,0
65.33926567610871,88.16245597480878,92.49095494133097,99,10.295757315221502,84.78594683267627,0.44222691300455447,12.6403011416364,40.23243430199578,58,6,85.73689841614397,1
55.57514669932694,51.290977671595684,27.861194578433768,8,55.8261660106127,51.061708955540496,0.0425596797371037,132.48523434227866,9.674948433388808,1,0,95.34998387703543,0
84.839968239603,85.50819294298782,87.69312071113931,44,17.406633837115415,102.53145634023343,0.4871547703401476,16.00311569941328,19.757160656440412,73,34,41.97769592474457,1
64.01704646229665,92.0927101977858,99.9082558305092,198,26.878932748944354,90.04926541967576,0.7007469003791549,23.621747347734775,75.88477831830603,20,46,69.11331152004045,1
58.273374805616584,51.9293922317943,56.81182853826641,7,173.50743930432282,26.91116870459345,0.01978096830398996,51.71108364224459,8.690197266335822,1,0,96.08775679601477,0
16.160763351750877,51.806011134496124,39.828446794789514,6,175.1226329119649,78.93073905559274,0.005809293098011415,173.39623533874823,6.049703766538307,4,0,95.41083051949985,0
65.79186395805698,81.35501871575039,80.80788227800082,81,21.562859101168524,82.77232735314543,0.37840083521971873,2.1093699112150146,65.61572801383002,50,35,25.431551165903823,1
47.01119601864918,50.998399876503605,23.059018112225505,9,155.3286286321931,18.51524230523388,0.009463737199061885,137.18420328188904,0.0015835266229191625,3,1,97.47933647800808,0
16.099429630722824,37.88842985466112,32.98565606626644,4,142.02819861269512,16.446014662516035,0.0055505168901457905,87.70138752749904,6.4572024115650715,4,1,96.08687768913809,0
16.21567833026772,69.92995135460268,59.07306157306083,1,72.41913737381323,75.57210049452263,0.03344845570552243,161.77780096204546,5.61769774903617,2,1,96.88347447107446,0
76.70304223895933,95.03447686858658,92.23810340778584,150,3.602271821545554,269.38076444085976,0.6941039073729742,19.240843182816544,20.082033319260173,73,34,44.291859648325946,1
36.976182420044395,68.9738572241715,43.100925403873276,1,164.1184626377118,15.84908242271226,0.007600782257201994,134.03852829191973,9.277444937959304,2,1,98.44405268925449,0
10.997366138526466,47.0010579421896,34.81024497062901,8,73.77407137790505,76.27196639662435,0.0076186385167926534,121.00338918801549,5.221524993077839,1,0,99.11621055653472,0
77.96849590327983,91.36688082536315,87.66300409597378,30,13.162622150067055,111.41519107074834,0.24301959530502693,21.69941403519945,62.2973359320049,50,31,78.05856720640878,1
10.088544123218831,40.08476577641958,37.908624127793395,6,134.83815270447118,47.218238923027585,0.042983602676446964,62.83655633390764,2.0452707139371853,1,1,96.30945396131563,0
90.28381883690395,75.90277356770417,90.67605623047844,147,21.97930542099347,190.63388426049147,0.558740645742702,24.214739938896287,27.742835984830496,59,32,42.702320200590435,1
38.71617626294562,12.32319365037899,20.476726567001762,6,70.43323921041087,6.280977831018242,0.00136993699831518,49.331742778585536,8.347440196947344,0,0,95.30058829314201,0
69.80241629616194,86.08216522657574,82.87334882690577,83,11.922011766108227,126.85652076939431,0.31880660929515775,2.0795112045669644,55.176235599429276,31,41,11.29577816656542,1
25.355389124781116,69.57476202612378,17.01296163610582,4,140.0936879252534,47.87644140360072,0.030206029503255412,109.598275298909,2.145770818080143,0,0,96.82814547343058,0
35.682376330199,38.14216255673268,15.10615620314968,3,184.72061570626101,61.631857891947995,0.04683367372657897,95.8831932378184,6.434809841853558,0,0,96.169310226712,0
70.71255912369679,99.0923564055559,98.1109056109683,33,29.211503871725963,381.6295208646016,0.19732884506808263,5.101969484083871,91.37927085151244,76,23,26.217174635833345,1
53.1490382019367,30.290031597730817,32.43814024056304,4,113.10890694320418,53.72858771492757,0.04772456555055178,68.42409362982593,5.626239564596046,3,1,95.53735517955523,0
57.9532878113752,18.196849399753596,47.448550803994145,8,161.9531977780831,54.26211726041082,0.03596050717320933,86.64897153350763,5.902655996979934,3,0,98.2722609142984,0
55.832467365461326,62.04784720804911,25.351140536213943,9,73.02481230073961,23.15766614697651,0.039078132504300984,96.4813789177727,3.5510120050359104,0,0,97.1500154969499,0
20.361170417671396,26.783359977622695,52.3918369146054,5,112.58111385137877,48.16925102220626,0.026775925346342818,123.74807094375358,7.5483846583475405,3,1,98.75019592748905,0
82.36769155165163,72.97972804772914,95.66819694468512,69,9.25668221845835,435.8284836209336,0.16857440285351594,20.11688596764213,71.94320206359092,82,21,44.5133663693391,1
80.02524904686025,91.11078819795044,84.1934265457732,99,20.44930711764714,405.36362834125293,0.33262785603469225,28.146837600787318,63.873303741448,59,35,52.84587080682924,1
14.304337766708048,54.217834567672554,17.023922439681286,4,107.5232255174559,9.438381937974086,0.008187337543051643,106.86348819048312,8.694183296678016,0,0,97.72362287104401,0
91.92529986649025,85.3644907261723,92.19567329830682,136,17.29327806316565,377.9091681859176,0.5189339870701165,19.55260468222875,97.64730421455506,77,44,55.646168624568375,1
10.959723462821728,59.273484010914586,15.676201156636788,5,123.88815880276971,27.481361435873808,0.024813126286047163,191.3675048842649,2.8831795596243337,0,0,95.1882970737583,0
42.810148622209304,47.089220534564,42.761351434211406,1,127.86870085981938,50.273880770094344,0.0072240398500220465,171.68134781295447,1.126794927096234,1,0,95.09939642260647,0
57.517906850951654,15.446495741907764,31.34428037666408,6,170.8285180526459,45.56535395668895,0.0049840822113192025,192.27378161757676,0.3667024257039664,4,1,99.53475301915084,0
63.148976575369986,83.85129029216147,84.02918094972394,149,2.4146197244820646,121.71651572773317,0.45128839314886166,16.18446042047659,41.933183174153314,88,29,28.17331889182685,1
25.05196991848233,55.67075899463537,47.114881548921296,4,59.80114149931019,37.70956040416136,0.03719163558910679,100.35740076438918,8.314870859627554,3,0,95.64884633354417,0
39.91838489016985,56.89360561326349,9.647288498347057,5,50.65384082426776,34.963443493198156,0.011406610250344784,134.9693041600512,0.6704313008760243,1,1,98.99954149495261,0
37.68645543143741,43.41506048829926,38.97469178557455,1,117.49040634315178,18.69332584829662,0.038698027309037125,127.22174602220045,8.937286601093305,0,0,95.14605420342032,0
94.86574465928018,72.11486625783587,86.3924835280707,181,17.145708408869805,436.97406954620277,0.5359765408542059,27.313292920484507,15.04478579224972,98,25,82.43516589439365,1
9.598341194754841,49.13032509268406,36.324432729221016,0,189.92976544516816,14.250158956665604,0.04998319352991141,112.58341462650932,7.214111757327737,4,1,97.8956201624387,0
72.29942100821056,79.57054357020189,83.82361237589022,108,24.76249927041896,445.5381340951274,0.6171854241606922,23.075116607395547,50.995192706818024,61,14,47.399960702283586,1
11.831473695545341,11.383811800000176,18.499900917014315,3,67.7404460832474,4.2119957171795255,0.032350132665977936,51.698818226412016,4.345680053373211,1,1,95.45907966786854,0
27.05105182770915,18.385582431793377,13.51275834481514,6,56.14713796045361,1.0652491990344712,0.018775238796385558,118.8317299049767,8.950505921678536,2,0,98.30885747242868,0
24.17863497830036,18.901535996192642,21.35313254395699,0,171.19492323868994,4.784665687282173,0.00833636547357729,131.95691921969552,2.2988016743022968,1,1,95.56290371689529,0
9.395318211441243,51.4430675151416,56.004711192613065,0,171.48086145534813,78.38676996499935,0.03164594582634754,191.40841393181077,1.4907928952249627,3,0,98.85564743515756,0
37.19799709082411,52.97329913956551,28.507675689583387,0,179.52047794301942,64.99030692634759,0.016294207567573823,175.86749054863463,5.15126863747725,3,0,99.43717144551479,0
27.912005986371568,39.44463351930665,39.71401527333736,6,198.86148673910003,52.1252193172526,0.007381179160166191,63.55084657532741,7.082227178494582,3,1,99.11493236495649,0
57.37969688151587,64.68206068801649,26.093798637854956,0,67.84564376639267,16.042395279160026,0.020039383825571584,61.078305647055174,4.638365784176626,1,0,99.46251319131377,0
54.26308422243173,14.151686308388863,18.048814988274685,2,161.25795723485504,41.79105003582892,0.019971109127610256,54.541194838693556,2.172941397708199,3,0,95.7040349932575,0
43.93275231434985,37.77270770698467,15.67613045790544,9,178.56260558353634,42.11998059340246,0.03166319631701995,163.94926484,7.127192828249028,2,0,98.31728693122118,0
57.45587282147546,31.607204597240223,15.596146496205378,7,64.89975788787703,41.139654911814986,0.009755513407354583,90.00317988849139,3.008213484739053,1,0,97.04809828766992,0
90.91835502380417,84.98702379744516,84.08135640812708,113,13.343915353346123,168.72796081573466,0.3012745066622573,3.781419015513043,30.265490625832737,67,14,13.25011386371472,1
5.579648618408415,35.77094572470319,59.4826865386191,7,104.71810996467678,28.707515392327554,0.037522850875032474,134.86443337048473,8.515808894215851,3,0,95.45438957675816,0
45.659370748426475,43.440949799103244,34.72741515188372,1,156.34988970664548,46.306110102486876,0.013829713470530037,134.0689978587005,1.1297058064503729,4,1,99.15304710905453,0
94.38731405020124,74.04296636564192,87.84212428594363,134,4.068889877876054,113.57940189648608,0.08625132913279084,2.5710371515973813,71.79945802404697,93,31,53.093328821341125,1
87.47868078185316,78.57512651060297,83.80815757568702,107,15.545534767708412,206.50121959444715,0.05754187326573788,2.730308473944196,94.04973434112736,45,15,33.72322783056388,1
90.12658972615066,76.15021983029776,92.75693501542679,161,12.435254902276096,497.6939615959043,0.3312104080908141,19.860560216370992,62.846103737109615,56,19,13.2848009476754,1
13.839194627886943,22.711013595087707,38.46826130882749,7,94.00839584951692,62.13588610873625,0.0040582888693355855,108.7848567900989,5.307399345357857,3,0,95.98477614845511,0
22.694668474370832,12.788465792607358,57.35356152858193,6,123.03807123477614,41.474434543835216,0.00026744539071312244,121.69825578901937,6.882276225430573,0,0,99.89514578487542,0
49.62217052209167,11.45151055823465,14.885379554865828,1,146.6210589533464,76.39868499854207,0.04548651075756775,51.40122043465741,1.1364814287156288,3,0,99.44686928304156,0
94.68494319203195,87.87743072754704,83.32131087480116,75,9.937496113569624,122.30181129087163,0.5289248519946074,29.779933400986458,55.59490219425637,62,14,17.543954698790312,1
24.955661748437034,47.55385969164967,13.051640734843755,6,62.18419763176737,35.428657481982945,0.01509473859250593,91.76654295636607,3.249402349609334,0,1,95.74934921605539,0
61.11001646986391,80.68398573514992,82.55568921430367,36,2.1134106114084985,403.07447597705783,0.0896566202818486,22.511194163172725,13.669911965798024,21,10,71.57389250574616,1
32.98543851714942,55.15164875751769,17.222610679733137,4,159.16192853975386,21.917886851873213,0.017804165607047378,124.47486804166509,2.58632850122833,0,0,95.39337314026156,0
22.11882757573448,31.208295445490368,33.77062240909363,9,68.27301423508644,36.27412561182407,0.03516924938773093,160.1504522427004,4.224260300980719,4,0,98.58619026624172,0
36.132704030760976,13.167937029998997,34.79992235034737,8,152.17794564830263,18.61880284593793,0.012373184070063936,196.82029315767184,9.124672504899106,1,0,98.69915229251113,0
88.86149976627439,96.80855585161584,86.62734174323057,47,28.9965626532323,314.1425464655741,0.7463704060690567,28.818940119229417,67.63278917223076,69,16,31.348727732918128,1
53.591180116994906,55.72172878038464,18.84272699588829,7,126.3864786865064,77.32046655196586,0.005786168923863156,72.00010569365874,3.010250476005486,4,1,98.85155930199085,0
96.39122183744439,84.65365411112465,94.84288799080856,75,27.969531652948536,470.27058058201476,0.36731199306107626,11.337336304706202,32.78805782037493,47,19,87.89241612588926,1
45.1032333653036,56.20782118242742,43.80342852117739,0,112.0167253126714,41.89934352834247,0.02078483649497176,148.9907818481629,0.9554098167482106,3,0,95.74729586454369,0
28.9938234826767,38.817991823687166,50.23964598592458,9,81.64112699854873,68.97012020242242,0.035830400978411565,113.55389548444953,2.551644421793272,2,1,98.39570859460622,0
68.67732196922846,95.12946226887603,81.35851572243008,35,21.855760997383797,225.00888764209063,0.09088536181893013,10.944463960801576,19.434273171664124,50,45,43.23426296635034,1
43.70462744103499,26.39937658384927,21.07305397949805,8,122.33732668480636,44.90118755378134,0.03841454006610717,122.80440574197335,0.6217310832071976,0,1,96.2475352970462,0
79.11917720482023,71.20329457587495,93.77979850257874,52,26.821528052318595,398.2326952126852,0.17525707309943178,5.921373777159049,93.62940393350306,21,17,74.5182135082154,1
64.90349852036026,76.41164302055873,86.31979951595838,138,10.68798178205339,265.2914408242769,0.16839382716154117,27.24394964932395,11.054671790176737,11,29,63.01090194388233,1
13.648125037017227,33.3916155279426,30.18403334432152,7,103.20998098759935,23.34139537293679,0.02150605141656281,107.44910657518619,4.930006295066741,3,0,95.15009220392992,0
44.267249080879594,54.82710794297101,43.259962439816455,7,132.5500742795896,35.77080290528324,0.04253265868539411,88.17314986942192,5.939439627878558,0,1,96.10572243935779,0
12.917898012366834,16.711290390967314,57.976997624321484,2,60.254045073469705,36.24111740533087,0.00891364796884384,78.55565428365102,0.3192622121608102,2,1,97.98885346723945,0
27.08140860506831,24.98842431186361,25.480910709063107,8,192.41316539823845,48.287388812043034,0.042427077815849444,90.06970955562828,0.7478234300806597,0,1,96.15191770178363,0
34.5635998374334,53.7367399776854,46.11030946742685,4,125.26101705056945,27.89039117401466,0.033222552366394875,124.49187956095103,9.305706650982907,0,1,96.12702292978938,0
5.269160460475389,29.75626764548744,34.66403031618101,3,175.91545869890646,6.262081372259687,0.023598665241123213,92.92781419327761,9.375682293360661,1,1,95.03029612440953,0
53.52750342070437,21.413710962500915,50.68294872392484,8,197.4523854244813,58.19609007321813,0.010975378743517434,97.34589319029668,5.547747227870343,2,1,96.80146391956548,0
98.75522819502481,91.45398624001011,81.54854064939671,135,3.9439477535482372,158.7568139984799,0.1427022273039129,2.85118183008164,45.88670438000656,34,26,67.32620936182478,1
57.0975688216668,37.41259161383195,21.631891140655778,5,77.05827297025586,10.696827199482351,0.026313185681243762,160.63058981094545,4.285247589113316,4,1,98.54593194110888,0
55.8425703615691,61.28123530822212,59.514706521486694,0,149.85999076911625,42.33544029195231,0.047201198583817286,131.156574725911,5.368217113485482,4,0,96.16368160792894,0
13.130458617897006,29.999295712262573,43.492571358826446,1,83.52118735460236,62.211434244620946,0.04377080530377131,187.67774456845618,0.144226673270742,3,1,99.74076237362311,0
43.74034841546608,23.91065116714423,59.65706235692977,5,86.11154699971901,53.29356520574493,0.02261577138981525,40.49468262526295,8.29332736396115,1,1,95.93854185803174,0
31.38900957004474,62.36392457933169,54.75256996507518,4,150.09251717689506,5.635560157274136,0.013074566195496807,165.11404468329874,9.015322912925914,4,0,97.53997526767864,0
31.960248211689894,65.70211353348105,5.8441560111192095,1,56.128832365939886,25.7869123439683,0.042291092076013566,86.83097549939212,8.488714632662104,0,1,95.41827864237861,0
40.17230610891286,47.554501708692335,15.824173678637193,4,133.95794784482536,47.03378251472412,0.022053183234939346,108.11841312166449,6.895609406679672,3,0,98.08488334235288,0
29.665289505166637,18.582172581700853,58.643648232898926,8,81.22139777218709,69.6268907118825,0.03212745606157351,91.8899334573615,3.649999867825391,4,0,95.26313604001068,0
59.634787936561594,13.222944476193286,25.786082629268034,0,110.83245872455569,22.850903364088737,0.011232370708296297,84.91617912902566,4.465411425428279,0,0,98.8588307047164,0
70.61612439712056,78.58913212629615,93.67631928415781,24,9.021569774485467,484.154816274503,0.37346515453315593,24.397075634288605,58.18018452532959,77,27,77.0253975438678,1
58.63358570331817,11.831503084671153,13.281876026471174,2,107.1067141670453,29.94309065168925,0.02893939713857492,57.127620443504696,7.612350458112848,3,1,97.64853175909379,0
50.379476757125886,46.84966234974606,37.1332334761841,7,138.54576151802615,38.24614734571527,0.028249162494522147,53.907190151859,8.568390756140007,3,1,96.14650947681044,0
52.85974888787116,39.31935723940499,13.877371228738616,5,182.3602423422472,14.56630516565809,0.018058688641368333,64.98657924958644,4.212890458448296,1,0,95.89497376456144,0
27.567723638947516,63.32208044197626,38.69985912163601,3,186.08258745547806,4.668944754016913,0.0033497188830922176,81.46711322504243,0.3372229310337371,4,0,96.55280818805863,0
32.46617810735633,32.41602410553783,16.526074408545362,0,59.39696212470017,53.28345976596937,0.04222886693245334,156.69517358356813,0.510079292223311,2,1,96.35918131807588,0
33.119703423037606,55.432436429581735,26.244288743339514,1,78.33931158828759,53.28931303224953,0.01712222986910043,44.961265303371846,3.879972977626146,4,0,95.95921631705832,0
76.94960325342032,70.04148359501347,85.58925152484677,70,21.95018518197196,249.7032839576738,0.05209703666869543,10.446671706286851,62.20505148656442,83,11,25.625375771163366,1
94.19332406754404,73.20119115024802,82.96363834611691,46,1.1247742808843484,91.54518379844433,0.15681719960519414,1.1103051201226273,44.31117942091951,62,42,87.89246349188063,1
51.24341418188953,36.61219537419231,10.691220263979364,0,127.91602155591758,70.98009882813288,0.002724109637833522,168.92265172679953,1.371577341308774,0,1,99.89310264420268,0
28.37844775442206,19.508813887947948,49.46681786213158,7,69.25751862225863,57.72000577765605,0.003717968323627091,52.617436799133785,1.0601717484765227,1,1,96.57119965321776,0
81.69443590654332,70.72081283601914,90.71901884630718,96,2.4290917543560124,456.07276981632924,0.38072794985337144,16.712466965479294,70.65735050466795,73,30,25.75760017682624,1
42.452644002425096,43.39143377531854,26.984480479479387,7,113.18028317898433,32.116339775349154,0.010102265145111606,52.7864231107999,4.164140148487945,1,1,96.71003314399472,0
61.95242976578228,89.9888850076071,84.98013565510755,63,15.055939090417539,81.45785136249974,0.12750868021339262,21.385564337664842,86.44662321592361,83,15,35.23400929287586,1
50.23749483047179,44.64963155081291,36.50326867714581,0,189.0820270674082,74.29166304432826,0.010842450749860018,101.08049024493059,0.23070565562566037,2,0,99.65040133008597,0
91.09662798611033,73.28991090726463,88.26761508302216,98,2.971045401467568,335.58284562902224,0.6931579320678182,2.076831618935543,22.830713237214717,95,37,78.0969046340584,1
46.99715649488732,45.658285112292475,38.713990499914026,9,114.2561664579935,65.11194274564022,0.004458674677653824,167.5696992240741,0.0019029190664987539,1,0,99.37422744224668,0
24.85305369289468,33.754413943031274,53.173814937842494,2,90.81206773516601,63.38731167726471,0.016576862844846496,106.27413330663215,4.198748068123073,1,0,96.08509672717418,0
42.5701237087126,19.219192517238394,35.389702618375054,8,101.25780979366289,67.26647138734357,0.011208572311952509,56.776989366046564,2.5147604087164543,0,1,98.92653383955617,0
24.26087710838481,32.93333448441276,8.865490031190662,3,84.96712532099681,35.20973401674761,0.00039980590331947785,55.678149741831376,9.232086612052953,1,1,96.4738853144159,0
28.54497893117709,60.70349163263008,49.264190324607426,2,155.21297350413596,45.271105735055436,0.015111494351897454,141.38402210610445,8.29836437083904,4,0,95.32920203610347,0
10.277377221417789,24.621385936830123,37.94456568169532,5,159.67544578145208,29.703341453848136,0.027739079131969463,180.74772356014282,3.9397112152047353,4,1,95.28601982942739,0
14.085218689750358,17.69043834486356,32.743234074783516,4,99.38187878701738,41.36144434589246,0.018488461531381045,80.339408982276,4.888574384419684,4,1,98.37149913343234,0
38.44666499793739,49.484002370613815,27.14694287475764,5,151.1954922853015,24.0936554235768,0.04725055379320763,41.835071695728075,0.6144720210433152,1,1,96.83662504304546,0
75.02346804881661,77.52679235665072,88.07240297621561,181,2.3778055718129054,393.65098273401543,0.5749884872396047,5.267242777970036,51.925894959355865,51,8,75.36585058865798,1
94.54437854648887,85.20133535980521,91.80420711506811,177,9.325478118556115,139.330753062715,0.3624279417779951,4.5159415278178106,89.90299824051178,26,44,6.561923801828851,1
67.58644336285052,78.4336288144251,80.12868604800757,124,9.571552882968025,383.27991794863897,0.6565716970247998,24.259081703573205,19.35783488392998,47,25,35.53598008109454,1
7.902960407816881,56.244060716721165,18.400962073275046,7,130.75765770141638,61.84663079997973,0.011690931593187804,100.89292580178869,6.528270787224174,1,0,95.18151955350714,0
27.514359292797117,60.64283647748074,39.25960060073381,8,113.0076157375756,73.28463541692723,0.020038359297557342,174.04481256233905,1.6217007316086618,2,0,97.7474616637677,0
68.68752729979127,75.53908796741702,84.1499055432861,73,18.6593849917421,209.83199476279333,0.48769983839194037,3.080071561245225,99.08392332837093,84,30,54.34310018963917,1
42.1068852334321,56.459373704309805,19.8635959823262,2,113.66870793765031,5.735450444084605,0.0011133222072246928,109.69305479939439,5.533277881143558,4,0,99.85999456072682,0
67.28534026235477,77.87903745262827,97.32343573742367,65,21.170958892479955,399.47486659096455,0.18146738738785168,2.0480292354677196,18.57291047491672,57,23,6.566130885791934,1
49.517228378562386,51.5968119682217,48.07395374988879,8,89.37704610555909,77.8932855773229,0.01647988979369609,136.04480899731254,3.2210219727570033,1,1,99.51063134579931,0
20.011730054508956,54.998695842405205,5.134158973584117,2,142.27864438405982,65.77607564082435,0.005440434146653378,152.64270872345386,0.23139692139901635,4,0,95.12916623672709,0
14.056021126369842,42.147025189721205,45.313701743587416,9,195.0315869466402,39.33817513113453,0.03480354350269473,148.28443622650886,8.095151748912814,0,0,99.37577034177782,0
59.20447754595546,43.745132372918015,48.34033478069426,6,107.03038583589114,1.9736022265864097,0.03446283846390088,191.5372081674634,7.589905463966927,1,0,98.71436022443847,0
34.659532085403484,43.95028936480104,14.108833825681543,1,76.84366428466663,2.6320539384356185,0.00822606063336096,57.653540979864175,2.4267826287938785,4,1,98.50084710443684,0
15.579587023933787,59.205478995187605,50.21627659685861,6,103.45807440418054,42.14264186519328,0.04355707760537017,78.02719740419283,3.0281451439901486,2,0,98.57942290551962,0
16.89100913938642,66.4343015256051,7.31032022747082,6,71.62487478663937,52.78276830144406,0.0068286385551561525,103.00179265238012,5.828504147314396,1,1,95.52998505374904,0
9.771213756505983,60.604311916649095,11.039109704647915,6,53.516902199763564,26.4972387504879,0.027780151193895472,113.39630702174638,8.960780054675526,2,0,95.90582887764714,0
21.35225811057038,35.78724682387083,28.03042708823359,8,63.18492231684017,23.20276203910258,0.02495649898824594,178.65500029254687,1.2800152295238165,2,1,99.16498868349017,0
33.845558805911224,26.902503147548067,34.49548680081312,1,50.59170247957658,55.66968441360976,0.04258571538566025,189.42199258097145,6.536294875582097,0,1,96.07436247670722,0
95.4632784432512,96.6878882673625,82.8298517405266,114,11.635594097578972,496.17726199988283,0.2889987054978964,5.56682525873961,30.41371922789202,51,22,74.94164361048314,1
12.213943549348176,14.65510313242466,29.576351920552938,9,161.15888418975175,60.936691756519856,0.022444282985868876,104.36945802850026,5.509547519984432,2,0,98.17592826156414,0
78.62711292750521,95.04423222977641,82.5637850984084,72,16.786770772606545,459.3806445519216,0.4511104801301285,16.3627444743395,48.984933165428174,64,13,52.16059449419576,1
28.650136461484394,41.95720567922807,30.091603840154036,3,185.17348811846605,43.41682894838892,0.023931701092109604,142.7024123076808,1.7149977099836922,4,0,98.53694236414137,0
64.00260488706526,81.24204599652535,97.66151437601734,55,27.251004630348216,364.01167788982394,0.3206905112731356,27.935656264014774,34.86847402121106,95,39,88.20247159027218,1
60.534495250446085,94.64461539594163,82.48518245686952,142,24.120423515917928,222.57212126810722,0.4948941190307616,15.810906710635068,15.90165364598253,88,40,43.427472333808744,1
79.84373462701936,91.33619507921102,90.05612893707912,63,5.570266775343517,211.87332488179402,0.7331335117502621,5.457269108044223,58.55080523908834,80,42,44.99863301337819,1
80.1160688396117,80.11654928379426,93.63689577185352,139,15.535261579612522,363.21422915106734,0.24182009045300568,26.756889893694897,33.76641200423492,11,12,28.788367881571812,1
30.25303521927306,19.260094577102063,37.45947792359087,4,71.16722703529169,62.989606346844035,0.013755803754961432,136.95188672544865,2.6465074645094875,0,1,99.69627963114655,0
76.6905746084592,81.07947721784757,92.19918082820571,188,21.8931992525126,409.1504654635475,0.12446311689078325,23.815415985262394,44.6405462342784,37,27,45.412065346236794,1
57.94288908072832,23.050885372515182,13.43282971454342,9,94.40830366868666,78.60734499359711,0.0014170047696738797,67.1759756491298,1.5308767374503374,4,0,99.98483279131128,0
32.11905043882805,56.63143400402987,37.66334564584012,5,57.371342798395865,29.282718038166824,0.02243500449392743,185.28947976919528,0.9758841435310905,0,1,98.36414551113556,0
56.069036116632354,53.77146980210047,9.453469106632033,3,110.3243057550421,62.94668093004663,0.04341969797343914,55.884859568654605,5.584378625362402,0,0,95.64082320601985,0
18.285932930261836,62.788088954219006,11.918274971999363,8,177.9969176378696,3.0731528577616203,0.027226492689463335,185.0916036465315,8.807735427543355,0,0,97.65146475543229,0
17.396899526766504,30.708314851365124,8.988491661321653,2,186.88426502397456,18.70453096087079,0.008749616541364398,110.84401191225805,3.3375377794039296,4,0,95.4348132190854,0
34.43447717216899,39.70085453884452,46.865567709431986,9,74.29542482592542,2.786247596886896,0.044806919882101004,106.16830689382077,1.9826948209902817,3,0,98.40208580185171,0
17.837987516989006,50.120434424646845,44.16481484239539,9,120.64962802921654,17.3611970479042,0.01334628280792858,155.96593429706684,3.2519011728796254,0,0,95.20898477883645,0
11.731395437894871,38.63927718871326,47.54296620121248,2,57.729457664014475,79.1533471240594,0.02199635365538366,55.88328039637821,2.632638656345696,0,0,99.35276223324192,0
46.217646383795284,27.409303720015657,7.852964479579288,5,137.48973373748197,51.74811136593154,0.01785819470070802,121.10242861288083,5.667856170411011,3,0,99.81269948442092,0
35.00125039767097,36.96296946222053,10.511693021805902,3,184.78020978453645,48.867546069016974,0.0011063220731244662,95.69399801449727,3.6557708262571986,1,0,95.36026273429188,0
41.08007617755935,10.96854413141077,20.92803019822813,2,131.87912309129598,72.67666654709794,0.04703088781771312,106.02273854946648,5.601718587106966,2,0,98.24623951560622,0
10.750864096588156,51.00380018550089,56.705829114749775,3,192.26821705879644,7.168421221774853,0.028324648364021966,102.4089716070611,0.07412710571076397,2,1,98.03648735269437,0
76.22193183417025,80.60719718585163,84.20010374205366,60,29.22410665328126,230.99875779392798,0.43200260430515863,28.570798248942268,35.30790706823074,28,23,41.82270892688128,1
80.88420537970464,84.59122812553998,99.94636014720409,88,7.604478117441049,412.6131147481537,0.09851922640579817,5.7416469340312135,16.993055837159705,34,41,67.62837517453453,1
14.375652758729112,40.7049535795211,35.741320116454474,9,133.47672039807915,9.716940708813436,0.034168440507735244,130.65407735849976,4.420418039075234,0,0,96.07280436049136,0
49.57128706053577,34.13231541583216,58.930830308595844,8,100.31876186151118,37.47075001900555,0.006447770360504601,164.41540989807902,7.1458764871843625,4,1,97.77876228720453,0
64.94131840824025,97.47128522033881,98.91440258026277,112,19.277002118944754,364.14875919186574,0.17550512402736873,2.1799510860736575,64.89100884964378,44,19,86.11815313907724,1
21.096346139656806,32.252722401340804,52.34849802334991,4,59.93009674308042,20.347178895577766,0.010321047795871507,51.40713310430183,5.445973619445807,4,1,95.88060852371721,0
24.721553459822495,21.24512094027653,12.842459889604413,9,132.46606333521964,58.626479606423054,0.005723562551045419,141.72211903355665,5.523422526820978,4,1,98.5611031564165,0
59.23891991805907,18.235038394550322,34.67349393816838,2,177.95763770900544,76.98996086651906,0.025493985347664228,51.263724430065935,4.895891164606111,2,1,99.86362618425,0
52.74549693507243,14.798788758027277,47.00264420142605,6,95.32965298502147,59.778435354015166,0.027796330161559968,187.90950872786976,7.68883334284275,4,0,99.9931394012132,0
71.22296178101216,87.61868261522551,95.66162459814286,64,23.289613116543997,98.68751481211117,0.1794063652362956,7.338081698143692,75.9033454360476,24,44,79.825756940086,1
10.293814368938435,31.87139235521225,11.9081186002925,9,71.82149220402266,50.803187363252974,0.012179301955887973,173.60150461163948,8.130997543898443,4,1,95.51427211574823,0
70.6413053379724,95.21632696683875,85.17881685164659,80,25.89035055315256,229.63333475649137,0.3230663785585935,28.558343278876773,92.52694814370211,45,49,19.942380929244198,1
11.607278091411274,32.38534810111489,43.48496379307724,2,91.48426178685847,25.144825448175,0.03686138185328261,158.54920204513456,9.124911962293961,4,1,98.07100916287206,0
35.982633865184,15.622342937742976,9.33388377509639,0,71.55846115061678,38.57033652336831,0.0008948499801071097,157.33445012149855,3.6375036910561906,1,0,95.1441587401673,0
49.131760612351435,63.21410055920352,41.97098893191594,8,77.69010562362202,37.91801609753519,0.03983385126774329,128.45839232004732,9.682114919095381,3,0,99.39254887217409,0
5.392540958425459,44.05070398648906,29.96540980120605,2,161.0222113679709,33.25368333387862,0.032808384534053,183.6359385711571,1.085475474459835,3,1,99.75018566791756,0
29.596993680048058,27.101680959717417,52.11977713318972,0,77.81350313966085,29.52047131412068,0.0268900950994664,108.41531942991482,6.29157305995589,4,0,95.64403743030655,0
83.49326314032693,86.81573221836342,98.24933707190655,163,20.70113251392289,270.01551787919175,0.594698811077669,3.1313941262720464,37.995935253216075,84,43,83.60907076565077,1
24.347353562795984,34.21939631945781,34.31774237170822,2,162.13771527810488,68.66501114656775,0.0363393373370782,55.54284282124218,3.452349549587076,4,0,97.68127245006724,0
18.395344269031703,42.807597457781945,17.834994895754186,4,59.08064375829747,72.37324183873396,0.02432151815749203,53.378143082492144,1.3741829480886802,0,0,98.09143656730615,0
31.13121592409144,57.00037715094663,35.87220122012103,5,98.48584852327633,73.56141220812512,0.039094626928863764,133.17520416005593,8.317872668568686,3,0,97.46785034218149,0
20.42741038292563,63.329937586603066,54.78397488379562,4,99.81085608544583,33.019084174009656,0.022092178925133404,131.6554995922222,7.297556592452757,4,1,95.51507945195722,0
35.001608455367915,26.015665668043116,19.30806720675042,7,85.94423788163829,40.05585370525101,0.0364652438517978,105.93194900471416,3.9761276740746565,3,1,97.64798035218679,0
42.15214282901869,52.217474851383805,43.13093069666954,4,177.82153641998883,61.822749869695194,0.00020364852082948028,89.59922242413889,9.799619557082606,2,0,96.31347814542686,0
23.658329299602748,68.93331173522957,40.59766670141001,3,94.59717283245708,10.78959702268018,0.03313275024890182,146.18443832317539,0.7466616281548066,0,1,98.35613682742594,0
9.458736235733804,56.31943743018928,54.9194355820765,5,169.3912039587489,11.477750958766583,0.0003700087738368552,162.65007415501154,4.280001487053678,4,1,97.0250644030182,0
93.80233545353428,82.62175116441725,91.43171486564644,115,6.779312015238003,366.8236110726798,0.7287093877231339,18.852047947479246,10.556867711977056,85,27,54.12017445771056,1
56.62059930590812,41.1696188821496,54.423593846656644,4,119.55187314422102,54.52992872150894,0.03774563719710331,154.29565391764896,0.38667331784947967,3,0,95.93566195616452,0
91.10693125838915,84.07239668232205,88.58887630141598,58,20.38327411868766,91.53744597553028,0.7525466710509161,23.96838496361978,42.53073777930107,46,18,55.309008686854696,1
97.97302644582443,95.37302178850484,92.26885343948021,20,20.004531527533523,499.92105874625895,0.5370528552941133,21.569551649799223,72.54453346978514,77,10,28.719777674743018,1
45.75076798176066,59.84914028719713,48.20075380393467,9,92.65512332150544,48.333598525170956,0.03673051151502843,84.5322131658986,4.98366424220989,1,1,99.57527310208636,0
17.094338078507246,59.31928938430657,47.36414289744093,0,164.14291846878584,34.765237042371346,0.003120269166878742,127.64833489950627,3.1015080633788825,1,1,99.31291181698627,0
93.01380146553774,80.647005608928,86.32787772737755,47,11.976670102043196,274.9166128984773,0.3862320379533524,16.170066387955607,27.020778440936393,21,44,19.238479436335155,1
33.6608261322755,24.65739410373257,5.7883458046581024,6,101.42027616496608,11.149014733098886,0.027842220960405725,185.28684656286197,5.704758725692552,0,0,96.69017661792397,0
32.700296946797565,54.11191667986744,27.524611780842786,0,112.32838329087602,64.57445283224274,0.034245013976369525,58.04273037628754,7.173744347232188,3,0,98.99664840134787,0
86.89625402133984,83.00484717090502,90.11780247015085,175,4.952136250926579,86.95072289888972,0.16462166082579816,12.740001475931553,67.58548417466014,87,22,75.11429432665824,1
35.9200684700417,69.4033197366598,34.65571382369649,9,161.30910167734612,47.889504657639115,0.046357441979482085,113.73006062537934,3.6752509537654765,3,0,96.1715589294803,0
78.38222286751864,84.87332574846668,91.47151873023245,122,2.968979315953382,378.3174700655841,0.1260804133754077,11.137556413834618,56.9800314011409,77,41,30.278644595672343,1
18.14924557666472,30.868901110675903,14.127931846249124,3,175.96500614009665,28.45499175642833,0.022615652060751397,64.21580609522661,6.08396853617842,2,0,97.70010827024497,0
69.08124983847483,89.01410760337875,86.87101732741185,45,22.94431697944161,225.97758926582668,0.7477456035326036,3.9614536158262013,27.224388268148083,80,13,4.785233467350805,1
33.506361576665626,61.41214492795207,44.26568200999681,6,129.01284419316355,6.353144335532536,0.01687986109050962,136.89350619915365,3.6922660304650803,1,1,95.47063291738954,0
23.301228109414268,34.56863121506548,26.511285549900318,2,126.32337736600049,30.354931427751982,0.008572744626518964,143.90828033092208,6.23053575109687,0,0,99.15509807660958,0
79.90242452270661,79.95453816850049,96.66816612613178,66,28.41705906058998,207.1699337742478,0.6505454980881866,26.957642155552744,78.41863265370706,10,16,19.49419752132446,1
27.120777787957916,18.739452771973124,32.66428718835015,6,150.65817467595315,38.14568702754619,0.03379760188533687,105.36685712213122,4.578119714729678,2,1,97.03485894127651,0
76.01480020323118,89.98577693435557,89.37878843611385,129,3.8169839854358214,172.21018812180853,0.27133585240497193,11.239447563540338,69.27007838910419,27,48,66.47971486993383,1
51.59414480483211,34.113237964845354,21.523865292401343,9,182.34334030587073,43.61940050648387,0.0051451435105169035,142.47043967774118,4.713963698406847,0,1,97.30413851878265,0
22.67185780564609,67.38135839091271,13.769600868840989,5,66.74789610429946,50.60508685733911,0.001757108465446361,68.4269168671309,1.9566270167402733,0,0,97.6286219408211,0
53.05268846543028,35.924052527922996,14.373897508717459,9,197.43471566114016,51.812458372683054,0.043526865406075005,185.77263629514653,4.378906913361203,2,0,97.52608175306999,0
7.209509669967732,42.1821344805181,50.04398795065386,6,183.87805725575544,78.68440801413348,0.03629622697634021,123.72407927265384,4.760328648148704,1,0,98.94505987467315,0
79.02580892525334,80.31593656038055,87.40136488046414,42,24.219101315672845,125.78572463856378,0.26464691668059304,13.350683452540283,37.484707984548116,97,27,83.03487486758553,1
12.855277949361177,50.4800980979239,35.078466564668815,0,69.65651998036599,31.31828769220889,0.03314665964799667,78.90134578313257,4.208524456559418,4,1,96.08185716157976,0
24.57432032031273,12.271086938517822,9.607094037672594,1,141.9653650075784,70.71118896667804,0.021255961420156372,50.25974485788852,8.461328128971143,3,0,96.00912387431258,0
52.60682998752122,11.068582510276704,6.066907379211159,9,57.78384132991495,43.83549768174216,0.014276261448341356,46.419512472326936,3.8553528942934134,1,0,98.19761569041646,0
32.31394049918294,30.71501989318058,27.929745433302475,4,124.06051483822662,11.166327073537639,0.001084538129429835,124.60189132510791,4.522898748956571,0,1,97.3166615390322,0
46.8359457193927,27.980153212908032,10.875907621063904,1,142.44698144554016,58.101315706093594,0.0173312136687848,68.36541771642237,7.315100532409411,2,0,95.57389718090911,0
43.738518725493684,66.76553948625842,47.085185237243934,6,153.01106037917333,36.523169501698426,0.001765689828198408,135.50135783794303,7.686229873042086,0,0,99.45572446020361,0
68.20528375719582,80.10403036395132,84.60539358641572,196,11.095758008545868,319.2784270768652,0.7869029341424177,2.0014514689464615,28.063463370556715,67,29,26.939269912940663,1
12.668762856542207,21.619037378501012,7.255398034072335,5,123.48005408362343,36.857186924442345,0.023466838637771572,191.7521375088119,6.046287860391118,0,0,97.12527157646713,0
48.71119585591498,67.91105007206187,40.35079443697969,4,74.97693585018217,5.382321254993984,0.027237422511693418,152.35253834789972,8.163517619184216,4,1,97.30085178836048,0
52.05331894979557,36.8109800385812,15.441849667142442,2,112.77666927864598,31.104244653885814,0.0015180558720639392,82.8878538108816,7.68514111385282,1,1,96.04472928854544,0
87.50384215348316,95.08371493725106,95.57000503134509,41,1.4303797489965429,354.8081912942105,0.20194024617704942,7.416512954276046,92.19257851516285,34,30,70.7712754848268,1
15.177827313234227,22.5728177061563,19.33514277155223,2,169.83872179130188,41.598502828494794,0.004981643453184587,79.36782674620639,4.869019086347347,0,1,95.80779522403148,0
85.97121775981154,96.93133079154512,86.04750837877792,172,21.153550724433277,453.8242359358534,0.5276769868629502,22.03411042791916,74.90159024450342,27,19,23.00439021598238,1
70.887862650361,73.15371331552645,94.14566974838895,46,15.05058465757279,220.66866763794985,0.1344575096794075,27.210926106048234,18.009563384020336,12,28,78.89417631004737,1
67.97364399098124,85.01797883465775,95.4125027477145,171,19.677282759293846,413.9772844273296,0.6398878276858737,17.892618002146435,49.52926033626112,87,9,7.66965428322544,1
6.5388085320262235,14.43178801800111,25.8423173570256,8,194.18589998107467,40.294363747927356,0.032421778680963374,129.2333190448513,1.0067168780764946,4,1,99.77626839724581,0
64.33618242250107,90.45066489279047,82.76127350101561,190,28.546942994832555,116.8624691208698,0.19037099308068595,8.98129590494479,78.80324334982078,29,13,23.008664332493556,1
49.851490661475125,36.55625458312531,51.13285588769815,7,166.4829192512504,53.693744495154014,0.04326500746120171,45.528418526841,7.31810609205233,2,1,98.63481509122403,0
6.96538442253196,21.58845478292519,17.74168396823161,4,57.114064666725135,60.42406143890279,0.0016952000888291075,172.31873190551542,3.4484976575563975,2,0,96.9288824085419,0
7.208379917918906,31.592970029840878,36.21795873195022,7,118.8167731696881,3.306041686721387,0.033782337291145326,128.4421820815734,1.992684241352063,1,1,99.49254377593833,0
83.55551724033936,93.52438481311127,98.90552760831191,62,1.8964205332799677,285.6112799159265,0.083465007034784,11.578781117629342,17.198897356027686,23,5,5.658455766550507,1
39.743205300229405,54.567657470627715,45.6569258862599,8,94.1521584900739,41.51688129053279,0.022391803618549967,168.22760634896633,5.453510600346947,0,1,95.27420728441855,0
13.200304437846723,32.821543728379204,35.75119194804773,3,114.73581262979054,46.435363934551624,0.012591730031759053,100.02679544357996,5.318597664535609,4,0,96.36983214026401,0
59.35610233531058,66.21276398253482,31.744610709573966,4,195.8139831398454,3.8980165058396348,0.04268561823733885,82.14491190484895,7.674657914938109,0,1,95.80275201499164,0
44.37336605227688,61.863202036309005,20.399118814212983,2,148.12089689625182,26.764014997861402,0.04155801851314961,114.2701834421903,6.863835816262011,2,1,96.2022535996651,0
29.866431808322833,52.11056779656999,8.600915208054033,0,158.19918403151294,45.53050233376081,0.015142260862596318,76.71653036965677,6.576340870004024,0,1,96.39669383454836,0
50.15674637176174,30.508863822404905,16.635524734731224,9,60.99440326916607,35.24460899447698,0.020236621624956694,44.317859887199305,3.5092664363099892,3,1,97.42815550588097,0
24.57843096830081,59.41783071242856,54.72262484790317,8,172.61307359283597,43.41365471309061,0.0004752103259746621,197.9879788995189,5.872760980128353,0,1,96.3691189726008,0
13.963761105364203,54.28411569307245,21.152271892403377,4,71.43838804229752,40.66112870624407,0.0031808453946923668,64.29357500701208,5.587690120472967,4,1,95.30182609816492,0
51.282995628100316,53.876911585756176,35.63047728789523,8,150.23891056672124,55.884716931670305,0.03971396524107821,125.20376826786453,1.9190597085733463,4,1,99.44996329658126,0
39.517753678458895,18.73044791907381,34.11879096230584,6,161.53383691976433,44.10678452800904,0.024773652012928877,43.39887885088789,7.349717153579083,4,1,97.98923062266513,0
23.239697374091158,36.745414789800876,29.92898433649368,5,120.90081778189835,52.31238733013811,0.00570765804522913,105.06728168488289,7.039293082905363,2,1,99.58682060127344,0
33.13185356620363,65.38362027789596,15.62933034166889,1,100.59278934710568,59.684845207077615,0.0030824423349752163,88.94579796792762,1.2723563314531594,2,1,96.1562236087829,0
15.753018869635012,62.659608773902214,30.316586891156657,6,125.01168279819845,25.149840509071044,0.025237960395515343,85.59032465123707,6.792581350423923,2,0,95.00758213433457,0
58.957005646745465,24.642632897192556,23.843417882488538,3,160.9474698334305,34.63191759118622,0.048464246181591675,109.49622465608388,2.9977644980478715,1,1,96.22425349843796,0
90.83335738729579,99.25511337084318,89.35426447509153,22,27.611530644487523,249.97470677421487,0.2835362903229826,16.403424409307434,81.2098427590086,92,41,37.59547371561608,1
90.38581205391583,70.08584193169048,84.94850860658353,110,3.4562003745429477,425.26382117855235,0.5903038615969389,2.8427717117923805,88.11337137620437,57,39,53.45023041736671,1
34.157683067051536,11.671795901353924,26.238876420608115,7,169.848106193025,5.459392126163204,0.023471885014914026,72.40392630248174,0.35464313985230755,1,0,98.35188274797473,0
55.834493791986155,48.71763867739182,43.862866855797705,0,101.38400981002243,33.32680820010678,0.039389839707574925,193.66817653266247,8.295333925562824,3,1,98.5126222956215,0
94.14103204561819,91.1289960380303,99.39107555924735,59,25.14966107726385,462.2712108617054,0.1905012397258639,22.664261729951086,48.72215058041955,83,35,76.31642458218637,1
99.2686011915556,91.06349189501633,83.8814917486336,121,8.430138776071967,114.19259973009311,0.5450168780647437,26.034685022899694,28.94332230893469,80,22,34.206499120181434,1
56.37231345852357,66.92406062341013,5.244432060453481,0,138.52984563077223,15.056294031499618,0.03666063305264495,183.82855623515593,5.3502298368221535,1,0,95.06526407677089,0
93.87242861732568,87.85274467527735,84.51096381744094,179,10.255695404624795,142.24228294252714,0.17923129999562892,7.108565385338922,68.16840625546659,31,38,2.0541891957698075,1
12.808032636448562,30.884034400779537,38.93340246338588,2,57.479145072847004,65.69548311177276,0.02985780833923012,119.07726721843822,6.678073964809421,2,0,95.60883199686923,0
97.86747694706628,76.56096808488772,81.31299351665608,166,19.59232379376307,402.4225952033744,0.41864554267072324,7.325599047182,95.35476843853199,74,28,54.10851877762287,1
47.58496759663008,18.705028422171125,53.593697603378686,0,50.915034837954536,79.62221938318477,0.024802377847039387,141.65935389121566,3.7791397385270855,2,0,97.70398277714521,0
41.33240995180954,23.031566042474083,13.110876181861677,9,111.43164892028551,9.818957178376044,0.004411290383208405,92.13668796565373,2.5087021986658598,3,0,97.59404226731161,0
98.29180109484066,81.52940817871755,88.72432187156377,144,29.198909692038537,251.1186726985465,0.4654191339543627,17.20453156326581,90.64698323261878,66,32,28.296636875866106,1
18.32600485528158,48.992964570510416,27.942284213027584,1,74.30914886368937,13.794143588441619,0.008750052477462928,180.44149727542487,9.23390702725796,1,1,95.40970559523782,0
36.36636948505772,38.38195592453893,23.315684454788624,5,84.98520552033654,28.28915846018628,0.00423134657960868,191.59206908423977,2.500289055738559,1,1,98.71173055910374,0
46.818659001769014,44.63983104850013,7.406741507343055,7,83.13802869736928,68.54554066503643,0.02111457356803575,69.56492065732392,7.47129631430669,4,0,99.12904218009326,0
40.19417715946807,41.89431883200638,16.75666916897103,9,168.05156473791442,10.289546171911994,0.042468473890043996,197.58860835574376,9.17118072135527,2,0,95.06262779484045,0
60.61314911520875,91.54098219186132,89.45938189731444,63,1.9102081413702265,462.64681825851915,0.6867021620375261,12.823816714213102,82.10193608190397,39,16,63.28646629986075,1
23.26771558981133,49.233158935677444,35.76003846542616,2,90.32841882859975,74.5018787908475,0.025671657834903678,69.05809878138199,2.7357613854218368,3,1,95.28349970145534,0
58.817630550680285,13.457925479707102,38.04695962234834,4,105.42511083414317,23.173213473003752,0.041043881111433284,128.4471456195608,4.140199299739448,0,1,98.58914648740685,0
41.72258806648528,58.21764208643165,38.42623730612052,8,190.63529312713888,3.3999921330546505,0.024695524209376693,57.017468199634166,4.936478857729867,3,0,98.64201806451526,0
54.446212173742836,57.774124230797035,14.454495874265193,1,114.37638299825453,71.2568242950215,0.001773131104378628,125.692114117778,6.234450959868378,1,1,95.95267415593572,0
54.88093177212837,54.89937927643263,5.424653023677719,3,167.88845878428492,14.275417775395184,0.015027094869185737,184.35461176405315,2.272954042101347,0,1,95.34310821510198,0
56.09865721830499,58.39504296861978,56.164061000879656,0,76.09467098976255,72.85263794081239,0.03202239907798622,152.56195558986053,6.507818685959947,0,1,97.49301674174536,0
97.29157584401631,90.04388534472143,86.10507355833818,128,12.790407933106021,302.1628570345314,0.053614953370035065,5.205460782192456,39.77786411072003,96,27,27.424708074529743,1
59.63002685748979,52.55243700616086,59.84594470336818,7,114.48400779831383,71.13861028321625,0.007299730529297083,159.3518319825248,0.35696391203205335,1,1,97.54630314653153,0
81.23055604983384,70.14164882349738,96.02909061293941,116,25.850222576729884,86.23992396409662,0.7486924534184949,3.1692662690624562,24.283537325730475,95,22,63.171089790920654,1
89.55530952030175,84.29868804892925,96.44980382859937,113,15.597106915737275,184.43429870892538,0.38942976874047674,16.631941259038726,82.74322704930714,80,40,40.10785397035609,1
42.78078284657322,63.81689632220853,19.339417203785494,3,87.61447817716467,7.36511087650824,0.030772419352798674,82.16240811292208,3.9170304263695845,2,1,95.86580265870133,0
33.573389254921835,11.917823111366355,42.33139140039155,3,177.20303877850574,44.88633831283999,0.014857869051335272,90.80167297838854,8.014714068967187,3,1,96.07883736256426,0
78.02283006687236,96.25873756749522,99.45847427598562,73,23.29554714616198,357.4960964721955,0.4332433379100849,7.480660820869325,45.12183613550763,62,17,1.7068418296056898,1
72.60620947996912,76.59193698648576,82.71287708043943,123,23.107706011563714,345.548171881841,0.14039188712507145,19.508351383632473,33.60465602388385,48,25,1.6763548874130851,1
70.54779647293029,71.81726606752197,99.72107539192825,173,19.273859312826527,165.489587487746,0.4039634637735259,6.806781653548667,35.858271508776724,18,22,81.63573876598358,1
30.36781320592909,58.08747208515868,31.16449294321153,4,151.50005422811955,67.49442201575182,0.03662982242799365,125.38030715326042,6.09378964812168,0,0,96.63787806908724,0
14.164509307560387,30.007343706932456,9.723700772553904,7,196.72503081254547,8.58190541820139,0.026368114406724652,43.48169674450297,4.179729332215373,0,1,96.99973603382358,0
93.6709939260476,92.88058821674977,85.9298189689298,22,9.13618624746256,457.2078367367269,0.7680038822730023,5.463541053558869,12.861790350716412,26,15,41.00052602442549,1
56.87824518035429,42.292322481252384,39.14614693806442,9,96.61515557425446,73.35242537234072,0.010065913104944452,66.1817074731398,1.6771178791236785,1,1,97.60571469666309,0
29.327937264706915,47.221740259939125,37.780594415375774,0,126.15390068050696,56.39198270028402,0.006955353487529054,159.40324681592662,1.6981486386087319,0,1,96.49842505782021,0
59.66061109103174,54.35899368218492,52.2928070886476,6,197.31812307796383,18.370713147789345,0.028753991039843163,100.96820187594307,8.125263011216337,2,1,96.01386694240871,0
67.13829591539806,70.94201146665222,99.79940321075969,103,5.571196275214604,174.25196073455015,0.236996641653493,19.240986605484746,50.60397874340332,13,19,12.544164453394547,1
43.05341246596892,35.71606537122868,59.25372459148121,3,189.13681907827876,10.239867043830941,0.00041749691538824356,66.76558198684894,4.920665098166111,4,1,95.95703298079972,0
12.577779194249363,30.707789899184945,30.787633630909482,9,52.34786927253627,14.858971185855316,0.04446025026119132,177.75616341098493,8.655989122932102,4,0,95.36125507478054,0
58.905068773028184,28.241448535916,55.40024174476243,6,152.4220369799183,20.726989284741816,0.0019092430316752784,153.11691108818042,7.117128510903853,3,1,99.09925621176598,0
45.123647116476626,36.20816039326173,23.198568823944996,3,90.44872964123071,63.04740182928916,0.013657997703345866,176.96886742933498,7.244462301585881,2,0,96.4577101135412,0
14.602218422315966,15.165848867854898,15.04407011965967,6,158.7018837076609,15.61054202820641,0.00870275312049062,123.34723983986665,1.6070931931518084,2,0,95.8393030963975,0
48.25851154038667,12.548732048502242,54.151480799284684,5,184.1221746539747,54.35936134587446,0.028511047450643978,78.7442626645009,6.973107594893998,0,1,95.52744926641195,0
66.40317414139383,72.86474202317277,86.14787706621689,155,17.164544482885656,196.6074505672904,0.34979113381595545,13.383379440002917,21.628271618683335,92,32,82.74214772192963,1
7.001151693894982,64.70412397584235,43.01614358753522,3,196.08357329686388,26.491796288740133,0.011998426086206888,171.14941576746804,2.819626856643924,3,1,96.37471403566214,0
25.055388180882048,67.61631017328534,47.09509748679429,2,195.95934214270264,12.580715856683597,0.020816359565135497,154.97889477651376,5.085311218547889,4,0,98.33390909446337,0
8.532816913937154,29.499243125360515,31.826538455992033,3,86.11448783886763,40.699659145037366,0.00955995075877656,72.3419574146755,8.437211133135637,3,1,97.41537064154676,0
14.680229323216881,55.220807492298164,59.38336935349567,7,116.34655244452783,29.234145057462843,0.023261560892380836,149.2794804270925,0.8197084734125848,2,1,95.83068912162017,0
28.153940764139197,16.95384612421636,31.458070140295945,0,180.67799095953896,32.899319262049595,0.015133151393023049,185.0666860385851,2.9942263942735714,3,1,95.02177609637374,0
65.49140664188901,97.659491722534,95.61279724960528,94,14.304782514454889,449.1799990188505,0.6230628433959371,14.354168198754813,81.23577086257687,37,9,46.04605725926487,1
18.242558712933874,63.575680834693856,49.836784328821196,4,154.21442909278898,52.2818417540376,0.0354718816653328,160.87166558275027,0.2979647967986343,1,0,98.55860324614355,0
52.52167435504944,28.587649590484887,25.74540262967962,6,62.86055899207098,69.12788430481272,0.04898408019125417,102.61836713584051,8.655096780285023,3,1,97.20376930241615,0
51.25448760956188,27.798326241489363,53.710905897238874,3,52.13808361679884,43.14912529924885,0.04572554355522368,143.08302007035246,8.633421731228832,2,0,98.31006640693016,0
38.52094520157267,34.07364475970404,59.110335251332,4,109.03094974531203,11.474324382924515,0.03159847142677962,136.30614099574615,1.2738299139341824,4,1,99.83223564361766,0
73.89360930203777,93.10167162554245,85.71860038385682,173,6.604721792530207,386.65329600660283,0.6626285304673452,14.770430551855231,37.699999554740714,28,38,68.29227738074401,1
61.46519903392938,93.73247245294071,96.63489745306222,78,9.360666783624701,225.02954478180257,0.7919272856803194,29.663293119763324,73.07458079104349,59,17,42.48524224944327,1
38.6394388124918,57.72571330027519,33.09187501713777,7,100.13001570088318,27.584043962186904,0.03437403931171125,185.3241159883068,0.09414282099171056,2,0,96.6488797711815,0
85.94539150795401,70.62107700985426,89.84834697246164,79,16.404772179179844,244.23219089540902,0.6749973136434323,2.6049799255677826,17.550723341940945,13,29,85.4020486421837,1
26.50183388355281,21.458081000738535,42.073737139102334,8,80.16996310098719,26.65337277509495,0.04763652843830892,150.60743447190202,0.03029167804587951,2,1,99.51323488239441,0
57.94789555813917,66.04559783951984,57.261523677704886,9,92.5020645413933,17.523620491318994,0.024041351500727916,176.10311841697106,6.678045330185386,3,0,95.23653540078735,0
73.04400711358898,73.70749067413793,88.64105390759539,28,2.0659015970797214,483.1288256661537,0.41134092692604823,15.61833250786844,16.411156473569743,83,6,61.2600943600097,1
9.544239651502444,14.66149729424912,54.73285317632168,4,164.36065464817057,41.92093242075058,0.028286631114590333,127.28838641962997,5.859958516043195,0,0,97.70177374126585,0
51.453204565043826,39.10944340132802,28.88191949437142,4,153.0480470997922,62.48673436132761,0.024044994273768223,100.01138138847844,1.8743783909022471,3,0,97.59411129720026,0
26.484907574474075,69.698668977302,44.76741353112099,8,147.52815692360605,13.43726463525628,0.04757667514571426,151.12161622425612,9.957285854891914,1,1,99.27124800896257,0
43.10765717714943,11.733254502496253,45.486506732243754,5,157.3089287228638,19.158925270971523,0.029081815422972137,84.27323628412117,8.436082945411997,3,0,99.40315720712934,0
84.887150235029,80.31453136096896,87.96519607861953,75,9.86145445513795,341.01064164347264,0.11188822498896138,8.451318865586526,58.28129738652371,39,40,25.128997493926867,1
33.80535291293704,41.770309141184626,59.60979579911269,7,86.23055006116752,42.37002731838268,0.04015978446248228,157.47382900012352,2.108269255923666,0,0,99.78376324656386,0
16.37491980439242,28.377284537166588,33.28835866217666,1,120.61008268574275,50.03872330558482,0.04921397727867774,108.09053684206908,6.470075882119616,3,0,99.50120465122035,0
28.739968179602464,20.095505106950462,58.52204591683675,9,64.38003036798932,77.36813172107927,0.04628192813967716,67.59487169746518,4.887945042191988,3,1,95.69381241504308,0
81.95191164917111,82.67821682168523,88.45607943116121,86,1.3198099331241497,261.6444990590768,0.23461116421656397,25.922638909344013,89.8784729111668,46,21,31.227256869530613,1
56.254860617237505,23.369679823901453,49.93870910516645,4,127.16999157947407,20.985973235148446,0.04129667823916685,168.23788775690497,8.539925148948797,2,1,98.6478742524452,0
12.569967735238915,63.071226139923795,37.444678407207206,6,166.0126489603937,14.629956821723349,0.016858879829857214,75.54766125392237,1.530990516810542,0,1,97.19428439734455,0
70.51519244292615,81.52567088940333,95.63154537681201,157,22.048164702558754,204.5151586053267,0.6946512144939113,20.325908381961643,69.33252748643106,50,19,89.69490413958191,1
5.117706311552648,66.31357277457784,24.251303774235343,3,157.6372288585269,74.88419398339208,0.012701977474548903,104.85164692087734,1.6174916550739504,0,1,95.59877799986278,0
21.164501892503008,52.905966690129254,51.36473734337448,1,121.74131595948977,26.105653290661632,0.03734388565762016,92.95941888572307,3.7963652760495337,4,0,97.32147030986987,0
36.05121572764078,41.14065471919069,35.88763223362484,2,161.52174152027044,28.067966223096114,0.049171586094041625,114.66821466836491,4.10229824645583,1,0,98.03896229613537,0
62.734717551281484,74.24066196801937,82.26646737663818,149,6.567895945895976,420.4215983883085,0.2459340683859047,10.698507434500373,18.36400851148793,44,7,68.31302090062646,1
19.91410258108966,25.612846298754448,18.561754664881775,2,169.58643590610848,61.38731343567277,0.006060562567297545,120.21018537174061,1.185033249010281,0,1,99.02224727356085,0
30.103262981591623,27.83004547679982,31.49091030352217,4,172.86338109780837,9.880548274665482,0.031163676027611532,63.411588974110074,6.089379668767013,2,1,99.28790124167769,0
20.363350533905884,42.351875690955666,7.9885701448077455,0,197.10785561568613,37.14697099851131,0.034321531766860106,152.61722059317367,8.783233495687169,2,0,95.51361720365713,0
77.36222934229299,95.62083008574653,98.56795264564204,126,20.94435652675756,227.11100169470106,0.7885035709865875,27.245678225670837,64.51298397880531,62,37,78.32178586878985,1
88.8404844982189,76.53663662791642,95.07111827818113,57,26.846245758645303,137.01916913978727,0.24519848766800884,23.4923128381224,67.52859008948418,65,43,76.8380746099622,1
41.898036966327965,57.60551456536211,5.518212127720695,5,182.39533299574416,52.209995672117365,0.008484256201353286,157.10464059350872,2.7808056884201413,3,0,99.51757227530064,0
57.56056788262379,53.26103851160019,23.531878415313457,5,53.12004130685621,60.45286950913786,0.04188131977370333,118.80178603983758,9.617972654611156,2,0,95.65646461721644,0
10.266418870327042,33.54882914934196,54.179615704118646,6,167.28073798428454,59.10858926271452,0.03982308028740441,102.24775674845147,3.003084738795969,4,1,95.41981877177254,0
33.48851801511313,15.385276226932493,7.34945565908802,7,152.18492557950714,28.256967442997244,0.038063388883986894,112.0798529731342,6.389679955513806,4,0,95.10879501421807,0
23.713405570426,25.575831028284124,16.25762665254726,4,161.9575636326054,38.743467903563264,0.04673577529908766,41.59673081211185,8.677455494259847,0,0,98.58528779599901,0
53.30159660354913,21.34814516871517,55.05659182762577,6,62.40089613825097,77.3740484346526,0.037406429537853995,182.45136067942354,8.64218565724099,0,1,99.71161729572466,0
22.173843115758373,13.22165034772649,13.688737201648468,1,123.12063047681761,17.951964534199906,0.004062497689874856,108.72963675944939,0.6212216314012275,2,1,99.44951796109494,0
35.68678874150541,23.944019292358348,52.2563513174756,5,136.9198426058939,1.705337325809136,0.03673490451077128,55.44854419698858,1.7333293271342631,0,1,95.65612062455016,0
85.73669482716181,82.17729906443424,97.50076072941062,59,12.168530941747958,494.62589398652705,0.7977327998851151,21.967365039920562,36.71910162197335,33,42,52.66950818309903,1
35.69539583749186,35.3037473693455,18.060000145929433,7,60.30525265466942,45.91720590605311,0.013999813405116319,57.4492904846684,7.913032537116221,4,1,99.82656055013713,0
5.035151948285434,54.25451763311384,55.60979393798064,8,103.3625313476521,17.975678633270164,0.04976280715563247,149.99450264223327,2.224305045243191,0,1,99.24209510437643,0
80.84134659292,87.38782269107942,84.3830968842285,144,5.01744305492923,424.81129554778494,0.45672779344444264,7.078172998491777,77.84216005097282,68,41,45.66317280407836,1
83.5049295045556,76.44171372055362,90.61925997251282,185,13.903859641566804,465.193826516764,0.501579376832698,1.4842987732296955,99.17119987894135,35,36,15.324447302747812,1
67.33194257031496,79.44280099760533,85.57239475927535,176,15.88007971920784,428.16533108137344,0.5093192303740024,4.184144533957689,98.94988447558612,98,9,67.75522689402368,1
12.458266540079812,47.093705866174304,54.79144744389404,0,124.10319778376075,16.484374531505356,0.04156820173972571,126.73423079075494,0.13697969333738014,3,1,98.26865073436345,0
28.70432538881833,58.574241467082246,5.382905885636994,0,191.04427442829135,43.46711759939332,0.029872988197127345,81.37611188683316,3.462560042750331,2,1,99.1318846845148,0
35.5495706919193,67.86461273523655,54.04866686754514,2,114.97102391714442,43.71600227189488,0.033447687444522756,115.38379757747666,4.089036221818743,2,0,97.21644488324226,0
45.49739014134927,61.100336309241165,17.527471193884224,1,104.96391536860581,76.37121069028233,0.0076945891041352915,192.01336210925797,4.365131952040681,2,1,99.90012217855536,0
51.41550220907587,48.38103669514956,44.03868510921384,8,125.13389638571262,31.057298823858908,0.02530213606032602,141.52985410893208,3.4714902114644595,1,0,99.75309535197567,0
35.10932756273614,24.867090679973145,32.709501036677096,9,90.63791419060863,6.441651232110398,0.02378326182738639,40.414297954110694,6.633085758535788,2,0,97.91866388670464,0
50.89724122208972,14.400848055291926,52.694291210069586,8,74.20253856733135,21.963006855700545,0.040859898948664104,97.76653714412885,9.326411810570226,4,1,96.68669013256748,0
57.8004114293922,63.476315101633624,22.905652130127724,4,182.98498879074197,18.675865265379166,0.04368778628109214,79.38947631258024,3.881276419459021,1,0,97.28893442574555,0
41.21997766476713,11.572640672977757,42.80745074117206,2,63.20574615328006,21.666980001054565,0.018557868938763267,79.51200549075898,2.9379069221420853,0,1,97.77924395605622,0
82.77767244944116,80.76110215356964,95.78216663005227,115,6.398037205135303,302.3385308533137,0.10165954281563984,17.904373088737607,43.56833033480139,81,35,21.235674877846904,1
35.80990435377821,21.88116431484275,50.95035001661815,8,166.29089314202298,62.88605033941773,0.020555633349576358,48.26730323868064,7.175552615988909,0,0,96.1312239288453,0
51.19796492141735,56.747450489298735,9.257572545722242,5,129.1756010941482,19.880690315192346,0.03927791678139732,190.00522596839753,0.10079929047910663,2,1,98.79603054558706,0
83.17543802349864,73.22731485978734,89.5470344138989,23,13.638099047034537,117.1429800097006,0.6904964730399179,10.343046109433306,52.659327773971796,33,32,10.085745103924342,1
24.913066049137747,54.75411745199475,22.465403433671383,7,53.60131955897364,56.18127008047326,0.03497990469736582,139.97127788231606,1.620525686769293,1,0,97.13660525047528,0
70.16441789535094,96.76838867634333,83.21588705459817,113,4.243942634155766,391.6391416637608,0.5905163108568622,29.320310017937487,95.17057586211389,28,38,73.65869635411197,1
38.10700909789817,14.212433198612391,19.855739442335164,1,189.46060756050088,56.04600317701452,0.03134197970557157,128.63913142083177,3.0961885270677127,4,0,99.02024046473004,0
22.25537796269274,20.499039344165872,22.293837279984356,2,143.4467458940457,17.535281542347754,0.035500478502800734,81.27809032405808,5.102321389510457,2,1,98.33282201057713,0
59.12074183323597,51.674587667576056,25.093693123218753,4,181.60134746663064,61.09693150661173,0.018592726206925897,187.82650734225638,9.391226038737829,4,0,96.23960321438587,0
69.37930022343922,94.44740838420756,80.98564220428128,176,27.096966593665876,407.6816789128895,0.07973309559528803,8.712950047036374,40.44499438907063,34,48,84.72851127660383,1
24.041893934407124,23.412055951329737,19.753788066133986,7,90.5897232334824,1.078871881368598,0.02466915765648511,199.75673310195424,8.753413742394063,2,1,99.00318417385458,0
64.11978078193017,92.53478081663468,94.65585292600012,50,21.371114870773926,313.531778827065,0.1891470117221345,23.59599971307255,11.36957256082235,87,33,26.499145240774887,1
86.9842311658315,97.6814638051668,99.80985398577585,122,20.078496401961008,83.20888735313326,0.7271816598003188,17.60932477664238,81.11297227864544,48,18,42.339823274091735,1
21.66511934815989,44.73094386482492,58.63036831721047,1,179.845383156716,30.942820863327825,0.016980419098567134,172.8661529369323,1.3650514055507679,0,1,96.0113650060413,0
5.9408259582215415,39.622772034231204,46.83241456751901,4,194.58588366987502,53.392489048926116,0.016208178044337104,54.84316372876593,2.998763443438315,2,0,97.89093851938696,0
61.106839251131916,88.32857319912199,89.03773933700526,105,3.4241692016318224,197.20089841022173,0.19238605100700545,5.272784676659985,82.71265954450736,97,32,47.44938149442288,1
44.95347595565888,55.5842284492668,47.19453599668174,8,193.89562283746946,25.62939216355869,0.0367839268263999,159.22557136936274,7.204519962432845,0,0,96.24852293503298,0
26.986158864220133,42.67533720397509,27.738374816624987,4,152.45443889003258,2.399063153187495,0.01811807682812201,60.5637380603747,2.0589168371028665,2,0,99.59983302070687,0
53.72249542378756,33.02164119862573,43.08112705404313,1,190.00932098922425,31.37424008963101,0.0118705860182801,172.2821556085375,4.865244659254413,3,1,96.81960641675961,0
27.166757954953823,15.582813448236081,37.78983055311647,1,105.69800916154341,72.52028122634054,0.0010855576285203727,62.969834794552355,4.1903203094990715,3,0,96.66848672816731,0
16.125652572816207,30.31699489920259,30.902356938215025,8,82.71254269014588,74.0976389233584,0.04752088913890344,157.35724523219938,9.982403148638653,3,1,99.40580033111115,0
58.134655338196886,59.00821135194571,46.72200250331344,0,97.9375303575261,54.77151471170169,0.02385633250352346,148.45815038082551,0.06458356141532118,0,0,98.83309050666992,0
92.80579427193963,72.38288770168566,86.69113046353222,129,26.090834490147767,123.43792208887177,0.20253072221557206,20.933171948658394,74.12697089835686,75,34,50.68575629729878,1
49.521207780832455,45.97257723597241,21.438850249626004,7,141.53450589901524,4.224653533595933,0.0020449312617672245,134.95404075855737,8.455972201269011,3,0,97.74017398625672,0
8.082525701268292,16.690747497583093,43.9187450864156,6,83.79236824134708,78.67507158426972,0.049301944235959835,55.326186481847444,4.292658223468905,1,0,99.90364865205285,0
99.03973645245094,75.23490709897942,89.44522541924981,139,12.66004670121828,376.1270204177426,0.22555942264853668,13.194578676589318,24.386660937680496,94,48,83.81179752994598,1
24.61207061815199,11.538092981944361,8.906032051563852,6,81.26475556397216,69.00193481747975,0.011569580019343535,144.47611483714158,5.872191552199063,0,1,97.56219246731303,0
81.93481970464956,79.39497062419201,87.01590850997053,99,12.092521366160755,290.36239363098633,0.28776067997780924,22.564879019925137,22.924459953572384,14,31,74.01020175138427,1
69.63524313590352,72.41006409389534,92.93007812616659,96,23.95682967045341,309.1772687872786,0.16224359248927156,13.58968488197989,84.08121451565533,75,26,14.675547621497975,1
5.647121153994157,32.97859699801258,37.64122795931431,6,166.12635727338684,26.273840175015586,0.008681743688393568,112.90572246946127,3.1871228469668864,2,0,98.82942040484622,0
22.380474896408913,11.883949932392513,8.952546602593566,4,60.81698240688877,11.10693542744347,0.0030302567878671195,40.64600124446862,2.1502169453206657,4,1,99.90150693743293,0
90.81552849794298,91.93441890090655,93.98724945993624,116,28.30831914786108,98.40707386176871,0.3890034076428804,25.851652157514962,37.87348378524614,85,41,76.75766893602517,1
32.65968686084345,37.705338475737435,26.611825620950146,0,84.07240073753104,21.34186250360352,0.006063343165677282,77.12715355840996,8.367085302667958,0,1,95.70955694938331,0
12.917919344435573,54.670630222691926,16.05187481794529,3,92.99972673300196,11.384398181897422,0.024464054070989918,42.37054338843046,7.588059338190128,3,1,96.151418731612,0
24.322395646391016,18.798660840780435,23.454884251314343,0,85.19145177415655,26.786366843700243,0.0021916098377215867,183.42927732443337,4.1435499080645535,2,0,97.0975244107969,0
50.26552111726376,52.027665919963695,9.919293576366734,1,159.81735074854544,29.31454603385063,0.01781633162249181,44.06317241030786,8.451110101168931,1,0,95.34494843946909,0
26.486511463173915,17.95508735036747,57.26575862558637,9,134.5965788535598,8.729232678606351,0.01202477533266263,99.78741378029147,4.984560589203709,0,1,96.60855293115952,0
22.211410595224947,52.10221873824175,11.91672662868062,9,175.6151876166391,79.64892782190192,0.011250967471504243,92.86248000732803,0.05287159771834582,1,1,99.02981678580056,0
17.71366459271214,53.10971446123184,49.34533868414896,6,76.94922437010042,32.722613854741645,0.047928037797691836,68.3711619833048,2.2361018508070085,1,1,95.92214755047675,0
29.45900820903892,28.51287768262398,11.908360691777485,9,124.89147576852103,69.75748384568327,0.02478136971232991,156.1561533563946,8.01064142120828,1,0,97.49811349583702,0
15.188823812534245,44.93357028428493,55.46323452816211,4,146.70984095643485,67.20477436185035,0.030240536925309442,151.37866461586015,3.9993515950655656,0,0,96.59359106817188,0
40.46241481419214,57.55351044867303,37.78734085918002,9,60.91027033764249,70.67893377442293,0.049170695567699145,58.67522514804378,9.431405373710913,2,0,97.08310970218025,0
17.567119864309383,57.449409183413515,55.9692557293851,8,136.89547649414186,10.212247305442483,0.04068977224594693,199.11575965111456,6.8398552111194375,4,0,98.91244866031117,0
25.7703058551408,61.86603183328328,28.812923751694296,3,101.69188585215524,12.664112412767292,0.043230479703146606,193.68148240349453,7.243466977932327,1,1,96.76658798861934,0
6.080762161280756,59.182944337856405,41.759617365532264,5,99.39220577134265,49.61032278502341,0.003624391168243907,142.1577650678708,1.6537599418047344,1,1,95.07016929184049,0
27.610283564061742,62.907449523599134,39.30805971636885,4,165.4073381388454,7.432536561126007,0.029527917576410174,141.20539292981073,2.218379261382913,0,1,95.67266449552197,0
18.90092551223907,38.28761573485727,59.36345389776444,5,59.68998688234312,55.12461397026801,0.0023915620207686284,65.91735819018128,2.211884661334577,4,1,99.78644046968242,0
82.49218784670666,73.36545684390656,86.20389579050357,87,20.056621043148198,293.4512355797913,0.5818238413373483,18.107675751074776,79.70863125904843,52,5,11.206286324371844,1
41.0595366185261,18.978781644966638,32.48447283824699,8,90.54988770426436,5.108109670167843,0.008415561712358776,129.35867860159112,7.71297441025494,3,0,99.08086212321028,0
6.693352133046943,58.47406233994373,28.470197469762965,7,129.37093135872777,68.12649914637602,0.04101175351610835,182.96645216941124,2.7425197859756145,3,0,97.32005302326522,0
6.767949428081735,56.44793967609572,47.387270789497805,4,126.20591522960287,39.313426334732455,0.01205509397352268,69.8791845791922,8.155087414534625,4,0,97.40554950887368,0
78.14394034816567,93.39456812837288,87.18374445284971,138,14.653730871457785,471.43399651158546,0.6967727731639748,13.191756139616283,85.40608836380123,37,43,45.41174040779518,1
38.0517398094182,67.43257893951605,18.900275004927078,8,63.39418868634414,77.47128131814307,0.013272736100840255,40.489933534107095,4.365125119225846,2,0,99.51932936063292,0
26.66291540389194,11.229202523451967,26.031252997554656,6,199.24598771037284,33.80945712054357,0.030746444770171695,61.22129659526898,2.4974425805241807,4,1,97.67538738576249,0
81.49000546562988,79.56415426078095,83.66013056128419,167,26.091010359849754,237.7993209329754,0.7564949999683179,8.694927508315178,44.51517747274177,50,23,78.93247634062257,1
42.12093562675586,21.05038763362233,37.096466329374024,8,148.89142703038306,21.14085418160433,0.007027386029970434,55.82836751668607,6.13541296269965,2,1,97.06034295472033,0
80.5538496484908,84.62497895890061,99.74485727712278,52,5.61557727751357,388.7389849174682,0.3755341519898812,24.898601450560903,87.70990826844309,20,42,55.79482382249155,1
47.52950505849026,59.20066169857871,37.66976459615007,9,115.04740873976124,33.06807831293647,0.005847317598414181,85.76050291284396,2.415529074456104,4,0,97.58459944019258,0
88.12094070511594,82.970640334306,89.89585830307287,115,16.313411416616685,410.32982601159114,0.4424649824653486,21.964178436546284,61.95063642572263,22,17,40.467431497921964,1
48.337973170221076,42.87659964663346,11.145069546663311,8,129.79387213418352,8.276504259975503,0.02967544858480041,156.27744112022975,0.9055431345904019,0,1,96.93170373444418,0
37.170917214961385,60.21852625258876,41.51866380025309,7,86.13903756941922,31.391583969660843,0.036754504969031036,75.46411997551289,0.7691756921254356,2,1,99.92181999429678,0
10.982057303469883,49.760669708038094,27.178348177312184,4,60.83483678569,75.96965848635404,0.00722255016707073,170.20095675901098,1.9870589981272202,1,1,95.22410528030008,0
45.08750021921067,34.53214995318277,50.22657568122684,9,122.08064834577343,60.786063643360066,0.023357910296758218,71.45356569694174,2.202308992472445,3,1,99.73602941422344,0
80.08173387659053,91.8890248409977,88.94046109382735,149,10.664829140228813,282.86511798532956,0.574382413419775,11.461692353473095,56.40412907897979,92,17,6.587569983599036,1
22.081514741508464,53.90954890192695,5.1334525345993995,3,165.9304932516228,57.68127740233426,0.025854151757314286,61.60906113316932,2.0821918826556987,4,0,96.15876204466333,0
27.43940572178977,41.56149417041512,45.23304742513626,4,70.12646354983009,11.437293997166158,0.034240256828703144,152.51512930456963,5.592213126024054,4,0,96.07643896786561,0
73.00611779953205,78.56553417626728,86.552078012013,175,29.78808245000632,86.8830384187817,0.4812204157610404,20.158845293245946,58.16884403604462,60,25,22.827719442553096,1
31.00742053397027,23.666396050221145,16.504390054662963,2,182.6825762877035,37.14791421583227,0.02216508951533688,101.52513578649284,7.493702655951694,3,1,96.71293391026694,0
25.039444577440484,13.478426478365193,33.22796621197708,3,181.80313044456344,40.734003232278965,0.0447655692681353,71.75271115530401,7.686278150929469,2,0,97.40179470205011,0
58.60381106711674,68.54805013335069,33.84158158779836,7,193.32349164964245,17.603943956829422,0.013358442958415262,89.77181467165808,8.851231180712652,1,0,96.04352030963588,0
72.10378981027021,96.6140908386219,92.51997512523928,166,12.573843017701275,484.063561582749,0.7635507177128874,28.038341309239858,37.83316645882049,36,46,36.797113581575005,1
29.0321165785058,14.736729773135993,31.46613621761372,3,170.79521121088158,39.016087951840944,0.000760468935569053,71.78161098256281,4.529289157452676,4,1,99.19118344374353,0
43.8635450186053,33.05314821433507,11.946291330277498,3,91.586993605564,12.225472706987139,0.008169281634557407,129.46421887566243,2.6229513268701155,0,1,96.63420602889138,0
80.38426132514866,80.80669362168697,81.85206560206109,123,1.636402596526534,272.34966309251115,0.6943326374747877,21.783117178688755,56.25511745041959,59,9,54.79664477251489,1
95.82641385238693,73.47587116091464,81.30044490506245,145,5.372329857937921,189.24784904563967,0.2466221336115349,7.810840097469586,87.66685890826967,32,48,88.47013309618727,1
80.54843069072513,89.66363948678915,83.71101072616014,63,8.340732627291185,101.79813607171252,0.4667987203800544,13.834724723434464,86.80761567822726,47,26,59.26143689737884,1
57.465115607009544,31.414809957059923,9.648167782332418,4,120.76806505675665,34.22546287666521,0.022083464746080868,133.87464916158558,8.663925827936481,1,1,99.39154793066382,0
19.765437094015667,37.02250338093235,41.643730082068735,7,61.52707659611659,52.63400334354261,0.011353330504889937,138.43733067842993,6.111198810868858,2,1,97.60400334694445,0
84.88776623653644,78.63047085411853,96.89885554839017,148,6.075800043669366,170.58088405133716,0.5013925493789781,4.343625172562464,44.35178788449217,48,7,25.841524013647,1
92.25447009503219,99.2321557859457,97.25381350494337,62,4.365001243349642,133.4789548343197,0.7825992395790533,19.709678420441747,66.34123490970515,28,7,54.880885226280085,1
97.7971279420008,92.29653109286978,86.96756695473849,78,9.664240438787397,189.66931461989435,0.31644684645826743,7.645601787960863,55.9158102714631,27,43,34.73727189574214,1
26.808429614465826,54.489818164021166,24.524585671102844,2,178.17708633432437,28.656374101485756,0.047232297306826126,147.0591263447993,2.3773735202385406,2,0,98.13101113320575,0
54.341761034424856,58.002043636433854,42.89319219568989,2,135.96600643150322,78.47669473941299,0.0077411623122186635,193.52678225373336,0.7393329913550117,1,0,99.22804344226729,0
9.373946033636694,69.52940049139319,44.94433853041131,3,141.55817853978306,35.74829343803232,0.0496806936393179,139.45216447325606,2.4736055564462225,0,0,99.73709906334634,0
53.312262945862486,17.298173567397424,46.351677560064225,4,72.40612512634883,70.6478428289117,0.047822438200331926,74.38892207194216,0.35256696482037,2,0,99.54647361379403,0
69.75305364088304,98.034719396704,86.39304112654038,127,29.682174899208846,222.7956152378163,0.4514096611675335,15.735437213103332,52.26829219218784,40,29,36.82933314865315,1
5.494861054366317,21.081350033663874,18.49894616021993,2,141.4579566906048,44.84227188930485,0.024030178546834802,185.31441410177806,0.548009140083926,1,1,96.13158326333544,0
43.23702502103983,39.83761457210497,34.059652410461496,8,148.16390610500366,77.01973936308785,0.03833236149597227,63.04993748809345,1.3026775463584472,0,0,99.75294239576158,0
17.168086333841583,69.9545690330669,14.740229965495478,6,197.55808579179325,26.51768987961285,0.026513887210471695,169.71667739982655,9.531792299980617,1,0,97.05309842725819,0
24.609031016885694,41.16654882825498,31.10809206786281,7,113.63685594085489,58.84341381510546,0.04531319032264033,41.13777288207725,4.837503883360147,4,1,97.57881020104941,0
84.95904009786453,79.6854725878173,87.71711711807943,177,20.85071967798791,84.2439971120963,0.2824772295595815,6.466486419833952,50.35481097532426,14,43,11.85352161218166,1
87.47106608697135,92.67521283831057,83.30214788927401,194,24.967052200667716,417.83265015289237,0.66716023007888,26.961037757064688,54.56022918534848,20,49,78.98397422959461,1
12.879214792030645,40.55905606419242,6.291429625678508,5,179.35510724199457,16.727138076575123,0.023738819422735376,84.42520762940032,9.215891043306591,3,0,97.01383770182176,0
59.177792319801995,58.675916340608374,40.575139132002406,1,114.47292606378443,35.26638177738502,0.01515696339321192,82.63914338171827,2.971471106866068,0,1,98.89353024788913,0
77.78808441345154,84.0300409706712,95.86187357479261,156,14.224015728487936,396.1791516864761,0.275988648972788,28.845192612333506,67.98899197208512,82,27,65.40597093578715,1
51.771435409340995,27.806141839366756,23.080119468645336,7,167.7579998825352,77.52327331194373,0.020597861169774547,136.50004003873718,5.462661161767986,2,1,97.45698142095318,0
89.13092736425045,91.99716783899976,89.06626879362253,21,8.81706040206279,175.53850302132008,0.14097644906483553,21.028101151866817,76.51782225317959,48,42,79.77926140561173,1
64.1994522530595,89.14881950038713,84.00502040159229,107,6.9888007687115214,462.5852662764249,0.1312421047059849,26.32865394468333,10.500441881369124,88,41,39.60466015519172,1
67.19220444261288,79.37674434405474,93.2516705119414,57,6.316394080368468,448.18786339738216,0.05694204424663314,26.379782938585755,94.68718419498543,66,38,54.63973088242795,1
33.51577766905471,18.12458431975205,36.32393239193685,5,132.356878992932,6.306185542006565,0.041961254846907735,157.10292350847635,6.886998038970632,4,0,99.23884044444245,0
54.40127885060805,26.038558180341095,43.832408320519896,8,103.17048064893226,58.946901585715196,0.0064974485109761115,110.12758858569462,2.8186978774056017,2,1,97.84930008256121,0
12.219132372511194,14.075395928595793,59.79800341740889,6,156.49807985521633,79.76149268215966,0.04371626368625924,134.83295457811988,2.9118227522785958,1,0,95.00569013609014,0
64.8325009877447,81.17107902864221,82.88343254027224,150,13.171279967532678,444.3578524790725,0.39034528755435755,16.166016870072617,13.990127648060183,91,40,73.84517213764043,1
18.429122774143654,32.16573851311815,43.876266045905446,7,154.3375017387595,57.97505259045057,0.03250501316092361,135.1056711700465,3.626719137665675,4,0,96.70943316004636,0
9.257849707045409,60.20268832895509,12.215077699781236,3,67.36124809375816,20.24946278314461,0.030702365399390693,108.61303560873593,6.785737108911393,2,0,99.22822805330195,0
71.57260218442437,81.76341498522882,97.30729963287689,134,21.847144870129313,338.94408512581305,0.3504691973278738,12.78915070267705,38.62213289042649,14,41,60.706994426642545,1
21.694228103055103,24.350746931500115,34.362629980091626,2,158.02133381684314,3.265250087696112,0.01194440847387323,69.31432398371955,6.795576097328774,3,0,99.7516819647735,0
66.18285060178764,76.20669594758698,83.57637648085824,80,7.145673101872277,197.82614890107948,0.43856891642900986,14.767453520054294,75.70393043025797,21,44,15.688335442826673,1
59.797739203037196,63.691735193189906,20.536307961974543,6,63.83192455143997,70.32460571755874,0.035662268307523094,91.9531302375238,6.364011046472289,4,1,98.16046322272189,0
29.883114910523958,44.94751717713646,34.05733581597259,7,99.61176472008628,70.06279124144879,0.0389075331570983,129.78013166523195,2.3240138111449973,2,1,97.88399814044125,0
14.823070881592054,35.7119819057288,22.763318840418233,1,150.79390234965766,53.621249021026,0.004771255479838522,63.084532356736304,5.987062226960295,3,1,95.60506496258422,0
67.45801338771368,70.00145410326509,98.31004409484657,184,14.81508661736684,420.3356612804817,0.31530929383079753,16.964008528676512,13.657744353270818,12,30,63.734367206040936,1
32.44305081089003,41.37663604701841,58.19452629219365,3,184.73637010858764,40.48860375503768,0.03683527562648258,188.99957640639985,5.506377248946384,1,1,99.93894063736052,0
69.92362306199487,93.56750911393252,84.44482336806509,192,5.29641084057687,288.0343235851414,0.7864939642222385,12.875248041647705,88.80759811553315,91,28,60.99325677618084,1
24.802056463764753,57.05024017821467,5.400854985616349,8,67.2572344777048,59.020817333058226,0.009861505604047839,81.57255200056605,6.007212625810804,2,1,99.51000203463664,0
45.441377061502,28.15980689551585,58.00614473568898,3,123.02930934176965,66.7647676817716,0.039059126362089844,157.53223742795637,4.495849851802206,2,0,96.26535270371754,0
19.614230736872827,35.93919537040378,18.759659871350507,6,81.612296645587,10.505923649103565,0.03962721133021899,68.51904904327925,5.276235618141019,0,0,99.36072695935135,0
95.63844181194071,86.97542404042565,89.83971419215897,170,18.304320316692685,194.9028427359234,0.559269594688933,15.212556601629457,88.98566865534845,60,37,65.29191568999795,1
46.13624290877059,43.18322780408353,24.56866314229515,2,104.89260160630523,62.043883810164274,0.023477363183724564,189.249322378732,6.456863077612919,0,1,99.33462685920446,0
10.779441565335695,14.276679377875539,33.653521908826136,5,137.6887930848706,45.206767324274836,0.025594134427800563,81.91396459771305,1.8957178492831228,3,0,95.74756196001923,0
39.662741875906775,18.108479840628824,7.761378314255844,8,59.05918222642854,49.75884813527148,0.0024686426399371467,111.54473527370199,8.448432623700327,4,0,95.83503053294878,0
36.36830795007731,55.35646610502458,9.651648365812953,2,71.78127663771802,14.599640501616271,0.04905936441403451,180.42374758009973,7.859893928887182,0,1,97.26081932752862,0
61.085933337861285,73.45500572754862,81.89248720678208,66,22.258852233183113,402.07658392339937,0.110303845202825,26.32707621746294,11.695039278622119,25,26,53.96311025389302,1
98.166316186529,78.59871005744496,96.89374143835445,100,1.929787613755126,312.41089879515124,0.29619974424717355,29.964624251560384,97.16953813168793,98,16,4.631092178424207,1
32.88195035306537,68.41531954320499,58.74367993904509,0,145.98394664943714,18.571735278180014,0.03530771109257693,190.36918595335106,2.1945466273549985,2,0,95.0003799785189,0
30.081153542779496,46.330086920386584,44.82865262227934,4,52.18168622941724,13.497639049684663,0.04142483200211501,105.28947351077124,1.377016772349865,3,1,95.24992525233782,0
73.05471489808154,98.15755190881718,80.50065962374623,173,24.40939503800466,366.6902989110537,0.3165137826245212,13.597157024903238,76.71191235428591,13,21,4.660873516736476,1
81.85945716809478,70.18932332996653,94.35668410937194,151,20.470479569633635,168.27914896520534,0.5826084299370454,14.286763491555128,16.369896043525305,44,44,44.61040648325301,1
65.85516488365029,83.15596522092879,94.30920380690935,28,11.789891760163128,212.56998899485012,0.7861698888747928,26.769830572239684,71.82153736937408,27,42,13.948764430895723,1
15.074300592547216,14.882144136911835,11.172114139900481,5,99.24730090004726,25.959497629054564,0.04235579715867722,92.3248899115641,4.524459523163169,4,0,98.09682177842323,0
42.32992298416706,27.831207374725206,31.845228243854567,6,195.84241408487142,76.4009604179718,0.046160579314976316,193.96999880815025,6.755637909058684,3,1,97.60999124999178,0
38.61914808281864,10.749650346121186,35.73799255119384,7,184.3153769699927,8.011182164451494,0.03054111344260222,128.3059262938924,4.118627561152971,4,0,96.18875531503933,0
15.704315766949698,20.146015423669063,54.16733303112717,9,165.4022765081117,23.740913948029547,0.0006889902638210877,146.91159256165434,7.039239430425207,1,0,97.94428292314856,0
69.60613858367705,87.50719026080947,89.27114866872799,133,11.46112802370912,368.33336355785957,0.5704603703921882,2.502350810373808,29.860542079150807,60,33,85.316508277116,1
42.00893942230003,54.59478712598449,28.07793789299378,6,62.87933214495944,41.80403694128214,0.006603562499817722,113.14259089968161,6.938031927059496,3,0,97.31224706012328,0
94.40636330718311,87.94793621056422,88.0887812232423,46,15.114809416148004,286.99475061487226,0.6538827607331059,22.212133213445178,10.359572696605463,57,38,57.33774568825875,1
31.321150352636952,31.65135431049344,54.48038087968133,6,99.21119189910834,11.420881995231865,0.007595905871248982,95.48407521578349,9.498654647027392,2,1,98.43447510775256,0
23.04315762581293,25.33245248792412,52.43088291297201,9,157.27741213454925,3.46954536511099,0.013004365454277267,131.3517355147332,0.13672036403792664,1,0,96.00273767484698,0
95.96586959021673,80.71473500146146,97.37522101801883,33,23.79885373418465,256.7507910726844,0.1397854745679501,5.574068652243306,20.09264362654307,44,17,78.29468182481777,1
84.97146902666542,71.16579520258296,95.50954740475613,39,1.5173269229499842,391.9869913377404,0.1680596723329162,16.724260316075615,68.93518402569454,42,40,89.80669908378607,1
11.393556999892908,48.91932454139463,22.224114223801525,1,59.87959926936232,67.24620829751585,0.0435892947527908,87.83698011560254,3.352499773161072,4,1,98.59782590645693,0
53.37222332717546,24.689584126743817,25.224651793397715,0,110.29799646971139,35.013699232594874,0.012569999836704366,106.16568437522196,5.0264989910485225,1,1,96.80575912866486,0
52.617040099304646,69.80823964341477,30.21979679616484,3,199.34837979561004,6.683382838573355,0.008384255136454494,118.23875314397513,2.718195277804899,1,0,97.15909647752726,0
84.08269156761628,85.5243015813833,83.97767243509077,120,18.804684741611407,298.8808422348098,0.5732298339208842,9.534880859169338,25.10081159252298,20,45,47.63717735281888,1
61.65334706778792,74.21000138727496,85.71986542620151,176,27.22567805330245,365.3123925485143,0.5728932039069777,2.1642909243979913,20.625679461268682,14,21,47.25706493680569,1
8.109952870413942,64.52082217251532,20.02818484021131,3,191.6662009099782,70.83271671664298,0.00585038963301442,56.48300467071106,1.6016371411632513,0,1,96.75177785464788,0
33.94850004266851,17.67204741127658,13.396512818823483,6,70.82339353100608,61.6651748188145,0.01993912013574009,110.73392505072448,5.937101252025513,2,1,97.52264286050996,0
15.709418283347695,60.595124285232046,12.857513565590452,2,116.39503081035188,75.69866291066931,0.011129601742548746,57.702383785300846,2.1359348029080847,0,0,97.18589167104294,0
14.618540500467713,68.3399442332942,26.629924020487984,1,144.27541980648812,37.2930051573867,0.028785889682689123,119.60098735627285,9.588990272222768,3,1,97.26154014587595,0
50.799292159471264,55.958681234912824,12.320045812721158,8,80.77273923801721,43.17073237388606,0.04362251822766082,109.2709049664986,8.539638689721226,2,1,98.56373548387784,0
10.874851427734766,23.703767162737872,8.91356440759346,9,128.18541420273124,69.42761053423483,0.029671968068535556,116.89548730019914,6.789486414504349,0,0,98.87318203556254,0
91.17857392709676,75.93601056393777,88.82842374252338,190,22.9266731495088,480.0071698114153,0.26231098136833675,22.65434388602248,52.52248262387006,11,43,29.11736978219549,1
11.266678677006581,10.736562914750365,13.1445574440595,5,103.13091955586864,44.47185416325272,0.013651126559640509,162.61397724373995,1.4018225085863656,2,1,99.28607038141057,0
10.088858672474988,11.179397092193051,42.62403688040618,3,182.74077818294288,33.83913572648112,0.03561648360571486,119.81142922216358,5.350130768571283,4,0,96.35181725975036,0
50.319092762509776,58.85269877130326,42.38614232168515,4,73.3682717711757,37.98993900125488,0.02060426874669155,157.36303146635234,3.1475141938441165,2,0,98.82663496322337,0
52.47738277000683,12.346482238283553,43.32171087772434,1,180.20295879648293,11.63731014201736,0.030445304235790234,80.49334260549455,2.0554365987663425,4,1,97.91411330935608,0
42.10302472471694,29.098941471876888,56.196760647922076,0,120.02714060656349,49.478981459858026,0.03796341631248264,122.87263811174556,6.5348056555404375,4,0,99.12225046479594,0
38.70280708097274,32.08853130515118,13.64868092628368,5,59.73260444376024,23.92098414624699,0.04289592379227493,55.139154275318575,7.622689642092803,1,0,97.35262872249584,0
75.92722366658498,97.68354120763175,97.63108566530563,34,17.933557407187166,421.167301160471,0.3414785993943614,29.97496807453407,35.85662909544667,13,45,21.246233042853753,1
67.95809261187851,70.86503403968146,83.53788524910244,165,4.429527398312625,425.38038180545726,0.7365525707999998,17.635748169786453,48.627487693123534,91,49,59.04683405604994,1
9.532582274905609,36.80252798799032,42.59607985493811,1,172.84401626817555,16.15242009683443,0.04422276578840213,177.3060364529934,1.595004781660908,1,0,95.10693293155758,0
98.55693605462412,84.57704012134975,90.15296806014419,145,20.63375173215992,284.078529192881,0.07162150329396548,1.855961932445701,36.972245093001405,91,10,41.707512040282936,1
11.698510543062046,36.76886938570243,49.990971810292706,6,99.13847746793456,52.06321960427328,0.001809873254114075,105.48422992827746,9.462176285944144,3,0,97.1434379651247,0
10.78682700479315,18.126294876926067,38.223592414533506,6,103.00222887933162,79.67265308620058,0.025130403126594827,171.4506381335503,4.798357486987434,4,0,98.22365917251535,0
90.26069919322987,78.61873687981321,85.99379712947413,168,26.322251257163217,191.74762976013227,0.5310659111847138,26.30789425807172,40.097135173274935,68,11,83.29170312099217,1
69.92609059157628,97.59108251968921,94.83087594400743,40,26.53832140052093,92.32276845968562,0.5406449182270657,11.814193819103794,51.01652989817063,80,5,17.863152870252843,1
80.42208544194865,72.02698749912415,88.69990710637742,122,6.8174681245280455,206.04724129973746,0.12184348655538467,25.913491421468006,73.38830300604357,53,32,78.16973616951606,1
72.29123457393251,83.13499841160385,98.98291272105902,85,2.401128930225127,160.18010145237906,0.3604130021527001,8.696554373121263,58.547594371558546,95,18,84.65365401833304,1
94.55883754677302,77.16896378504003,93.30815509940355,178,2.7885845605442103,220.80519735961457,0.7006895359232694,18.802096669326765,23.936733480441255,77,20,23.895143206235385,1
5.242937615794312,33.32143762617832,43.632319738982005,0,190.566085633308,27.0795724837504,0.022982104564926067,139.78975864350815,4.718405455194289,3,0,95.98290486664426,0
71.60365375976193,82.09644507706443,92.93542480858825,48,15.913753921602027,491.041697300122,0.6941321936679744,17.669949991151043,72.5651764137751,65,18,57.86738633106854,1
48.77317403618244,25.281307006746452,48.583437989558774,6,88.99158330581412,75.37510951691478,0.036461144248944276,194.15977460454803,0.10540805213334559,1,1,97.96362918140534,0
5.0525271127703,46.3925307081135,54.392600062543174,2,72.40202177455224,22.41267768569601,0.01465443707689872,183.88559638482312,0.7169044907020528,2,0,99.05219078449,0
72.67764944266672,81.97974290576384,89.98577115252937,37,6.364301844277601,429.71580482098017,0.3561896916176674,18.576065666283412,72.82679597310256,14,31,5.491739552292238,1
81.27089806270739,97.26456556489276,87.22607375464078,31,23.766234000228465,276.5448723499175,0.27860860304611207,28.866687883922378,93.03197352442005,62,28,76.57531971423481,1
11.85909181376351,38.11594136936503,12.448745407036785,4,175.1180199954207,45.632514468035566,0.018959907769779058,179.59261586076602,1.2263368934281993,0,1,97.27390117025593,0
36.7298161232202,31.59749066271344,31.513852462043843,2,133.46802785186503,1.2947222609027598,0.04752900290639473,106.26013143439685,0.675486299940925,0,1,97.58094695974201,0
44.00662207779497,51.75477753084139,32.30278777593945,6,113.47059490013868,25.40571221005728,0.01717915082851662,182.2876402047346,1.3371104641120102,0,0,96.11717111206146,0
31.488909905293117,29.621613328039288,20.10970890151853,0,53.922570911750555,12.970030757091035,0.046291988407638554,62.363264669162476,8.626340671456962,4,1,95.752841156261,0
97.05529802295597,73.50643700089309,88.35745339225599,188,21.268260722922623,461.03358841773456,0.720710025546126,1.9125324289999197,23.419010427145956,69,26,33.03311728260724,1
25.54182963422361,16.894918776325774,16.25009948816602,2,175.96632135599629,53.468873023658894,0.041627194268357696,197.67163000910475,8.656658337216811,4,1,99.99820155430841,0
74.83532439394077,87.13244872149227,83.89714000245866,44,7.495715528947489,498.70127807168024,0.5632701443991694,19.156634896510223,68.80237353583124,33,13,57.79647080747191,1
41.786415087927054,41.56643401354361,38.70594173378583,7,117.91433909871533,22.50406423160273,0.027275484001347994,105.94952955400352,0.3503033428850588,4,0,99.33019114361471,0
39.97445404572085,46.744681952522974,42.57936014494013,4,181.96867095528484,61.601087963119994,0.0027442756764358258,106.11116875520081,7.668981803605,0,1,96.87090126156625,0
15.806938073123362,45.861342707679526,12.936569143156763,9,146.7791769024049,20.556649243007982,0.03335868279877468,60.829316471116144,9.873810501491961,4,1,96.85816769269876,0
8.134955384199845,40.54319172406839,11.568039412879294,9,79.68193819677214,9.58026914468227,0.009328529652926866,155.51110935132684,7.211446878078439,4,1,97.28843580776453,0
89.54613126125344,77.36546296580889,89.97668367195578,135,11.760151739864664,85.5710962172017,0.7486892446260053,16.587325473375547,19.129797572299417,69,47,51.605117919805004,1
86.04623606282317,85.64609450168618,87.51767677055663,166,21.268872179807428,353.6231066732501,0.21801986591082728,23.19833760769507,15.059645862783555,34,18,13.975947844996567,1
30.225215165426288,26.366549093892043,7.324611257188048,9,63.713083557158384,33.19833660023177,0.03125508057017022,158.76340061362976,3.8327453394781075,0,1,95.19256244436946,0
76.80113905626746,73.44404083636881,83.80134122702947,121,4.747553586666746,121.92804832968474,0.24270135234502954,12.786773182865275,88.8150791483237,61,29,51.75122185465441,1
32.70917157828033,12.983301400175161,58.73933032259481,0,87.55733142206063,18.372027298640354,0.022867940601440873,80.50919664553474,4.485709366877115,3,1,95.29334388182185,0
9.641357071609528,48.16139713331228,20.725072535592563,2,158.4902753434469,43.05040906587131,0.017968509312848126,64.44990525757525,2.3176400371868286,4,0,95.61213570802425,0
26.011357516086836,16.304352895214826,32.58467839880058,7,100.75604823964379,34.22171603821612,0.03843198591223041,182.75236745806131,6.8475665492294855,1,0,96.69252504811278,0
47.11583502671668,18.622076160469526,32.624602841584434,5,105.74912355552965,41.38078406110861,0.013044840973530952,85.99205784070367,9.54828096985229,1,1,96.4026613087356,0
17.263124584182275,54.86981652099415,51.38149465484792,3,164.68912237623937,35.27087951340617,0.007497102220804963,151.14880920177694,1.896143407375882,3,0,97.39615980627538,0
79.65559643304121,89.62014196104441,97.4021214852219,76,1.8271990743756135,203.46770924121176,0.42120923140964944,2.5341630085590907,59.728180347121864,32,27,20.050413162417733,1
44.97719473405169,23.78084930414348,24.10256146852476,7,119.9192309592832,30.331585407470968,0.04069461304666622,179.31267190615338,3.05423813762826,2,1,99.74960308281867,0
39.52383547511097,45.89173676372036,30.62559523548266,3,94.03238432021118,49.674175984129164,0.007889143841009921,119.83736962241207,9.71683138693982,0,0,96.86347546260362,0
12.01616148286049,53.589446157173825,56.57895739436925,0,139.86243806975546,18.66652685117023,0.0454183404376175,53.597290380360754,9.292001596931183,1,1,99.55063776949729,0
46.970912788523,27.902473751358755,58.45066517636005,0,71.87096332561815,46.741085893413,0.014854192337436312,115.3170722259118,4.577323223692971,4,1,99.77407530248796,0
46.45301295012938,51.57654571748479,56.025922003657186,4,92.43778377934592,24.679383540731486,0.03278199201369409,72.60898918114879,9.6851625402948,1,1,97.74770704455351,0
50.92645383877548,49.142397729529776,19.68743285827773,8,131.32720504577935,71.81740377247782,0.006180184291542196,97.45089830225966,8.097013413150849,1,1,96.75780444023677,0
84.35095418664899,86.59195997643269,86.77489993758074,128,2.7214510291980507,227.7966485440758,0.48869476809137896,8.61863389749153,50.95592663722423,61,38,83.04294547329313,1
95.127714477434,75.76022371491295,96.1835361898119,87,18.65324072915868,375.524402424771,0.17408883972903155,25.940493487829023,52.05949549993388,61,49,46.794500331476414,1
27.518814859564415,49.82125057709914,41.99696059934983,7,159.36359155431717,23.35697087573005,0.04417000020772641,182.64803267505445,6.425265858499591,4,1,97.22808696662057,0
65.06628617717695,70.39376609339669,91.71543627983912,55,7.692521746539929,271.41140462498714,0.6741448147276837,22.22676142686305,95.87076406553918,81,22,71.5663957463747,1
6.795582393332273,55.564046257187314,10.509900775513989,1,52.62965696911323,77.43320437985821,0.016193021615875637,72.9714124362749,3.5811773574315833,0,0,99.04718738179409,0
51.200358109118106,17.703973556186206,51.17646279703139,3,183.80841965610827,19.164407942906383,0.0005606936748012604,147.3533674463529,6.025808076358002,3,1,99.04208266545037,0
54.54149023982287,40.934542430528154,18.34699749017979,7,100.51614152667604,8.3020179922833,0.035200508236243044,178.40142955295292,5.856709229546581,4,0,99.67344647011727,0
82.21159322210774,83.54367278637089,89.53206777250858,65,3.154091538109201,287.12166006990924,0.28727959469233055,29.720165519434662,87.5795675533201,90,11,64.88147872077137,1
52.83553867314634,29.275566554217768,15.316297013575245,3,187.67782333570685,68.68408381503026,0.028727363265759982,130.23399238891523,6.221867705918561,2,0,96.03125729898206,0
44.22313025956909,35.847214845745995,8.631703568336665,3,129.89479852417298,35.08410902591897,0.040633883073077914,97.56673382002057,5.484575765202012,0,0,96.38352759649918,0
50.91052550311764,36.37146505299367,25.643061475451507,0,180.262847260333,11.787657844013237,0.031558341735199225,86.74296449910261,8.55036215807864,0,0,97.69066499749934,0
58.07559459172171,18.425743634260428,26.46212436958925,2,92.30059257349637,53.39660116486671,0.0030057246741853395,126.61185111520194,3.3168434947109637,2,1,99.40059092852043,0
50.426617664472914,44.59750498935715,18.06918702645301,5,94.20386836178143,58.99758140086767,0.03769218008796545,61.21702327597697,9.197847404061596,0,1,97.11866574701085,0
42.53222359760765,48.35798373170222,38.72430068882583,0,53.07695288218967,42.52646528862336,0.030360358786640968,126.54011926985093,7.268683658342975,2,1,99.59691392425938,0
11.493807898766992,59.6224779591464,50.56402105102109,9,185.46058080838202,60.156285840522266,0.026591239700088632,142.47597310695994,2.033940818239918,2,0,98.8012518216395,0
21.456456511688433,27.23528415874477,15.105952637266045,4,148.22856721288414,62.64159136372873,0.03604478786433623,43.08927606626264,4.737285811656519,3,0,99.9031168939175,0
32.44845307951067,35.244037793765315,37.22935199540002,3,74.76530083640459,31.273859601276822,0.013827459976044842,144.7002165985905,6.490829687564793,0,1,96.8192219849066,0
36.208569159850924,62.57896474198394,28.784856870910364,9,136.77595771140378,39.08271698015396,0.015306960828420669,110.07217901615492,7.994363263247843,4,0,98.37678384942532,0
76.73018644675943,94.67668589182128,94.7456594790379,186,15.930372052637473,93.40644702227361,0.2819394188960304,25.359122917835442,34.16010000351897,30,48,7.000428989738348,1
19.780838694609372,41.918886614243334,37.79808221223797,9,114.52282755307593,50.57010395305864,0.0017390939803953232,85.48095918658058,8.903511686994543,4,1,96.51438385846907,0
36.274892306073,27.67729550907311,58.13224081695518,8,55.06224596914774,30.812975078530386,0.027166291564377127,56.740166485079456,3.4448351601021185,2,0,98.47838638435084,0
71.04311607238351,72.44451456619773,98.76996830585573,119,25.915127591695907,434.0227350117383,0.6161067017671552,27.888438384436018,26.021805525925902,50,17,34.28397745425722,1
55.366621591124556,66.63331879561272,39.10936255104009,4,112.97197976138514,28.07490811382727,0.031744463169357376,90.31556206490045,6.786333977861827,0,0,97.75649388485567,0
27.519712463265186,41.254049115630984,57.29764133731941,0,58.77067214554171,36.983051903591075,0.02894772116414264,144.14852067064703,4.096771658150075,1,0,96.28579636254186,0
53.29335741403975,18.043423848690743,49.782384945219604,3,187.0941223133601,46.710307011515546,0.02416926769301462,158.93139865981738,7.259931487418473,1,1,99.36408082118996,0
31.035619748403573,15.918164617914494,45.68245955577319,8,67.46834618125256,47.3798178134122,0.016843415319103716,135.5836526398623,2.901856126991608,2,1,95.44425174284852,0
46.300322779653285,50.42241409864857,21.529992064955533,4,60.4102419226497,67.52418497847843,0.02669506369159145,100.71272104399051,5.729682160534519,3,1,97.26244978978912,0
17.697702728237818,36.08366112205159,47.7918534765518,1,76.74182175080833,39.6201349494349,0.04559999513197703,126.29630820582713,6.962979236950252,0,1,98.22179140999246,0
12.583245802034234,58.38521785624256,36.4607729628067,4,178.31971410334603,27.363363691646807,0.030330184225593405,99.12614071252533,5.48305301991747,1,1,98.93936703867755,0
96.084913266574,88.26604790998033,83.85276054999079,195,25.078870454033115,464.36533312326685,0.5749200696066924,15.747735570279911,14.419082580415179,86,31,76.27662917382936,1
91.27245398341054,79.16359069178051,88.51365131435831,198,15.40311826989783,290.432840644145,0.5390816950294196,11.588129261823523,86.0237363115372,52,24,33.02415565125963,1
61.966246955837555,92.31139153493788,96.88460556941642,29,26.910795716813283,416.57767827374335,0.18531506365607436,20.516886410178497,25.570928939649036,83,29,16.22027315493105,1
15.645061859065184,53.22403894374152,36.38924525664315,2,190.82952979073715,62.596176000429566,0.03396658571212916,109.46381153568325,6.507511252289938,4,0,97.23401006462976,0
31.371038289416873,10.351283085154865,53.946496010340944,1,131.51893949476232,79.09370962374328,0.011552789348482901,54.237899778148204,3.0146354941080187,1,0,97.63412477873376,0
93.98216221051325,79.8830577156886,87.79412763785862,59,25.053543686002243,303.9653909088115,0.30039627429808274,15.040185468023369,15.821665846337503,13,44,74.6557291908232,1
68.92412198326801,81.61925245984364,95.20400723597619,185,9.407624445553862,84.98351816031077,0.08907107736559357,21.74549973612862,39.154304213085055,43,7,49.435599160586676,1
54.06004307364537,26.27451343078072,15.13434611892234,8,97.35173098483897,46.86328886735616,0.04356960208374961,70.53117997113715,5.888441857118901,2,0,98.67914064423248,0
64.39908583661564,79.07236942725257,81.31336968929035,139,16.818854957289982,219.31678420396358,0.3152615261570034,25.38324824561866,82.31098770402237,91,41,27.000453642304294,1
22.729950429657887,12.857396929896495,26.169732737315428,0,170.89408463879602,28.094806711286694,0.016445647215795414,150.14433191328527,0.7789151913247327,2,0,96.31298370401468,0
35.4970669913352,45.006091462601596,40.7743372308839,0,146.10761603508365,29.940034878885424,0.0465925153655376,99.53978257791093,0.16544250434418872,0,0,99.86198261997558,0
29.064011674778456,24.651825065550465,23.944881047288764,0,81.1365667724474,9.437412962391239,0.036115629201520554,122.36475788909067,1.6880768942359903,0,0,99.48526596668358,0
31.790144696294664,65.30005253761637,11.073268979239915,5,137.84545177219917,43.57412112271304,0.04307567376620406,62.56016097867297,4.103340019067534,3,0,96.09934433885284,0
26.861703660531276,29.63870307905515,41.774421477023914,1,158.7058698385519,20.202810342584137,0.01746909953292542,49.668470102155794,3.9346650513578183,2,1,97.76004053807574,0
41.34472336812073,21.093596863448354,17.243180630698376,2,149.71766459775785,41.82737772636223,0.03352158723141187,167.81249702602622,7.52538000752939,1,0,97.84953005926266,0
25.501427428090544,52.656759558527035,56.84887308147547,9,56.56052822417939,33.130873844389086,0.04814233512351784,166.96212151347993,8.584008274130216,3,0,98.58632991284912,0
26.71651730206956,27.269986183708244,13.019250825502843,6,128.93942703045354,41.6447675276551,0.03593993136152256,78.88084413073986,8.40459976293043,2,1,97.82283399817017,0
10.719826027103736,10.483185129232451,44.13607497343002,3,132.43140095709128,23.02731905458285,0.011447531908487157,67.25186945086122,5.420304594110434,0,1,98.22575505728477,0
15.739005441085267,31.888884717309192,17.504186674292807,7,114.67879979345479,71.41113448776737,0.01418456064742914,64.14712164382499,0.8014788801801775,3,0,97.87286941344584,0
71.52625637027523,70.66014931980139,95.112358556128,146,4.575800842940311,478.2354998563087,0.4013514260010374,12.255826854141292,62.28504451328464,98,27,55.31825365680726,1
24.17914308641304,29.555030897989784,8.339602787666156,1,75.72777080018082,50.649412435781834,0.0159952302735784,189.8786269040077,8.029262048605391,4,0,97.34269456678307,0
46.19106029511867,65.29877855540478,54.472395498610425,6,165.6136756071593,30.041557539288632,0.009460421048444618,134.68170074731745,4.442855415907684,2,0,98.87064285847975,0
49.83166111154127,61.84981355122581,52.756917310530646,5,164.80618755474512,25.527961197709487,0.026872721300052728,138.88875675662234,6.274980787888263,3,1,99.93802378117108,0
36.900677352079335,11.80276322637698,53.21730736752135,6,84.88152063136144,77.39069387988171,0.043625388982912294,44.41936061493544,9.161328591649703,1,0,95.44848688688444,0
36.62129672891916,20.13750111890417,37.808606535139006,6,181.08243952449396,9.519335984148347,0.03831895853156747,196.29647292766072,2.7029150706321614,3,1,95.84182495980987,0
62.57431249645718,90.92681560726317,85.24994664637362,88,7.347558172076427,317.67469327001805,0.43215247490417535,5.303520668050577,40.88192036478999,75,21,58.413442574281724,1
62.528710346841656,99.52158771044492,92.65746883120225,159,13.522133438784792,128.78095721661055,0.09394360343628937,13.045747016095573,29.88081902858252,81,49,18.94486657521965,1
50.989180981184305,31.032250592407774,50.303029641372575,3,140.68853323652013,49.00100046762112,0.04935671059413966,117.27273817414525,1.6100486032542216,3,1,95.2867198630751,0
78.84681995634594,78.91749375122193,98.56545711557462,162,17.206236921072843,308.2980895799014,0.44457327826972454,9.490542597203284,63.49233460820477,47,37,0.2735590320828851,1
96.1340413592657,82.18165164396409,80.23735863504476,58,4.465121367822092,351.2492006630543,0.33717583773658677,13.994931753643677,16.611444221469185,34,47,12.818667118720866,1
85.74485245841186,74.33384950204402,97.99083380235611,149,1.1834124845681626,337.7104766531165,0.36813373048409426,2.98836224239784,83.46799653486231,72,25,23.27284421604972,1
38.07332958977965,11.408248879195757,37.84974883696264,1,120.8620436629893,61.95695164464634,0.02810976110219947,177.0266350514903,8.34290733988419,4,0,97.6016467814277,0
99.74576820584755,93.1653899507574,95.21216889648143,47,14.186182468338949,210.883585800673,0.20355125604306157,11.636109851300258,88.1948028977751,63,22,58.172295218689044,1
49.422196412434246,31.441004418290856,42.518760555436465,8,138.33312493710923,35.651912226423164,0.031163228051703403,53.23336811863561,2.9962734439423757,4,0,96.70738782917424,0
57.00722887466341,44.81137926954574,19.39662015354478,0,171.07812582187682,56.32356080986186,0.007809009181203409,190.10793426964392,2.980240056035397,4,0,95.70620032410133,0
29.639105858316277,68.45297051659448,7.341362355946788,9,122.81348899272784,3.46890677209426,0.019815338312093835,135.48512665944776,0.7594589144888253,4,1,98.0191152013273,0
15.923928229518122,57.295820656690566,15.944832577523192,7,196.52871459535584,12.63963727279845,0.043302192547939704,50.80107528571965,8.2260271679233,2,1,97.27012831115948,0
25.766223453223443,45.427311145167714,15.492084032365346,6,159.04124482605027,22.798384888994082,0.030111316459756378,135.559106309693,5.687541983828712,3,1,98.24261176949251,0
90.39654979674552,72.69480038123187,83.88422484530756,180,27.48077628582575,115.09599410152019,0.2828329235946124,25.641624053074054,57.87663490567221,33,43,87.5405057970412,1
42.421278839448796,68.07266827783609,39.561601881074395,4,80.65230255255884,67.7630604919841,0.005105748925023418,187.57614771776136,4.5276392921897415,2,1,97.17907840277765,0
42.12669909336457,69.71609036302374,45.026029088312335,4,92.66735040582262,10.92663338978649,0.04056478719595677,189.7191919953345,4.29978723332082,1,0,97.29706843773883,0
38.90901198255745,37.41198152935333,52.40940698690124,5,92.59422213900578,77.56980960542141,0.01460847767464531,170.95753728122006,8.76519409134038,3,1,95.83233477029327,0
23.079184635518523,25.116166430415618,55.66608402583981,6,173.0709468888045,71.63766899636865,0.014257993503268097,48.114144299830826,1.0760049144493689,1,0,99.49634163205899,0
25.028051414750106,48.0590769071787,25.142584986144715,0,108.80636573961982,61.35628175807563,0.02494611664455102,157.0703583826699,5.466991236636497,2,1,99.90047658194399,0
30.22065371185131,30.910706918077178,33.32836571016853,5,172.74563040665407,33.47038149228795,0.03924052592275629,110.52136467850382,4.567268682640401,2,1,98.95447599925713,0
33.528594183471924,25.055631920602032,52.8273977687363,5,169.13076960503435,48.11488053386381,0.013285675894009375,77.57086130491862,8.324282447906816,0,1,99.76576707212308,0
16.632309124260193,41.102678735781126,8.851968196233528,6,101.41898168343742,68.07426739756795,0.014869037517180063,136.8009161308701,6.63654345921736,0,0,95.27726070333,0
37.436472736964475,41.81626207570632,9.52014387974542,7,165.26848780673362,68.5821430045829,0.0021884101032882187,115.43676841183026,8.906952418253058,4,1,98.68741092917797,0
96.79464151552651,79.70500977449304,82.81639467696257,88,7.668659632476327,489.5196384639797,0.0977326681761931,3.004025882366026,49.86771207652758,52,25,79.84750742752978,1
31.092877924772672,68.60929312257434,33.5051406398252,2,67.86902511591325,13.378574149941471,0.0033503343201789107,151.782603689423,5.4391843600093495,0,0,98.44374700558667,0
77.42366828685874,90.7106898845153,88.11036489993754,42,15.140059938996313,440.7792580308357,0.3795188154338888,2.871492995239783,49.93623159149006,55,36,13.808588309175118,1
83.25666035041529,91.85189552072931,99.62073124845274,181,11.872526927189275,138.90540869832813,0.16373950119223174,6.724888336131671,24.14642902377945,45,46,35.80504299561775,1
73.7558120826858,81.57377848259625,89.82872624361897,195,27.115654115694067,88.4849531826549,0.26962067516250227,10.82448727749446,64.758091118621,89,26,75.24110563606263,1
59.041755398645606,20.020590805744447,32.07545099537878,6,98.06644270984663,21.016798097428588,0.003587212430518583,166.50726260797626,0.5944316211190104,0,0,98.37905028140061,0
24.18947115367143,40.66178438530037,51.575904894753094,7,100.73496209954735,34.950303271079434,0.00868913177015806,70.28089589986301,5.935812782682673,4,0,97.9351438691868,0
94.63562568251962,73.32125828762479,94.38296237765067,170,25.354978291103368,95.72497372999676,0.4524184860283825,18.415875878279664,18.503449694516526,65,11,28.80374777864676,1
58.28599814277313,17.116923825622756,31.158875371930765,4,134.83535236402759,8.980932590300327,0.0012697844118195413,56.23064843358898,1.3057568520843443,4,0,99.80474473168837,0
50.03900402929284,67.06348552893905,18.383432967795727,3,156.90446893987237,74.922830897197,0.003132884113843343,149.43297043383834,4.420903342269002,1,1,98.61949104839621,0
79.1608163861028,79.64846457945185,82.41986132511592,180,9.695368537928102,486.8037630771371,0.5764794335582333,3.536557526269968,81.24175055940502,33,39,64.51174189566296,1
33.52220146629679,20.868309265092037,36.9940494713136,4,78.99318536798924,11.717617551326912,0.043110929938952,162.28683908540904,0.914385217007242,4,0,98.01173430393062,0
40.730397554644824,32.9115862604836,32.9819207268476,8,129.67067602975425,42.68635118551536,0.017098235516158883,111.47565417760178,4.184227851619347,4,1,96.07679784127451,0
70.40637685633718,85.44450358970283,81.88946208579947,89,5.1896990675089745,450.89036365008815,0.5699803413537353,2.195716636882019,15.009903916729728,65,5,58.82329711155319,1
53.079534150231375,16.40800183384252,23.637972078852417,9,84.93816277956617,55.43429156262009,0.005680714795017095,153.61988798969554,4.808564174632962,0,1,97.54579419787082,0
74.96577943915192,88.08831049048433,95.42702149152552,109,15.70428531797193,390.4099195006056,0.38410179268104594,28.061923507857056,70.67137058733024,68,17,55.44136124249817,1
29.50233233199898,11.025711410554672,30.110429909333394,5,109.62280331062055,25.067041010413128,0.03815329553189496,61.76883416260516,1.997746856849285,0,1,96.94793454610311,0
28.08014262105375,61.325586795297475,9.53173173651188,1,79.78960019649051,62.42950255657918,0.01942192940287108,124.54736180988729,0.2300337465662461,4,1,99.86157942328413,0
65.87622316952726,99.31135263578801,84.77201780863008,49,2.548833641518883,134.1309462232424,0.49543249395810435,23.149548098205628,13.505887701754794,59,36,4.470253768466258,1
47.58404664568068,11.398613712455049,45.500254647261265,1,139.31845748869227,40.43598768610157,0.03759346220656726,101.14813044897538,6.928637089604637,3,1,96.58922307105694,0
25.334273945792035,60.760832921119096,51.17726174515965,3,94.397959161008,59.110009413949776,0.04204695254515979,49.66409318046709,5.981135082313864,2,0,96.29940288615738,0
38.52238341677492,55.77559005694812,53.949299647307015,6,118.51873051438996,59.4840098188603,0.020877664738267944,159.29457188936533,7.0977289966716715,0,1,96.0213748729005,0
18.95075071488736,30.45122648405294,5.224635392082791,8,85.55725318247576,40.22840475868563,0.014690221054978992,77.26520188386976,9.400946763984738,0,1,96.30451636595015,0
38.232015301658755,62.814830645789854,18.286747025733302,9,100.79979121147497,68.54721713004965,0.02898317877366495,79.03383798045328,7.158596533169355,2,0,96.04659048458252,0
32.238243638437105,57.055124077146125,13.941282176637426,0,90.64494531566861,20.21976801397102,0.008334181580099726,162.70160399094874,3.4408195539214614,4,0,99.89658510190633,0
32.44269806068432,26.57239971704868,9.508706108342313,7,126.11294979189844,79.14439652732607,0.03371874570895134,163.59172964916593,7.3855794299579225,2,0,98.38196429347221,0
12.958881635644161,69.07387184202932,15.920711142335357,6,137.7849065982861,4.3233051482965195,0.026932297096940762,72.84337367670594,9.288674447173168,1,0,97.22056279723044,0
88.54270654660625,78.54378218833524,89.24847394378014,32,26.095977741598627,400.37932089756106,0.3061546654651118,18.908413527709524,48.709605528487515,95,11,85.07602790268103,1
23.055009129660167,41.44480398471116,34.60615379765302,2,109.8173168129842,45.75772147961451,0.02989938927035134,164.5781436536877,8.605281508591064,2,0,99.98415136725342,0
55.806062134555766,10.553288094814777,48.44446774040465,1,175.4059779764286,38.48145758195558,0.017675402052353597,170.37111656427794,2.183956611932482,0,1,95.20155622829826,0
11.327849245376822,48.87682683101582,39.84387656721473,7,154.79689701152014,33.73319604003214,0.02449669864317949,82.10337822124038,0.981282496299205,2,1,97.81033497152399,0
48.353820063519066,35.82962277744747,30.073235566270096,8,113.70646327628742,12.982433019024533,0.009619101895644067,91.14288265951949,2.132590922333714,3,0,97.4431500802947,0
24.273365221474023,39.83457056554927,46.97651674812546,4,152.14321040313203,65.41310296234579,0.025451473836993532,154.7473702325837,9.379231695836337,4,0,95.77452913927313,0
40.40892134295034,57.51676125221261,41.56483176615613,8,163.49252551479702,71.44041639430276,0.024199412590988054,192.1429349159049,2.397603692322389,0,1,97.71911655956228,0
5.3237393035169,33.767532147316594,5.23433652494257,4,189.04622139394252,42.78852278176773,0.02699350259976991,165.417984791141,1.8750849418078441,0,1,95.22677894491754,0
79.13090848558038,75.21701264608619,90.01488269366119,130,4.021359669860867,306.50191876149154,0.5575407200032156,20.87276945047422,27.51372362893992,36,41,86.06955916752982,1
98.42716747913543,70.56251412992437,92.025856504232,186,27.796162535176954,393.61713765467044,0.7413260351333195,12.749184617148504,95.7488233376076,45,31,87.74103023858197,1
7.882092273321401,62.407081928757215,14.709979036141942,7,82.50323110361846,76.5501112439676,0.014981903778340085,108.56297762621716,5.541082987794988,4,1,99.04651655596099,0
46.405397343938404,41.516354265933614,50.19873680324963,7,58.809672701684114,19.281301517194947,0.02799025924035401,82.36256596574421,0.9600796488921948,1,1,96.08405172459818,0
50.54344660653146,35.567881841364574,13.63330043192398,9,188.90223402197836,35.64872568893864,0.0016911058055745943,103.68968545657654,2.6061317427400175,4,1,99.07339588996719,0
16.014463034658306,29.594374061352266,47.17310521146947,4,112.65286746294372,1.447545884472984,0.017144298549715282,62.541540359738086,5.524954679978958,4,1,96.13198290777942,0
57.66320802510579,27.795674322763844,24.111330773754492,0,141.3307665070858,25.47389656062404,0.00664331059635549,100.05497320529749,3.5036927984307322,0,1,95.27887010631244,0
98.18850830968725,96.20932932187769,88.81214629152568,36,20.07669007124752,172.24277394647612,0.37463035524510674,25.433854277832577,88.58120961843025,87,13,18.480531702929618,1
10.402077147328367,13.675478923798995,20.47032939005185,9,62.44149136853133,38.61920422116251,0.035344156432792005,54.47715306381079,9.587466344268993,4,0,97.50795620027931,0
47.91075891146915,29.162662835256317,21.15277099291301,5,69.32442211703078,78.6118072307801,0.03156607505967798,118.55796270543506,3.456937419948253,3,1,98.72522903249737,0
23.979858055979886,22.872664721941398,59.44279508019216,0,185.2971947791273,34.28337182184773,0.019564358497969326,136.96013466184527,1.7772160731205189,3,0,98.65871116674505,0
84.19163710952083,95.79845948107199,93.3262755365778,146,26.35554713151419,454.9603641371939,0.1071481806469703,11.98821146218359,85.8588882459613,13,26,53.27375852538957,1
79.14373391560515,74.63014673288791,93.28244096012381,28,5.287156492221574,164.1479315606698,0.2963179949421335,24.281338693842482,37.171201066643306,24,18,39.89457376115345,1
78.91343092676252,97.7919473310333,93.52066313169813,160,22.278517758882508,354.82435775383385,0.30427450451535293,13.217992835489953,78.8005467863514,28,44,54.00199545672222,1
24.712376188046633,30.700682341644306,14.813345535501218,3,176.60318837378014,38.828663765620156,0.0397366769936294,141.62216089922376,5.54263824721844,3,0,97.46855598036626,0
87.99621749356643,91.23917217426528,83.04790370520465,61,29.884753515181746,260.82977367285594,0.352065986685317,27.986900802674917,94.21571948291395,66,33,85.86190074573977,1
72.75551090131258,83.10637199482362,96.58406790307828,25,21.810106076273374,206.35087371207106,0.6822048606973661,29.77263614328869,50.02427985832357,66,27,22.145843350565524,1
19.43483012990597,65.36055470062078,17.387935283657253,8,85.27566817091207,9.223037315747035,0.019849955695440416,54.206578909885565,2.71803957499262,2,1,95.62643418091506,0
5.072593039327202,31.406367896803808,28.1227688603326,3,107.00564511000756,51.86435164790324,0.013956867852433186,131.18684910382407,5.660566344204851,2,0,97.33297475172218,0
9.565060422235723,53.207378605204276,43.47157112379921,1,70.85648805225924,24.315923038674963,0.026454916598818615,140.17676901590406,9.33753753797809,2,1,99.29140874420594,0
24.912138304529194,48.34411721684555,53.97302440246152,6,116.38064412627159,75.83833093656682,0.004792483628652905,175.99123370720827,1.759430789932448,4,0,96.32741267585456,0
55.028601347173485,14.423235264356908,9.51753116764465,2,195.99703898282638,7.056841689480918,0.03830718257202134,155.0828310726743,3.554848146708518,4,0,99.75489882572846,0
65.5782338038856,98.85072368522403,95.83735002410988,189,25.833485820923784,258.5457381623488,0.7458346687991544,4.476977788822136,63.00882695012567,43,21,39.98559682720196,1
46.74359375872738,36.30066670244638,37.83853835045342,6,73.48600753882383,73.99171564390907,0.0007823313115924435,66.3575338763708,3.979898206361896,2,1,96.27834208428528,0
50.19420389721176,16.665156016764513,25.14427163849693,1,73.81837547671931,55.26843711725013,0.035459382463116605,91.01535227676364,0.3212051318254694,3,1,96.67149998326158,0
17.406681180140886,50.702364563437484,45.29099225538959,5,195.75639740600715,55.036672118434254,0.04686126851304981,118.33764823735571,3.516934616972429,0,0,95.20419910415549,0
84.40494289012202,91.04754508553962,99.01130691689362,60,24.00473592670837,394.94424410948255,0.4066653022570725,28.615704911400197,41.26253700941672,34,48,65.79850081498151,1
13.060191031513124,45.56133434133545,27.018939345515825,4,164.87000403739455,25.37598206285692,0.021589994914912453,161.244821493978,6.322093423239058,3,1,96.36409622987111,0
31.620941805255995,37.59880700485186,43.58452401931262,0,75.21649640485343,31.766395825368118,0.011809292359207753,43.409224986011665,2.7312178155770095,4,0,95.10937840015666,0
50.11513549093569,10.723958371797796,12.49937032560428,6,143.66198327451016,55.36320848216894,0.006089445923261306,192.40273735866543,5.447246659769901,4,1,95.60908007396326,0
8.05822297396903,13.234007614745398,38.1747244544589,4,60.940378484188166,59.088144849699134,0.012220034119151835,175.6895286364023,9.765311911928976,4,0,96.69903676414317,0
55.649264117474345,57.759979864924794,55.529685585727684,7,61.82933278804295,45.697020446177206,0.016132074051431227,66.90349311560097,9.900267221683759,2,1,95.39706707901551,0
5.175273152247425,54.33272134558511,17.16574148956184,1,152.13383928805433,25.011166315247504,0.040613475709810956,102.56890126941113,1.4939819631758788,4,0,95.01303465859729,0
34.14050801888833,22.41055254745493,10.179093138733784,1,174.01120108681738,3.5538266235489413,0.006725640661488919,167.86846386060765,4.857973703697369,2,1,96.70013137476917,0
32.71903698875879,29.101757036933783,30.596355487544514,2,66.38709906468475,55.2694737248377,0.006065075157003741,180.9625607374972,5.933740060835234,3,0,99.39888426415376,0
55.903095693144934,55.149354533906006,11.637494054020124,7,192.29525395723232,66.53428451493775,0.018268290625078582,77.53445845319844,7.317185683019578,0,1,95.04435733438223,0
94.90081884770947,80.12663579703872,89.40215234549282,107,12.86541758198405,307.5792630775848,0.10580048379465336,7.733010810361708,40.31147809563774,82,31,48.01015194289766,1
12.892214268407493,40.799103725916964,48.82716042115392,7,56.737339920967976,5.557519250624593,0.013994115214097708,147.57948581225327,9.284138460953338,2,1,97.30676184729344,0
17.43046589988747,38.74024671845352,7.747676767100504,2,135.99945965370432,72.05786921660558,0.032975085792982806,191.48671017332677,8.800056578521962,1,1,96.15858031664203,0
30.238545346461546,41.672817749104574,55.79198487166165,1,104.37357811082445,65.60838198170171,0.024466819051840318,171.40302020516552,2.167799103966156,2,1,98.95343284930864,0
45.792096315785365,51.330807402520826,52.2379956640147,7,156.08592098272416,62.602787051955275,0.045914601427986305,107.04784399510947,4.595991296656835,1,0,97.39299515632194,0
67.98193005647444,83.10023121311207,96.18600585470753,100,11.276687601546232,167.6168524227109,0.10746278978137848,12.853553401065318,50.33490234347324,79,35,27.57531771108864,1
57.214584986560816,27.469087676504266,53.67377175444247,8,66.69541551063631,21.376972808336355,0.0144440588977445,52.16243343968532,6.907881753068221,0,1,99.8309750123195,0
34.57495989000913,43.55762476015562,59.801447669517636,5,148.6451952818449,51.991005486026275,0.03383108812472576,101.58765666528745,1.5556394533724238,2,1,98.48304115160315,0
60.17240176076158,73.56457653980787,89.3132666338042,155,28.44707666735521,378.1042931775431,0.3521054309269534,25.041530042202766,38.63962450798045,41,29,6.385338432190535,1
71.48107963390588,95.69980154545246,89.96802346588046,102,20.283788983177377,246.3745072392471,0.43813005910609726,28.270747856331404,99.60191537961043,90,39,22.368418640559764,1
39.28247833846318,26.396480327909046,31.532532691187754,0,103.71509549521485,30.437249829800223,0.013750890018571993,145.54450025450052,2.8006456541146143,0,1,98.80357521230131,0
20.09063761499655,14.421043769086555,56.68601863138198,2,98.18029662139139,63.530249240038536,0.022458388602518888,68.95614764030157,2.5547504800825838,1,0,96.56905297854942,0
12.396685670972772,18.988507665133056,30.32529065713704,3,85.63709915814127,59.667464661032255,0.01754675035172058,105.35641600761137,4.905969630628666,0,1,96.00381200903294,0
58.573615699392136,29.65986995931416,18.270829296403303,9,137.4465896858543,64.91909046482755,0.019648178904822823,184.33217866095728,9.410785784477227,0,1,97.39220191072859,0
28.74115030200269,53.11645553992186,52.478326596975506,2,159.7903098413633,28.09727418389391,0.030114944059507504,89.6755167178189,7.457737052586366,0,0,99.42180901566941,0
44.894537464041925,54.481259708659,25.364181745476493,9,81.69333539448084,43.883054254276985,0.03568333706315177,90.26763699936792,3.1092274848188675,2,1,99.3662768466889,0
77.19688431695599,77.3981429068742,91.0498764175681,61,8.027401346220543,449.1046795585112,0.629984797506784,15.765085530911541,65.51662022006786,72,19,8.03034430279913,1
60.30270605290721,85.68720602921677,92.32861519574377,43,29.53833362188808,408.39318965128285,0.7588296194466626,5.592536657130719,92.44876290306229,22,28,71.93149986184292,1
13.880310008684011,51.54092335306264,25.35508298538254,7,182.0317842098104,65.69290926448407,0.0118357310435942,40.27101247143436,9.784912601572172,3,1,95.64562453426724,0
69.10871918366547,77.97178977437312,83.91677259773417,180,28.875250408758614,144.03978531760276,0.6661869012630081,24.701429678727393,39.083401482433075,99,44,8.435309620886354,1
14.680338927709734,58.41545908259307,27.666796650800723,9,186.0041094924287,18.62004265606174,0.005216802998899678,88.74767129979273,9.529568023046078,1,1,96.38197430108251,0
41.46483209797641,56.741806305438246,20.592614478001543,7,132.42640456887042,20.042601003754214,0.04893268484772057,199.29672119224338,9.843693705830916,4,1,95.29162869277675,0
48.12045904409938,32.62474167408702,26.573818747572105,2,196.33526054353072,1.4812564557716346,0.02100785495466155,73.03067285912752,4.454926303974788,3,1,96.32994450113743,0
73.9609981195719,78.80842350491326,83.70408663068767,61,1.1428872069649705,211.29794796580032,0.31829684638175637,13.390611290648936,18.27366226694167,96,5,61.55804355934782,1
99.76909029930059,76.11396742431667,92.0214237073404,178,22.13631308053222,144.97566183468177,0.6152989366572954,26.84229033470547,95.97330906481115,29,33,0.568196540451068,1
30.106327133080075,68.85170322298602,42.962993328404686,7,121.85868122717162,66.02472875689486,0.014829129082030802,169.22482445986412,0.32049919311510466,0,1,96.32137804098127,0
69.23578945099224,99.09382646752937,99.10381486889534,155,26.751479764975244,405.7861688940156,0.12053283945206032,2.9877982438587187,66.29363563513041,50,42,67.19325066094395,1
56.281023824650575,62.07224295773696,24.94413276861984,8,65.78762194709817,16.553748626992125,0.0029170898912159182,72.83964444513245,6.935009524630066,0,0,96.58324104261096,0
29.79209510880028,63.04617168181163,15.554531098166375,1,125.69130860456079,71.42444693212455,0.04239128335266393,103.88587750919066,0.7696919382435607,4,0,95.93962022930702,0
33.23068586263186,22.184951636548845,13.793825724139822,7,147.73649021308114,38.56054152953935,0.03449097777680772,118.51380585775368,9.003080445259313,1,1,97.49295443954625,0
50.10516145782084,44.8962091161483,15.126722040215249,0,127.21600605008659,56.875592443184324,0.0038454172939788923,153.1903932038986,9.012081932937429,0,1,99.72829285816087,0
75.16772186109935,96.12770834647094,92.81316320849211,84,11.081466712907119,185.34761869007892,0.3578839250169096,25.6091891687342,53.79245261620195,94,24,34.17183496129869,1
59.0269546141535,22.249515996646874,18.179893349204427,7,72.34811032220577,57.101761772777735,0.04688326826604611,185.3493473819333,1.270550310572316,0,0,98.44200023021838,0
9.55245462076902,59.21669336491011,13.28912407891725,0,181.18977684308314,16.859444224462614,0.018943593958218225,81.93730644364847,6.736922641689774,1,1,99.14280092743714,0
25.772646028990273,20.30348685534453,55.214740876407305,2,114.30083162241773,9.815781308652298,0.04417989877570422,62.382032141781224,6.036339635039391,0,1,98.928859113714,0
51.19937143349598,25.366212189568515,48.735474374666474,7,191.19244076300757,53.13336119401218,0.03806741785553289,119.68944750701556,6.589578426985149,1,0,96.01163521231072,0
98.98412481659837,78.66744233225054,91.29143676329336,83,12.30657241698188,285.0761803971344,0.2110215825173149,7.986216125630202,52.48718377129752,57,48,69.54960644303279,1
18.770751405167253,17.446681290442193,17.42856077485756,9,180.77054808529243,50.57153895921632,0.0449427221635069,62.6907193856006,5.768461465111755,4,1,95.26841503530798,0
21.517699275324492,47.96925847214612,30.294241725016295,9,63.65792812487655,70.75122379811569,0.03049606298595128,147.36611691595917,9.311206784337376,3,1,96.2936009124957,0
5.9192958267246105,37.13931960288463,10.21188111972806,3,154.5032856769972,30.762122371800494,0.035684285471225284,45.09772628526535,5.562866907704231,3,0,96.01205194094806,0
41.023922845670214,38.55008346870817,53.7638864023508,4,197.83424862146356,59.678517640174206,0.025081319259823986,127.03686669626977,6.056281554865363,3,1,98.86472002903012,0
76.54007188903809,93.62680171098575,81.24366480874112,86,6.819570298376969,414.7002278374075,0.1572855439296137,13.706281000955647,51.711152618038795,30,39,70.76210747710145,1
94.92603908113884,92.90412729419226,88.51420927808094,171,26.880627615801927,118.79658242625212,0.6342795962136227,29.678810257760915,51.83451915395638,65,14,89.7661980353677,1
91.98034026257078,83.59734717196292,94.63111603476449,138,3.320908899866468,121.8831872490251,0.13823244569745152,13.497160826826521,79.87608237462294,36,23,58.55242771838831,1
47.4749713290182,55.25452273156643,38.250232950776144,5,166.8178663499657,43.15894253557007,0.014190674158940236,126.35605238460309,8.09131500544138,2,0,99.96622646064381,0
93.83706854471734,97.74637484758104,91.73676412980245,99,29.027434020591695,476.4652848008656,0.11963283903565335,19.14517162460283,92.86644520805308,10,28,74.79706238952836,1
67.73455764625183,94.48901826076072,98.59634202589109,195,28.446911158921573,294.1924249463116,0.31885699278707225,15.034629211563487,38.969056969562416,15,49,62.37419598116355,1
6.503721699004356,47.80233339007111,47.43781065245798,5,73.36569331811373,12.652271073125616,0.043281514427325196,187.99870263813665,0.5410850236971942,4,0,96.66093407615182,0
25.691691676395177,48.10129223156655,13.135486288963953,4,100.24291490887907,68.38295907238692,8.888811994636204e-05,159.7508238815401,1.2264773714388533,2,1,97.01070576414725,0
16.186209115719137,23.818297722429655,5.947663332779133,4,124.01403206736892,8.003244540306698,0.04539106138794717,195.79206522145137,3.110029609228354,4,1,98.3933209741589,0
14.510670811530058,34.013026123246135,25.309540826108446,6,155.80690288577404,35.32374208282094,0.009686416441238178,167.11589598144798,9.545575549693893,0,0,95.87350107278029,0
91.85168517772166,80.02640118900139,87.24751668021885,162,26.367553598110163,275.30862989259225,0.28865063505816474,15.71881891939167,19.83286544675727,67,28,56.27116399838859,1
18.235916346238056,60.51749014517993,50.32233865884965,3,191.68103459121176,6.087713704332065,0.02193834156782495,181.27592045663036,4.537412252822625,3,0,99.69789957574537,0
44.84825296406836,62.90249016844169,8.426446747258783,7,175.40422557098725,9.99036115865306,0.00011583367382774768,180.38734475669108,7.418139641739016,3,1,95.19259349835805,0
88.65741917210639,88.81335513574413,92.83395429575805,46,15.109368814921387,303.04227875508525,0.14175828511271094,20.86764649103505,30.112391378862462,71,18,9.744454815504394,1
6.11315492161064,49.345515603832474,46.16065793978518,9,95.64624271737722,20.277433250014003,0.02203082092742394,171.29567864152486,5.475958707010521,1,1,95.80996601686982,0
22.86274887968886,17.226314721987663,56.46997465800323,2,157.9566324952753,52.95950956217794,0.014155875663911755,169.90272375573585,9.43911138217133,0,1,97.3666913482146,0
43.25125098366223,40.95547087239054,42.010229284460046,7,199.19486433853967,22.68712521677716,0.032671475268994936,127.85376741826389,0.6058750941872693,4,0,99.61836587526052,0
10.29666083707887,58.49825115031013,35.20027679476534,3,51.38203617757483,78.150444918798,0.027817830886927675,74.09385035494245,0.1566126163831394,0,1,98.64519518031827,0
79.05399611824573,74.94718732611976,89.93220660189786,110,20.224815183216265,325.6602623887253,0.3904725857687648,19.3536334175613,69.7021711181809,94,26,52.2917628117265,1
50.251344404846776,41.88374907368595,46.609822674785605,1,136.96688745334663,55.316730283332994,0.02311818003096924,73.51158600101245,5.940824585161936,4,1,98.32994644083587,0
85.4261980228405,82.98706386465392,99.65812576795888,35,11.013672631851211,90.63388171564657,0.4791981608574965,6.242619731442922,53.215505019141425,26,8,47.558333727848876,1
42.9008386220855,20.061985009145715,7.07893995926416,6,59.123393507522216,33.71222271136855,0.03727237432338857,112.06872909364498,8.988733664605085,0,0,98.90776215505188,0
62.61449464779882,72.61193762741436,91.95594521108461,172,23.00157326720308,348.52273145534514,0.32093050801252526,14.942520747454195,73.81093089023518,37,31,83.63071208701581,1
34.179470075405064,24.197061675690318,22.005770170878492,9,86.22815743208405,7.806356097648462,0.04718199880503679,80.01305554941663,6.318384614349343,0,1,99.25462379315462,0
62.94138201940629,91.24901248187362,99.63828059765262,41,8.575296791785531,322.54366399095187,0.6339005437607524,8.925842600327396,67.41179630394463,53,31,11.360002877527348,1
39.48277123948061,67.85605810773639,36.07424382520355,7,199.10925147078544,72.69272177870519,0.03750874147369669,186.2877805249796,3.3341974115592965,3,0,97.84311141669396,0
30.44152005186868,64.28268633568128,5.23436281574195,7,188.44697052070734,55.73603251601946,0.008976654311257149,172.45729170164907,0.46901455232910116,2,0,99.11101978614504,0
91.05886033412484,72.74208994059333,89.15202345640937,162,6.46084783675041,390.5173377214668,0.12883057922726843,29.12261880121999,72.8875846041515,53,30,83.30152088315714,1
28.756531976809324,27.7139220004862,39.19595267545725,7,58.605991264628365,25.21928591240987,0.0003083102023020923,91.63609906105967,8.641673903307332,0,0,98.96423036154664,0
76.84868050000028,89.41276723390904,88.85709501162461,147,13.983998862588251,262.6201627666811,0.08991343682729784,26.2838441452077,44.76724619482137,88,43,49.38282823693099,1
70.77537527185618,86.10037179711891,82.38383660437425,141,22.908017928492693,447.4023559614233,0.20562611950553528,21.66212370193005,77.27352599766003,19,14,19.409166700642633,1
33.69108913542672,53.46033234250846,5.3877846706806025,7,159.41557004776962,57.59740388407149,0.020255407433220636,132.1189022625185,7.57682353115884,3,1,98.10839627771418,0
11.197377915750735,40.085042975019554,27.15437574542134,9,58.70023147158953,30.9979881173155,0.04309295130179399,153.62321616538787,5.590796355534012,3,0,99.11946825331958,0
49.95210006481296,57.84898506615248,19.118260120909632,7,85.45394663131907,8.48965003751912,0.028703098454963778,100.54571467212538,8.484500864235772,4,0,99.23609975151628,0
59.86572657770962,64.75936595068225,41.23738027319261,8,102.9039591268967,72.56382148859933,0.009748100589010872,104.54230016305246,1.970120582792082,3,0,99.20860525882637,0
14.750070994217857,33.78830348594448,44.87421908838691,7,164.15682718975197,72.35599872242506,0.0017536260053103159,142.2320645119521,1.2407753417083023,2,1,98.98875885348183,0
65.16442302554711,77.37309340239688,94.46668381806705,193,2.1915013341048524,461.26433960653264,0.22731321856836517,7.354149525807511,17.35464757133854,85,24,70.75050457627167,1
31.74838538687416,61.96702366199865,54.67721893862536,7,86.9727403163435,18.70215945191644,0.043648440411771385,50.35254426926752,3.3561452870420903,0,1,98.53311145367401,0
14.00158663960274,49.572873663326966,14.249867205375843,8,146.06412429943146,79.81595151334632,0.0022032400177539324,79.36728336811754,6.615224260770049,2,1,95.57452735133728,0
18.76810361000225,20.384953931019073,39.16991035462081,7,157.7773434733032,16.998564945868047,0.04947385195866405,111.7961922162888,6.201360892907161,1,1,98.33465582088459,0
20.337746227524757,17.272641873361888,39.63791152026907,7,58.98381098378837,39.89495152868679,0.021602168792978334,153.74242205048049,7.699890280318009,1,1,96.74142516792544,0
56.285006357341544,67.51585671723333,12.406655472339352,9,136.42371548408119,62.18787546684717,0.005356834691084606,120.16434591356108,8.094045224352302,1,1,98.87967583793824,0
41.391115450117326,62.551887046416496,45.846093915099765,9,137.36025027173636,43.3167784597857,0.045120265184945926,119.67322238882835,9.118653991992463,1,1,96.0577874574403,0
34.20081973453994,58.209509916460156,13.121425893968084,8,199.83797089198293,16.34746978675573,0.049712450673242356,117.77328782977683,0.8704593474765465,3,1,96.78024400420517,0
5.85714336769961,37.13809898542577,21.69535172134405,9,162.72322529755473,12.555926789424273,0.01241698615768473,94.158122980324,5.5494926268776,1,0,95.7898870827573,0
68.30581948308428,96.50904429067111,85.88254334071289,190,24.757596227408587,363.91208404247806,0.13778339068029855,1.8018015640596357,27.404087338606804,64,45,71.02079954034714,1
25.550103341374726,25.3877516041955,58.005901615110176,7,183.27696265125522,28.319490654107423,0.045692280035319874,118.87522505698968,9.980007482321394,3,0,97.52843493211833,0
92.55686317226372,70.09775753793753,86.30668764989957,132,25.254049474514048,191.134355010844,0.13625926419258239,3.134384305024673,24.923771879468994,32,22,18.66351750922181,1
46.81339819932631,66.64094547453674,39.689845244289266,4,99.95326890188541,63.112755322684826,0.015929631032667497,143.4046658088181,5.839975446131703,3,1,96.88045044901172,0
94.73721456128987,88.80621052510563,94.78833584745585,27,18.6355645751729,372.35739129118446,0.5637884769099466,8.37034794442273,57.10838091919135,69,41,43.44548480810772,1
5.742844700939255,49.466391363856445,31.22198997619736,4,148.47541390958907,22.07554507165568,0.0001779434412686354,164.10154008703938,3.8644837482502945,2,0,99.28499625133699,0
59.6605708803953,14.01343085090408,39.45052505452378,5,159.47170906773005,56.42941841886467,0.01389536677433455,47.782866792555154,7.571712926533482,3,0,97.17758664437363,0
73.10302392814427,94.26496844701097,82.42016681145529,91,9.85294012882866,179.19627037713695,0.21960917520519235,22.996315184900222,89.10073280135784,10,19,5.941183948501763,1
6.367765594176181,30.420222387924365,40.94950889243294,9,92.98860471421301,36.806471591511524,0.0007482207707438515,186.35260328031762,0.7888149681714407,0,0,96.48446798751537,0
28.285544882501352,36.67423703649065,42.69009076564647,3,77.45579722559134,43.362065177162734,0.047171858338054415,79.07582068547012,0.19284617881245136,0,0,98.6255887102981,0
13.745683370228333,31.46362409699773,16.99054112577877,4,140.8176558028536,33.98508050042637,0.034413610090138866,188.85454823876606,9.432486424037931,4,0,96.23326118442951,0
5.033506501286272,50.5404054117495,35.811994862224175,0,133.04536738902266,38.17009562367441,0.03249080534859014,105.19273209655297,9.559473940198744,0,1,99.17629800787068,0
14.051433541794523,10.494114136666177,36.18599828685223,9,147.29267630389813,61.70011927812851,0.02153060141094065,192.1425896210151,6.197446793803113,4,1,97.88355148954294,0
13.697720441799126,19.757450486977184,40.60827439106383,6,153.9476445089057,38.39623417691824,0.018664530317906342,136.27965530301415,8.215218558168464,4,1,96.68309127583623,0
50.590275213615115,21.365630232391716,46.82232190139806,2,151.81592593651027,6.646195046516593,0.03563578315725909,161.55571651993762,6.307512201591062,1,0,99.74041032659669,0
39.592023431188906,59.51366737915708,50.75772327016793,2,73.3877077655807,36.070997051259525,0.03448753520940667,78.61077937157532,0.14003688642879264,1,1,95.04020624530955,0
85.4195466243851,97.94286079979301,95.77815047407476,160,15.936122987798708,482.27147033046214,0.6555723778979927,27.723544716829544,17.219329114587214,90,5,3.932672864481752,1
7.19050349424419,58.504448662662696,12.937782775094036,5,165.21743026446785,44.317735477937525,0.041029518740673995,125.02240593591233,8.82205425173881,3,1,98.16639996559155,0
58.15120226607052,15.22285195508216,47.215822308241755,3,122.1531501637144,44.057456716465126,0.032574147341187035,60.60200426532294,6.677850105808197,2,1,99.92565000607388,0
56.56375385900948,27.13967710205375,58.03436232724809,5,117.48380346563113,41.79846314479214,0.01552978403358204,148.48146797575419,8.930669105184933,0,1,98.81428305062369,0
92.04287121482184,86.77472564154526,91.8739795808231,54,24.132551267919773,390.163145928613,0.3875272037705227,4.959061335806444,27.294732430278373,80,34,56.98887537230677,1
50.15872169975967,30.427768351060863,45.74253800328154,6,83.71269005644271,19.533649088543427,0.028758043545990004,177.762444739899,4.961722259409759,1,1,97.95316687230675,0
27.178195257103884,41.1937452995064,47.438191566772936,5,189.50539575370516,66.6951646461481,0.022302431547985925,187.14584042510802,4.997917712714864,3,0,99.50135071335663,0
45.184360856104526,35.73697612933885,21.131817617341063,6,155.12529340811207,72.16653659740307,0.023735108314511234,56.401776217558734,1.8888477435571238,1,1,98.96564114847531,0
56.56572798612179,63.3627004700518,31.329017733091572,6,72.85215315321092,79.84259709535979,0.022680127150182236,155.15668135345535,4.299961259350797,0,1,95.71075106851345,0
5.668582120367943,18.057829935184188,33.94661404970514,5,106.56723820184129,64.12333482219132,0.02104931957574894,180.0773098360943,4.376045396393876,1,0,95.80505201067115,0
51.328744347553325,56.785608477877446,10.258001649647174,3,141.05693662476895,72.57269840849546,0.013284442850586066,52.84960383045718,5.249940657079737,3,0,99.82092094566339,0
36.32794292863604,59.68286397773839,49.02463492523243,0,179.31785743797204,74.05810059134768,0.002374095612889027,123.58248332635021,4.7089018486645795,0,1,98.67144300390913,0
81.72546164203686,77.15151894216493,94.94111171624598,36,19.745139864983674,390.0652128368754,0.28928623074900717,23.22301470033867,28.922455089336275,40,38,24.074843007524716,1
43.47918193536388,30.801056030155163,18.304480655107383,8,181.96586356079715,35.00237252117207,0.018981064625312266,67.24324594957591,5.8321249333482275,2,1,99.62389827062735,0
85.86535175520572,73.24209476982475,95.25652963620148,161,15.87534259462822,465.09621446961376,0.21614213457945325,7.1305652798966905,61.533044914148014,54,42,67.04028667034099,1
47.37886805053275,42.66811688216179,47.93677567645199,1,123.87746947715758,12.212747836528223,0.043178009704077924,193.16600604478887,3.202623479035717,1,1,96.38605479497191,0
6.910589809222047,10.70154322594265,48.89250005839966,4,144.16290508753445,4.606231573659514,0.044594251554078035,98.92923044174124,8.909128162539128,3,1,95.57110293203266,0
67.08005649103175,93.33085266675135,84.95514115180352,92,18.67673846708192,340.17433044539007,0.12741808158437118,16.45728705849316,59.778726218110194,55,5,7.141979913845646,1
22.216543985728688,31.374579050720317,48.49028547130768,8,121.37595899552284,20.86483043498758,0.03487027849022064,94.34601093984662,8.328316220016758,2,0,96.79870434934465,0
34.152350904692014,67.34525809430136,58.49231229478895,4,145.27474220152513,23.220967078558242,0.005875228059222276,56.93924941294556,9.878525611700251,2,1,95.47695160991539,0
24.743285839375062,21.66066373925709,14.703121347851408,0,79.38623037103983,30.677213252276484,0.030569249450592157,118.00586159916897,4.180308551056814,0,0,99.67675468853001,0
14.574671080160211,24.465283821204693,35.907302594283244,2,180.5494986829412,71.84622723913205,0.012184088633256485,97.68424678330136,2.677505716197911,4,0,95.73921926357811,0
53.693472334537326,60.871916801808865,41.07692734312894,3,86.25865262626704,75.61080954805824,0.028909695880198927,97.1171517261798,4.361120247884428,2,0,95.6506490839559,0
92.06348628554262,72.59480495072074,84.38581195886289,180,8.080731128231637,227.09128260271262,0.2101453492790228,1.3386249623493651,43.54523836598117,11,6,64.99670439810218,1
8.731813299557585,20.3488568867953,9.649001915319785,7,51.27828965321736,69.04847137725083,0.02901179642978259,52.36433302261375,2.6845904818577537,0,1,99.73336924406298,0
34.706794993703724,51.59422876542841,13.417446552786757,0,186.17072453004548,75.17555243922762,0.0375340276863875,164.78428118775096,0.9534842621286765,1,1,96.70248066626617,0
18.667401760941416,18.27809742779987,20.79039073561908,1,138.8880966377415,72.99470270370496,0.035702720084522487,89.72568872544981,9.199398783274805,1,1,99.28252208417815,0
80.61979678431399,93.58850542864369,86.93073473797725,64,9.746566736567157,223.79948361362676,0.5612561837509245,19.355373095586312,19.709610832325478,94,46,80.1360183773903,1
14.965399982110066,47.089856204110134,50.0143315798779,2,194.9474239794254,11.599642616169106,0.005780519735710654,53.61299876150065,7.100670429145549,4,0,96.30015365441405,0
40.73813054028398,53.85336626780205,15.55734075071357,1,131.27956712971894,30.232550225875137,0.023518968521072714,139.29089457072226,1.521122956301636,2,0,95.00308283074787,0
63.388373309971826,74.65054980108607,84.71622199863724,124,15.831160201201783,458.8179607845593,0.5134664767960023,25.752876448274833,75.26165020034972,87,24,72.45401906443514,1
66.77594018821942,77.96337670507529,94.21312458787288,69,3.5609271437281396,489.5628789412008,0.6380404637562752,20.641994526990473,44.64862843237052,58,23,75.14477106874868,1
36.90451465135172,16.95675668606891,41.16684743964798,7,166.15063166283383,24.070769774678656,0.002432340219461521,78.3126974699106,7.86121470118505,4,0,97.12723276123026,0
72.5496843522604,88.91427429547721,82.1265909839704,87,20.556521530089196,243.6768641187189,0.31510292281269686,27.16413083333976,63.090876664576854,67,28,10.483239345553947,1
27.21705033068346,51.68259275497186,21.69414735121979,5,185.04264515057534,44.75391596996615,0.00024223440798155083,110.98011950363096,3.0349419951931003,1,1,95.41625529922591,0
19.600362433034228,15.611166231155302,49.568200535105994,1,111.17896651537198,14.137550575368163,0.036289454094646866,63.09724997063428,0.12199511145637665,1,1,98.0072969092181,0
35.80100516891623,18.57332799049881,15.316549463300023,8,167.53341942363102,54.282822591594304,0.049039025827025545,126.51904665247719,4.040003175860748,1,1,95.93289859325954,0
58.404561396693026,37.798518036796516,36.46576943094621,2,51.05655707059459,22.756395640494905,0.04112808207158153,129.9495979691569,5.390346278911196,1,0,95.83710845816059,0
59.318555796092795,56.066028035098014,7.139118215526157,9,167.6442649680949,9.870115539599274,0.02110033270730371,87.41131709450994,9.44765258203449,1,0,96.8611834055968,0
69.8720112155972,73.56549732741661,80.96865681230094,47,19.89960378905781,462.5121735880689,0.43277238598646445,22.62697435865618,69.1740534546106,93,12,50.100986161586476,1
99.64772092801894,93.47864942258381,98.15734969477391,140,19.71361442372497,421.63098413647776,0.33900037855429505,14.446327610520308,81.50188615970627,71,5,0.27435127837809214,1
28.245551629832626,21.945897856007466,24.13097682797373,0,169.14575488838835,43.56572662873025,0.03914742163674518,148.82574332000843,1.5256564027971409,0,0,99.15802760273661,0
64.79212994412272,71.12279845435987,89.68761395557556,134,29.504230573382845,345.0604240649522,0.31768169380780753,16.779488050308892,64.84747842897019,16,25,78.02875976973104,1
8.657030691400154,39.50843830248715,18.314526680146713,7,142.94797066559929,14.809352340417396,0.027002521852977013,62.78074959423135,3.1185382628420033,2,0,98.66222146966538,0
43.10874233818374,12.991234569228824,37.90104631968404,4,134.0013153774106,16.216542863427485,0.027198973419671438,189.32665636376453,0.5097775870113452,2,0,97.97429629082419,0
47.13807794171129,45.47173456890212,40.9987310673788,5,198.93608490289566,52.30020133621083,0.03710905487381411,84.86332331947409,2.1545078198241265,3,0,96.05944878320688,0
75.59248429660151,88.06654611830695,94.75636132073564,61,26.285796337573178,335.6760816855989,0.09080810923295264,5.604003485123689,27.547175223222666,18,33,49.56316445566183,1
52.18853579407604,54.32292610768477,51.11514132859955,9,88.36310271818274,29.915811895194825,0.029510471576365046,140.22610697249362,9.354677803260044,4,0,97.7729186433319,0
54.522189447339095,24.02707784131223,8.940310644735824,5,144.07453142513876,22.03537219522855,0.02692544799235816,50.23493365884774,9.532211073533656,2,1,97.61118576284383,0
90.14607003989202,99.64309091412412,81.18189359550189,192,2.3271575622243317,419.692080486061,0.2487018486255777,29.69953078211449,56.355588604558385,71,16,83.22706403650757,1
10.809908481268348,67.9830306569164,12.453604864467433,8,155.13823322893722,26.871112025002088,0.010587547399870424,189.81621040452808,1.2379911032473345,4,1,95.34206614149441,0
44.060503147186246,57.161980797372955,52.22879973722015,9,84.89679807170086,20.43025106195721,0.023143487744931093,153.06115452700902,6.075796317745953,2,1,99.47295834143341,0
11.91288070987103,64.5075694288129,6.770390388757773,9,97.39834090628963,63.951061808747376,0.04440781868131388,188.16582723814304,9.466228332865898,4,0,96.93502763352438,0
65.9037509789775,77.17795027390724,93.9183797543205,162,8.186627276000827,406.12457092158866,0.5246540109624537,21.418544745158222,73.21590804898513,84,12,18.18106373573972,1
60.93233639842692,73.34136913124945,97.61623540712739,100,11.018405192583417,367.9594922898294,0.7649494572635456,8.027227883807223,44.107708605163175,71,30,43.18324526005877,1
61.26169906924482,77.03459615479504,98.63222206387145,91,9.524783700984106,203.39325360478892,0.35592406581038644,4.062644924862774,62.790376135008785,82,16,28.711555518846996,1
15.302538996090783,61.127077092890765,34.122733127679766,4,151.77046437700608,78.61060539732937,0.0018456367441804845,86.4327713786708,3.848164466639062,2,1,95.4482187127212,0
17.756228656145566,48.923809162801625,46.518462290466665,7,155.16667257867863,78.79357293954821,0.04331889485438537,47.44356419969429,3.64247907123025,1,0,99.28318252012005,0
9.159679774270511,47.04993054309565,49.088625185420234,1,187.4788002510195,47.851633233747044,0.04110128250047777,61.866687782497465,7.108217356965155,2,0,97.70461855378706,0
18.958059192844075,69.73922943380879,47.19520255375367,5,84.64559219710115,49.00044785870631,0.023830077366839966,61.24079315234518,9.374956174665886,0,0,99.34794756821962,0
90.86933255386012,89.74507418960616,97.33502314258025,54,28.920726851841387,241.07785123584077,0.6074321760066592,12.267582108267401,33.992355594054175,61,16,65.59897685427433,1
12.295839222429427,61.35865828641617,52.75383213869471,4,183.6764083379065,15.167703262432129,0.041275311265009,93.82486149343313,4.525898380221358,4,0,99.05808648985241,0
15.424387054526271,23.70883460884683,18.905037815650246,0,113.75041431364977,76.12267585310373,0.03560424591426759,135.98906925523656,0.428618692924716,1,1,99.04062155451943,0
21.601549742317314,15.20369158640655,23.501293709801466,8,165.26251664238717,35.11693782625612,0.02170859565674442,109.05182664304002,9.113220678993793,2,0,96.24685761526553,0
90.45033368106763,89.12342298526649,98.31082833925598,65,15.0953264305281,322.5750232202348,0.4815421006408498,18.349326693205192,70.38812129142654,94,7,68.6610085641233,1
83.23296382151824,79.78296477375488,89.60059931775167,29,8.973017721058484,374.62756023177155,0.6298269246174021,14.89977812672293,78.6015456273048,85,48,80.5567856932422,1
68.00976963596545,83.64770965895613,82.07691871708978,182,7.184492813902699,237.8113360458648,0.7645673964728219,12.557119834911015,90.80314196358854,15,32,3.290438577943453,1
81.37086518874082,98.63002723551674,88.8246821469546,197,2.757972838541995,198.610532568066,0.6229222869940667,14.607376923655421,25.695115710742662,56,33,12.54855002696917,1
40.066264870411025,44.435356831097955,59.23806514768437,2,154.96916486174575,72.59443165729962,0.008920160631199565,75.5250106167823,6.284073071459124,1,0,98.15951313520033,0
22.88571805455007,22.890138161530594,47.19996274425108,7,156.0128672286304,15.972198400692488,0.005005494290960949,183.32559213652678,3.498372091262947,2,0,96.70649158847499,0
61.9750259334,74.93626880492694,87.40530459218881,113,26.064558113283397,319.18885311201035,0.6432105771376135,24.289680065513707,86.85624840576132,34,32,1.3234801815126263,1
21.08364475311272,44.18884221569459,19.06913030663174,0,68.76444361127547,46.28048565375162,0.027193826272023866,70.79732466457024,4.203837776926167,2,1,98.21394855275905,0
72.9023778956803,86.27582186723684,85.03962817132496,171,10.316727321966766,384.1499893297955,0.690754662566092,14.035713760051689,73.5274345911841,13,31,43.82598202440164,1
13.966791535260239,25.696301432921945,54.553149395091964,0,79.68142340099648,29.38233734397471,0.027672460345678104,107.1844762047187,8.239770743566119,0,1,98.09062837566027,0
12.046228791395965,13.814299386536268,47.80304641033933,8,191.78198867445604,78.54115600591285,0.025384379369225094,103.98512320282948,4.87308979637818,3,0,96.41102808177176,0
25.641278953024237,56.03105802369612,12.877324031798825,1,94.4195582378566,52.283196814204835,0.030411351063418846,149.61712060671925,3.5468676477682317,2,0,96.89379303858843,0
50.113290019257526,40.25452407433681,46.0525001297441,3,109.06763248737964,33.98220999936405,0.01701346085015756,83.41953254348574,5.617963555258324,0,0,96.22408400932594,0
78.99367051458502,70.42712096143212,94.38052056568488,198,25.954918521643023,269.6790275896321,0.17098416382097348,18.299267307203824,45.79892265763931,10,46,18.190141433219157,1
63.86866611777104,84.98784759269682,83.52769580163066,149,15.569939069405995,107.2806847805382,0.49004943028890385,12.853515277747885,95.59525018394297,53,43,37.28066817331215,1
43.30652094303861,10.78123357462826,16.126518599952924,4,168.27748590848933,10.504479698780651,0.03270249555008943,95.85526803236861,3.46224036372373,2,1,95.75762470186194,0
22.014022004908163,58.16394602350905,49.8041586741277,2,70.81690969426516,73.08330652916023,0.012326916493191231,124.14853234982647,9.176686211376667,2,0,99.92837204873378,0
33.03959458966078,38.49971354086636,37.13730905712994,5,51.83559757864423,73.99717411400643,0.028667442742661742,129.71005243511541,1.6991602154805374,0,0,97.49671236630638,0
89.11273330843481,76.01618926997253,98.10319262172388,81,7.690130511503829,487.6625265222739,0.5108776235491937,27.506814302787163,95.46591822699382,94,42,2.8788254805817095,1
54.22606809320797,38.61152818869296,48.86366941253664,4,81.35017858523543,47.30249724614085,0.0026405919885693022,109.35328205137104,8.315456056952442,1,1,98.7069474461602,0
17.031079316383575,64.19343782282357,16.303625187035998,0,56.23223604522897,46.62435060447182,0.001171606601009023,71.1958940562094,6.534627421466106,1,1,98.16729549990822,0
45.06381155788646,58.56167768487976,11.010551029096156,0,103.90768583460863,56.413290318900856,0.02181692254786309,173.38938298709797,2.5386123407897934,0,0,98.68049748924182,0
93.02861975073122,82.7375026069276,96.83361041257841,131,15.706350428768111,100.30571728141084,0.5466898179515727,13.372845445491565,27.33780788754504,22,28,48.54819883253687,1
93.30668977001001,87.04624743836919,81.1339206767375,23,8.994761880974462,390.78327622127955,0.6902990693097678,5.144925512836995,81.4053657552527,29,46,42.87708164503712,1
82.51072779311983,98.18541706492007,99.03225427948445,135,9.5561426324774,199.11747659805246,0.19942139840579426,23.309238510397243,49.15442439743336,27,25,84.76141217777958,1
30.276617731844166,35.428046958257255,22.858820111416662,7,146.22163649854497,61.32252400530411,0.041364585238673236,132.5378600166353,5.3948502300647805,0,0,99.17513175624651,0
57.807986195077646,62.77680133901891,26.936987029202786,8,131.6200501614996,30.174946067653774,0.01098391631586272,134.6787760136471,3.518474712754993,1,1,96.48472841898149,0
41.06886044528688,62.955997604788955,38.97810935204574,5,91.26236652562248,57.53378951058596,0.008484541165627224,93.48797938937814,4.149132326413705,3,1,99.286175432088,0
69.04083349856248,88.42871980217724,97.98120267844845,41,5.467513535852747,106.69213218753194,0.5398629494887247,21.76270995822809,42.187505567848895,35,37,0.19907672631223838,1
14.639281708035872,25.378621902805765,28.125007367339997,1,119.00096324019306,20.80078376450173,0.040296551970136193,156.73868853960627,7.9878033638164325,2,0,98.55404701082415,0
32.24207629980587,54.61190368593337,9.659509030850643,9,199.5825768671036,54.25949978638679,0.024109067350679098,93.43999942690746,9.06583071773937,0,1,96.71249659586988,0
11.075184390328328,47.868641557665754,52.920731351422944,2,84.72167529102981,23.41684530269884,0.012666835857191716,166.43962611905465,0.5548742699748377,2,1,99.62287140611738,0
10.768752890055827,62.96809655999963,38.09981659799814,6,105.08659501288776,37.5511314562219,0.0358582904939977,64.73502390164022,9.2904096630177,1,0,98.43375507115513,0
94.28653679927046,77.83594871967225,92.36358493941607,127,28.88255855327687,345.89659868428936,0.3835679912737657,20.439350490958557,21.674392597529035,79,30,89.40758285709495,1
34.252186968499714,21.844404515883138,39.913440174330574,2,134.4124089697735,26.010205303629178,0.028536125220441595,65.70823049292974,7.9670798061834684,3,1,99.72202033148724,0
16.726042538156452,31.417048411513537,15.017962167575341,7,140.5483866144503,35.015273604858706,0.007546313895509949,41.602220569787924,2.616756745580643,1,1,95.96904125599453,0
56.122741805118714,49.49306277042723,58.453323951488656,9,186.52467422881512,50.24631305489191,0.03424851833488667,62.99789409780935,2.501966333404815,0,1,99.74141976845131,0
60.87010941676838,90.85625999922004,96.14388299861434,47,2.11082310785164,310.48252441346904,0.09673517206822525,9.324691594437326,51.80347065680432,61,27,87.71904057797536,1
76.54666913365381,97.00241864269111,80.24162536590916,22,3.5997450771687927,486.52977715030664,0.19131147738454735,10.369709143548906,31.93959037865941,19,6,69.12718723344524,1
81.65660684304035,75.54632077455875,80.5260515698389,117,21.25127255547175,474.8579841283956,0.44196166308870205,26.326156534037107,15.803927212049807,89,7,31.135385701723735,1
95.20716097190177,99.63648518299563,97.01122041740592,180,12.164013296887573,451.9979063038372,0.2744953834415364,13.046184427734362,10.0927798273105,41,37,23.515721778706446,1
98.03532822210133,92.03614013440213,82.41559430690472,59,15.031100776395446,285.73536529286287,0.5837517119552467,28.995058439443095,31.125337911200777,41,17,48.476926751393826,1
79.75618809568367,71.6610436543538,96.53853339634315,101,15.839828522076425,115.93986818267928,0.5762240527968876,16.21217330123717,36.262810841556416,16,39,14.951447770584815,1
61.02981242252938,73.1910841725957,92.58532897292581,44,22.775526097494552,101.51927001214247,0.19951821991756413,9.443137580616849,94.93034295242346,23,6,70.08571056211548,1
78.79224918822919,82.44602602763113,86.48464436144621,118,10.312247856089812,350.98076373552857,0.4207393900931287,24.794047312473104,76.82388583978255,75,13,5.800799546496448,1
9.635775379327994,41.60339097060949,56.03280228549966,4,198.39961193121732,41.59498611543229,0.04240084206827971,129.0637700021783,9.584175158111861,0,1,96.47716575703575,0
34.635366830781784,23.71557836446783,57.021963720366784,1,125.48135237510577,4.633883320036233,0.04937186234916732,105.3904659976898,2.4874861900462975,3,1,99.26930534270728,0
91.05900347863417,95.69554798265368,98.13189099956769,162,7.32487316392534,387.0252318625995,0.7460508836887431,29.23776983481227,71.7294394218461,34,14,43.376161213644224,1
21.92975138710023,15.459891779846979,36.86837827100005,1,98.65045807209759,2.9572443105247688,0.024088142947288022,60.84975880610324,5.707345722558741,2,0,98.41577256875296,0
87.71859590582801,71.52667196593313,92.23827943317632,177,21.256214885807665,125.12401190072187,0.32540487658680617,27.92712381243377,75.21742233336788,98,42,73.34753834872966,1
12.52070164908188,43.99983222294329,32.37283331070863,2,122.55275318698891,56.54223348741134,0.016563974333106104,111.24820328551898,4.788716785027868,0,1,99.04747257260368,0
58.53568946983014,23.10614283520033,10.814104708523992,9,155.02104062823815,8.245545640018271,0.005993315806818517,175.34976143427642,5.964911972908425,0,0,96.72753498981012,0
32.10341243954682,65.24924097203478,16.972787928394798,5,68.98295476915422,6.616430993563934,0.0341061091584989,94.46551438259307,6.374136125722549,4,0,99.54147305380648,0
85.35433048317412,92.42015722105816,92.77733876976706,189,7.530217663054944,305.25327524274826,0.11559273244027908,17.52810714884943,85.08634408013437,52,37,18.791188122246933,1
56.84156187986259,34.10399600858337,48.666527014402426,4,93.46740956099016,24.36974293033197,0.013531058004283558,51.45391084508457,1.464751803499591,4,0,99.86152433077092,0
8.440803111561255,69.55435264189578,14.000830676877484,9,88.71508384594921,69.54781271839835,0.030876903235257432,142.7712773089537,5.529458648995371,2,0,99.25739865241934,0
48.13865159199073,41.68460190593973,43.26189411682165,3,62.269814139413114,20.348695423179638,0.010734113305258614,106.73772931274173,3.9924077670520153,4,0,98.51265391038277,0
86.10411858431164,82.19066408474868,82.2689777900641,21,25.005880909518048,188.7429210176565,0.549783585515682,11.257926435299872,19.05966010596834,31,27,41.12206825746535,1
66.80634042941061,88.12481921280977,83.56119409997258,124,22.800705906677504,363.6897475070993,0.5292741967918259,21.017125836685665,91.50113811632691,89,49,77.07310872125362,1
81.84761569956038,77.65974658748263,88.93576060755157,119,22.085774469426205,486.0488682199198,0.5459220034240024,1.3854228048341128,71.10934214689003,11,35,16.57454663353973,1
60.00402300351691,80.52464458573543,95.42036339026015,197,22.447408089744375,400.07574116035306,0.16045159578679746,4.795758128159825,74.64848188387818,11,27,65.01075373985488,1
91.47309522230546,93.69806279322304,86.33434818729846,116,16.367677311794587,309.0679164957446,0.05574439916131878,17.267837536788058,69.75948708021028,68,11,31.721921706842206,1
50.13658527391827,32.225775074514544,6.557008452367551,6,120.49880838719848,42.85506543268221,0.04894307011464949,134.12981734079975,9.97588126150314,4,1,95.47330551555561,0
51.144197134819,13.477053083601584,11.871652989484625,2,60.34712430059639,44.39165581559982,0.026778792532740833,70.2152068277565,1.3097007333202482,1,0,97.1018825943989,0
94.20364508469656,74.68044706429849,81.60701466124928,62,12.53740524019976,295.8415847090313,0.4275419921350787,21.183462235353776,30.0341313156683,43,12,64.6333674892289,1
93.03775485632885,79.35122301757367,89.39982941546415,186,4.415355062328287,279.66742581942765,0.23488043514445123,18.16615541036827,96.39701357513184,10,40,70.82831284773566,1
19.19225386490904,62.11949947103233,36.94427684189242,0,131.69034422117738,27.728681705262247,0.026348003814977036,115.16386000865671,0.1699658637957413,3,1,95.54459325299705,0
85.46067761349758,88.48502484021506,85.32044695946789,73,26.683030954899998,199.23270215174477,0.3375544489721743,9.965991510405889,68.44995269565155,28,9,41.72750341680849,1
35.4797502894283,67.62084962251944,39.236827513886176,1,179.8398731758691,34.56119034020691,0.02391438593144579,111.90773620035672,6.887150254543689,2,0,98.93559140585134,0
79.35453156345672,86.75484316386104,86.99389785435316,153,27.625988153992576,287.005613711488,0.2002822333730419,1.2623534330786885,11.790459576772975,41,33,48.13686376435663,1
14.124910531008629,27.05960134098625,17.73440883085774,8,184.81867216855076,46.26030592758484,0.025242031769506436,169.28773016634204,7.8470994199956445,4,1,95.15646489135939,0
76.22056650578742,90.2477837095357,99.98662464543625,79,25.13959666539781,219.847556979948,0.7671612524537439,3.135492812303349,84.0921234797236,28,22,16.874624171102138,1
23.586049167562965,59.04527648219572,51.06623078424833,4,67.36164334051261,41.9640521463133,0.0489212420134101,199.25398976868493,0.0603856280762427,2,0,97.58792523308563,0
49.65440207235435,28.462201048473155,17.383685989962636,8,81.22206903889636,20.18952495173715,0.019692905640853704,112.08677930142164,7.516916196211078,3,0,99.09740863196926,0
53.788674436857264,44.546387501248994,12.001983467993686,6,167.69023538796137,61.057663394686465,0.03807443732300722,144.07338483303238,2.7401468460052247,0,1,99.44164141588692,0
22.564473327200655,48.4620765688707,38.05041455802254,6,197.06961209830294,14.571637508745045,0.03290867057347404,180.5953560268648,8.465105693940192,1,0,97.42947181154055,0
82.73736414661603,89.43175970130586,89.11632952806934,43,13.318601048526753,307.7445600038425,0.7880457816607703,5.420759501534561,76.78850417615679,32,46,81.40840599672693,1
38.89565373697478,15.143630148570997,36.231543795863004,5,78.29033290393707,57.021737427367434,0.040802610588266314,136.48607119160766,2.568903896252662,0,0,97.93816481435694,0
38.342008656882754,58.19090290916994,56.67028590837109,4,141.0254211644925,63.7600075077912,0.02437662952969981,164.6464174943348,3.2193256131795334,4,1,98.59980995799712,0
95.04882397619568,87.65688229323219,97.63257726443035,48,16.096923686108987,498.89713833563513,0.09763550824231797,21.189184527648745,56.09126842363872,85,40,27.380074480433166,1
47.061268481746225,46.24610781529289,52.462636398138294,3,187.32169326523535,45.662142369219715,0.018284835986784466,152.9464636204667,4.124395860394639,2,0,95.7766436729696,0
42.15094382404352,51.234272981882135,48.83755080556337,4,159.03488193347488,25.529167264502703,0.02212251984443533,61.49901372703732,6.327839328406183,0,0,95.4000270351897,0
15.472026026151775,31.70394283745329,43.27612621991067,0,162.03731530009836,72.30996225843722,0.02994686706256122,133.92227942519114,5.675660970357072,4,1,98.16334806420623,0
71.11301783829006,71.42140460555306,86.1835916038465,20,18.42338806451749,273.1199607297943,0.7196903157535663,17.147519054613113,33.005276675194416,46,17,44.620976751851266,1
48.29725593305684,47.6608810990262,21.21967161942531,0,63.07061623952933,27.10353148246072,0.04824028511617338,129.57813223264324,7.130110972324642,4,1,97.7232032712619,0
69.0394472103791,90.6277359110617,84.4130668018816,62,28.50681201679371,432.03960560148187,0.3950714756921804,27.877472939978585,19.98797243243201,69,14,1.2200955778861344,1
23.464230984485614,48.74485296207179,46.30572956234322,6,89.89689029459655,1.1492686696686238,0.006983369044007909,40.79054344590034,9.960373746995257,2,1,98.83672475650606,0
48.6547900321519,39.473102940216805,28.811462710854535,8,94.22936113522151,71.08739282059342,0.020632950427825064,82.31165366501456,9.567201737881142,3,1,99.81701830339733,0
42.35615221792628,28.23245755342217,9.874454952737423,2,100.40436346132401,48.839185367491,0.027289486265009995,116.20954380467076,4.375485037305342,1,0,97.46616351449909,0
18.658737872178463,66.30031667270725,21.579636558148202,0,101.9825821761188,49.65695974505617,0.04419669892134112,95.41112901292172,7.652625158277977,1,1,95.47464777832462,0
72.17924208191059,93.54139442940675,94.58847363107677,158,19.320511476232074,161.174707040391,0.7402397687633028,1.166338366967313,25.580560322194742,80,44,7.076718783318689,1
69.51879528135481,76.16730315632955,91.1169709953858,67,1.6150477011211564,209.284658296275,0.07693372498455338,9.985061840352854,55.28314144661439,57,49,86.97465153998512,1
39.82580349137342,31.92691434621223,59.339429585545886,8,107.2095686216557,11.059657749806131,0.04302645195962015,120.01921074219645,0.1368799246451391,3,1,96.74908563415529,0
21.855135375727635,47.265402746922895,54.922316853107446,7,78.5382089122622,56.5363981622295,0.02169805537445579,175.55063919627207,1.756682514167347,4,0,97.84146297507712,0
53.39815070317897,30.84670336091981,59.05263036538318,7,77.13104676864913,19.67208292707836,0.014522292059245507,191.12888246432868,2.316021959251975,4,0,95.80940604286049,0
83.17029064062656,89.62109472588715,97.81184772082192,138,6.249700715256625,293.5127345335323,0.46948844438287124,26.674949671128026,72.0179507527529,78,16,40.61067114760588,1
40.66613658184793,67.73753782414562,32.48880467375327,6,158.001230865517,15.025815534088732,0.029858273555757087,111.10313878111876,2.9656767512880897,2,0,97.48725989577075,0
27.50128727698987,47.19189574561636,35.71213906397371,4,174.37071238573708,12.692265880645333,0.008141043530156312,91.26716819500194,8.044919304118158,2,1,96.77210290735138,0
63.22291013498155,91.51853286628105,96.80414745988415,41,19.730531232395478,253.15943625265666,0.20030475529458663,2.693812969852517,88.37004887935156,94,45,60.90448538369004,1
6.3715121491340705,61.905206808500175,49.28723929824902,9,160.02859765465917,72.06063655415446,0.024414732780413992,182.60200432798615,9.44652061723128,4,1,97.09644154057816,0
44.6413515766421,33.68495162608784,54.22332531339878,8,158.89855964633972,20.554321120148288,0.008099152256532627,144.79601440925316,1.1747961422091069,1,1,95.89956113208518,0
99.43215100748547,70.35746459193341,85.03242255231369,144,17.578433147216533,157.82424245090178,0.1989209906119423,17.04776333908644,22.03158052325597,75,36,39.77481831753041,1
63.524238906656144,99.29138080283329,95.15605440958672,104,15.363442532441853,174.80311190397737,0.4359767773533289,16.28926639079858,64.80227498291777,30,27,24.89982280435258,1
10.517694234305143,15.374493545486095,21.986351842700426,6,95.92139408475529,66.69998850969151,0.016688417827484148,117.76647761968967,6.029075841459202,1,0,99.01281724808324,0
89.2011004718585,81.34122586597934,82.55537607597752,128,22.57480804225296,80.04679176466526,0.567150425622521,2.4288808931090022,99.62345507393478,54,22,64.57366785471042,1
35.87112058565934,39.61209707099774,55.181717857973034,1,139.7523384305862,44.86927464416012,0.01287465107247317,126.60191861235296,8.414580017460528,2,0,95.65051345246717,0
10.084371339935178,21.251563727413597,31.030162620100747,8,176.58398187292406,65.63592742241143,0.04316544968186561,153.1929169981753,0.9388907972173688,2,0,97.91644259114432,0
71.22166290663442,71.1634377201761,89.32960350329853,171,19.85858166471544,398.51124386766946,0.7957491817030018,21.531411807988512,16.533226544246524,18,40,59.68681616229455,1
49.367425187727505,26.172865882542983,47.46149876639037,8,184.01364812179992,77.69855996535509,0.030035908639799064,43.37227314721986,4.924041094678681,2,1,96.54877880939189,0
18.938096911054437,41.32486396474134,24.37908081311264,2,107.77505801590695,26.08194448490189,0.008959997221984789,163.73982858862348,3.61420540244156,1,0,99.71252224114795,0
35.19538420900455,62.39695593439564,9.541294871880979,6,189.60662122504993,59.77098089755568,0.043193433319882964,91.37877172861876,5.8610754998182335,1,1,98.51995680706422,0
45.737501579389004,51.40893259438758,9.900150052012188,3,157.3550912644074,41.95678590637553,0.011565227979074277,173.8422119040731,3.723649720708151,2,1,98.49613253227186,0
34.72405251152668,59.022178413315025,47.63229582121155,7,177.880001530126,43.37409667799451,0.032902211310762694,48.333865113802844,1.4503632191426474,1,0,97.14108149792914,0
13.021522720729909,65.86199284818767,43.126958850183065,4,104.36642012799695,30.17500202937392,0.0017911134840341515,121.38674046127635,1.9719978648743919,1,0,97.32835640020693,0
18.51026306581493,29.331228825570555,59.950293798899004,2,173.29919720714793,69.56185273977253,0.02320586881945849,170.17152194673287,8.322223685828789,4,1,98.8740889768303,0
53.64139437081947,31.89020963550822,48.323671881984296,0,100.61553996660399,57.91618933748862,0.03410268522725722,165.14760456736707,8.962979663797176,2,1,99.22150018129136,0
46.85006451209607,59.63888279992554,32.32958197334452,7,136.7984814099326,46.60079812739872,0.03351606497537259,145.18716682010205,0.9345438999826239,2,0,98.0784588822462,0
12.596825707854805,31.76801284923242,22.810830230618627,1,169.10987585127646,1.618542075684451,0.02350488691031713,134.78591220712718,2.991836163862025,1,0,99.10772903467402,0
71.69908800617456,93.17904445170421,99.87098259800808,42,2.9270797360791296,472.6763816024184,0.760762993063077,28.969642505369258,60.98465996396565,92,6,71.31168469795524,1
28.62791863926235,33.78994435382664,6.914611184249278,9,130.95575571525444,57.72821922464529,0.00864978293266845,184.0285707596015,2.251262901435717,2,1,97.2436699789837,0
26.874020471009736,44.94762309224828,12.0514095260436,8,81.65675715500821,56.5386665890728,0.04896169313674834,49.92427836397711,3.8563082921852376,4,1,95.60324268726451,0
83.54458785368422,88.88467557145097,86.56019822490101,152,1.575764656842037,208.1080182061481,0.3599165630228303,24.881768305967395,81.47451438726564,57,6,86.77571213249024,1
87.26226906458618,71.27713847198038,89.95326453495403,100,27.86618987765372,171.28962526870305,0.414263047206317,27.0565650048214,31.655596428503117,95,24,6.054635397267214,1
29.81055391873593,23.817222034600103,29.624919610418658,3,149.85093187701938,67.92617576299665,0.044642087955126905,185.62713325754854,6.80411485078227,4,0,99.5832730015481,0
13.83646257165235,39.7243129997175,20.12686138937221,8,178.90528668097463,34.66211214043075,0.045606245914268845,83.99288822639494,4.782777004836925,0,0,95.32746338868662,0
27.701687287953558,42.601864690113445,36.28269616643468,1,165.16372696706617,77.77024806350053,0.015519228505215477,166.8162928767412,8.126186764930884,1,0,97.74773826616355,0
13.61235773616119,52.66529596169559,37.03378506696088,1,197.64894077901684,66.7249606012959,0.0419673714405323,117.64382709253836,9.06706548368327,3,0,98.95692685921317,0
6.7126389096910355,51.41880995349317,38.585954119705946,1,82.4816693964383,32.852500849100934,0.03282581307586899,88.3415249669849,6.50084938570425,3,1,96.52483891563988,0
13.488320822900086,13.30920622880435,52.29780401457364,5,114.77589573730401,49.2664879783312,0.0062899250120459,127.70562437378979,0.8809559228181996,1,1,96.94199905364998,0
11.556537654997594,61.60881047921953,25.56229603614114,7,190.1259237630981,75.50668421266174,0.020637837045816534,81.68755589697533,1.8568077763230562,4,1,99.45533963573686,0
71.03976313553443,91.37353360561188,82.2342005890383,75,13.596098583036092,360.02926259292093,0.6588830525740477,27.780345754299894,21.81121513509265,21,42,89.35824192351718,1
9.671009508155713,45.97989814602498,19.565100698501972,2,111.0683860001138,73.09746261065855,0.026021209597608126,112.93932021958788,7.897724382171668,1,0,98.07337141830922,0
15.301901068194706,55.08640934066081,27.000150713231676,7,52.61455458080147,31.56195455800591,0.008340887218503373,134.23227933404547,1.3911808257007885,0,0,98.67046805863978,0
33.356739533855276,31.43313847949477,42.053071762419215,5,54.96483749592887,54.00776909942014,0.03395683380169683,96.23220548829671,0.4532134254517284,4,0,96.53409549806857,0
30.040445204202797,16.47190153045904,39.23667693849197,6,192.95366352595562,78.65271469311742,0.0005045078513293722,66.52553781536443,6.628751478495568,0,1,99.76383225660697,0
21.807363993328664,15.6465842770255,29.904319903851167,1,101.55038203305142,19.29329211490762,0.030650009743447122,105.21025836860679,1.5792279560392353,3,0,96.2712997231872,0
52.87011778943991,26.04637767666308,45.44627475374672,7,154.4407036973854,10.535390321213093,0.012990600281477777,155.61338403383607,0.7047046741166285,3,0,98.45237617689153,0
41.14624071094169,53.831389969985786,44.214056179334705,6,99.65875922202947,71.3906966111357,0.013624070604322247,172.7569293967693,9.571016237569781,4,0,98.49636309680392,0
7.6608802700775875,27.75306296252866,39.26574802924386,3,78.62890519294483,63.112360208641284,0.025562537600003172,128.43688938456836,4.073541148753637,0,0,95.711290912645,0
70.66769874889002,97.59659694792347,98.20783330403027,38,28.14881981230074,282.7926359558287,0.5798301262891661,7.611305143085104,39.47033916996765,87,29,30.872161572333255,1
93.31353713366542,87.61194168401285,96.21678423163038,30,12.399839579820986,466.1328302218548,0.6976688853684361,1.9478214321205662,56.36631512976348,10,19,46.08576937980441,1
31.776242162505998,49.64268440265694,17.124531734485046,4,81.40246078666934,8.1939530065777,0.024660207612855874,184.33153794821538,0.18227862679040863,4,0,99.65652537789516,0
9.125514944101717,30.0233045324459,21.025907842873906,0,106.81977986231313,59.625897765163415,0.025064044236114153,147.5571873947097,8.221269214111416,0,0,98.46681974092502,0
54.20303183316421,62.670044172879535,49.328540016670246,1,91.28116875521951,32.71024306013625,0.009709422061156448,109.47226744304481,4.059726298501655,1,0,95.33740773742882,0
39.08100066016185,64.46277644414891,23.553940176104025,2,155.46573415211577,11.48610206616869,0.03696193811106637,180.87132318020255,1.8928762276275035,2,1,98.49178173541502,0
84.97200791563779,92.07705047064542,97.65427039221272,116,3.244065986488094,483.9697500535116,0.7674599315308587,28.462457686162434,20.927052953320242,32,12,38.956669635907886,1
29.10462804002569,23.251449251611227,22.325270997930254,9,199.4865296331147,47.68833703695741,0.0019813588408194695,70.12216299483539,8.000087277736714,3,1,99.72732981657337,0
41.299821338033205,42.47364935691216,26.084267469209834,8,85.57402498668358,32.07509397157936,0.026315877392313072,138.94549002806968,1.9826005934656643,1,1,98.9687776709952,0
30.252463616227935,45.08264502881144,10.345090229456432,9,139.09337880917204,69.74873448003333,0.014548633866826921,103.70695874375697,9.493456200412338,0,1,98.23655358381366,0
30.89207804435336,10.86868426994603,34.84043476079714,0,57.42071585978846,65.88295230476376,0.011908001177482593,173.4930338768454,9.076033965363719,2,1,99.57321825694115,0
15.144236273026582,59.373201910291314,41.21433665873718,1,149.71232162468493,50.03671246418966,0.00021044900187154326,192.02215322913145,1.1681782851360467,1,1,99.11842632430749,0
80.59980590622851,86.3475315514875,90.65528345460042,45,8.847696829935218,470.3456890980155,0.2930700524689183,12.468319270833325,45.17470686241356,53,49,38.73803572671298,1
40.84372197606836,62.76054113426641,8.999474130144673,0,86.3406706525683,11.682146579451663,0.02427111043357262,191.83348741501086,0.44372200252321026,1,1,95.51896353223663,0
6.26908829920292,20.041110187590572,17.409321656781195,7,121.08314281014428,7.766809683567398,0.005949422802541605,124.20629833460141,2.1437956529277056,0,1,98.15638392263527,0
26.222051111702157,16.62160276590417,7.478199654289162,4,160.05139706478715,59.57651528386321,0.03860298562491246,78.80995500235525,3.5051197919798547,0,1,99.2594062263135,0
8.755050503911468,13.241400967352224,15.706645486682032,7,173.75032965289222,79.17123262399659,0.01684812914248311,193.09060465576476,7.1246686251043725,4,0,98.39001597753635,0
35.95767427328676,32.607485449462914,10.89436916681634,0,106.4919003317031,60.16083975497731,0.0221979692630087,172.31913988185818,1.913640897358494,4,0,97.86118254076617,0
41.19528347450842,25.46776855758884,31.72463317540239,3,50.75721233867059,38.955855599908965,0.01243984846282676,116.64108827320639,5.273794755915198,1,1,95.76320547117534,0
15.434569275021415,62.26402160939793,17.900874532940847,7,82.67130082233427,11.3056079764524,0.02674799035835598,162.04173940085104,4.62202490275994,2,1,97.20871369853297,0
26.667362107642347,29.244610468111368,51.17457018963988,4,199.82272140003613,5.483348536470199,0.019466330172238023,130.80660597086472,0.11442083952410309,1,1,95.13162180436773,0
6.809352608129965,25.73109907933972,5.01491001934454,9,148.4112503090596,72.15276263292792,0.003029491252540312,85.58584209752777,6.216683929604047,2,0,99.87769560425545,0
13.363449174244007,42.0471094389118,57.038649267709694,8,146.04194315886951,69.99254402956322,0.04723984689301653,162.51775492414043,8.826220179239074,2,0,99.87003447012204,0
64.97640803519977,82.88616760053488,88.49881408770143,162,18.200693473392636,97.38233163549684,0.7105512608687691,17.61321999868162,42.81623030265365,39,24,31.368581919431694,1
77.27684292260282,96.90490002225522,85.19872521814872,151,11.423653672179524,233.64207337038906,0.3447084902492165,15.711992006874654,12.320814416948002,34,43,63.09810702373171,1
37.580347041150574,11.132353826229078,5.305511080003368,6,96.7451283779788,20.759979533863177,0.04506716892662339,175.86543732153504,3.3036553100710364,4,1,99.89477018283213,0
10.8303033216495,32.87594485129617,54.35362772888669,0,109.04738565988782,37.63704947521426,0.010456386905503295,155.43909034256458,1.9661724067218134,0,1,96.50046181206119,0
43.654707154299516,55.8417020936275,52.41404928554442,0,128.18514323269864,23.100627766679082,0.009773389929271221,150.20630297812346,3.5940238799898028,1,1,96.19860715135351,0
58.8659200829619,56.10325113367576,46.143210710292735,0,168.64227351156825,79.83896538058248,0.04918217169907982,91.48260594236923,9.831230122280534,4,0,97.76174016480606,0
33.408360854944256,64.0291196802302,48.51132235982656,0,140.00472243313476,75.88935763591374,0.035975886092503316,148.03107555217136,1.0769474438749338,1,1,98.92834338740157,0
50.10693680481891,51.1392497765119,53.915925413771525,1,77.3696618327091,6.3126633949810484,0.006152225147143803,82.91212183241919,2.726684070392944,2,0,99.35584272324495,0
33.48061354524184,56.4666266842689,16.836977731356274,8,76.79272143347703,46.17739032417927,0.03306847137002757,118.08526928187331,7.420367013224737,2,0,98.32245505533854,0
99.26948079650936,87.93932441190891,84.02128668382421,77,14.042590621040889,439.8972568510136,0.22707432314256437,21.845599764558756,97.18907788399795,99,33,75.73950398705574,1
73.47528144642861,88.2692825160974,86.46625644664124,56,23.675925821189182,426.8843012127154,0.5821611904169794,27.184653247486573,33.751507494606656,68,42,40.21368817342692,1
61.8070908747133,76.7783855145699,94.16881065177134,21,28.91364209730488,415.6700530357509,0.2671573860055229,7.913212089187877,65.30370313725116,77,47,23.44917634255563,1
44.20787204129923,20.657848974595122,5.429055015055412,5,116.82308951545222,64.75714924054355,0.01947540917705548,174.221521191463,9.530253522127126,1,0,96.72959000857972,0
48.94199265037137,40.11492062309263,26.92765238036895,7,133.22780083544734,53.89989063011968,0.038988371198521395,55.2056847961707,2.7476659586981,0,1,99.16322203428959,0
94.14053626687368,81.23438706128984,83.17003294376919,39,18.602825446223733,293.9870145586594,0.5404200842158565,18.462228962480253,16.827843307921665,63,8,76.06836666922906,1
26.554272123765035,39.656624107806635,57.41842931870105,5,134.85229423909294,18.02309319467896,0.036332089628880106,154.65436952557306,7.656512864235767,3,0,95.60509385729664,0
13.325898435827256,29.05094667126321,48.812282551149835,1,120.5471850091896,41.44703486700694,0.04141635033316252,40.53200120266055,0.1401082900921391,0,1,96.2811393668608,0
75.67561635477415,99.39750135644381,97.27881609480488,37,2.865802305784362,248.5178854409339,0.7223043518485397,10.162963491764929,56.747186169207666,40,14,0.43425106361782095,1
47.04226284037071,11.556730404940884,50.60756276651942,2,116.33422393351943,17.390290055046783,0.03682624213911842,103.0387741570616,3.089733399651735,3,0,95.6585682989366,0
6.917898164221935,39.072828057265454,56.47069991109782,3,178.72498321081233,21.883004746146895,0.00830680586473947,57.8715326880749,2.156413918231567,3,0,97.26791365482438,0
74.51214506627923,85.9997639555436,81.15433376070324,117,24.393203361260404,329.0168437468923,0.6884721947729402,19.47025202371117,69.44796835746502,36,16,12.201315844394543,1
38.30121679365917,65.33490763980265,21.093374218899246,1,163.26219624212456,7.959616650789423,0.009439209311518055,160.76062949823074,4.973442592214841,3,0,95.32990152299833,0
43.42414993231209,62.57910383369574,40.102732695157556,4,160.38796558257724,57.74095482206445,0.03220828519391608,153.78473534924842,2.858070633495271,4,0,97.36047479548087,0
84.13559336729537,90.01885746168645,99.17821342382872,198,29.039945683153913,444.26660601138923,0.4657770130921051,17.742831081921338,51.808080366412696,67,8,18.9500902085434,1
59.35369833971197,19.074259450621128,51.606629672130104,1,139.60302315527358,57.561959803362846,0.00942706573633872,46.69942380427365,4.887681181510972,1,0,96.99771357505547,0
69.68589630140758,92.90696467775402,87.60942628767425,109,13.561562542625076,413.8535317660805,0.07621640610407672,18.082245766879467,53.01271585698837,53,20,76.95588814111285,1
12.711690050764718,11.582442197600475,53.46098852223304,6,68.02328070602327,35.203522358741246,0.047652585847000904,157.48167623016596,2.4314972130404575,4,0,95.35389290791787,0
83.10779985591552,81.10584994199826,99.93417643928899,171,22.983390283946175,425.23389593002304,0.6979191039669669,22.237076150359172,97.32429400552908,15,7,67.15413260094873,1
59.70487803051681,25.08648392622297,31.76813840220739,5,114.37005715328232,20.416128301177267,0.03158541939840347,159.39242735065363,6.008179137415121,2,0,96.77739200573956,0
41.826093862808975,25.971670587268434,48.835396292978146,5,142.3380712052908,39.956326011493765,0.033711599871047736,85.90905555019182,6.121050672217766,3,0,97.5827734614084,0
90.07363429134938,79.5667133605154,88.5685393195528,177,20.427317664685827,483.74570304709994,0.5209577492813445,22.991201742927114,81.05065551070018,86,19,28.190781287661242,1
31.26260481817104,23.994874110921476,6.61911438385969,8,93.96376061623866,22.779718035829646,0.04341249060108711,169.49742058831748,7.298415370286824,1,0,97.4658671596309,0
84.30132640180668,89.9154227477673,94.15575885938419,179,23.420076346869667,92.58582090633526,0.6931692264258631,22.510044207104347,51.395423181682354,49,49,50.4769774202753,1
20.915798760185744,62.68957806043831,27.028794238133134,9,103.89001182841602,19.290455979443387,0.0272985618772715,40.53529702356846,6.694271550349885,1,0,99.90469889008864,0
81.32643558881381,93.18334703150671,88.0508239004385,168,16.905110807716632,383.6178563421525,0.283779065505276,11.538090105750372,24.97319865446132,81,11,5.940459533274957,1
48.984606044385544,48.761177964745876,55.499622950702495,3,179.54213074386348,4.601255722068359,0.04737248427427765,133.92945265515968,4.197884341395415,3,0,95.29808842063913,0
48.985423853906426,31.71188735170684,23.085781379711797,2,53.75435429614134,40.595609253805385,0.03420140238808851,139.97059434331618,1.2222774927875257,4,0,99.95784035040278,0
74.92506599878315,84.13023087962634,89.15151863426972,60,15.142697714401105,312.8616134751496,0.26864148649538855,28.84434434946531,72.55172877567023,16,9,8.444945734813695,1
29.46474248649934,24.190812672276476,18.69142954709802,6,68.28207926366824,74.65176110698508,0.01799857768635261,46.68458726507011,6.343861556676656,3,0,95.66778479112354,0
82.33455141957282,84.29780981375008,85.82481237153743,171,24.857348312838052,208.33752405387298,0.6375281842190244,16.98028929327817,15.302414461986034,97,7,75.78202525825269,1
13.333025923930732,65.93338783271764,15.662919192929698,5,143.59856254604406,76.15470741549912,0.00431340422875115,102.39894338796901,3.771353270088124,4,1,99.39391689030523,0
19.38787986148123,18.673737796068398,8.63335402477573,8,192.11501763935132,1.4056291935039682,0.023676234113461116,122.97786576532884,3.3096184658211714,1,1,98.35805579606037,0
90.67179559385418,70.24227602855045,97.64906625084542,168,23.32549275913548,105.10810974663471,0.2031319453507574,15.689105338294686,13.90827749265155,68,10,44.92883784562773,1
87.2727287752177,83.03073987229682,99.12415099010427,183,29.477969966534896,117.68777811313961,0.056506821654109876,14.3183589443466,52.85002839025786,22,39,81.62744355332646,1
21.011801303737773,35.6527520226166,6.090942598020422,7,96.96650920329238,61.60818287125741,0.006330832443287715,178.3646606341653,3.4665941216255227,3,1,95.5104357751629,0
20.310033232433454,17.13341105805384,59.602838403230066,5,153.02263682792835,30.070880430852174,0.04785602454982926,114.00360517512267,6.988954864558425,4,1,98.11967339339364,0
94.42775208199417,87.83215259927772,92.99718739525828,38,24.955670142599068,113.68602906812691,0.7710785041069882,15.274379845781066,76.27958071571472,48,35,48.390946092877336,1
34.58384055037229,15.341443023764892,21.55903694478925,5,169.77031600749615,36.82935990290369,0.03218094409189267,140.35258190746362,6.628573180035343,2,1,95.3715287416835,0
51.48773427339855,37.321202205073355,37.69119347899999,7,147.15968305782633,8.664933913888214,0.008847956964935405,166.53281410571222,4.982933031826848,2,1,99.9366968955828,0
29.310254130566456,57.42731653481009,26.248116574888893,2,66.75640429457634,74.58266129044003,0.03526464480340697,40.395885384204036,2.35199494783473,4,0,99.79285145686619,0
37.391237411442546,34.44006299934691,56.0619567186475,5,171.0458366302797,21.30254245196938,0.017734956960722675,84.87344435150179,6.273685543988186,4,1,97.84798749299362,0
29.834829662240352,23.660407267864798,57.92869658619028,2,184.82964699264397,42.7234247768475,0.044798286320141614,96.36628690230424,9.228014965447825,4,0,95.6126367604261,0
37.49641470069697,59.80194063889316,30.298766238396883,0,155.304124473232,47.78578562032416,0.0010952475431763198,88.26795061829573,0.9112240723823206,2,1,96.1694077014111,0
82.65070245573031,96.17163742556104,82.603834350675,105,21.583182289627004,109.32994313036517,0.38839116736882456,16.183846763180355,92.12944257802307,56,12,70.61868379903983,1
44.30825882449837,58.209736097402924,38.06363578259754,2,59.26656730081101,36.27214334822325,0.045438432929383495,191.066479036892,5.8102074420135885,3,1,98.69562856964289,0
8.129229373108917,49.88390182878342,22.08647222855127,5,144.03118972496605,7.301106486650955,0.011294753709900563,186.92324967403263,9.244365710533234,1,0,96.85866309970484,0
12.922185710301472,61.07328235592855,32.414105354851515,7,162.90485781794706,51.215414403502486,0.024672785283693845,147.76696502180894,3.7809313521974963,2,0,95.36188234533694,0
21.325881384236347,46.0927647110738,13.127855422241446,3,69.14653192671138,63.842906060381985,0.03316879642607406,99.54486329857751,1.8423527999728695,4,0,98.50375767813644,0
10.29898096064203,14.229773379278285,9.886349938718489,1,149.64777147365965,58.74353923934541,0.013194035026658347,167.58291140319596,5.758778570833925,1,0,95.9765549610494,0
26.219990086487048,45.575181379073406,14.503190057161108,9,171.2810581684526,8.916953418957531,0.002397684809806705,193.2772326841713,4.571594983137349,0,0,95.42247777673079,0
12.883300617618373,45.50070186541929,21.342254161824247,3,191.3099969850053,52.14607715908789,0.014683190393028895,169.91284800025903,6.6881968056747745,0,1,98.70186675039753,0
62.017830175470706,78.75019273313526,93.32693076936009,66,2.8814258092453877,410.1727500588361,0.616965458307103,25.69325689464924,59.240110818214994,38,18,21.210951805453796,1
69.64177278517431,84.84805958289243,97.38394888799198,91,4.543251260103476,203.07154951582467,0.6318668001002496,8.994600987648893,17.459472039154377,85,12,43.80955897023754,1
14.336525376363475,47.94213490611852,46.119898501320826,9,195.69856200178504,55.77788583170849,0.039422903442847435,91.97151947723398,3.7929350619320603,2,0,97.07035160721325,0
6.506692914923338,34.28168966232021,13.871025832866207,5,104.05587879332337,55.26872534149776,0.004000770472311738,186.56238922349894,4.322227827235755,1,1,99.27210863812296,0
17.61232987358802,35.37155094913162,18.749020954482532,5,76.93292982863109,4.310857406991283,0.0026128917159814803,126.52264686746621,3.854912129757598,4,0,99.5299525960681,0
77.72883812220897,74.68060145277558,80.24823360664759,164,1.488772698807399,395.2408480334132,0.7325989947573974,27.39805512408127,31.444604184588727,94,17,68.15088003857117,1
91.0235378882255,89.37560295545092,81.71765891684932,52,20.954675242726434,240.73328631780672,0.4806083283119621,3.1212634719198498,16.168867288180433,57,11,51.146880448206275,1
59.276349717508246,31.221390318724694,28.892723686278792,1,171.9451249611156,30.49125035468789,0.021946757062408003,140.46511870259468,0.5864654031698613,1,0,97.33405262335674,0
43.04093238250757,13.205304203516157,28.193372134935984,3,164.02290995168417,74.95710194100432,0.03874968994193597,193.69122092192197,4.4608052239668705,0,1,95.80834385506135,0
67.04119856143551,97.58450378339538,90.15978286427277,170,3.5287707060502784,201.84121011220202,0.21409592485844897,1.642431317440395,61.46691264255323,94,48,46.54229786299422,1
78.49249458102592,99.73539701521811,92.99521093000381,48,15.232426617091816,104.84358514202906,0.38531105458013076,10.116950852894146,19.983142631613653,61,7,77.39270720579198,1
95.5646760029667,95.52440372278059,87.26824232581399,58,5.769851553578401,232.45785477660624,0.4521524592596258,9.623055701148077,38.71174441241712,19,18,0.7485880063497952,1
64.61353568775061,76.58830696125432,91.18306371389099,116,29.108987928252336,319.04207871925087,0.31409211011771054,18.410663865002007,13.376433512829898,36,44,4.191014400451619,1
91.44230071412298,96.53100689436384,92.29864298331401,129,19.93031335685535,238.4469867405806,0.7191784409445787,4.8786590045025715,87.47755254116093,94,31,61.71878793665401,1
51.874348212453114,24.708279621958454,48.11460346834416,1,77.56035402239156,30.981831865519265,0.03971922704556877,141.0887983368981,2.923509369471736,0,0,95.97126373866159,0
45.43738051607384,62.12361438309826,30.181902796346197,9,61.69012584268522,46.907644845824365,0.02649573168563359,103.47119282444224,1.904161226508786,3,1,97.88401097244173,0
88.41768964086802,73.17604998485632,95.26051545694725,134,15.795170421170372,496.7907312596691,0.5825599047564918,9.177236366020102,67.2608608476787,61,13,83.57061921784693,1
36.93879356694896,48.895690378211455,37.602632614799056,6,118.16031437912477,75.84762579694183,0.01376513657462748,153.72605057649162,6.008508795016015,4,1,96.09852947481802,0
59.69531915249825,47.09606017467564,54.78463244052433,2,135.57978316896364,26.811424834128108,0.022473988723816143,150.15905220447337,2.3439639588608885,4,0,96.94441227965558,0
32.592970718372726,25.350777234782278,44.134450961211975,7,186.27680311073635,67.1752925689451,0.029687816915842893,142.9229058474013,1.866932217354339,2,0,97.57763421796808,0
49.447957678096756,19.079885789460498,38.685485447687164,1,89.25252457999076,6.733150686232159,0.03395239072821529,165.32016161890402,6.8622205882013745,1,0,97.9230123936684,0
38.211428999867124,63.255689736321735,33.25228317545712,3,107.29539134831052,3.8113720430712275,0.015039866738801727,81.16286752282944,3.342121389478838,3,0,97.46045168033483,0
7.096914962769955,38.14218695243224,11.177160327640927,9,129.67316084259332,65.83414960187667,0.02710886551505728,123.44471742142787,9.831212530220409,4,1,99.71447420125257,0
19.259015604603235,28.28899309924661,15.642035795977163,0,96.35713855143982,44.43933627474702,0.005189359512321263,137.4798104630193,8.105487429986862,2,1,95.05846947924863,0
98.75040589281971,78.03071497374343,98.26435310406924,73,24.11986202729289,315.30485009675584,0.35999758945285215,8.996061094753564,51.85458420532694,71,7,62.414149904817045,1
7.070889041693651,37.178488977812684,34.75432974914119,3,106.0647974110259,3.240589378718016,0.017498544543459404,83.40448212696087,1.660159767137026,3,1,95.12930621992285,0
11.388779083977933,16.626534028699446,43.972095530226184,8,125.60244858412817,49.93760696377215,0.01076654655199298,175.66619006729542,7.8429999493366545,4,1,99.64621993970903,0
8.518005834149406,43.78658049218025,28.81572081176282,7,101.33450529453778,52.24513335760217,0.03424151799304478,92.11074837793166,7.167524101048484,3,0,97.42232682288747,0
98.39870308179987,86.45816823517511,81.39677350104255,141,21.83784244441596,218.50591715276107,0.09565214399498935,8.732875779992849,95.12741881383963,26,24,77.47330201694412,1
36.77377667291702,31.658811024250213,52.82093781635711,0,58.67700582392563,17.177536466884906,0.033443370429857865,81.04551391709481,7.46559809917962,3,0,98.32079188960557,0
44.24495025468473,52.639550253534935,32.35030198289954,1,117.85292424246924,40.12751418043605,0.03865724651239099,171.00979662679973,6.534946964038635,3,0,97.82567631686176,0
66.63507231391485,90.67931905059191,90.09091730652898,152,12.292122135542265,487.7832821794647,0.35898621282613535,8.626784361394762,90.39144378019988,47,35,56.94986037067299,1
95.06386228144795,70.28773805341422,90.15826755087984,105,11.19352287871534,93.7731563998097,0.14768765295482789,9.294252158754544,28.566789659699875,11,9,78.37226544855172,1
93.40510234273172,86.86681182274097,97.4889468191669,85,27.89143221566655,145.34865091605178,0.28721751888522684,7.031097581995967,71.00157692245944,72,16,88.06923360852008,1
27.101730655696954,28.189898316478626,29.453095321900413,2,66.04326318594771,37.38111773524451,0.04007052201210734,114.09085890930768,1.9225145567819568,1,1,99.70221280010747,0
19.609540727528692,47.10591446354937,24.507003492280532,8,164.07362399381935,3.4532787162666114,0.04818445036217586,106.2163551235245,9.740111394205439,0,1,96.40629662122831,0
32.303351344664264,27.089517271073053,29.453317561626417,8,55.44608071068303,60.50426994176394,0.0026533260024248495,189.32881197855892,3.361905250303021,0,0,99.50938435622722,0
54.36113920226019,53.65569773974312,42.86524243839994,5,156.69676527490685,72.17256117655201,0.00300266981895172,98.74321308685418,6.204551579962948,4,0,99.45520995274963,0
9.537443055317823,44.24498738579977,55.20376841611741,8,76.17892103148174,58.19964654974091,0.013554627145786586,179.8193124968692,8.507874349271296,4,0,98.26014946664603,0
54.03642457010485,21.759057788940478,17.73936828686005,7,143.60004809644525,22.050009941329456,0.014544567568988665,47.61763483794253,0.9566526586955071,1,1,95.30620555189626,0
21.172888504100722,52.51341155691006,10.546701703870525,0,100.0914324281249,56.47361765092955,0.022776054258244346,171.41230755903354,3.6227582960498026,2,0,95.10017447022541,0
80.9002661427987,82.31956473608304,81.17094180344435,115,17.384282624920687,310.5073493381812,0.612321770681386,18.69046151195485,40.65602002033731,18,13,59.419963155675404,1
93.59264298762754,75.95811390272864,95.4057801914818,169,15.256318020967356,469.2363107572543,0.1536591464610842,8.614841986833916,78.3903700229589,98,9,14.305918577856328,1
58.13265061628725,22.55989203324027,10.814374261235276,5,161.2148555199641,36.14540606138383,0.043488464386839835,93.56995826715502,1.2963355033367507,0,1,99.98831254769384,0
19.094231035454683,54.539820878321784,11.023473161770779,5,101.61124936782761,2.940219622719643,0.00010083599812590328,157.7175350232538,8.859849571337218,2,0,96.49011332573026,0
18.379090740356908,20.780483291097408,44.24029313111671,5,160.38163645394536,42.834367851336864,0.02603892720685589,156.12388136285008,5.425408585434193,2,0,99.85957043773065,0
27.203281017411925,45.92051665051801,10.87984537255015,8,106.26740228721567,26.057122929047605,0.010310937632934543,107.68669162268267,8.847846286048338,0,1,99.50876279077508,0
98.64880742138993,79.41248252405538,84.27513689288952,164,24.415109160480437,468.24143892214624,0.7954854650997741,10.910843980474406,64.50438867971255,72,17,76.00834675495426,1
96.84454153272685,82.42804963595665,97.58618411228308,33,24.74900604234519,130.976700815528,0.1827827024905625,13.201356344015439,50.77402357935627,48,11,13.66327447611045,1
14.959448179174352,20.091773280206198,39.04152236535641,4,128.80577708053062,69.71221595262297,0.03246329835051808,69.25693632979798,6.783694979610617,2,0,95.53784737449243,0
23.012933590409332,60.363800192263035,26.487433464702406,7,82.10096004281667,16.38048471722744,0.038476797645935215,133.92424093949077,7.015935949659387,1,0,96.32939318338694,0
14.105309458000821,65.87722131283087,54.566557600498804,7,149.57390010359097,47.87386280637976,0.038005119069375384,41.384688875472726,7.433744527514693,2,0,97.03070656106655,0
59.97013955952039,45.40018325651849,21.699065455910727,8,63.52635785653392,20.731885267573347,0.025663715606676425,92.47934549937267,8.12205913356735,4,0,98.93963484876369,0
28.225576851723027,67.95278011104678,28.111257576783927,3,103.99597418908853,38.294585756451056,0.03759936908257959,178.79930480734646,6.747146574939251,0,1,95.78337137736088,0
42.325457902310866,35.827203357692696,46.00089502637406,1,52.27317240169739,43.00918017083692,0.03225912922701218,96.27297589376569,5.311122922410464,2,1,98.74509587084428,0
12.821731405819563,13.099224600201895,21.702236222810736,1,155.8348962259816,50.04508386408844,0.012132005347753489,196.09928225884352,6.307148973248717,4,0,99.51764024426917,0
27.382683156296576,60.95298718271545,24.81376461861853,1,153.0730549331592,11.790139338857536,0.04131996415426359,139.1513604494269,1.9641881334485212,4,0,96.70457456392803,0
46.16501866659844,27.889439151988647,7.941787963690844,5,54.973662966659795,54.27191244848358,0.04897079878394035,131.39546813050373,7.535018955376732,4,1,98.85912501067355,0
12.406133340841812,55.34149510906748,28.863640418155963,6,94.80325032880239,19.16145204866738,0.014731875849744154,82.50875826071848,6.889811655668644,1,0,97.44961224379784,0
12.702983398376746,26.81041570822301,54.26165882706357,1,125.09128784695869,4.694108599812789,0.03546303287360102,55.16021148378351,3.3401671165536095,4,1,96.40739438676741,0
42.71032486189185,45.32603875025443,59.13596484026986,4,180.31449687652812,49.03337690379669,0.0171508517969144,109.62430555974902,8.112179380167776,0,1,96.89960568158415,0
19.66347010510731,53.49170074961143,15.93626044175508,4,67.41323402337908,43.90700337807229,0.04561468760583583,46.37254798244886,0.10827839505434089,1,0,97.2665716974021,0
98.17256480688695,88.67463599151627,95.46898750046805,129,3.059531563699464,228.60524191958427,0.18460305896408946,23.593799136179847,65.30443537523306,24,5,19.118969566705847,1
23.659974060001698,54.7113295107332,51.81836439181513,8,71.22189742433511,1.4128861181454035,0.013997787925219296,152.23800634452985,9.586891371781913,0,0,95.7671838886274,0
47.29301682293323,50.22364266261407,13.43853333494904,9,141.7092351041032,36.45775304357635,0.04893031317913795,173.54296468162357,2.7737735015529283,3,0,99.88678394389444,0
6.586116362596046,24.62375101110822,7.965366433800685,9,109.50944001281962,55.226963851466394,0.041068419760103586,52.09304760966555,7.4845888344230636,2,1,97.44320920059211,0
39.77895558337158,46.7428473862491,52.21693333431762,9,77.17114526650681,55.283092971542544,0.013035019053522152,94.97700294979299,4.043049363550136,1,1,98.04035145723827,0
63.5123787812195,87.23043125495025,90.19405889148929,151,3.2690584470130544,361.5413111769216,0.16213388758938035,22.283495108864944,25.969268538192672,70,16,48.18543049019805,1
33.867878319141056,50.40561114887024,25.440855678549774,8,121.63586115030013,53.78527382059058,0.02441903358152175,99.57367618084143,7.631990081074951,0,0,95.87081382481621,0
82.7207994314611,76.04409941085119,93.53342229502076,30,4.96259280048605,211.63511574171633,0.5263302455339772,21.29652131784057,14.806177544108106,39,38,63.199260971546956,1
35.899375387908655,58.21601727916965,14.868274609937572,4,159.34673404736444,20.245964440611235,0.006218761184086608,176.60092114385418,5.432274215675532,4,0,99.06125423462072,0
18.863172828386958,40.63881492539063,38.92648269541202,9,191.6417931431029,46.52045805993182,0.028568627610115173,160.90695764132323,5.104644051952121,0,0,98.2793178157554,0
10.875178913160818,47.832465351608064,12.843812143977917,0,169.51601356040715,40.40033946310238,0.01665200306581274,99.10618112491868,8.788361707999842,3,0,95.91916089537588,0
18.2110230050468,34.99405157351719,7.322128915921931,4,153.1159998584875,41.69304573994518,0.011508989870463572,85.56122729814936,1.2633721771865913,2,1,95.05092339784251,0
39.6233170010637,69.19029696997798,47.01820275424788,2,147.65508688303925,74.08653258486567,0.008195618799949579,51.03507869436587,5.291250275079905,1,0,98.3154741963934,0
15.386874190820386,33.77937595931144,30.331205924661624,0,141.378079861368,32.39919291422572,0.01193284048326896,156.49448915809393,5.462546465481452,2,0,95.5118746448233,0
76.50406229791514,82.34220978956743,80.35528926309061,184,10.13728172890259,92.20926141089222,0.38574523330428573,9.145240549754133,86.940479094858,12,45,6.706877016156415,1
87.45229115151473,98.07661112829891,90.4369758977496,187,3.6621116296858163,347.23867073119027,0.6282042465282003,14.215376839971615,78.13181744813109,42,44,42.6124152390793,1
44.06381111313342,18.70599334080853,56.679508414431076,5,126.63438136656659,55.685334129939626,0.017359538731400836,158.8072818103962,5.654426915997641,3,1,99.55494139735391,0
16.99350112264002,68.82590579572107,12.188443134857843,0,63.501205167773236,47.280326072403646,0.005763558997487351,60.33962783668508,1.578936333827109,3,0,95.05796397898004,0
33.52336662944411,33.736676022030785,57.75870816372635,2,99.59875464292705,1.7045061580665206,0.04530993490929974,139.1101468945014,4.779363290898456,3,1,98.84349807152078,0
50.47251998485474,18.461555964474805,9.609203608118591,9,84.66089511476295,46.82300592539148,0.028095665411975185,114.70990778582802,7.522188716118881,2,0,97.09841272199436,0
86.7412558202388,81.82258074507521,88.48829721390418,162,3.1833555325782665,294.05152719361257,0.14263759666566267,9.584998419557795,98.12842627072013,66,29,11.513289167170553,1
42.13837672596673,44.58922460611219,56.249253213869224,0,72.11301492914043,16.945496870188382,0.011296930607020701,172.3657602726607,2.0764607325878623,2,0,99.69331521220171,0
39.500192849504955,17.050176368468954,46.64923661720058,6,187.55548981169807,10.554290566380134,0.013847490401847707,45.10990978888957,7.099591972769963,0,1,98.49922155893707,0
16.726299774385126,36.236357891624806,54.107914441914474,7,151.10321335804397,24.822590630438334,0.04891074617270723,194.87314255947229,6.986028335022168,0,1,96.58630139119592,0
29.50177744544425,15.052346029835062,42.84655054298342,8,71.2900472143743,54.08270413064734,0.016339925272355893,42.37973917815534,4.906191987827551,1,0,96.5458559341812,0
15.150524324662639,17.93514633084558,18.707341190386128,4,132.46027041928346,20.131793510085657,0.03253421666365823,91.26782864329104,8.67252506199733,3,0,96.27295275524752,0
45.891147530110985,50.847257724647434,40.81352033532173,3,199.55764374745948,47.361861769680914,0.020558126957785767,113.29066416082325,6.7489490160996635,2,1,97.13899603379107,0
28.306159326894193,22.170615844115687,7.868520217424928,0,118.02086146686602,31.038914949511362,0.03745887230304451,183.89029371144483,5.01765643617572,2,1,99.28794325083146,0
90.38526714553423,95.77464746762509,85.48881086797041,117,29.626210917966297,356.1096364130194,0.4159941436658309,19.121796672464065,91.26353637325987,10,19,71.18286975316985,1
24.49725406687885,69.33831237115669,54.7497363787532,7,82.42581988668461,58.290626183089486,0.04711786232040249,157.67200883583595,3.1212118829140723,1,0,96.62718896893188,0
8.459120416825483,36.437831613606136,5.402435415321502,2,94.73734611210205,32.431690854354486,0.028878015321737973,170.76845504168406,6.692653781683804,3,1,95.41176946840517,0
17.44649740336205,46.85095233887283,29.415660536519372,3,103.90197509920922,22.038407227253447,0.019386670315727845,126.07099542586239,7.526021885254296,0,0,98.26413902641514,0
35.98381708132965,14.255068631434566,11.167032112191336,6,134.69294718983085,1.680802824582758,0.03460481803296699,129.31466588874744,0.8065301834047989,4,1,99.09516565038086,0
24.01969765112405,59.01482172975846,37.7622650772842,0,76.06273682227373,25.36684160568467,0.04815983879017864,114.304733225867,0.12181404319832612,2,0,96.69963209607506,0
22.06792711979785,20.58857822444978,11.326917442914596,5,51.40801429699668,55.71288542612801,0.04962632006155012,112.94339911657907,6.727137934720984,1,1,96.64198485494572,0
84.30252197717283,77.33779024448043,84.8459631712797,31,24.32316387295083,369.99295324207395,0.3884433326256849,7.830591530778334,65.98191006206105,29,37,89.82662752837406,1
23.149392606418804,56.7637039568397,31.309117446707965,3,123.67179331847683,79.28817867258557,0.01720037653242631,168.1572244176645,5.105357628252882,2,0,99.14279305329063,0
77.2844441595312,83.81443495447331,85.69889047689558,30,7.859530102308762,158.9806655333811,0.5302036310778848,26.76032935256069,88.58743789331085,63,26,80.76788775794171,1
54.701460760244544,30.185138082376127,57.02162887620567,8,146.43389632987268,76.58076145905741,0.02391457828253158,123.16231241784232,3.101056409520988,0,1,95.80596395778834,0
31.099793441340612,42.13446595010873,25.436945123531224,2,147.2250775218291,24.26647404416717,0.016770440564558155,48.514604858159146,0.8577354540224713,0,1,96.37752623382832,0
21.790641456014434,17.08398252255055,42.488708296586616,1,121.87728331341243,60.20901031000185,0.02068201671178324,109.04884813826018,7.422715930009679,2,1,95.166050553775,0
8.928647733390447,20.74144093038784,53.83227322469202,8,89.05921650242948,65.98815069375941,0.00816468337010436,176.07092274164611,1.161847865609933,1,1,97.87691394229898,0
57.02130610830623,46.76125080288122,36.836270152785914,5,77.90731881979224,8.97906728568397,0.019302539037507335,140.25506108736434,7.229827769562251,4,1,96.56215207621962,0
55.74074607140119,38.645351929013955,36.62549457124179,8,191.3126443069346,72.06282709712154,0.014973051647284664,112.41123051231412,0.9465765885602984,3,1,95.7588751462064,0
34.722720887726126,22.920374007466542,31.527640039719444,6,109.20559531395602,38.33712731589194,0.014086716747627716,88.04496944331005,7.644203579805776,1,0,95.38631069700529,0
97.11239994679497,93.85130789819651,90.72593574351453,87,21.68366492772327,381.67275494393914,0.7016246634354765,5.4895452656782675,15.77359846992246,89,18,57.11930180840675,1
16.317379866471207,26.829802081162978,17.53846077074571,4,154.31571766677757,64.37413271047618,0.03320745856971007,116.27564338674941,2.474295587076991,4,1,95.05535573238029,0
82.32123366649996,74.18156259676998,93.76480516797136,100,14.56015880519503,359.01456418221096,0.5820339941478208,20.73800059607451,35.90719021232623,21,5,77.15144929218296,1
68.9760668514794,93.18748581859556,93.9086197309215,162,2.841493424171415,294.257633542874,0.3861158432581561,5.86204390331917,27.28681751765925,61,24,25.47057037876956,1
42.57121626331344,22.672587093716526,28.52430802860345,2,109.41804271886505,27.67924891519657,0.012604133284769932,137.6882906400695,2.7450742784204385,3,0,96.74261117223013,0
49.107212577383955,33.262780480217664,26.455096749427213,0,67.6067138472272,42.35804202747464,0.0322383720879639,180.7541409127108,3.610647037583173,4,1,95.36166135642706,0
8.960502536661993,35.20812282504534,57.36300987229476,6,188.17518802529108,32.99610178640346,0.0436411307890133,145.88591560393763,4.448332193381783,3,1,99.78001593357921,0
86.33646574070532,98.83864760423741,81.24118038441884,95,13.040288768353756,481.47018453393326,0.7669192725302928,25.294859830646615,99.62908717140112,95,9,47.57885783404998,1
84.01954985124743,97.48224970402927,95.72899148083387,46,14.13945216056842,238.0748501618598,0.7040961456747914,24.798190594973804,51.09165145135784,31,40,10.073157362698945,1
92.35885090552615,91.0007088084667,95.7319430644267,43,26.43289423100623,292.3444161282979,0.48395987712639926,6.421094756983424,45.522072051171804,98,17,87.27984646004386,1
9.796872831300615,29.120405916130714,34.99646928102513,5,133.1208356795654,41.26087805661356,0.010991067733210997,88.37634202674232,5.575781926253924,3,0,98.01676466915319,0
32.71507594864303,11.12691150999568,14.528379610631095,4,81.41141826638594,67.42419488964578,0.0010190300836545707,120.63816328873217,8.187145962319054,1,0,96.16769598998258,0
86.3893054964339,74.26906536803439,97.0716413121385,57,16.863625163949273,257.9567749099099,0.712083669140361,18.498358446867602,30.51424291097018,81,46,13.931600830196814,1
29.399239964436305,47.36513150457898,36.127694054402546,8,114.14115815664039,67.95059231840035,0.012477545055230516,52.341864169686154,0.3408755027658461,4,0,99.26258357565301,0
14.28109066049067,67.32871763136082,38.04208666536868,1,80.34846074214232,17.530586335545777,0.006416401753340267,153.81293662515748,8.836676419927944,3,0,97.54599652865802,0
86.09362076520051,96.50239982238072,99.25606237926644,26,28.32269516610092,461.6557679874214,0.24780822875928948,15.61516304411101,16.266267400116732,18,8,57.56022338741187,1
20.34323962580929,36.54753063166116,57.860049092692776,3,72.58552680940504,66.87982709660439,0.04188728527621466,124.39066268591397,4.26836065829964,0,1,98.78254738235127,0
75.70030371881066,75.49417164569977,94.42558977262165,134,4.532060757355012,314.78567170017993,0.448787803368455,7.5256211639973,81.40370295957321,31,36,16.40301503256449,1
83.0024270397436,97.61722871318648,95.80871474094191,161,29.114470895358835,127.24592591981023,0.2290156674149696,16.76101588293075,97.27813826047922,34,33,28.94616133221525,1
62.68221455586279,79.42063885436423,97.10793638755072,110,13.727996165905363,271.4809276046513,0.275464095681664,7.511839112016078,90.44996960674503,72,25,89.49340602250496,1
62.75008768609587,88.29117102630158,88.84670767403469,101,1.4010127832336423,382.5536438878434,0.13981991334254884,27.264577845489345,37.14730523140987,77,13,59.0621844669373,1
33.186704784694356,60.26496343097201,19.79270691630658,9,93.2027847823163,17.350155492579766,0.02481549200821842,138.51997414333232,7.845841289589557,3,0,98.23607653917314,0
84.6458271410085,72.89451933573692,87.46686097746728,115,20.93798977975306,472.7287244072182,0.6678795263406481,15.931194169291569,17.33088994828932,98,43,22.877989545882308,1
68.46477612383842,99.8447862725352,95.65000265012917,195,27.072768834165185,287.6843636091529,0.10079556032361346,3.9643720244159524,13.438092075889594,38,14,33.114384399972174,1
64.09554666790946,83.2917221819954,97.45939941098064,80,10.585689578758162,372.52771136352175,0.33900476561035503,15.127736064023692,24.23515119578586,21,19,0.586573059775225,1
12.722175442443106,61.40330177375274,14.137695453807439,4,104.08322302043831,75.90197768962796,0.037080632510624524,162.19475123873497,8.896145688384312,0,0,96.26704181067973,0
28.193260676377406,48.49836567152273,32.79034935358054,5,177.67506442884633,36.0278239537791,0.0035030851298000934,101.91654963907938,4.878926048738434,3,0,96.58797003380299,0
73.8167257266609,89.80142646870615,86.5436638415279,20,29.367976953150603,131.91436604437072,0.5438238121918553,14.45886976452664,39.09263027205908,24,32,86.06216237594967,1
73.66506452390445,79.44831495862822,82.61977694888671,198,27.950805792962402,449.63330403805037,0.18393638222205394,10.809940127806486,86.50449897115139,95,43,19.93835341044984,1
47.45874379872982,32.86401423235979,7.969606625953617,0,110.73998334206256,12.38761976486889,0.046616843864273505,185.82891525141522,5.61801838732216,1,1,98.1019439300504,0
74.94025219580661,77.30925275637381,81.4981491769628,166,15.568403442377019,378.10749444176764,0.5114214887207047,5.4639655931005455,77.3480233687536,45,45,21.22669025267117,1
98.0646276715772,82.43933421272287,87.90229388163198,41,2.5455997128272156,492.188619868208,0.24173395745188553,29.06191584738828,90.13980073936155,51,38,48.1023520709534,1
43.2731604132294,66.29666901854785,12.642311695809486,5,113.8335670564039,24.052424371749726,0.004544817750816432,151.19406174798397,0.013991119264579188,3,0,98.69800900423887,0
98.08857944413626,80.99185174229211,82.42729781195885,57,28.507439916602248,380.9767725657274,0.42923034064175736,14.968356365529047,84.41678168095267,12,15,78.7687749159412,1
51.79193565580624,14.23917792523675,43.651074099458754,0,56.37322124926053,26.1205616663575,0.023636355654506398,145.7188273737591,5.271997528315778,4,1,99.63147692464584,0
45.69113733334729,59.530862140221984,47.22893189052039,1,135.5903861121002,44.381956173074194,0.03366595459566759,176.62310183431742,0.018848243849319823,3,1,96.82286081264822,0
27.281213560964222,57.925164837574684,37.009446400592154,1,130.49467328189314,71.32881008173122,0.02655746861617966,170.62235414499924,8.681858710700812,0,1,97.065713081601,0
15.70505456596297,32.64624648034958,37.71533105359171,9,138.36541508708495,58.47517062401955,0.024514203781158057,154.35690384540112,5.148557959978452,4,1,96.24650202374559,0
90.5650584779109,74.82922200305836,92.87479254879847,122,17.809533440116333,90.11721208279012,0.26982831832025844,22.298338881835246,32.96005081715121,34,20,50.00873177924131,1
31.450301251107494,49.179593666990755,18.472324461196145,6,101.81568815966105,49.61546506165614,0.029665970132142633,100.64087453291057,6.363999115464388,1,1,98.89029163368929,0
99.8016031153932,97.86920773550061,95.43396375854903,46,12.228212125525104,391.1944364708383,0.2792561287991547,28.442370687724836,50.14481685221148,68,49,1.9308991379657459,1
24.492453654924823,14.220403409949952,42.84055651340567,3,57.321107777146494,73.9224856954833,0.03968950290071374,76.2259949388262,8.373706129978931,3,1,98.09959861565555,0
79.5362280890646,74.79709218321923,95.10421514752994,176,25.97657526695016,457.6235273251767,0.3119497419905975,2.498062064358697,86.74955025671073,32,17,44.547617499685956,1
39.0001821342375,25.62556744577067,56.92778152863049,5,159.90108823960668,14.17666648083272,0.04500931316165144,146.53874417926284,8.549864570034131,4,1,97.87534652050896,0
20.167787751096732,43.0492611260716,10.480428726106334,6,172.54691249891266,4.423087395327966,0.03935404595385119,109.96800622654663,7.015777389001233,1,0,95.69999223224872,0
27.42177268161841,47.41737340513372,55.639995131024854,2,150.72576297774725,75.2403365273102,0.036389417392089944,103.52133305664516,9.19970246253796,0,1,95.34835841065922,0
10.03205034614128,29.436051315717165,15.914157497783828,4,108.46045840291244,6.7021930447049165,0.04304665766842866,166.94772331872826,3.5012262964251795,1,0,95.06574732589809,0
19.703774885807555,67.66025026637976,13.579928388912029,1,101.08847945427023,36.36607639840086,0.03817698825841828,182.97936909693897,5.452103966035898,0,1,95.56426593216246,0
54.190595775601125,39.12213596619835,16.918700248527443,0,164.75984640155818,38.89887423763196,0.024175972124670042,48.05824533435345,5.757742534682658,1,1,97.20480189272143,0
16.151664016296237,63.91202653520893,35.728927493374194,5,102.50255659995109,74.00446433478335,0.04595736296779721,190.86027124128898,3.2904324465015677,2,1,97.32475206085378,0
15.776783296837156,10.131847633137758,27.02194604700072,2,130.5479239535859,64.66763683697872,0.046154746627533605,77.87722827916565,5.6179216435315515,2,1,97.1733157104623,0
64.42827301102243,84.87250482922087,94.33103441764493,105,15.428175650857614,468.9009080129429,0.3635163051103167,3.018302830374522,68.77577518692885,81,19,63.462703805839716,1
58.11396121505682,41.274371438887066,5.536936948796143,8,172.31709979053483,78.43182765203527,0.03309982535995756,156.32896029247712,1.6871768988304525,4,1,98.77432644310035,0
32.80883727772841,61.001117861443525,15.042804950180697,0,120.59439415388063,12.787228302778978,0.011641837950175777,136.84282163635922,2.201799953980037,1,1,98.4767711359646,0
84.71440349168162,93.00788542639847,85.84769848528829,155,20.2374608188647,314.45506813652605,0.4295246165898145,23.342124370863655,96.46808969551579,52,44,20.677420482881413,1
23.75924308515497,10.782321434375836,36.89017693635749,5,85.82226622319413,75.94430421097195,0.02980705530793809,153.85533608842093,8.647094672597838,0,0,99.97225291816221,0
36.67815573069263,53.74644021871778,20.174239022547027,0,180.83704317329205,54.20209361137384,0.03319675048744391,70.83289158812872,5.601218770977879,0,0,96.20094151716933,0
31.673938227850726,55.73657842562945,15.58967454629086,1,80.49361523424749,20.196469592753097,0.0343217846570179,199.55160612064273,2.690318262056125,0,0,99.86890411772546,0
85.42249120172487,85.76880904531357,91.15152831188999,26,19.289013916518783,203.72194502708368,0.6870860584860424,12.359168565989041,52.72290526308071,72,16,30.389272102190393,1
18.58318341982377,32.78251663274512,35.14462534674096,2,98.96615664559504,32.96469682097455,0.002040945037599362,135.93071026885934,7.914159786542222,2,0,95.01170876967802,0
94.46496712994514,79.57380695492645,94.36628433336753,124,11.25844866998387,240.93766794781578,0.5877935040952993,16.600626518969847,86.50874197809809,81,28,16.906797225858572,1
57.53946658032388,25.44736608253216,43.62139286380475,4,80.0630472121735,8.226738242585828,0.0050311872672899665,160.620001537647,8.708679465090961,0,1,97.5081980182659,0
70.61694395446034,96.47097990699142,85.99159971115328,94,23.474176946656108,369.06861769041984,0.21900833829655836,21.615838381601517,36.10171777028175,62,5,4.101487311596204,1
15.198918712752324,63.054000015142236,56.13916769563837,5,60.0543369011271,59.80980712440738,0.0036431893053148648,49.20727754101094,8.134793935583678,1,0,99.9338106997258,0
36.38187228786157,42.90165060999666,32.436152355105605,6,51.980243158832565,77.21668013541596,0.020688002288585184,77.12561236057968,0.7963002045613543,2,0,96.18193338288563,0
42.100160044515945,65.09181062833578,32.377000030065105,7,169.5800700138399,7.534088162429243,0.049362309054606236,176.95702271087467,1.8639481954224801,2,0,97.13501998427598,0
16.33208238747607,66.99123324129646,39.71196453799669,9,184.44826802212359,44.72466946734562,0.03599493977298506,47.37696405975047,4.216902405642533,2,1,96.33567198796841,0
39.737038564821425,62.442205571361775,14.028758042374827,3,113.18748244651502,36.70670095457605,0.04072950047116969,137.91265001842723,8.429186944811784,4,0,95.20522006961829,0
92.70058020416133,96.90426117895473,97.10572007498142,55,17.09345751367508,163.87383735585996,0.25349114854843263,21.801116305524857,37.1797998658391,18,8,74.39561911727623,1
43.2676664824846,61.75568682779321,19.30347247395718,0,193.85556129321887,18.225998504456534,0.03725501381333648,170.19704336493862,8.418222657989098,2,0,95.09109504479193,0
66.62706307209936,71.09216416289672,96.45100945043201,57,8.800405166370986,128.19295747844757,0.21380968623331864,18.728202179503267,26.509820789115516,82,29,14.531519945504513,1
51.07535407384286,65.86060035921045,6.4183976692479545,8,197.77883482825908,53.513580631866034,0.04622573124228636,187.10641041707902,0.1659253686418405,0,0,95.39484466700793,0
33.23615400646949,12.191850331768443,45.448363971615045,3,186.21831567482988,8.68504555435907,0.03581707977157004,100.48178575441098,2.6080014885011504,3,1,95.85007253385385,0
57.46205896402096,50.69895168090471,46.664243825082316,2,125.40475189779403,61.96856359314946,0.04168659935600216,154.12736820217407,6.7738442105421175,2,0,95.77956421846665,0
30.218980405235584,11.203735456963804,59.08402284265201,5,75.31016696433855,23.982978790983587,0.0327444400031546,85.07877182017003,3.6465831301679086,0,0,99.69709178627969,0
28.904042083180823,14.68457889203216,40.48396239382117,5,131.39022397754,64.75551999540407,0.034633316393010115,141.25089446434575,4.530221386690637,2,0,98.00333988875482,0
17.876106089879926,58.3567354292688,40.14455808106246,6,52.61153806719883,20.522921047394796,0.013085787663411586,77.36826683438099,4.542282233786126,0,1,99.39426150049644,0
87.98941005692821,76.93437918727588,83.03188364664321,150,12.326743299224956,481.2175940873694,0.6770892490283323,8.981469979175793,13.195971951809383,73,11,50.7385330397791,1
68.83913456698625,70.76791532558912,90.40335609022969,54,1.6352861634503615,206.67582232172845,0.7798570242686396,14.299405830471835,60.95398108389972,30,21,10.157503933843808,1
32.475214507609564,12.929427949062331,39.77398029443922,2,63.77015112858027,53.29094048530547,0.029712288976265884,184.0596366927458,0.8104920046248931,2,0,96.57465540545661,0
88.02837036931699,80.53947704204006,87.54979100551324,38,15.44315008199081,201.81782290893858,0.25807087207996354,19.97685085784277,39.5687248086613,61,37,8.871296332190857,1
29.702535881706762,56.300492963035744,13.40807442892554,2,189.96956690904642,55.324508560245434,0.0003005612888719922,169.118283896133,8.367170939847597,3,1,98.89899699736195,0
12.124647352354948,23.959758283450846,58.21973539783703,0,197.64634487064015,21.52577627835456,0.04733881290070044,123.94633314983582,3.190207116794884,0,0,99.59757050350018,0
38.55231869218956,64.54419521236815,35.670559497118305,9,107.69170927418565,14.099872256495162,0.03914174045635448,90.67087470995219,7.722231317263802,4,0,95.80855251087408,0
69.12687925841215,91.87497904579692,83.95836924119955,78,7.144513857433256,233.709945606939,0.36142094649567974,29.552120712659548,71.63712411553544,46,5,51.75272570842836,1
9.641466023920147,58.32025489998319,39.48766775482934,7,121.0449562259975,54.437844017838586,0.02835247774622587,41.93857878360902,8.877634126238274,2,0,99.28753181869827,0
32.565579788223545,43.49972140058795,41.98453911429291,1,192.49395230657817,7.239756616371516,0.04554802410321554,116.15713851438522,1.993940983192679,1,1,95.88956379054314,0
81.34715596588259,70.30601895999982,85.66329412075112,138,5.239056699652984,119.05831950040633,0.5082719584864295,17.658813804836296,64.43374061967569,95,33,73.75228957682693,1
42.2926162688672,41.11930393904045,19.16690060468027,9,168.2202007903852,35.03787611740253,0.02513960575867731,103.23368723672233,8.74426284735874,1,0,97.16498381861996,0
25.623027363076282,68.27976780027674,13.420468051179899,7,53.00565639829162,58.19423827582063,0.028985476917103143,119.03139798383647,5.327166120251582,4,1,96.87111579962203,0
71.09422521105908,72.35509363130906,97.11932110220357,39,14.732982429388358,119.17598629700284,0.5304214794451694,24.104533938184648,41.11641734844328,47,24,61.64006343962943,1
70.79767421439128,92.89423342694134,81.64761935932705,39,19.4448221590503,351.62571679912566,0.10788902830827239,29.758611852531804,44.231786497727626,53,11,57.99253306683113,1
37.46316245135449,36.23498233218637,28.882693704800076,9,142.60207595174666,43.81250771836859,0.023515085772066346,106.93047879765972,1.3379148243503924,0,0,98.7705854960238,0
26.68554616051734,60.413263924198546,9.093362051018506,4,113.1847702655609,71.13348933025097,0.00333907639376731,122.71294545581183,8.482922459098392,0,0,96.72413484063303,0
9.081300668480605,60.01844176953995,20.61980754742404,3,183.744471551853,10.67219562503486,0.015089576626765328,184.66864793483066,4.454399461322236,3,1,96.43669136679506,0
42.91347213133914,66.90119269120007,11.516413779697594,8,170.52812040863773,49.689157236396206,0.013042863147497075,88.83398454180444,7.608390558762026,3,0,98.69247047884862,0
15.790670035278046,48.70733345536224,57.59108618635971,8,58.8167725733861,52.41088503599015,2.8941889280159618e-05,47.999579806692516,8.283967455160447,4,0,99.57835224542819,0
44.59118318824661,41.77172696530615,38.911813720964005,8,181.71764764327563,56.186521715368045,0.021791331922448372,68.11989912895703,8.88563907307653,0,1,96.46825564669889,0
19.114493933540206,12.442966569064325,28.139498358471098,7,148.5910974890341,26.63608075095987,0.01811022853716861,117.31592716374516,9.401459985578539,0,1,99.20277647168045,0
8.198950979808455,39.826195334928705,24.94226755116976,4,119.91102822979283,70.77161282500346,0.04538284140641104,70.56386654253427,2.244380247697624,0,1,98.14632336458286,0
31.075873843322988,47.14954941801206,20.896802939512057,9,189.9614785136808,53.1208495718942,0.00479415953666148,188.34659041224288,0.02455560282776048,0,1,96.85503701131344,0
37.63821413944132,57.22102671617718,21.115526042772636,5,147.5655836362498,7.450399211586987,0.006756797876523424,99.99227940873963,2.3194720188167715,2,0,95.7701762962623,0
52.54598753479526,38.14134832453062,13.229089205962833,9,121.37157156431472,17.712429675314894,0.0185851382043564,66.22826717883979,9.093711517927552,1,0,97.02028046272108,0
13.811438067957512,50.64371497922014,43.40390380197765,4,153.78200236972896,34.91207891054702,0.040378453650740755,162.63404507213784,1.7892745522514597,0,0,99.64689471989674,0
53.32510944544944,60.11535916943346,26.58299607530089,4,158.39272170587134,1.59479382041314,0.002209668310196422,181.26266458364987,8.88697044508287,4,1,99.16060856133193,0
59.89369387207182,42.72056204035115,19.858321271689178,7,87.39521189945023,59.572634878827,0.03648301912403009,194.07026705939518,4.893494191776867,3,1,96.91713956774555,0
54.59547503642486,18.584019473986046,53.74466448121491,8,95.5746397777759,49.906929579982716,0.02016625826095832,113.74843551687837,8.899787138917922,3,1,99.28022325759628,0
54.74766693103065,34.49270752170335,25.433762472587855,1,186.76101298451252,52.028018190166456,0.018538258004331676,87.04235520869398,9.435259983013346,3,1,97.41820222750142,0
37.00247661503632,32.78138845354532,59.924815109870174,2,53.885850872307934,76.23691120770515,0.0030581995316366463,70.06019770771485,4.010663539912233,2,1,99.63593114636981,0
33.714977692269585,44.89193355962009,23.09679959385023,0,123.01392764847841,70.22829788253281,0.038054862238611036,78.88404886835306,7.578317353700072,1,1,95.48450829212719,0
48.5181855094054,68.87051425485059,9.38640206911589,7,78.38032218083524,27.665375279646987,0.04280477121380165,110.58704311858364,7.061944786002695,2,0,96.4274430602438,0
24.58577839444926,50.87637165850301,44.5037166580381,1,78.73398326557262,23.519193716905793,0.04502126201762112,72.58829251216595,7.301864088028057,4,1,95.79982178232795,0
92.99878298042304,87.19807062421489,96.40723287240482,105,28.229297240731924,439.06070771692293,0.0960476443327087,28.011757581977744,27.66978750263144,40,26,50.96264455082875,1
15.003399346536938,63.548390900827044,25.895907196612534,8,138.8415413594439,73.76887106367552,0.021642542996764505,40.646138972437825,0.9000356093504946,4,1,99.47648081047382,0
10.559811089675431,62.50755410546213,19.62040253415031,1,151.54070043738585,19.4915318233686,0.02753641158755756,54.896311458687336,5.334504483402702,4,0,97.18819226282872,0
77.87526345503787,97.37273677106879,90.6135901630366,114,2.00653770874103,389.32816797577084,0.1864389153032313,18.03522087606294,51.71678790652504,64,43,35.617451221259785,1
15.31808011209865,17.720816083989288,23.02781629886727,6,112.01707476577928,56.80144776050142,0.023409378863534377,184.76969378977836,0.20405784582492648,4,0,96.36938566438039,0
89.15382412675521,82.88824587853435,88.23658547273509,115,19.75935692107715,134.337324749124,0.5722472294914697,1.8976096254824817,77.41320331678303,38,44,24.828725050696114,1
40.53231979482253,12.998709447450896,53.60789014963731,2,144.7342047518917,4.533434909661194,0.04769449133638498,62.580444152278005,6.016229227720369,0,0,96.8705143095089,0
61.34479804189714,97.1244129541466,83.79409237932903,128,28.44762496605242,155.21551487998403,0.18142624854913536,15.733092470519722,51.17637329771165,21,45,47.98010008983866,1
15.000686633850341,41.35920687752194,19.569262404134555,6,84.02290938655665,47.19669501252494,0.0031624339170242713,178.00642331842593,0.8221665970872827,1,0,95.03809257981953,0
54.98763968561868,46.62404708610287,16.08869077002133,6,116.80355189571296,15.615642404064433,0.02659470380307545,169.45111713690233,6.5915864451624415,2,1,95.52719754515515,0
48.11967562981213,51.5971830265038,43.95184547102225,7,60.89762713127211,11.55818463775714,0.040286653216223406,177.99165604768237,4.903569152089302,0,1,99.32400835645782,0
47.74538749350009,64.64019419545318,40.711186184906296,9,161.4422998595258,11.366324782581357,0.04036982453517342,48.86009282394333,3.801842518881793,0,1,97.7255529813393,0
26.331420180235646,19.999198999604612,10.07308477854603,9,188.79365301034585,56.02368770325761,0.0060693011219295715,182.3277283603694,8.235506990217324,2,1,99.21947801520051,0
56.28070524044188,20.09144343899938,52.21127696528812,5,158.54412639375,16.384201885571656,0.011811278577992346,86.46174488676407,0.16102633393688337,3,0,96.86588839773067,0
92.01039461496796,81.33457381571513,94.40726876045143,143,12.976357346624816,83.16085594403553,0.34102369711410513,4.222709689010144,15.018741498226959,46,16,39.86689268970989,1
72.71367596194719,77.06805325366045,95.81102567491791,50,2.2014769930455613,127.28777575621365,0.6790161768084859,25.841399233381757,13.203971067248682,99,16,1.4035228825962898,1
19.716738376941297,14.46925185293686,29.439549998953968,4,146.22863387588404,58.12382629754454,0.04890854070772442,109.17533267931263,3.684806633235339,3,1,99.22312452246945,0
58.405877367210614,54.36241853395031,11.76689925866352,2,70.06083918132839,28.58671930212435,0.008040190975870998,182.59912683875297,3.6294000515180205,2,0,97.28132790578069,0
15.421497967959747,65.32049483409669,11.731044382127749,4,154.48400330297443,59.934710360256155,0.013222207123990104,61.6666477734143,5.651073816338583,3,1,96.09423731396782,0
23.420213324773105,49.388193510459566,18.06727839827301,8,188.06593411549585,19.06062458880513,0.020316358200097657,167.4759462271873,2.8361095610743514,1,1,98.37107954632037,0
40.407119409728125,40.84154327518007,17.121200680291565,1,60.69810012347517,30.966846201351224,0.030958447107473266,92.78004376173934,0.7318320433340064,4,1,97.90318968838055,0
56.64342851384184,63.19323809105961,25.444341361609652,5,160.3569399266285,51.14518211655119,0.027979243829234,40.43267068825644,8.89749210272704,4,0,99.23456673414229,0
70.79350457396504,82.68836762943533,83.30084617841584,41,9.52413121870856,248.65733714143752,0.6396309246046674,4.344381874168536,79.44983183768922,23,47,43.373239352847975,1
58.886433901686964,47.10900757664806,41.79381854282204,3,105.43244908210778,50.98510372130943,0.022150322196985435,64.85775791640835,4.932706245173765,1,1,97.1371095563636,0
9.207495789012388,30.49457614298365,16.82470916269275,3,83.0787232696023,49.97782769259299,0.009716584336571321,160.7171573119113,4.352370552767645,1,1,98.39578791528598,0
45.631957611958555,63.59232983899329,26.86008477644972,1,182.99825657782247,47.59405201293611,0.028301463975409447,107.8796906521386,2.950238943919681,4,0,97.18831150232597,0
54.82391449649161,57.751208358807034,47.52954455206271,4,107.9212847258911,67.695944656127,0.04061883440185986,73.55423117499885,5.949274410856056,4,0,95.33046894577204,0
96.46552926914022,82.59578740494176,98.53746122705023,103,17.64917113743021,303.1944703707886,0.5893358984972228,11.65185095577576,90.15046203582096,30,38,48.59939320884595,1
48.22273714610275,52.44836024859399,57.3914393107636,5,190.76233876738257,4.429560330716468,0.04652398258485959,169.02059745428863,9.358565002373084,4,1,99.94182019746049,0
64.97032365503946,90.87755257243901,86.79112739744859,172,2.9045085720877486,243.78909400607577,0.3850016903602332,23.694740600483694,99.05472022393396,99,8,33.5661849804296,1
81.82475664363939,90.46646255635902,90.67373017544075,119,8.205616685613276,451.18777449818504,0.2607338566284644,15.39332292083714,60.07645971649276,79,17,66.89084548652147,1
48.027481989643476,33.74303150671166,39.780809502909264,1,81.54013768921122,56.215983882905725,0.006546522496932262,182.74021671069096,1.2586949201568387,2,1,96.03062748738756,0
52.46798241227838,63.06900660201739,54.38363541503511,3,172.0962109267241,44.1144805398752,0.01502301081933969,198.45565796478817,5.339874691487594,0,1,99.98589074294108,0
21.8194860116866,10.780420301000351,48.621035887669166,3,68.40114769561586,46.47032157567144,0.01927747628798665,42.579012648314354,8.055844729793357,1,1,95.24530671581797,0
79.39813440167948,85.87147060742836,92.94603557277279,199,15.667801963250371,372.31355607562955,0.60345040138449,13.089044252293881,43.99720475508327,41,29,54.84705752587729,1
34.884910595241024,27.395806801588414,31.091951018940094,4,81.77403985337054,24.21775969163651,0.0346718846454323,157.92994830607088,5.458223970374077,0,1,97.93002260310497,0
65.60764406635423,96.15274798901595,89.66798314570808,32,28.55296741526606,94.71621216211844,0.7080358614562513,14.021208782487138,43.592315018016166,36,39,43.59747854752434,1
38.49950763275383,14.15600911206188,54.251858504935896,4,90.32198971963095,27.989234325431866,0.013466178877038416,130.38561915254505,7.8081147266419,4,1,97.00629147281062,0
55.14905788805962,66.14755483011501,31.635449416272508,9,143.07173601456722,22.506490319319646,0.013437120765760441,110.48052253861,0.2279710683420033,2,1,99.8071182254719,0
62.68337216097685,73.52498617742607,86.72816399635585,162,18.085971727686758,403.8830173138387,0.7625270376173258,7.041451516542904,57.885973582647395,92,30,89.46726446392813,1
88.42946531872538,88.91169726000184,94.33628456024792,119,10.315230227928891,142.87470512614624,0.2061512094457953,14.88601728074632,94.61681951409518,42,39,70.78782739266565,1
63.93237304233455,92.1907203729615,99.83476638803037,76,9.204511610593602,361.133255316991,0.6897519307644571,3.861352544125819,67.86855944151971,14,5,86.46190078639958,1
48.54666186568149,34.05419247328888,49.88279402853456,4,190.9720942909778,9.534575784826206,0.03734327575304735,170.83359078179762,3.113287544173491,3,0,97.27111861943297,0
21.120555526716615,45.182576642621804,49.511787293602,1,77.40853174345527,47.99965944462652,0.018472732426264644,54.903271281037114,5.591814781400491,0,1,95.14811704144661,0
77.762244427344,72.81971183740801,89.71779977669829,46,27.494217250148566,264.9615835652568,0.3003737062627259,14.516960944964362,68.24554289017225,58,18,71.7765180495133,1
16.92956685544307,42.137388419530666,5.769264264888536,2,82.8559953599217,48.44228426584238,0.02794979384700319,55.731825889294484,4.1417402224678295,1,1,95.72292852779691,0
66.46687100205281,73.47634748415352,93.147897128696,32,26.750214923706974,462.99776754511043,0.5608099527196719,26.06655691928468,14.222135369101819,29,32,54.813280069330396,1
46.80198365711178,37.29247983033971,15.085880792577283,4,138.98717290999184,44.952630406997656,0.0411056867221472,74.8431075164607,4.435305407180562,2,1,99.37942958196639,0
20.55986238371277,60.14137990188469,40.14596337777734,1,182.32505924754759,61.627933080046446,0.005589147556187718,47.86065114449977,6.046580714419177,1,1,95.8285479321567,0
66.90565856347953,97.39664489108189,88.32529865009435,133,1.730063843249062,373.1794155507738,0.6489035752530452,21.99310069607847,42.72785174981633,81,14,62.9122057602878,1
98.79234130331199,73.33184555942188,82.42190616696551,196,4.157991319288528,493.753322001646,0.5695159348328255,24.440510054824593,78.97716769071526,79,46,45.01519240192406,1
36.4114672966969,69.01382908262872,50.08927173564566,3,107.41391973175708,50.23385996756284,0.03463342252664574,55.175616740858295,4.8064545851477325,4,0,96.16527335085888,0
8.679205274872096,29.092236756396943,5.431937699298973,2,77.62485992116552,34.63280280257,0.005463699359127056,156.75346772467262,9.39729408820867,0,0,96.35079916104016,0
34.76676140585381,22.07954141091651,7.1729734341091955,9,76.55400708669842,69.18668816530423,0.03663379558342927,112.93921540412461,8.189920194408014,4,1,98.88625581643703,0
38.83292034431994,39.19955214568367,16.9669662373188,9,156.09782689534194,28.658177927278434,0.032641064790693904,50.57543191089009,6.618042211949228,0,0,99.03358025646867,0
77.98956612700218,74.66766568054032,97.21668002454342,126,7.388872817375144,401.400707827254,0.5355682765703946,25.81955922928952,49.577635465161684,98,44,88.47356698837419,1
36.40612266200796,17.579283938638252,40.61263784043484,8,109.67432365165119,19.289412494578258,0.007220346695057706,97.11238691590678,3.8509122155857325,0,0,96.30551294550705,0
33.6285421009231,34.313181139870395,43.168771969279376,4,191.2359250870394,7.62939187224942,0.00559130832216993,155.0779593139201,1.6812475457175435,4,0,95.22827115876674,0
16.903028685950108,55.26405425520976,26.529141198434814,4,175.19297828595313,40.2220186303228,0.005156912461865998,93.10874392629194,5.343029732879244,2,0,98.9175259776893,0
7.778382432252204,69.46961163783345,13.968551414720327,4,173.7640632384381,8.077539600583393,0.01734952181194054,91.14283571715157,4.495892439162698,2,0,97.82780214900217,0
98.87979842458985,70.26235210889341,88.6893204740579,44,18.769361362176525,225.308290201809,0.7063768295478619,2.394195223008321,95.17481135347089,72,16,82.95876746432518,1
30.322568191900913,67.869379551065,28.387036506296212,4,76.04286316229933,65.40090935316309,0.002829996397833745,190.30925433747547,9.65594269880041,4,1,97.20849058026651,0
34.860183434413436,25.317412189875505,43.79814609432721,3,65.63147981392348,46.97911709879433,0.03394881031358587,65.42854960467827,1.6444755272374012,1,1,96.43321323392973,0
91.49803011926113,97.67801357085257,94.34985912445481,69,4.089531158641487,84.65382918386518,0.4031874501722947,8.92378503467168,45.522888127222366,54,34,38.77094720434786,1
35.660501811702815,46.92404664227595,35.112979961161585,3,64.67598511863315,54.041498002010925,0.031833144172103194,42.82339325735228,2.0417765425903447,4,0,98.90232160416014,0
39.98458692061467,63.01770491087379,32.254445780151315,6,61.17099404443197,61.97267003691456,0.02941098610004619,191.42822088553214,8.586749966666554,2,1,96.95253881057398,0
18.023170065210575,42.609673319107586,7.332234219241652,7,187.65245333350228,76.76213600305591,0.03300125238521134,51.387501573697506,3.15492479997441,4,0,95.0615293374639,0
50.17787261437289,32.36992068936439,42.77686613893933,6,191.42507603451432,68.9190128163475,0.017061387764899884,143.51089339901657,3.131417456136494,3,1,99.70096245592467,0
95.1676171756643,78.71243318137246,83.42690834778686,155,15.178122012845545,495.77973707683776,0.18777811833850716,21.414285835164762,57.374052856317576,86,18,75.50950205076609,1
72.44348064603278,85.5736419583888,99.91264928784393,145,11.446238832023486,472.5428445167111,0.6531376383025379,2.647240743341527,18.864005022244516,18,12,25.820247507221595,1
51.44051686451259,46.14314817618322,33.46840543092218,3,132.9030182057252,40.57202965312479,0.005261786445274375,99.87872741555995,6.519699406385213,3,1,95.14564186312397,0
29.162214138649166,63.383863996383276,29.058482839063682,7,99.16625086561154,22.221474585644017,0.04907980001113999,188.74403594183235,0.9761568410614563,2,1,97.43775134399742,0
71.98560932803372,82.8366352748135,92.3865773919189,166,14.776463682053423,286.2740743777949,0.5920273506415642,18.694969195474762,46.701658146594255,19,22,11.639865609217026,1
46.83369222873537,28.33765223563087,5.105294175799721,2,190.64976254008428,34.81488177544571,0.023894567030548222,46.933416497295575,5.55390191609395,4,1,99.15127780925762,0
55.01241877604759,57.662982173771596,44.37074261004381,8,187.77402183782635,72.43792108103817,0.04047024053347142,134.98373323770954,6.210593268190744,1,0,95.73846583296923,0
42.16310343104014,51.22333984484823,55.30314825223952,8,132.28212916549606,12.282200795191528,0.009191705342711187,66.85194033000498,7.918980239178807,0,0,97.182234636714,0
15.84330922349681,58.754643546377444,29.63673712764357,1,92.40726672222578,51.99966192016065,0.010249483700936174,139.14593550595222,1.448351180233206,4,0,95.01560582498993,0
44.77905952468063,36.182251750972036,8.004661500895851,7,105.07946835008941,58.31723438667802,0.025249902266879433,52.12980068045782,4.067171219394305,1,0,96.10071149666284,0
31.711641994265687,46.29050064823896,7.901001456377424,9,177.70783450685093,65.9493481510235,0.02957190374402452,83.97058548951082,9.260267934227652,0,1,96.24140981419893,0
18.053927259926056,22.594784094642172,5.474361546381853,6,135.13855172348914,24.724075567613575,0.023923737578514542,43.34256792555216,7.758575403149996,3,0,95.59304983011111,0
11.388912227275622,33.37886067054622,38.20720850058832,6,157.8358451655787,56.96937007875155,0.03341345115939018,76.27112437562192,0.3964588718683415,4,1,95.20513483723546,0
78.93578764236953,97.90672880630045,98.68229789812546,124,24.93582583578218,160.4634132393924,0.33810526309721894,8.3562167166733,61.72062406854079,70,46,76.92426018622342,1
51.12090316099193,47.91805449232359,25.351369302017837,6,112.40138685663779,34.46970074623882,0.021878732895873432,182.01629842635168,4.003849176581239,3,0,98.59051571101577,0
21.550010098858326,66.13652393154072,20.80930390483717,0,188.50110484373099,53.44183595250712,0.02387002326404368,62.68711264092211,6.168294359591294,4,0,97.93795007020387,0
23.346031524722342,68.21259065867783,29.217070143889863,4,162.6571848068017,28.65698053125648,0.017686121541839305,64.50952558847327,2.2731526227410823,4,1,99.70925272191751,0
57.007339636212436,51.25596161330696,37.65475353586474,6,167.2760560934855,63.854179928497295,0.04389736591724662,177.86723876282957,8.713764028987004,0,0,96.23234758162744,0
18.38021760444552,21.87656458073701,20.030429426503872,3,143.50182634291164,61.38471470523526,0.04896838878936803,178.07853109455118,1.8574453672883917,4,1,99.96758122809437,0
44.58586343538742,19.96964793998137,9.374029414667618,3,92.98426227480499,38.952327235961505,0.026518325845176206,131.33371563958698,5.105654343193261,0,1,96.66523789847578,0
17.14816184141617,18.294916692060532,47.43370363167822,8,54.43203433268985,43.99643611809868,0.018253004892713556,89.67993116036473,0.24318615005023414,2,0,97.04357039690302,0
9.935977355984186,34.67033549225032,18.95580173093297,4,149.51580212174545,32.71272232523174,0.0058536094402287355,94.4183736126725,4.5425185205828615,1,0,98.1791386808996,0
16.696283064087215,29.10399650765897,18.643270058552538,4,145.36066091360493,14.703721455268752,0.039630416856922465,113.60275961932965,0.8401994743438179,4,0,98.15457874169728,0
65.04534664042583,96.10396097450533,92.00181059830179,147,27.049235651428774,483.02296311552726,0.07117952891877201,23.427704415467833,48.9036192778976,28,11,87.83716050864383,1
27.59112836054589,64.49135493246106,28.79224661101704,0,132.89997669330631,56.51741383791553,0.04655688806183505,158.92797196385823,0.20525609392775923,3,0,98.44879475565385,0
68.93198355141973,94.05044984025004,88.4667662747122,138,18.823103103990917,86.48019049398573,0.44691214359320147,21.7631186402642,39.36014325482883,65,30,18.356881048332482,1
37.3704471163581,48.841818285892764,16.33919734118181,2,192.92192595509854,31.462064765711133,0.02140917015026092,107.33882864898484,9.239381949155645,0,1,98.00183480255131,0
24.266516186421423,13.98617996044981,28.459234462330745,6,190.18775500800797,3.252828767414158,0.04056820733853342,138.966822764165,1.5214842973808407,1,1,99.8255888196685,0
11.288730034954764,38.96593073315137,13.75045677715358,0,128.88060976624996,73.95706777662704,0.011961588476310748,67.04339158545226,1.933910980315422,3,1,96.92312037058116,0
75.93721863373746,77.65094206571176,80.47920737940726,30,19.20625914111693,219.45696441978237,0.6366114049028249,11.7012273578128,34.54567179457931,76,26,50.708037769083006,1
48.62943415146894,64.61544348406412,29.806866987153427,9,136.70202610334394,71.17437404704272,0.048000951261468694,136.0637829706545,3.877375663105147,4,1,95.36719095687796,0
15.09111375618644,48.84855472826087,11.722694039240723,5,130.5412966457594,37.07949098365035,0.03857269324909285,42.29973212603072,7.513919036947713,4,0,97.39715330206624,0
91.7434453403944,81.30755131390487,87.22824813827698,117,29.008576642816664,236.41324297784777,0.7418481313644939,8.807019362880592,13.578545630946802,83,26,49.97137110465275,1
6.116628044095751,11.191967099340212,24.457961573083022,3,56.83757159129374,75.74509465165221,0.04125795799568271,94.90454299149279,4.436749026350944,2,1,95.79727868911804,0
50.29142404505025,63.547421223674924,34.1371627130509,3,176.17893943753273,57.274648379029074,0.00247892099682841,50.15658028673574,9.305014828327936,2,1,97.72411039327567,0
94.06357026169086,95.36465191626444,97.91466621476276,45,28.628689528397523,129.80316161792157,0.6885154059107174,5.344785547715388,94.412577441417,98,35,16.46408786721397,1
75.04015109192333,83.98607639439034,87.7155184538933,154,27.26948070009073,363.2483255796793,0.2778726450240399,21.789929835659382,98.57692746349275,44,5,55.04600126475739,1
38.8871274396936,18.170981616681473,21.971996600176073,6,138.73461392216245,50.3209782891825,0.043963667051524505,67.65380393293326,7.995199909952443,0,1,97.62231066072633,0
6.281222914343367,16.166640241657213,34.42714022559023,5,71.24018862792673,73.59064205104555,0.006785643315249762,52.24583872251317,1.9459592443523566,3,1,98.89729967243777,0
74.88343820441506,90.1034708806717,92.15232922008175,187,5.428325858885004,302.14963447095795,0.5768396043827891,23.69182501316968,87.23528173884725,15,21,29.686645077899673,1
23.44183470404641,69.15279602629754,23.317354098641914,9,120.45278154167531,44.72789427397359,0.009306316566589774,123.756750243878,7.727486379079716,2,0,95.78990154303607,0
7.342917269434743,63.391425116373505,11.300453352354609,6,169.96912992401852,50.13011018983538,0.013304690116227215,163.82459767621327,4.227240849389748,4,1,99.07069271350268,0
66.35411376194347,95.40101459701918,82.80980202127166,27,16.539991562926385,246.3254641267815,0.5672146401470464,10.788557361179395,41.090260625658225,53,36,88.63036276484395,1
52.09268774895454,12.762378981374232,23.944700060137265,7,143.0016975434309,9.660767409167105,0.03750467665552398,64.70116334725857,0.7482099106160012,1,0,98.32822926649557,0
73.0898634281174,85.97247390935416,90.45001223905898,99,6.021475473404158,234.97738893781172,0.17140001817388834,12.60493779696526,42.2067873540057,32,5,10.76239127917616,1
19.291665716525287,45.25546955989088,50.75385098763017,2,79.31729519237284,17.724922888282027,0.027802209935118966,43.88623595722605,4.315205449625838,2,1,98.71168074294161,0
70.82657356241582,74.11905108984767,81.84092614929544,120,24.193400375549707,442.04899882552326,0.07408245452226998,4.267487792059995,67.2161526101116,17,42,49.160139870278385,1
20.645255679897936,33.04630871945841,49.36705332146334,3,56.62651542993986,1.931037679637759,0.03741642792542243,145.35417181824414,5.451545439695251,0,1,95.48306375665699,0
21.087281359747273,55.643743427922715,7.6814045053689535,7,185.33854870141715,68.09132296863389,0.004756641019798897,78.93404851864487,4.527736907349759,0,1,97.32445862935619,0
83.07537157688832,70.00307436502955,84.86830828837287,163,16.175368177416097,103.23618492256726,0.46904016409846205,7.955523388088728,67.99120263336486,70,19,61.13623730542747,1
8.654906743668155,39.260075446253396,43.240647880394846,4,138.54316059981045,63.28541971444995,0.03268246597009338,107.6716904812612,6.4001827005699194,1,0,99.10460268702141,0
24.314723858723987,33.826921160598495,42.30108807337936,4,148.66308442760788,78.12314583731897,0.032842781513021994,99.48285597808287,2.177364866784488,4,1,99.36785216479893,0
29.187703105155837,49.69217849862047,58.37620904123452,8,117.44207848064515,38.24363229444141,0.010795125457731543,94.96875050437595,9.040994766758066,1,0,98.48969652746572,0
5.290161624179414,49.438930974849654,41.946137459869334,3,195.3894158933411,70.12759167439842,0.045962016077533224,43.100037135650936,2.863646690795638,0,1,95.73477110997284,0
95.33399498663648,82.49201775507332,82.16193404012716,157,25.345049706723657,331.9219756824954,0.30110923605710643,20.06612411121484,58.26470812202475,59,8,15.634803660346066,1
10.768497095647607,22.454664048104178,41.3691366518896,6,103.1316822311816,37.298724647362604,0.03130069399720886,112.43395662733384,7.020220577143058,4,1,98.36402867983392,0
16.84954936241072,42.88886605231035,14.469711636678332,3,128.50507123115625,43.44849237076828,0.018210267387916135,158.23820664114402,1.2693215879347686,1,1,99.35953954722143,0
18.830322709405824,66.9244163855615,58.98335843112266,8,69.62824762330939,66.60755941794339,0.007355871521399832,169.05117466399062,0.7738928260148503,2,0,97.9510036619366,0
87.68934352675868,82.67133281634091,89.7484801578702,155,16.80401097993741,322.98976812216364,0.13093380659403736,14.564413002024114,76.59132222647835,82,22,7.644030685200968,1
92.47157242206103,71.3609968743999,94.83211526245496,139,23.64383287660314,147.00753817989082,0.4113883322354959,7.178967691164641,68.46904892025483,77,26,25.70901156580589,1
36.18533671058526,14.081975679215263,38.644915907995916,8,179.73879388874357,75.33949463071444,0.024724060619541577,125.38405574859664,4.085743761466707,0,0,95.7355727254297,0
55.699722219326134,48.87089061358115,43.55978331066191,6,186.83795298057737,35.7050239739929,0.00035016955923948827,108.4807725806053,8.443848235148199,4,1,96.71994296129071,0
89.75275510741112,79.60173972261087,85.46800270719685,74,25.784092296785655,148.0112037263471,0.23668122542753406,21.1581572359817,79.80648601388617,92,27,60.1842214092858,1
46.99566775856364,22.499077655189314,59.18154799795103,0,56.40324473411191,20.52476046647115,0.018109703839036,153.7249222016216,4.112825497535184,1,1,97.80348236245715,0
86.80696148358777,89.62695762057453,90.94561138557599,151,22.732244266919505,174.3642658477442,0.40319673957922747,22.56430945651372,88.30220058404267,70,42,89.30641859030963,1
52.352841742015634,33.19961779860126,17.29440165574664,2,128.03461696861774,1.2129402037674768,0.009832068216545054,174.7782457894487,4.34386841943816,1,0,99.2245206808048,0
28.41761264893,17.28035266114351,44.12317788590063,2,55.403693966855705,78.45363873249937,0.03774930601819793,87.37450562095236,4.14082944024022,3,0,96.74869345227106,0
25.826599143344335,18.041516462736997,43.32712467692972,8,126.3982640985541,12.262661179094039,0.012541804538693947,154.73365431907143,6.522515620005707,2,0,98.93534080841235,0
53.6186889400776,24.419021203460304,51.608988650488534,2,92.84963114361516,36.09641395846247,0.0011579367374270344,165.4604161947031,0.6736582614624742,3,0,98.40497834628076,0
32.42420220145215,49.958162788863106,33.617602892479105,9,109.55154461691734,58.55492089934867,0.01659079525582769,93.77395020044723,7.946282585702709,4,0,97.81898711979932,0
7.191334282194111,12.789715510915476,11.381075248611737,1,116.00165558232716,22.3845685997734,0.005748805365624488,153.0932317798527,8.210818226197405,2,1,96.08795626339182,0
68.19009151042954,83.34370641740692,95.26190818018799,110,25.49580594296563,383.82955722065714,0.06873320358857672,26.261277297405005,95.1743554790444,32,6,19.33244467944121,1
51.398010311847216,47.22188175376532,43.165601914250026,5,63.716613202427965,27.923759095679532,0.040759357240558625,165.69196756702755,3.863391919211987,4,0,95.33043572701031,0
28.75348356078,45.0679466121519,33.60320868092087,0,156.1229087193325,49.11240378864655,0.009797645378265985,174.4980003957645,2.81332236858048,4,1,96.59557860917073,0
16.36296978062249,13.298426443799084,5.460568260511768,7,149.6160835994337,51.930659652843815,0.018391845541136927,123.43768465979485,5.599929160251882,0,1,97.05712765590593,0
18.024166553857377,30.38707104293064,51.9902393170862,0,185.23189451049896,67.80988378590978,0.02829144585304097,102.9901828693073,7.897579503848101,3,1,98.00713949535513,0
49.08290825160377,62.57398526018565,47.29199199643599,0,97.09116759963183,40.64915084243693,0.016536443371747724,150.1493615306004,2.0677223504921716,2,1,97.9243781413227,0
43.666645202817875,58.44655969527769,51.05985590604232,2,143.0192270451015,32.28927173185123,0.04934500934227902,132.17621495738123,8.159474942985984,0,0,99.52485354490689,0
32.40570525402556,49.37213149299111,22.61523509822737,8,102.77167771489887,1.7834597970747421,0.04909800419995038,109.26529174341513,4.1245645550734285,0,1,98.34552416313873,0
81.39321149482046,96.88889301315187,92.69289731381188,191,15.318119084542161,411.51491089009386,0.4747429441002718,15.539301833248437,55.3887135503281,20,15,3.2625654358232,1
91.92712516894363,91.79532351879938,98.58755879296345,117,13.527475356588404,220.44943164554206,0.0851618191004841,27.8716917568731,37.00375567540479,94,32,58.32036926691153,1
40.8073913065927,50.71187587609143,38.19563672497462,5,143.20033948391244,16.944050793420026,0.01205302770843838,119.51081355929503,1.412980228172045,4,0,96.8508715855661,0
97.39719042384178,88.20624933303289,86.84270670522504,44,6.929669557950404,199.57127928371204,0.22443356409374593,3.4036095901683456,69.56589544023429,36,49,12.127824528817522,1
34.62107055755197,59.15894500229728,20.179340900016,6,54.38745651839029,34.14528020682511,0.024984873993609026,118.05577884016189,2.0307214179266775,1,1,96.71883473887087,0
52.54758015968467,49.55616452345962,38.31848707325474,2,102.39489782883258,37.5770202974027,0.037725964197381376,130.77663788947805,8.102839395904354,0,1,99.60192918291078,0
43.87917898523399,52.549319714868986,54.50582127775313,0,105.26968710790904,73.55337686373447,0.03701115732451221,61.92883106937268,7.857545467283105,4,1,96.35089550358889,0
46.75266078242066,28.644025593296206,51.16406390779468,9,113.17547792867242,47.013039754881866,0.04177723428811184,130.22436085400216,7.178069560212446,0,1,99.92922121611943,0
10.494727407176782,21.634580883609615,48.14404819312168,6,57.80848922565793,14.267420986317866,0.008014472953359098,129.54159204002104,4.3927710375994025,0,0,99.56338362588544,0
72.65641427542133,94.22683838128437,92.82809603652132,75,11.60414740788314,190.0035606791106,0.32489907605407436,13.314104611169768,30.99689051942501,20,33,31.93981710192045,1
8.644339334315408,34.45644059427072,11.032431508151483,7,76.52271511164595,27.082771776284677,0.04886242881668222,121.88952486485532,6.526680943592224,2,0,99.54930605813422,0
47.53977405247065,51.11322073454791,59.863017437491834,0,175.43641392602876,59.51902681161609,0.0004829798576772904,182.596526248497,8.308814792258302,0,0,97.1787582048779,0
10.296569272744671,36.56946466894436,54.488707788084916,3,135.96553614378465,15.302313574816583,0.03867988505474054,145.3160221847918,4.011886134286219,3,0,99.70333361482174,0
86.138288175698,81.8603877710289,96.64357483265911,37,12.737300738004274,382.72610888922753,0.7925261322369531,5.39918706763004,66.31728262490903,91,38,80.77308009061457,1
8.799247466525744,58.33075173237254,59.18136727740969,8,170.5344675594457,68.85763057659368,0.008878795685653213,191.38058864758716,0.09104111781080282,4,1,99.1553508020056,0
94.34644253048725,72.87200793143019,92.5978847243934,24,15.156865957750108,293.139408232616,0.2611172145235392,6.717106612789627,76.08878078567763,30,8,77.65735505349592,1
59.98835971332681,24.304414654435945,6.414459765766505,5,85.42855550089465,16.118141233644174,0.02894742006831031,78.85153324996644,3.413244190068113,0,1,97.78179784122759,0
31.604094354156693,12.896605236771547,14.421288077356792,9,153.83987873584493,42.7888936046302,0.01685138991818009,123.30360936107063,8.217484949566767,3,0,96.31436061507479,0
89.25194121658431,78.04762227087971,81.1612252025552,181,24.341309294031035,443.91943124347944,0.13083156911643407,5.121577763958799,11.361174362224261,95,47,87.449645880729,1
55.45926687119749,24.145825461890148,6.498692679315278,6,193.92610688876366,17.522114447115804,0.033135583765793744,44.7636432810708,7.08751064457839,2,1,95.51786936181239,0
88.73080344508836,89.22876087030107,86.989179020106,24,23.145213632946696,485.5406612199626,0.7895014921416132,27.447099025693216,25.909332372982494,68,41,47.65111179686007,1
7.3035403514420025,33.12562590005676,32.68880923039576,6,96.42332348810325,61.71538818488852,0.00932644043786296,189.5555156325655,4.085802844970667,2,1,98.1406444194374,0
55.20808964330792,48.946545805073015,6.064001019295199,9,60.598080504107514,7.538043063173274,0.038052088300533776,159.6636854949932,2.752350669897603,4,0,95.44741049169855,0
24.101480429567285,47.07238217745177,9.029388161368484,0,194.34216704524655,3.940958733072761,0.040635973882415945,160.46618711122858,4.00741766355574,2,0,97.41539796062136,0
38.81731148169468,35.80696459583943,18.158882558999032,1,177.36515924670087,46.93453909721878,0.01809998609191257,50.31328853020193,5.1246325488210855,1,1,99.75279416638428,0
22.60434874161953,12.260151232970305,10.713960362928763,9,71.63042514661447,73.06513557648974,0.03825795993457975,51.07105626747463,2.38844396599296,0,0,99.63932592756196,0
15.359461899641397,45.567196998312475,33.75006272662433,7,74.88840768844538,60.61798211297663,0.02045263304001986,154.76370756384068,2.4158056888133475,0,1,96.90089342662168,0
87.8699863899804,97.90417440698255,96.86619334785266,70,23.16411448306619,155.45784641436273,0.30836911429294783,25.596335365662494,69.69453788240658,45,39,56.23432999433892,1
34.462229569295836,42.95680534803168,12.77107583530818,0,145.61030720891733,40.172162016513,0.03134979291668174,195.29487307698886,7.153117340912569,3,1,97.56472034837167,0
22.36688314685312,57.513332985416355,28.208692657411337,9,160.46107583040214,8.255162366232287,0.01336486682766065,131.38418625495655,5.098651902997044,3,1,99.71406620732876,0
64.23512610872835,91.80817507100066,90.90903033130832,104,7.479324671994502,330.82203912683565,0.13252793940480861,3.139520941012252,94.47435044520472,83,24,71.57791749408487,1
82.64964208570792,96.84508085404677,97.73447747252109,112,25.502354813860677,197.06684571209286,0.1946769851383336,14.270516553468294,73.60730816127226,82,47,85.41193211898437,1
68.04828341911707,90.1112022621607,91.44272819148422,193,25.218859661844004,160.31952292847893,0.5885871899709312,7.468818014333964,16.928873537653544,97,35,38.52773535401479,1
76.39533122551694,78.07894811724375,81.1719085353668,91,24.201942477885737,304.5955192087759,0.6690137894685363,9.802512096108952,96.65356917468915,42,26,17.4624537293475,1
62.68758100855545,84.88805291594008,95.38895941768581,43,29.550710669433414,331.98190653143854,0.09685281950461404,27.648480238671958,40.55283717563178,11,13,40.7532594868802,1
26.269012866381658,68.84362908619408,53.18511571842516,3,90.15119585280678,6.388649318528444,0.03150175699264444,194.26954658049885,0.5479537711711335,2,1,98.80205887640955,0
86.87637495902825,87.91815905130639,91.83369577137162,92,2.3404144018660937,350.9412563635583,0.6324431874245542,9.840575660390597,28.208081543668417,20,22,11.945508734214451,1
10.408139922850403,38.257011418827496,48.35063658626727,9,197.00474110373744,30.50842114345165,0.04201772576921309,128.84659177886502,0.31952180340832914,1,0,97.29500325739637,0
63.545508871842614,93.14852855237142,84.13815541200047,38,10.360710092827478,325.7702416032183,0.5270700407728224,7.072457118921783,52.11384434750283,53,7,8.06236512291438,1
46.79432106351995,10.435159513913003,47.338186233305386,5,164.12567938053076,73.08259213667392,0.03692222999483604,170.99486523545636,6.260973427013826,3,1,95.20122533565193,0
11.385731259886116,43.796132331658015,26.642758960330855,8,90.2357762341237,33.91022897472371,0.0039389634008763445,48.5152016023563,2.186805913435883,4,0,98.895830567499,0
57.22143231367432,61.782892551147505,47.71992645683957,2,161.05316929882565,72.53324273216809,0.004407530463496185,84.28627391834448,7.867576669516579,0,0,97.04761245560111,0
29.605041334303287,39.605261910225735,30.2003187900734,4,178.36959034852836,23.652523480893887,0.009910897688523157,133.4911272823369,8.769585756534154,1,0,99.76868384080512,0
53.74384215465037,67.95923592703576,45.94910823028366,8,186.86943689356679,28.94266946128175,0.008931518092689817,60.69648252899766,8.519909432429095,1,1,98.8291661094465,0
19.75837757319686,57.74787746622829,15.226430044484678,1,117.92991730141078,61.460809773320356,0.012832593976728108,184.97097787148354,7.556102331669749,1,1,96.02303329162754,0
68.7457441839119,91.37892912570807,84.04291433526855,62,2.245091032468797,111.78455686666449,0.3575126226613671,27.228446496919805,93.7751452132418,80,48,64.28223549412827,1
78.05593092419429,81.59447564626738,96.53788467895372,184,21.148807891589616,88.00276154892137,0.5926769349741461,26.818529141277224,36.97084692632238,83,35,81.76001225962686,1
67.71442241011118,90.39142893666889,88.28490145211045,24,14.741290961338283,357.5675452508763,0.5712307569202194,1.8870333434843705,25.090569781416427,74,8,54.98164622339694,1
6.788478016251885,41.80405727485644,51.34459324494275,7,193.89598686984303,35.68728174753963,0.0207295700984709,133.97377791323683,9.022295804508554,4,0,97.60686008680022,0
28.251656132561422,13.083369721030351,24.53443125006767,4,146.71504103355102,27.443685447530004,0.019739231161116085,49.952229415903915,6.37448618429346,1,0,97.81999013729504,0
58.737173778852444,22.579168646082966,50.30986877619666,9,151.63497261805668,35.90124311290912,0.04282884517721313,60.87640846577976,8.774571632460864,4,1,95.99959972438145,0
47.95052419339423,68.27575731408922,8.225662713859595,5,191.01095155156668,58.573193349377334,0.046864827265549136,136.78827660171083,0.692715732172956,3,0,97.8027198626036,0
58.82089647348016,30.850876290013947,15.048809833041382,0,85.43406584983862,63.952717540502064,0.02490270046676732,97.56082971375379,1.7093260210615269,1,0,98.08709681481672,0
52.76422680042089,23.35199454979991,23.250756986872826,6,150.23862830714384,49.37932802772381,0.03881829670219347,150.30463009771375,6.432122045961623,0,1,96.43501222096727,0
55.08720051751123,36.35656416774886,25.55161680458809,3,86.71929864255986,55.489983209483626,0.006132767399283423,189.3850053175659,9.888254350765314,3,1,97.5666004681279,0
77.6431331866846,75.46738306062004,86.6818152543905,143,5.616415656857784,88.30769265513855,0.6899958223366893,24.63618297801171,48.29033860034,96,38,34.11077660804317,1
13.573665115145337,50.50737395736666,39.97780951110201,9,124.9338126691247,5.577752963757915,0.03358982787096509,42.661976478111114,3.8247358704720877,0,0,97.36512616422777,0
26.20933107467845,14.761509130905077,59.20603247528177,6,70.68643403501616,43.58042325393468,0.03229423376268813,108.99829207971237,0.994654647925356,4,1,96.3977860843599,0
31.193086297416524,60.23573049597688,30.60152447239116,8,54.29042083005385,7.3030816592019905,0.0048504584710661715,174.43956749316027,7.996259407436116,1,1,98.88018673519123,0
53.051752263492496,56.820111299176745,44.5849252905408,1,121.43571252856731,54.00798832963447,0.003489096625308347,125.0392918144596,1.839496955745451,0,1,99.16087875649247,0
10.265490341242021,55.3672407524239,27.984184925007312,2,89.19468411951812,33.49682584015599,0.006493231104694819,181.01448575038944,5.971308595488466,2,0,97.80983406410631,0
31.650289518927153,48.20114004199645,43.8507489625583,9,57.982881873387846,77.81623031328864,0.005882737712420061,69.34007605922886,7.596596893842547,1,0,98.46048013783958,0
38.67315760244645,16.489834983187464,35.59743647237249,7,158.78104986204573,5.510958522689993,0.022813211632676234,63.376730673150746,9.584614733434476,4,1,98.07932525651829,0
37.93965811699939,23.459117074500437,30.86862780757548,8,122.94090252075904,64.15585607607277,0.007328026393319515,67.43613547742805,5.514980517048331,4,0,96.44382954827462,0
31.342642549945555,51.44923708628243,53.51145059105112,2,114.6724306113312,5.08803478368015,0.02132896106652364,177.42751675708183,5.791189294624245,0,0,96.67517854500235,0
28.213686257917832,63.11451935717235,17.283677404995373,5,53.48676031935381,2.4498573795662524,0.03559502485249928,52.91580625044864,8.614212445927143,4,0,97.9350670769343,0
95.24116845241407,82.14920043472692,82.03218840835177,164,14.107777398034605,115.08737406220268,0.6339639463274344,19.777405947884994,56.558031144275795,39,6,85.54801671176469,1
79.07971956070318,95.76905797225632,94.61065254339617,152,6.008876749937673,168.47587855647802,0.7130090184931384,9.023092408239675,15.570260201401245,81,35,7.435567260357294,1
7.393866109157441,51.673550469619954,14.292866639613514,8,65.97216285857725,76.04638653378623,0.003250654878759235,173.45005770196286,1.7234187050919858,1,1,99.31748703888532,0
35.1612518375949,37.9348932353156,48.08421018698891,1,105.0254714864094,9.753666609063819,0.00640295068158353,136.73184016431713,4.283487187592251,3,0,95.02547139075239,0
15.689624908346838,48.57892778817005,54.42413037239039,6,53.64994501289133,17.395057692251193,0.030003905261703535,109.79439015160686,4.105439424542537,3,0,95.60984521950239,0
56.77790200931505,64.91775870966154,52.75523140514961,0,60.01697306151054,36.57052334556785,0.006313864412344489,96.86718659428385,9.201217460625209,3,1,99.27334797289133,0
25.394128624514252,22.210083256493242,15.003576586930963,5,197.31979876977354,77.11814675549374,0.03432059432206411,158.32014134034424,1.4330852112392278,1,0,99.27299538489751,0
34.24496041384734,11.359163238832554,43.149935252180875,6,135.45558445215534,47.36722930701116,0.023227085430280004,58.98048845538645,6.3730235402096245,3,0,98.2391417013478,0
42.777561004106296,14.806945158514457,45.68912980978716,6,177.55142648245692,12.216921929428583,0.011003981785567829,191.93629445639192,7.74215221103446,0,0,95.42941779343566,0
6.602800202990053,24.2629069227022,42.62375132820746,7,121.96066564214172,2.2803519824527942,0.040832916713638756,72.32111722273201,3.0584830625728623,1,1,97.30339571126127,0
35.7354942573552,39.04833782736912,12.77813626152006,7,162.35463609535944,5.0457942404333,0.0287674431416894,74.18919607830011,8.179134674922015,1,1,96.58637284025613,0
92.18615661121669,90.51275508844455,92.91872613943848,30,21.055712152734404,293.8000158875499,0.4074318866598458,12.443834240591968,57.55609215229863,91,45,38.77997660252427,1
35.6621062645432,44.167230602200746,19.944190109636818,9,118.73469769811884,17.781956314515227,0.014018871539812634,76.0918178770646,5.509258087587282,1,0,96.24223974614497,0
86.15826718633507,94.9604386186083,96.47485456679715,126,25.981845546621425,327.3192365837141,0.7757697420886831,29.28025663053463,48.54316905958716,34,45,33.40483172555307,1
48.395273160382274,16.017147741351096,27.99924799803572,5,84.75350756581044,64.20253459926343,0.04335846039554328,99.30817244873815,3.518421548065702,3,0,99.06469137719748,0
90.55311839074973,78.6299343241925,80.82090561845764,110,14.991718785745109,277.48286738172743,0.41812875478000966,15.507922023085492,66.90396177085908,12,43,40.21772376653143,1
55.04426727647182,49.213384438334664,51.02778123128989,9,174.75027711324302,17.371680648498792,0.04612148540997296,180.0607675958451,0.43235235918694603,1,1,98.33868429888615,0
23.610057956857055,19.353610644745398,14.820604548067921,6,140.34432238227066,46.69352629752759,0.029647469746914637,138.09383983540215,3.418980635052101,4,1,96.0910837804957,0
45.5697416318007,55.17644979067197,52.74652693617042,3,109.9531108924684,56.53884705624184,0.047367202442464104,103.06088860867094,9.22793657946539,2,1,99.928414077819,0
53.30165115022781,44.208649795867565,8.141482407972472,3,169.86090642154136,70.46338285866618,0.0009118804267643278,184.10302287935568,0.06901016727311915,4,1,97.67119937145233,0
49.04089666904808,17.97781543087114,23.476395119533105,5,91.66583742535136,17.617145497183508,0.029697863651574848,106.67419798285448,7.2467172040734535,1,0,96.32405618718983,0
7.82292810726643,17.245824162276435,30.630402450830964,5,103.49604567281342,56.354316202573706,0.006774634707466276,172.73791170552593,9.342042713984345,4,0,97.07096076166711,0
78.6985525000705,75.1975963894925,85.39721392365111,103,25.04575646564737,430.84797053612164,0.5416629566022114,25.774302039014458,63.178140771112716,50,46,58.77128523483052,1
27.49675765701552,64.59123050758126,21.660319779450184,5,189.71957984004342,59.13231385638995,0.013362464167321503,133.6677204066152,0.1464808913927207,4,1,99.02640335540724,0
36.33696133034071,58.279369516549906,24.752013354949725,3,182.83626336251587,2.39200343214746,0.02931460344721978,116.8182403073977,8.697917430182814,2,1,98.23028194455344,0
81.6561204417841,72.41971236012301,86.58292206715697,123,10.888838719288646,260.9005747711059,0.6046862563362835,16.38275628601508,86.08728962071515,44,45,14.868372064192357,1
70.26960325869231,77.54396875558174,84.55139621516128,160,8.762126349841495,312.34920432406614,0.5376659142285732,24.069433028685868,81.03254376604697,31,8,15.70334246821853,1
80.7911400383917,92.04573232339008,96.9546289587222,76,4.18606846762638,492.29768587789107,0.7866747590744054,3.289446323162887,83.171935971803,27,32,40.59946979604939,1
58.220599351802214,34.68415759120049,6.897010904902135,5,152.06256578784115,41.550596301286554,0.03918529913964902,161.3165489567823,7.613532877446044,0,1,98.34031301535,0
39.05139055024762,12.55704005764268,17.757366722413277,6,101.46488653700365,60.471463140827595,0.039958088528349825,138.75489553529607,6.560802527144255,4,0,97.9525087227181,0
44.021051404865595,41.87070281549923,9.358728220345242,1,120.88980408477889,66.09142539800996,0.010907647886985639,170.50646744156728,1.5882756859151992,0,0,99.06424959589467,0
10.308429684736707,15.538747698093516,36.21400702678194,0,107.5513692968624,74.32585957840169,0.028763610965035193,137.3064285864204,9.382556606366188,0,0,99.09768742851327,0
78.31460012658783,88.35773709105655,90.6243485801948,109,28.19443555103541,425.06772067660484,0.6319873785345547,18.21940416137976,81.97850066022669,71,12,22.69702881544804,1
10.58746985384597,21.390722329771137,32.143144189534894,3,108.73151999695344,7.155821599544926,0.04837076177020336,95.7912700997893,3.832930781390227,4,1,97.360226799054,0
22.27349301680672,17.268013613341566,5.3348713868777535,7,174.71152882656804,29.00237486688217,0.03991736078979935,86.63177549812403,8.996744537602096,0,0,99.5711962398745,0
14.293015399677738,52.43538122994772,50.73227401692953,4,63.66486912539901,70.58679996387595,0.018837896426241226,56.114881107593924,7.049674882059495,0,1,96.17530474946331,0
59.72722152311546,56.465692476059225,26.800685913329144,6,194.00452168933984,66.79893771500917,0.031236740171532013,137.0334103435249,1.2626869049491207,3,0,98.07320130736547,0
51.916420629336834,62.70577241225358,55.22098374036259,4,105.8940616224603,71.06967755602301,0.02118903380150189,92.87349114817926,8.50889232541321,3,0,99.21364016638734,0
56.924430625262865,63.151450880951735,52.34898676235639,9,169.96191351878954,73.77808335437133,0.00614999790402922,78.92492620932393,8.606025071001927,3,1,96.4144984201719,0
94.07968323007302,96.71098439292659,86.66655486231093,112,15.435742602655223,295.4626750208886,0.602625292181336,7.8734482545090145,10.449530217795903,34,22,82.2317427031379,1
54.04066063844431,54.543084848003616,7.249722807147904,1,143.62998628627622,77.32552250712585,0.035133827873854905,177.78997878292392,1.4498501818588394,1,1,99.2664370147346,0
45.137055184960396,51.30577921761059,35.26744200421301,0,130.30764009696867,68.61133357770127,0.024596007499723706,66.88948167014775,8.634911723163887,0,1,96.72694922284697,0
13.170256415835869,51.87039831400665,49.40604440872932,8,70.41893788707554,75.33612876984415,0.04692166219115503,166.08284443977098,3.857214578729171,0,0,96.19170348397,0
65.66047178231354,74.57970180694,93.60497383507898,148,20.45857014401831,107.3942969599607,0.47963450698567084,2.7882588724491475,74.25356757120694,36,15,9.931636901392258,1
8.428687596013717,35.76166583270007,25.0542470909026,1,112.01218732999422,37.85305455923824,0.03366859759850861,66.34195292879548,1.0756086502129947,4,0,95.0427839614035,0
86.13745931531673,88.54482839494395,80.57152341227054,173,2.2802015330018497,163.52280375241733,0.7756045586543638,4.077118248184624,83.06686948053499,39,49,11.247442214267565,1
83.59929085169813,85.60438447647834,89.67879364773924,155,20.901617813615143,428.0438222023002,0.38983102364212696,15.990214754364876,85.89148336360974,59,19,76.75649017413618,1
32.37408763200074,58.802875823414084,23.296604684561018,4,180.95627922984977,18.400452595753773,0.021258630203108378,183.8210174016393,4.400446059065683,2,1,97.40114512979876,0
16.42185211556349,60.059757156899046,25.159329508196254,7,118.35538492632587,11.183502238769085,0.02915777871180407,130.7503448303583,9.622783239648697,1,1,99.13832580259374,0
9.682337690310028,53.39045103532373,42.2109565239757,5,64.51943378573947,12.365404750494632,0.0023379291959952533,75.56027889093954,9.450396945340689,4,1,99.6346905658081,0
85.87662836952916,92.47204898714425,93.01687477833744,143,6.1485365451256335,218.7641666924072,0.6310012714273945,4.782027624575798,66.35591719185308,34,27,3.0350605277639597,1
68.45047028008194,92.37969851243288,88.74976059988717,183,6.617503329689745,293.13230659000993,0.27934199187006065,24.658627136930424,28.34688442024647,21,12,79.33700683453004,1
10.483184633482477,69.54672272355495,28.012069444909983,6,68.9478121391762,61.84742704967037,0.005790703463057396,154.5704336480439,2.257500989575747,2,1,97.91987523251885,0
18.712328875832746,40.14273790832733,42.01380145800985,2,57.189846665341484,4.0975596394762785,0.025139812337537672,117.25534984329096,6.09575389842547,1,1,95.84540991498297,0
10.868201823058191,10.908593288668193,33.94554661346002,7,150.79632097946555,18.375226809905143,0.038875748486361356,130.59399677694864,1.1415297971024363,1,0,97.90101499557966,0
27.33230026280299,36.166645318052446,56.708210370751225,1,198.89056406390506,77.70009626252846,0.020512540823708056,51.806070653544666,8.66232760685017,3,1,99.85795488826746,0
22.950945759561886,18.685656975620887,42.529058723112,9,96.48109419443327,29.70577100283653,0.04015765169298313,190.8369362797273,7.6677020718224504,2,1,99.59646294010282,0
58.579262164345884,31.363001137233354,50.055305955725366,0,163.0126838791153,61.59202928189463,0.01221325822834406,148.45179476330497,1.7717727373606296,0,0,95.57631030925452,0
48.63387941099745,67.99065599284538,27.979260458890835,3,73.57661827745139,43.110321714322836,0.04960211082329867,100.53742126015491,0.7023178777290007,0,0,96.86129342034653,0
6.267518528723718,20.24162179249603,35.20978221506254,9,180.91170288047422,55.242641627069865,0.04861867629048312,95.41157394284943,7.831570646044716,3,0,98.76878937422035,0
32.67539075160303,63.77353511550935,44.277411886024915,6,183.5473242169204,71.10543024586562,0.020476687380311998,94.48415568075359,7.938293909171632,4,1,97.60670870021616,0
16.685305183091153,28.01995179860691,33.34028958343991,7,123.93531572341313,49.431778787411695,0.018374749553822473,83.35421379999579,3.45512079826807,3,1,96.70085726181473,0
71.84138767952847,98.13963960367266,90.34642741215254,191,26.467052023547073,456.0316979288214,0.45561743283443995,9.083658865484255,11.597502211537018,56,29,25.886164359417766,1
35.66964806451915,51.772102684408736,51.525410464057806,6,178.56543979242613,75.42104618689737,0.018385630708073926,150.65939308052202,8.153576364751707,1,1,95.73116912755982,0
91.46607958275244,73.60605704007548,82.42722969699155,185,21.787488221564622,183.85463206940034,0.5810984906480918,12.255602282878245,64.69036040616942,87,39,80.68483703877378,1
62.80971550987764,75.41293479580655,94.53887532097207,30,14.806665171093526,228.14426798101758,0.05266654181656506,2.209903052834901,37.487571463778636,84,37,78.29752204092155,1
57.12992416458505,16.696925554498325,7.859936827153812,6,94.28977385531533,36.428083612331214,0.02421259144993035,194.64746234856574,4.906849529185493,2,1,95.87340056347092,0
31.212091389113482,49.315901626414686,57.33974850311082,2,78.15071382431634,6.165231816545883,0.021988049878527552,136.18907479299406,0.5723778217487707,2,1,95.74770715078795,0
79.0578068877767,85.22647073193136,85.22503307252175,148,5.362279847609942,219.2332983706768,0.12579490209884137,16.571923064021334,43.257897507487804,25,34,48.83934986870282,1
37.69334788475834,61.8729763457356,25.04958747111418,7,77.9316597272205,52.98866187640757,0.0439200398185694,110.99109385381767,6.914521131889967,0,0,98.5124233168729,0
92.16346309329825,89.11008676247471,88.73467803086528,76,22.459496444070936,384.588053915546,0.42035434538437966,16.930554934387487,23.679737585530578,40,48,31.002953293435954,1
61.53261429162378,70.13865310104838,87.13212706745946,145,16.8801279378283,160.42610620302668,0.23451910178384494,14.197768278595927,27.127500650534493,79,39,15.939557953686357,1
55.20103491256786,50.6836353480173,14.133850488581208,9,63.58675590740248,50.32402305788223,0.00639906812659331,166.47705050587803,9.615862117226317,1,0,96.33404769000558,0
36.69750607493519,12.50583022494662,47.12961116157993,8,106.88154305787123,51.4789982928769,0.021350256845397195,122.66597250046892,3.4200714064700897,0,1,99.06484989627018,0
66.60308202540614,88.04403361340476,95.23903471253233,196,21.397068273891556,244.64110682362937,0.08485612616946055,1.891588768529375,69.09832524229199,93,36,19.536164330501773,1
55.38829030027861,42.09744892014925,13.858289808401077,4,113.1905730734494,47.23755188683638,0.02042803349402656,115.99490376585344,0.16870045290839242,0,0,99.84660591243008,0
83.594884392262,92.79347259924182,89.00524160168233,133,21.172934584606143,211.60856353901957,0.2617205488850938,7.998893135693781,15.172656824322193,52,13,87.95819991383277,1
41.96762714197455,39.69597909497683,10.962815737867762,5,112.24756947310792,27.892582618031827,0.03303301487124182,149.95324669854114,6.886508796119917,0,0,96.98869324383423,0
10.79741985026402,30.57406481685547,34.06817420638038,8,81.69008600566801,34.352637427228466,0.03430498982302285,45.942958022641506,8.07239930518795,1,0,99.41413185618843,0
17.85966767607231,15.267802952427887,5.9443332930637744,3,127.56662339280598,4.014758353520774,0.0019079657501726022,151.1528097302425,1.0028330424652776,3,1,97.39604645244745,0
29.354561178712213,48.16223518133003,21.22445363370068,6,187.89364322140176,47.796308645472244,0.020133022774393633,69.03636724610482,2.370085331160791,4,0,96.52914327599223,0
73.29096551855253,73.2994034268753,96.44228828144982,133,3.993049459510817,373.842125467505,0.6545875493921515,12.529540844928677,16.685303010271834,20,48,89.21191502779453,1
26.309702585914717,48.29868901132312,13.705647084711243,0,101.3891695956022,57.672326548257516,0.022309412695329794,54.201580069182555,4.139090165879463,4,1,97.05792286827149,0
59.523272465183695,17.28569951844969,59.04736092988115,3,140.51556977227398,23.66652516913308,0.025277861882641157,176.56243776598143,0.6893173132102492,3,1,99.00090045466644,0
56.99087790765282,53.76134181955197,45.30746130066836,8,173.0497625230979,70.25054263426243,0.04678828779129076,183.08004145494795,4.861243411968531,1,1,97.48549983573858,0
87.9072440590187,75.81129493082406,93.00497845218953,140,27.61830546785316,270.1830175563965,0.07695620132033003,24.63510308268114,38.40053772413231,35,24,55.89913357212409,1
35.32949172971641,19.341771255618767,36.199263081192896,0,118.40003768023914,23.16152935595527,0.049222405201362666,41.30259269435443,1.8762594578587655,3,0,98.75712625569905,0
37.33043969079601,23.47116589308387,24.15067767962999,0,146.9071870903797,18.26902031621148,0.007070714501526809,58.715104053144444,7.39127566249204,1,0,96.6425403628732,0
57.53269167416518,23.99407348530802,22.678049506981356,9,92.72533902076273,36.55554777827056,0.03239773017320212,56.35190491772009,9.069785095934954,1,1,97.79571208834092,0
47.73446214226802,19.99458492235539,15.90310348982814,2,74.8574296727773,47.94952014153061,0.01798019015330168,45.52859919345497,1.7295349964643203,1,1,95.11400633884512,0
54.82538840731183,53.008193988809495,31.177148499404943,5,122.05476349472798,41.469000134015175,0.02729794781139506,169.58963576662234,0.09543793744610007,0,1,95.24518242274986,0
56.49683008027766,39.84966246448253,39.39261696848632,0,136.44032260988962,21.188636801460273,0.046147219846874865,192.45633730767713,6.72778867008926,0,0,97.57584028268649,0
96.0992582155664,72.64480748623949,89.18654205537821,147,20.161603479774023,366.90541206287435,0.6907154180294042,6.123192979094272,69.58168051349827,27,41,66.55408796489453,1
77.10499193269177,99.7205346370298,88.33302088540144,27,19.179907468480515,320.10319859382867,0.31589237581262675,9.928245253735474,36.35445771674984,95,42,22.767883030196295,1
83.12386192145176,99.37447532752117,83.99645279142176,52,23.600114878888693,141.04155704384488,0.5868685637103623,2.8310785620522116,44.607770882860095,43,41,85.01105766059158,1
75.52665537365664,82.62302017005146,86.5950310490704,137,1.9023975164322646,446.2210025834843,0.5501305968986088,14.745747639967153,13.974520765365885,46,40,27.590497680098224,1
84.8601414632077,82.39074268664831,83.3670855954096,126,18.098990654363334,205.8639780013126,0.359910167210775,22.437030945953087,69.6659204144645,87,49,2.1625764953775803,1
88.29183299913855,78.77581559098721,86.80211202275248,172,21.93435748291339,269.0478672270011,0.32761621545500097,20.91034904168145,56.363722256700974,87,37,88.10684562951616,1
91.15421940277292,88.29127890515662,83.44544686745992,32,12.759199518201747,424.22959494561627,0.7774032043688051,2.389114720238698,34.413544791599655,71,7,53.96321646667347,1
48.48952978945522,56.44718259451891,45.16445221936673,0,74.45709344943258,10.502758848924657,0.04665121622886772,83.76227286787048,0.5013683923251311,3,1,96.76062043319058,0
91.43771389532967,87.00973582515084,90.82820790591192,21,28.402235600774627,176.4603476929815,0.24765714926063104,9.394888323102178,60.73681407351975,30,15,88.45009343971692,1
9.96796930678175,50.66186615042477,40.2160131910782,6,196.8089932956341,25.16039083332658,0.020173783185295908,113.00528070139961,0.024859794463863993,4,1,96.22049093417927,0
57.67405421423437,68.17833793811256,41.67226039017822,4,196.12217379958437,15.255552855424337,0.029096511370071815,177.55037772793608,7.334513785843829,1,0,99.19129440127954,0
44.020694046258164,69.05585249343528,24.423967884334797,9,98.73129150008722,21.389234875559172,0.03749646189144661,61.479658306529274,4.77898075905765,1,1,96.44568094346539,0
49.923314544249,11.602625308794408,26.758872110917856,0,153.111254860271,62.200568393270835,0.024084416731421334,147.97951829162736,5.373094879769179,1,1,98.69206442342227,0
59.18080118724539,50.741840384772544,36.77435502163718,6,63.86129833552646,24.574971232782907,0.0068562303569182255,111.68785440690824,6.798362903516752,4,1,97.21366668098185,0
44.366205388028085,59.3229180326601,50.12042348561669,9,83.99630066289023,3.3989523978492002,0.009836624668947963,117.99990551904449,4.342462529063508,0,1,98.2942320653033,0
43.987169340812905,13.691050258518413,56.57445363605244,7,153.65337946481048,36.708944410783644,0.029807388479451604,115.44332722412588,0.8429622361951528,2,0,99.87804027979367,0
33.985957767738384,59.59018532474953,57.00914718465462,5,194.6044955794462,55.454893621490825,0.02501905924320984,174.21839244419965,4.063839306305999,3,1,96.96276420244723,0
61.235389836056875,88.8384885145309,98.74206684796806,189,17.742389868731443,119.11366256818943,0.2596442313272958,25.10059290498228,20.075726546392076,92,14,33.046527003322105,1
9.374452330100087,17.912306379435655,10.501078744330494,0,133.61194190188166,57.06742961390073,0.01384372254270997,118.98114473927268,6.19008415273027,4,0,99.17993123267935,0
33.61411080288866,18.473136600827168,22.64047975902145,3,164.40565823739206,59.68950463868431,0.048324299554655385,89.81557654464497,2.8451695117466413,2,1,97.4638353960983,0
33.26834624082163,13.721153236346495,35.222519598588185,3,75.4567920740116,31.085482335252312,0.04296332350266668,142.06413003010624,5.523365544802251,0,0,96.14910253683013,0
79.99475705475123,74.18304876739674,90.60196263210892,56,3.34597465953743,401.9928755965305,0.21682664612629382,24.335850612177847,41.02443110691114,74,8,88.9398584939197,1
48.94662632789805,65.10641851416585,57.883408606935795,0,111.8873136422118,33.332753372944325,0.03869787731017852,57.13796232388019,0.2506763844873172,2,1,96.70698314866824,0
51.7441818462309,27.0586282642733,55.08660363283633,6,104.59768995156506,15.244311244839235,0.029714109215230655,153.5185084861114,1.619850578715052,3,0,96.58499088310107,0
99.1108828556364,78.64752597194479,86.02232574617773,34,24.319868164217482,225.54666511186522,0.647350093836261,27.701917982550256,51.31437371161471,48,26,44.064636413099784,1
57.615261981653006,59.40597867229929,54.81163819933852,7,69.76289451423855,29.382444641393125,0.03215560407099904,96.64617393111416,6.679333938673447,0,0,98.71001771151984,0
27.576917541427665,27.617612073511598,21.87243633033892,6,198.4376950946942,8.184725892492388,0.013784816190883498,184.4903616506463,0.6985130055260691,1,0,98.18380019099028,0
48.40173472797605,22.444314294573502,20.645727379266173,6,119.64985595297,25.41173723094391,0.008736466132525673,146.156526768309,2.1772074378019104,0,0,96.12254788951603,0
12.682034635157128,16.678946935817557,5.613752687017159,1,140.06642591485345,68.02032744635508,0.04802940783322296,70.46697068490843,9.98097271820123,3,1,96.89888984857201,0
54.72437052498845,13.490892750312298,38.08007164804366,4,143.28195274920915,31.160815686014317,0.028003654300848807,119.77541676504325,4.216452583103514,1,1,97.93682558616983,0
24.145460270327927,67.28451316250323,41.91227461272391,1,122.95508621863004,73.52887442356683,0.04439809207856913,71.34748918302483,6.200446912360488,1,0,98.18350022800274,0
36.705916938522975,58.38530199093551,5.977628799681297,4,63.56403601109379,79.75304321934256,0.0037680473697269904,48.133866509871304,0.5269286435426535,0,1,96.78576679290974,0
17.422894263191548,61.37549765295804,38.69392920664811,9,68.52856413807469,15.71866911865484,0.02477309993261021,100.00560109400291,6.445945444661188,2,0,98.14758516577831,0
48.46139618142769,69.39777962267786,49.887213251096675,1,179.48163475342477,4.476176782527148,0.029880200931947355,72.07208431196767,0.060497664930845296,2,1,99.81596294450034,0
11.583836835186357,39.20054902687819,31.5861768677006,4,184.4613836185114,36.405848300842734,0.04263779175717061,190.09634041908274,6.306331098095512,1,1,98.0050311308098,0
8.056828137667747,42.79396724471178,19.333317876555498,2,134.0405852145676,10.453375029742027,0.0036716204327840677,158.38607421436873,6.749155504386916,1,1,99.14199944416067,0
44.71320781399958,15.805444025741135,22.791915923254383,4,75.59541441336458,27.98772414137705,0.04122296359602606,144.35010777436935,5.541964365869047,0,1,95.92029132730835,0
73.17474324370333,71.08639478448636,80.61973049101348,32,7.066007232992089,409.77269664437387,0.6692196688842733,25.115636503694272,84.26436942371855,64,45,87.92428384538132,1
20.680171014403108,18.169144984705746,5.299187520998439,9,121.38147584880518,69.36274063705014,0.019395501388127352,160.1013449752553,0.4548908354266401,3,0,99.09838024523027,0
15.720835466280864,18.005602206651997,10.271377377513902,1,176.0619743327218,70.28641828495115,0.024289568834899557,123.79125070949031,9.586570857370601,3,0,97.42440511262106,0
11.539434412972044,50.512697561481076,47.2932858913075,0,167.4815341327997,70.06223118496125,0.035853714392167106,177.66849800282833,1.8993710870062919,3,1,95.72660187613431,0
59.933559225925364,65.90526993391688,41.2954761118716,6,53.7607333544894,12.536458513193358,0.01785535321244498,71.07227336677597,4.122563877731932,2,1,95.41780923730448,0
15.007961075447863,38.37561097123178,21.213657315169197,2,142.53044708034224,8.381315044718583,0.04968646361752696,114.74864023115829,1.888265116789627,4,1,97.08201081332244,0
23.342093894054795,31.338320248555508,30.77786575538935,6,76.83232228145326,79.64093949087203,0.04522174497529845,118.33758882095142,1.135985820947677,2,0,99.19582097090023,0
29.832587439514075,39.82077115908638,49.41874355308947,8,175.5905329328702,54.618195971649165,0.022006947940987,137.8969644458163,4.540387730011325,4,1,95.37616109300895,0
45.78094518558364,27.263988906015165,6.1884504676894165,3,125.58181627767017,21.51192105611403,0.015157109473924596,40.75258967469671,9.62829165030146,3,0,99.31689451022045,0
44.26656604166495,16.256557514151343,33.493602929047675,0,157.07305489471443,18.39773207201119,0.0022439764485532145,132.41925589118682,5.715750039580093,0,1,96.68520105444571,0
70.83650609457979,96.43619939262288,87.55457769744277,21,7.7195665190466505,184.75907083463517,0.07639325460424139,4.35911089033246,35.46317880060528,60,40,40.17110841553074,1
56.75249894240843,55.70093367791019,38.20416445967976,3,86.01637238643916,65.84031365164914,0.021528887416539966,65.37113197860764,0.6691273147636512,2,1,98.99040341667632,0
75.04916641355868,99.45390299990564,93.61912079962781,69,14.283351206825389,326.51470156371863,0.3650966233611101,2.0688937469870288,65.0580998578679,35,31,83.13983118679056,1
49.59231797814239,55.15751840496538,5.689663191230584,9,55.87008948226968,46.034815111321564,0.00731217140866916,175.44332801444136,5.868526360163657,3,1,95.09248942096023,0
50.93800708756859,27.82296724322974,9.640468042100288,3,73.95915743572951,37.9454778231316,0.04624519489319212,103.13411595765172,5.595159233527966,1,0,97.95850287610025,0
80.41337887847969,86.43407342252905,88.44674339089684,30,19.135722886395666,296.4197338394295,0.13100957903271127,7.924149976743201,17.73124341317957,35,9,38.030647677669855,1
57.259199375988665,28.832651450873197,35.10725013244314,0,120.81563975694019,64.37317912338672,0.01760912705621941,51.14061095562693,8.940654656893912,0,0,96.19024898042417,0
54.45414313313922,34.77966378446171,45.16106596939389,4,95.3854132080948,46.27436669748709,0.04576353042094095,180.53698690935104,5.518407064066552,2,1,96.24431720631907,0
12.353956509015063,13.617880257260897,41.20039064671242,4,117.56342880976158,68.11048149868876,0.0139806437323519,146.87461013146594,9.284563239630067,0,1,98.43358104321128,0
53.79665602343343,19.823716131306917,51.70248589267889,6,94.4481403557308,38.28204225175018,0.006985749416449305,117.67168190348397,6.72536240679613,0,1,95.94161274928871,0
81.45912200784726,70.24535092912812,92.10125313947957,61,2.407574960377784,489.12322134751884,0.7897563224403965,15.873225717428044,50.95951088472617,51,29,71.22231666139547,1
79.65854184197977,78.59777510276001,85.42097079105206,140,13.996806221538176,204.2017703231122,0.299204627965031,7.450570938734818,87.84750861550077,75,25,65.08334420674342,1
46.06185233680114,51.556381378230896,44.90435091823558,4,145.93243187991163,48.867454625323376,0.0058012687805556965,52.168508647961644,7.412145112925756,1,1,95.01735591171459,0
82.82172049332664,90.22824176541613,88.58480677676911,131,6.751304046960427,352.5697707375003,0.7331667698649696,10.08291413379878,53.82437264406106,19,38,20.49921275054907,1
74.09011333385263,96.83791763188924,97.13055169294402,138,20.76483617667611,386.34668681188043,0.32164633756883315,25.998954930799542,15.704154667815443,77,21,82.07363074736651,1
59.676014752595286,66.22592775415086,26.17905354698657,9,74.53684687047362,76.41172637133116,0.02588437077485678,175.87873934236083,8.180745497458018,0,0,96.74064291686827,0
79.7432302317196,82.69065895990862,90.68948711475734,45,7.211351457578074,412.88071720124293,0.7202392160063065,2.2519088806118344,36.639304845181414,49,35,3.9456855014457926,1
34.028566131202204,67.82998716621424,42.57792417371194,1,65.56235732592971,58.24836436445229,0.0398293013089617,69.0592690758033,4.470293775981977,4,0,97.51895631290179,0
72.80309979036659,77.12600123573593,92.16307406637749,79,10.631124936743078,131.83489560207414,0.6748378434184819,1.0488480980057553,41.82349148512617,10,39,72.40883759501375,1
48.50038304896826,54.650501994114045,49.82201612725975,8,128.24487951334248,78.18712271832663,0.029714639536619042,191.436129410528,8.614575579440407,2,1,99.7363226115327,0
44.18042818159696,37.97886403710677,37.02650453169418,4,53.85960404333352,52.37164139898499,0.032321023807596216,110.65304838280298,4.117720492026587,0,0,98.23495967754094,0
99.28164653384783,98.53974977206474,83.54757390085534,139,23.14139407777182,373.3641679198488,0.3872510087059768,22.00150024897063,44.83281578339635,10,14,32.23738824167819,1
8.96690591181475,11.292116812692669,20.630472854909257,3,160.88112135519776,38.31064735863552,0.024137379613514667,88.32714887084451,9.541341387233103,0,0,98.94712864277425,0
83.20418520825052,98.30184861635671,96.80899556924984,99,22.046143718271672,343.5666394883427,0.5075489187113531,11.990845350277853,21.156544441615384,87,47,2.8155205273672657,1
69.31491310076603,98.6260930522873,91.83104945583352,63,6.973705894754516,265.4636097622157,0.2937922719608157,11.443951095546005,32.32265322630611,73,37,58.52352691999477,1
94.95145574640398,75.83802547571308,87.62646531654889,199,12.500730640891604,296.05028457759533,0.43775572269017154,17.930139392501005,21.165506889340634,92,19,73.62222426046351,1
6.744314077350696,66.85995954701384,11.567820329305441,7,196.5455677861831,54.457918045860794,0.03788104788505473,44.68827402598217,3.469711640759318,3,1,96.65732492699551,0
7.648995511556173,66.99462831325054,51.28033000185074,1,182.93655387968082,76.93037657381619,0.024183747198602903,178.46653584333916,0.7129619979402935,4,0,96.85966581123914,0
71.93248173337366,85.49130183799674,94.28502748168239,187,20.707303268365674,379.9274393192773,0.3072756576085696,12.097833234847975,28.682840659854566,21,24,34.462951040041204,1
21.10552233092809,34.710500453645736,29.600371244540078,5,135.85390653819084,63.55602648403332,0.04604388700673373,98.90720973900989,5.4486370917602125,1,0,98.55754733295466,0
55.97420498382359,59.1192058820749,40.02871683532873,5,193.13589462742317,25.90688020913891,0.0330558080144626,135.56233448254045,1.6280285131298533,4,0,97.89416925220692,0
42.86458850133579,47.56333673239565,15.129327049815016,6,75.371597484778,59.94261818932569,0.024878522932786813,61.768437551988846,5.5994494752905934,0,0,96.22149814841455,0
34.06864362759282,47.217513593547984,56.12271940078085,0,156.6095972486975,61.81169069152702,0.014120998199933094,87.95792233761364,1.9435676470701835,3,0,96.0624221933524,0
37.82995011153342,65.85056272482063,10.666858064797982,5,99.35118746393391,9.713405476484956,0.007918225781566313,69.99153447063762,2.1017125189413877,2,0,96.83036343509373,0
14.209153520967982,53.43454711239469,23.777586581164563,1,105.29118386552085,41.58046677219843,0.023577100288754028,152.70148840029083,3.5311199814113206,1,0,96.93867299438583,0
11.048467021608577,38.92863797829005,21.541425490623205,5,173.44896759753584,40.87457702211098,0.03706608237337758,53.046356456997756,5.533683569371942,3,0,95.66447267283918,0
28.138355650135082,14.037651011582303,40.1309691371279,7,155.61006162926924,43.586343897951345,0.04853748603338823,103.6857942783525,3.790556121942724,3,1,99.6933029392452,0
48.497986488583045,54.00901699537927,40.38912047775942,9,105.03257953140914,66.22047732467645,0.007686512086613179,60.93851541896014,6.055177659195426,2,1,97.96615147731531,0
38.01332886594468,63.92982718610083,17.355646434791776,1,79.98430046731278,77.61477595515592,0.024450072982308425,130.1695850305046,7.852534957036569,4,1,96.36774237359872,0
16.020439545654053,41.80385276246763,51.14578303391446,9,86.38300654634078,48.41924286002117,0.04836466972376649,116.24131219365856,6.654478237785516,1,0,96.93450646560477,0
31.372936042821266,39.303166886062684,27.171414634002925,1,98.90480687903545,66.09306011047732,0.005878383726522435,127.68890595756798,4.072681909974515,4,0,99.50332854377038,0
28.89592313100223,17.922260737474772,59.678994752087426,6,144.01505138911887,25.537912931651313,0.02209933978795142,85.35461179157932,7.265115813386273,0,1,95.10005861363531,0
25.661537458531715,51.75238147746006,41.44522321175495,4,129.66133629256785,39.30288618675415,0.03795499530141999,181.9447044192474,6.1938226284684825,2,0,97.54066506634928,0
90.91107502264168,79.152248705605,89.5229450884711,30,12.099090783642893,107.78067491240903,0.18402784186323773,15.42173867580794,97.26979657101222,56,47,79.26113962772095,1
52.42407183079372,54.922167985303126,30.464790588818758,7,153.4321575372863,8.556283454658761,0.02469956471925829,91.08555556447875,0.8290016912988651,2,0,99.95239444773755,0
36.58208187227669,30.4880177815418,30.83913609177745,1,57.49427867096997,54.09938213636893,0.014418954900311304,64.89707619354311,3.6544624699845607,4,1,99.96445699696477,0
37.49253229896813,32.39741278890946,55.20537662441677,3,169.9687231576646,51.909146548996446,0.04551435800922096,153.41061477803652,2.127649213682936,4,0,99.26111598031093,0
41.09308519809889,19.866684212871593,34.76372226260868,2,189.0774408959489,65.87385820875201,0.012796737928980857,114.79668987381984,3.0568775625603015,1,1,96.45373603557228,0
26.47597533984695,29.141145171475145,31.12395894139124,3,93.04017601890556,47.18700828186369,0.018778777115737277,60.57196414543826,3.9873338511264977,3,0,99.66590721173756,0
83.19585060356164,71.3087668374156,86.55664608204937,73,6.3064270791243615,408.4790493157558,0.2814878971162845,11.47902532251731,91.22553711145314,88,17,87.16747167596886,1
63.082475808591965,95.44550751531725,81.4772012807366,132,1.4845565766435551,440.697506928373,0.5229325548787702,11.843826426319742,38.68780213450282,84,18,12.342045507116815,1
56.40702824413474,30.009711127407556,34.956955160876674,4,76.4833858123873,71.29495185326246,0.0024368065367539604,66.31790364442855,3.3204588040194363,1,1,95.42221073007474,0
90.72940506943007,86.08369554769362,90.70370747851456,76,17.3132732244696,141.6521768034311,0.5479951231132569,26.473261119675687,82.44552903019942,49,30,30.999543422236354,1
44.233595909209804,25.824128564543813,56.208489540063916,5,189.62879879365033,58.55899910961086,0.009406083653842752,144.73128203229444,0.4969817681226496,3,1,95.71513208135866,0
42.953287480937625,44.00514126498692,33.052767354650186,3,111.49368811391216,64.20919834425683,0.04206634108000854,143.4542865506833,3.971880902800591,3,1,95.71789725775368,0
48.58781390357776,35.37294411714854,6.295112719647618,8,110.61044789730273,26.90369525814223,0.04934623316244571,183.40785555171365,7.442184465949651,2,0,95.91767795324277,0
64.31210370669889,75.04117060940811,85.18777027971491,159,28.987311934683138,134.08127152571836,0.16917582935279812,2.491573720236369,11.622918968377808,41,49,59.012914100196625,1
34.811932967064635,64.8177573167934,43.629154899474884,6,91.97103422738171,58.41960543538212,0.030566124614164976,180.81377320461525,0.7065713657705541,2,0,95.69355845948385,0
76.82179579749493,76.18159441430402,99.6274673270942,28,18.084699376056463,433.8897978180112,0.6743971614784446,17.62148765912308,68.8481724531761,95,49,47.42741142028799,1
38.55400339297016,69.53095396373783,36.08238372787073,5,105.77701241705509,7.6308749998393495,0.022153966863595876,52.78359991450067,7.454939192266464,3,1,96.49870306263018,0
94.80026615489749,85.14282356179872,94.52619932548592,178,6.768491211076876,472.47297541213027,0.3113499842839054,28.08364740504274,72.39242064154337,45,27,59.2069270859505,1
19.51114087164204,21.862595552365402,55.23363826757055,9,172.54396013367878,16.59818094066956,0.03468892366304288,185.907878667135,5.655846289310604,0,0,99.40087430230936,0
76.80176424156872,71.64289860309292,99.05188369756942,164,1.753339837772038,371.298533936238,0.237299210241817,28.12138141771894,38.678988243683065,63,15,46.768025218728766,1
8.111533212060742,53.34712976919803,20.239019089602888,3,72.90703008616231,35.692536630697255,0.035498810772932425,188.20858627009497,8.438401030459707,2,1,99.96764173274624,0
49.00415149100001,16.180257585364473,15.359408829295269,4,169.78745929414367,62.12199773828714,0.04879576380554129,112.72421360374204,7.278813419615291,3,1,96.0697533061866,0
64.27015400930483,95.84742404926936,99.44262182202343,142,25.45851842755458,311.45103219011537,0.48630964832517204,28.737491883834853,87.61208664420123,79,25,33.66389980556274,1
47.98871932791813,67.6326247007942,26.139089313699476,2,139.91824722583894,39.92917513606816,0.016524736277587642,124.18988351751666,0.39522673733723535,3,1,97.47318005878056,0
11.043276630848164,67.87538354379157,35.19835928911976,2,79.85781723925494,15.944376850852105,0.027909118409595687,47.92464639805024,0.545705435612398,3,0,96.23209574529535,0
84.46549533319485,77.9015962571133,85.01607434214337,138,12.702961392561678,434.54467728226194,0.6416514663246631,3.245464011003827,97.99034618779785,81,21,36.81928188559647,1
60.58109985645376,75.33896691889562,83.4908833593602,110,10.039294199119452,299.3840930033358,0.5612940200432737,8.436354521399059,92.91921746028983,37,37,28.364819641541487,1
42.61520670842594,42.083819448691656,41.27186766163817,2,122.39810478927654,70.22532770629735,0.031550498252661686,40.13232996373064,8.896940912084444,1,0,99.62588660385588,0
6.48293833560292,25.582309045438503,39.445148522128825,6,152.3693100402008,65.99628793185988,0.04313758663784339,130.3024031022594,3.766344060139751,1,1,97.72514064299199,0
66.67852007679686,99.55352395890027,91.44061867745694,136,4.220132390080243,328.36335836484784,0.19217700803443355,2.2076738668255724,95.19103781220404,34,17,86.01201075947115,1
26.164238916171783,30.447879804049414,42.8144579474007,8,64.36611333683003,11.627183838832137,0.014765687366104575,198.8802875180053,9.027605630834385,0,0,96.92499160021327,0
83.12796996280986,75.72766710093404,86.86244548794201,41,28.623712362611975,244.6586702011551,0.23689584986407142,29.17445123622782,63.68353765012241,46,9,55.63530337664105,1
8.534457761645488,57.062980668530976,12.935349986235329,6,51.37531622947628,42.73455768963691,0.005642965164935305,159.78431414131748,1.6476851871363618,0,1,99.71495657355766,0
42.8937403658731,65.59279391160621,13.062663870284775,2,185.90815615290708,70.10129027899904,0.003983834200530234,111.09828268535644,3.436032111249693,0,0,95.59811863867942,0
35.84793130026817,30.694613602669406,55.899575610978715,0,142.89462064858225,55.944525853654035,0.02113163514435512,188.28160465750852,7.068123351439553,1,0,98.33480452062275,0
8.819612189478718,68.68002425950755,45.44849816862144,4,173.23244746374874,16.78827828457338,0.03648494915202085,89.59668191752846,5.160462346766881,4,0,97.7451482997276,0
26.913751938145552,32.36505615612499,20.779587905778737,5,159.8037523354222,17.98802036890399,0.043058212032507565,59.14941179340719,9.870602042278328,1,1,95.72712089111327,0
58.566130168921354,46.28241859138983,38.68722230292159,1,109.29937044909212,37.53723180415492,0.03357971829976973,70.9190937916695,1.8842501243911547,2,1,98.48146587555783,0
13.009709488352001,18.110960478080308,27.878403357278327,9,156.764471541256,6.978715828291457,0.027214226352846035,58.28658233767641,9.979678358359934,2,0,95.5670618603145,0
42.76081256045028,41.20917354232611,8.688143406966034,1,74.60858793023026,45.93978666990406,0.0134469541100825,175.19405346104733,3.9467633292812243,4,0,97.57860165444731,0
71.07213788822779,76.64348356128365,90.55692666135215,52,20.586633859927318,418.106709917144,0.24111604278912757,13.815656902163322,74.53112751793307,62,29,54.53012629709532,1
33.639128196190185,10.518202682776664,5.411593563778936,9,89.56091579084881,74.84162798816037,0.007400602055615624,66.91429702077772,5.3620320404686295,3,1,99.0593225515769,0
62.61832776045311,70.7777753586026,82.05865479273507,149,24.037186532375223,190.88774792613688,0.43745731264579,23.548683333165336,10.251513397199808,43,30,31.93251419762423,1
59.98985381273378,38.18945573893642,26.026887722757888,2,86.84819915493512,31.762248326293644,0.045426133598602626,91.77439587300945,1.5055465350098607,4,0,96.77814086203485,0
62.12344061469165,79.5124441926167,89.40399940288391,119,28.676355799898992,155.67440504718746,0.6100524264446493,23.920707816877293,99.0818110403824,19,6,41.83791761573636,1
73.90183273448187,81.99149639696397,89.44552574222632,45,2.176925229069921,80.17190123574974,0.5929569885889053,9.835929426834296,45.24123019733953,34,17,80.2254318018391,1
35.11658958490264,27.86290206123733,41.559827521669554,4,125.29607392685384,7.530868855262923,0.04504577138451027,160.952176012631,7.1790899723952695,4,0,97.40945965956713,0
47.23470895608181,36.117861915362106,20.645649060594106,4,54.70689228934926,66.83077036022283,0.03704351828285604,162.0496403712933,4.4637295348147195,2,1,95.76698266657907,0
59.178720367716316,68.2057274176494,43.6475304568502,0,167.87238110866193,56.81386558330291,0.04778837016197729,91.31031105579387,3.862517309968881,3,0,99.57442427827438,0
41.33271640476934,39.58898983762201,23.070956900484124,3,92.29728081932869,74.711816238511,0.032099234319496954,122.51964050261306,6.076515724329221,2,0,97.25933058839627,0
61.07133783545692,94.69665380932176,83.8548257409041,105,28.36969909974572,130.2679637363664,0.43078426005124,10.24137311164285,55.793605484324246,86,21,4.428293245833697,1
54.76206720354789,51.714236430414644,28.118374004101597,7,80.27503508429126,28.73873882800222,0.04162906061199173,89.90603087399187,2.7910266179236154,3,1,99.24477857792341,0
33.961784290089724,48.094376998106455,17.685442335728347,2,181.75437807579394,7.363395289180258,0.031932160533404495,108.70824385312554,8.49232715015093,3,0,99.21263820437181,0
16.92730194100568,20.11980860921389,26.176534479418912,5,85.55038373533384,31.503365254426047,0.0028036006546921124,65.3023860461822,7.723466161262036,0,0,98.09613945481198,0
94.37025680264605,93.38929310808459,97.76633390992805,54,13.23622050411327,433.5691134142106,0.2202240867547316,19.693860952666686,81.11008699652156,89,18,52.12126651855112,1
99.66836505627501,73.31657187543055,81.85531460180033,73,12.96298160824925,142.52596529534054,0.7584984184927382,24.7636939050183,38.04810301649822,80,19,31.06844659403195,1
21.12677982571042,41.16285857344408,6.0841421631143175,1,67.87723418657035,45.92140566494941,0.038188714445969885,183.10480444376051,3.501123018561798,0,1,99.01483872723762,0
48.09800664867764,24.075273565013845,56.93304989256238,9,124.9760793831427,58.56237756897269,0.033432300485386875,194.33512894897302,6.443053308267559,3,0,98.02021989245034,0
95.82435805368408,82.43493915088321,93.14748819453743,41,29.17349518940241,103.63312485302153,0.22500420248179726,21.474251656646683,94.75549146469447,17,25,5.340020369146701,1
50.00888178701357,55.437242019120006,22.342190971152213,6,110.22961033409308,35.81248046804541,0.0011349569870156063,54.06336121202294,2.0579867028949317,3,0,96.23595778871926,0
63.79246351002329,96.54288249814235,96.68847807110802,56,5.100482274036021,468.3744501827855,0.702703923081275,5.97590865100114,56.64251420078314,13,43,38.094667506113886,1
45.66843431739957,27.070808584396836,27.69101234998696,7,186.03572681504724,66.64772221822446,0.009147766569928467,133.81725817357898,3.1175546905019647,1,0,98.28898181636922,0
53.843277868807554,38.480069005953844,26.938909019128456,0,59.662741341800945,70.07356550234313,0.019798985948329535,109.56927731191756,2.19952705250133,4,1,98.426823703043,0
10.409168030750834,14.576602208590177,38.7690771030788,0,69.61889191363463,20.216836264245373,0.019936354432195647,73.88788908915195,2.029345001363568,0,0,95.30151418100372,0
15.114953323971816,35.431461164531626,36.689092771040464,0,176.6638598594527,2.29044448340841,0.0022451005401513016,140.2066086870758,2.231700609024927,4,0,99.56690774338387,0
87.5528559326448,86.81147000868528,91.64259417535902,20,9.282805118788147,431.6871442405966,0.4878649788031861,15.141059022764539,67.49182872407368,76,47,41.28444517979711,1
38.79473405038967,33.630011439323994,39.0631051935826,0,64.50788786323787,30.14600296511264,0.0006149062937014227,169.99959194783472,3.0264799614394686,4,1,97.71136442991839,0
93.68776707516756,81.734594540773,98.87351053232156,126,24.561508697566342,169.50354430420188,0.6524939814667271,6.458919115942234,91.2402455187772,59,48,45.77130437269795,1
90.9313474906738,74.34978306651335,96.87753630209625,104,12.428624197768912,243.27854904826012,0.3438239736496166,2.0582151729944815,74.65530943296999,93,14,41.27745574973792,1
13.802253588516214,46.68752259914541,51.480976718160754,8,107.03862130415976,25.583989754835194,0.0025068155872051525,63.57610140069737,7.55946476310751,3,0,96.36426062848743,0
9.147578510239093,11.881257376389321,36.92416932823882,1,95.7720482405374,51.97467864213476,0.04366722226518537,46.63531715829444,6.548367052864297,3,0,95.31979796883415,0
37.057176147714806,55.746657368437546,21.481868017195602,9,145.43623031668218,61.622159651660034,0.013670657905773959,103.1819060142125,6.5999270104017285,3,1,95.61325438678904,0
51.121851748700315,42.17966983390688,42.11084881184938,4,198.81542326610213,55.87240436551419,0.010719747299366306,197.34834701759118,3.7029771822961566,4,1,97.03276638339219,0
30.923556007782032,35.753958610034076,14.586329801160733,7,60.683672650717455,4.751369955255912,0.004758863941938085,57.969001180935,0.29308662123125995,2,0,99.80046558965749,0
33.634666900368025,61.281405542366585,6.620798646967231,7,110.95672432316681,40.17372415908704,6.119012469243402e-05,56.03033097999145,5.534852714637402,2,0,96.8669331805918,0
42.51118237077585,54.512317975690635,15.810490173209907,7,66.97052436912341,64.90098872801013,0.02620670774776962,47.983921505528464,1.9046941070892043,0,0,99.81428925473718,0
40.31151900347646,13.289806497562504,42.39962737158353,5,71.9508629106461,13.905199397360846,0.024894419122367634,48.0627450158825,4.3326883054976495,2,0,96.4686914963793,0
21.75871945458361,29.51241674428988,19.34283689833939,5,160.51787909807624,10.263141002297349,0.03649072387146053,82.54815554645504,2.8217894038497993,2,1,99.8103654306194,0
28.206743747684335,63.482743548656146,27.219613343799477,2,80.60226518829808,38.460470329985675,0.006376167265089933,56.06687975681215,2.110818524207423,2,1,97.79329492579544,0
32.74135745577373,17.498526048106854,11.444406830670665,3,115.12955451917254,48.59382131599564,0.04940243197515931,153.26924702891986,3.486517691022404,0,0,96.50536252452787,0
95.62292104893544,77.68799332161365,96.42454092615488,68,8.498208766306888,230.35887347862388,0.7564637813608053,7.162588424139563,36.177001251436444,49,42,77.72214136072753,1
89.72322770458287,87.89878023335979,98.29271231959967,121,20.355793312994386,357.6841205490519,0.07139531772430364,27.507758020973622,52.65828207029705,70,35,73.76302232557134,1
27.539393994217903,13.73686510669652,5.333365445594549,0,101.97208400549563,65.67283421054125,0.005836873538214788,142.44649046601734,2.442090890129963,0,1,95.54026570838032,0
13.09396689286466,40.02903269020153,23.475779079474936,0,134.6654097661233,73.89012904729395,0.008426376300048678,139.83544620291406,6.011900320485603,2,0,97.99713918473556,0
97.17069677005037,80.42078132294289,93.3952958361486,99,18.64029103482324,494.3441912123954,0.3812400914846105,24.36466194846746,14.597442391417749,88,48,52.80538306581695,1
63.83655738614368,80.63790178292318,98.50456255868977,183,22.588266141665244,82.8350923358421,0.7706805465547542,28.958150311172513,11.718710116004873,16,38,37.42432295859547,1
11.071691425175242,47.897512049115875,25.23163005843318,6,114.85524703040369,58.32339816269525,0.018294036710848317,146.52631821012304,6.377959029256361,2,0,96.77161350080456,0
60.20286130819627,98.5126517367889,81.65906947917885,99,2.1426346621078514,295.8978810094027,0.24936196637574948,15.043535223272613,94.55550862278949,54,42,70.94222757243267,1
74.32696818437564,71.97199914401837,86.78205939575072,90,10.41198814876437,222.01353478204408,0.6654200443531838,7.0568473499535695,33.21054433336267,86,11,84.17028088455697,1
80.43595043558405,78.86901367868239,87.14603144064351,150,20.875667221990984,189.46422814596554,0.15873943862041645,23.63686859904106,15.522585380014556,82,17,28.413113897078336,1
19.550911171869558,37.67580076204024,43.229526542358386,3,109.88385696282288,2.0270665070855465,0.027097325648761963,87.12876948649145,0.13323099754382728,0,0,99.10593960319498,0
59.72243495060473,20.33541659863623,53.731102630601214,4,149.59897368599133,48.83530591004659,0.04800390823624849,60.09584425751601,9.599803066755287,1,1,96.96553168303016,0
44.120458212793395,62.7494146663919,47.930582974242185,0,123.04423972597951,22.024178883026032,0.021902634320771303,60.14706347141942,8.483941852605604,4,1,96.65322356657504,0
19.84742595584176,60.2841411273172,11.731134433548736,0,160.8559155844194,71.11588981190651,0.04633731286691232,183.57337784317355,6.581578058332759,0,0,99.84480511561709,0
42.6873591029039,43.22487101882174,47.20487287823657,6,193.39066200664354,55.35727456802888,0.023774177207415776,65.2727112428349,2.8175256425770057,0,1,98.66880067748839,0
41.33529930791974,50.79524666428867,19.2374257007587,8,160.00743633766956,49.755485520213895,0.04995917746382941,58.19091329527655,5.900920466074821,3,1,97.55100290427464,0
9.834709831053583,46.61813244225454,49.9057870944389,7,172.1115837526164,52.666160633509016,0.0027669538457502753,195.3130567002252,2.2162194888492714,3,1,98.39199416289874,0
82.38936170445463,86.04467227363686,89.71486963654212,158,18.268770494273305,311.776712176764,0.5883160540243224,25.95412636351732,26.54995862532907,17,33,73.7564085167013,1
59.04443839833584,47.478342607187535,53.431147624570244,7,141.79504155379462,24.954955724658568,0.008776404720737074,78.80557140865612,7.305573028903377,0,0,97.18840713434584,0
26.561365240244758,28.553015790859348,14.701477893176287,4,140.45183871912047,33.818099091872945,0.027321714556787308,152.1215146048391,0.9366146696366606,2,1,97.21656646722249,0
10.376569803839836,15.39780844892768,5.679673524956925,6,169.38990208017415,9.192901160552593,0.0011662681773036477,136.14919888731947,7.585268881033058,0,0,95.13020670574534,0
36.534168587443226,11.72036445182872,53.56465727298405,7,111.24682236640177,27.924563670735925,0.020263100281143084,146.97945828425534,1.0768135898014097,0,1,96.34011468099291,0
66.04489701690778,91.93536900230501,86.50275974077896,115,9.011429462980344,176.71530372457167,0.7815597438861932,13.744676230896971,53.08042646028745,90,27,51.109246015363276,1
60.0585520789137,98.08897363872939,80.08372389324113,187,24.809937341628494,80.21710927205879,0.5544264118823432,26.899373092704256,62.133906193166176,26,25,9.656440809816457,1
86.28682047572852,99.51461874826353,87.71199932862999,70,23.104817894886033,190.0191913630966,0.32769408021962215,10.309933560908515,97.54603659056272,99,9,37.087807689152825,1
37.318455140780806,13.754380352273763,43.856580472098855,1,57.047093198946264,13.359670140806232,0.0015356032229120742,85.73157042548874,9.776193029592363,3,0,97.13496566540329,0
52.78041049475549,21.768656115942434,46.4829141522668,4,121.26488847139733,21.575996797525637,0.00421295724403934,47.31387075275453,6.885347005356231,4,0,97.65050030277362,0
53.3561724174325,47.81560678615576,25.040131555536437,7,196.66980372542147,77.13542652726728,0.03632900580931049,127.9235973761243,2.0276527769870825,4,1,95.6060337542747,0
41.63264389429024,29.21387734950165,43.17170502265244,4,189.68562827679642,17.170391699691088,0.023762819359324817,117.49445667003684,1.0482216264502509,1,1,98.70879764481128,0
24.74851376608218,45.11798884825255,6.591698733691121,4,81.85406079497942,70.74642694725736,0.01969636493335826,150.1417601583383,4.538200224320406,1,0,96.45634691614259,0
14.507552613954559,35.96844807280999,55.25129496714239,7,86.31673145600911,53.79709624482779,0.031305537516050155,186.77674007916534,4.956370975495808,3,1,98.47959155725854,0
64.79334151729856,72.4535508656005,80.25581258121528,129,22.36776292576087,477.66899331986053,0.5223345500892848,12.999013723255826,62.126759953118864,42,49,26.67356836003134,1
64.36028350350203,87.03502347626491,91.21098289254475,147,1.7839770639309798,125.08186549182325,0.5821168667388259,19.654977950664254,90.41567577839412,37,19,40.84299510308304,1
21.454479829580528,24.164325314393956,43.92513422169206,3,191.78394424967527,28.96423178186211,0.02988393999036426,139.42578003181,6.03457697027293,0,1,96.15847371182916,0
85.75273527118674,92.53192348646468,86.54071002804814,115,15.02080663244356,402.0174206047921,0.661236329949498,26.38597082723298,35.31863184076278,61,35,57.749240921765725,1
68.08397880313824,80.92675551496988,83.02510212212175,94,8.967545416528669,485.3092223445178,0.23930655979192073,25.217530912345815,10.896005303323125,58,5,80.39566747712709,1
35.80838776820208,33.029951389969646,51.50795071212762,6,68.30926723430066,25.600019615501676,0.024224628822585855,152.08408715874606,5.365948524088763,2,0,98.92426534808997,0
57.35845662447375,33.4020783578666,34.75935552712377,5,94.13550860063374,47.74480462660439,0.020725541193405018,82.24914153168115,2.6815479498884107,1,1,99.2075503786792,0
25.99155056404249,66.5562119114735,28.84899359285743,2,188.71781762224046,40.72831370944746,0.04389982004624027,54.37266206709577,8.58892187468972,3,1,95.60911333041008,0
55.37501618093201,64.47745270877003,11.314041728764035,2,52.06856345868252,56.67906827262058,0.030007442345548387,44.65186683630673,1.7355865852600205,3,1,95.69101228467599,0
40.433512791946576,34.530052938177946,16.527181287166798,6,182.7654359435916,66.86079465933032,0.03436017763919189,118.53615469543614,1.3407440024026829,4,1,95.41723857248371,0
12.243689285322274,17.49513070279097,51.49282942924637,5,92.62276897298,10.33405183669336,0.028153489142422855,194.96845458236018,4.758358599457208,0,0,96.16338783594533,0
73.02756195551764,99.39974794201197,95.45058210210688,130,4.516618598711289,482.1247997314299,0.35328905157393015,17.258936910466904,88.72532062097599,12,41,27.86995867330781,1
36.14268524644436,55.37890899649063,11.590765678935437,6,121.64256224907952,38.88640259406197,0.019702021311667407,136.0074035168809,5.847310724781743,4,1,99.4383838826299,0
22.37661646953462,12.965910413367121,32.96107501320109,3,114.18264247234801,46.639139288328195,0.04624923962844827,57.12857183320027,9.257074175634296,0,0,99.10616314100648,0
70.79395687529397,71.18088813703599,85.00583199010208,100,26.520832549246713,404.90071593644177,0.6427337904190161,28.83460213415431,35.98290687096046,27,24,14.837558605258497,1
6.849783018789573,47.94707989351701,6.154931391186686,0,105.9569472440312,7.353932982645752,0.021128374190255414,179.7054386420764,9.853574390301151,4,0,95.07438625374454,0
9.530342231049088,42.22604661036302,44.87056077531492,1,159.9708378952041,64.25294209471767,0.04742871919179164,190.90915395956364,7.38220581297386,4,1,99.28144333891782,0
27.618876517997727,27.187275418036815,40.39389242625039,6,177.5542579231072,42.24801353733456,0.04480417223849496,195.99136560554967,3.0998034487768633,0,1,97.50571670379274,0
18.47889342454887,11.260555253653404,8.863864503547404,8,97.17121249457175,7.250413416402184,0.03318079705124058,197.79753963059045,2.3230313312234694,1,0,96.62945114486809,0
36.02286863946487,21.056405208956036,52.016045696186076,3,144.19762218768096,40.92922321538562,0.04264881540463378,128.30399797883595,0.7240749606390562,1,1,95.37417374005092,0
5.562713177449917,63.84459813119528,34.558781132469804,3,100.45242509987298,65.68688261940626,0.011876682550611268,162.3394859458696,0.29492746005935877,4,1,96.29738677001136,0
69.59777214114372,88.2409824274576,97.97471881285408,166,27.878661395672665,398.71462078773834,0.4422298764411651,11.599719417271816,81.4892457380643,16,13,69.02696956329515,1
73.31985048255036,87.94541665605745,96.57728660706533,59,22.838853378073004,149.4578010282628,0.751362650217715,11.686498160618696,10.616858475502694,62,23,40.62282145854145,1
21.574374592508512,46.665852199551544,47.148961623785,3,102.10491356911145,67.70540899730192,0.03443926723656187,133.75533766964077,5.338319123966519,1,1,95.35873635301692,0
54.771537005961015,54.55480447263689,24.80163163365711,3,173.75772525143768,11.196999459553576,0.04791109786968831,53.58415353649619,4.289215293015199,2,1,97.33056328590676,0
16.532451204974613,28.040857450850872,58.179619951304105,4,69.46102042164432,77.06920213667036,0.027837464568143913,125.39727638148067,2.5673089547218666,1,1,95.41887477678723,0
58.01873952987061,12.373912635221826,44.7228525877769,0,105.3082857602694,45.333105211704265,0.011525901983994308,151.20971582505456,1.0707485081445378,1,0,98.8936381035551,0
17.253817190279776,20.84572591308616,37.02761427943961,7,185.30490387914722,24.897676973009208,0.03716304767293609,135.53102024846547,4.426327818318001,1,0,95.7006843229964,0
51.47893382380731,46.28847658240944,24.523864927155355,8,197.90643205029343,48.18268467857183,0.031865131787104296,79.91274476292921,5.101309105323477,0,1,97.76123449971504,0
55.55727898502992,14.86192158151306,23.183925532518,3,129.88338452806462,56.740396311383215,0.04922663024985204,44.756706217787325,8.394787872696416,3,0,98.56331123445476,0
43.03844515935008,46.11568336766664,51.770838403029025,6,136.03352112609744,52.01770757834558,0.03471579542759417,112.19318588857683,3.118491686276923,3,1,96.08209996101247,0
75.33937122322746,93.63697717124138,98.25275321537194,87,13.314518371350358,423.6879243152198,0.23121354323334414,21.37950445818463,50.268202512900196,51,8,28.15877425432795,1
24.428397608822053,69.85596077833465,55.003764565239585,3,80.9599085890958,25.894394111434973,0.011192913978389202,128.86322063985992,0.4249300608383544,4,0,97.56577738534021,0
17.008170737532105,42.17128119340393,38.15924006072147,1,156.04266465937485,48.36415338801264,0.036896305098271444,83.91158972513716,9.271669789612462,2,0,95.09049889028034,0
59.148118847431384,33.33067916258305,28.278782489227915,6,168.92143213987077,79.70808304018857,0.007150569223143161,63.76814748380538,7.33842060278984,4,1,98.00581387709677,0
28.349371880186823,26.504291650624445,37.27371880306487,6,177.79546119482256,37.676328477185976,0.04459361299709042,154.73697628508265,4.773209799180782,0,1,95.5048827473758,0
11.030400365629227,35.07641055684111,25.76690275445758,8,158.2301712559469,64.31089016675958,0.012097663273423626,73.54950285448878,8.498713105258496,3,1,99.54470551123266,0
57.39120261748581,28.48745067034028,53.85873931418019,8,133.41622996949673,8.430756596333103,0.017300413217416277,49.865474217225355,3.9303757486923905,1,0,96.81699133927779,0
69.822488414586,72.62801022639525,86.18705082627345,80,8.146038506828113,419.9715889797735,0.49494161160012623,21.667061491587997,40.73832746140158,72,47,5.63861673490616,1
6.6652568702342885,40.7586856580241,23.193055276950226,2,139.2188138711311,61.818036794039934,0.0071141322487878415,183.83741211098925,8.336335661748368,2,1,95.84398564043484,0
81.11377540476268,99.96560565191692,99.34442652646877,196,20.192581602397084,397.06436755465216,0.41155305900839917,14.386138122434085,51.571898631414776,45,9,15.016155798094237,1
29.081243704007548,10.154702410905909,37.26835024791182,8,103.97667550098916,28.157801711117674,0.03152819507804101,149.49559907860086,2.023387444012845,3,1,97.88685540369418,0
49.28485059033561,33.628708903859376,44.03734775293981,9,164.78046905949208,19.7535790124304,0.027443111991368948,49.58565584922255,7.0174633044261645,3,0,97.75410457213802,0
82.03467207322262,79.55332174001491,92.0456861092915,92,3.9576364768886085,320.20471801923503,0.39456070318509573,5.5315143454902085,94.21608203975774,64,28,15.10241515034124,1
50.70666733910606,44.004903789341284,46.978766742821676,2,123.91062360162611,79.04719731064625,0.030250236531283437,136.57857078440958,0.663567446562594,3,0,95.93267663017541,0
16.287485646286093,41.35183960637672,27.31792262934305,8,183.80202077307163,26.04274199437665,0.021424117105023673,199.64470894350666,8.425983351618434,4,0,99.44533145201999,0
95.96561244291021,84.98285875529035,91.12800390329454,41,6.542040796189987,389.3610295286152,0.05775178668385085,17.672097498698886,73.42840023409428,92,49,45.37796138133491,1
29.459740081531255,66.06678371185157,28.51629609149935,9,85.82403965669846,61.353909004742064,0.04103055932477542,44.37630206937705,9.32412970196229,0,0,95.4483252278319,0
18.14220028607626,34.503439655889636,56.39050749980632,7,108.3630942029043,56.46690000199292,0.03131467258219989,75.74722477809885,0.9972619396260318,3,1,96.54640991529068,0
46.53413277786493,26.107527521235344,28.664288352002202,5,161.0515074729241,40.65450570090195,0.03276443699753432,127.82861097993907,8.421214925264625,1,0,99.39658225476757,0
34.27989977864688,54.20353906013274,54.13453839689992,5,85.24299791536706,42.66249305428084,0.008270209238441817,131.87383854694218,9.371925618807516,3,1,99.06795090577752,0
54.010636737641896,52.4127784982908,36.07192803269411,5,102.32209462710566,60.15472349362014,0.029079103655804406,138.69343624886943,8.456022760272848,4,1,97.60386416127906,0
44.03632123808838,37.97948287447653,57.2795586047442,0,61.306432481387134,20.096679744886714,0.04138497218434416,76.68234176322846,2.5166489174995466,2,1,99.75036136755546,0
98.19368631346799,79.58362116632955,85.50236384027441,159,4.0939746170813365,235.51911677263791,0.5991473733810118,29.062166311362766,56.90348778548667,89,29,25.283840196052907,1
24.439025950380824,22.619342545626758,34.11682785310879,8,125.26242670050607,50.89513305928719,0.00875832981971939,46.33080200176135,4.501867711777074,1,0,98.619911403858,0
29.039859744529405,11.187676613357052,53.52343453210266,8,135.42948306663328,13.01183628932366,0.022125553944414306,109.46936973968619,8.037079211863489,1,0,98.28309418651834,0
67.63946748577531,84.18375766692756,82.1683721109173,24,27.625097001816957,348.3323284920079,0.34226862034241756,28.01850875743316,19.04418535498541,76,36,2.626939710109334,1
9.972272595074454,48.831511790206804,33.61101241905847,5,112.71716114647384,44.37529344387366,0.03353403553046143,45.60710255378705,1.1260059052598337,2,0,96.86526661078796,0
45.26181730231135,20.21569843169821,50.840122275877484,9,84.85554279429194,16.688836195790167,0.0398255557779304,127.98572091758945,0.5874694992306451,0,1,97.70385879916564,0
48.28804932875948,34.44186895870504,49.27246933512889,1,167.81316083412622,12.737420804396221,0.010843791871509079,139.1733637365116,2.1102056505049207,0,0,99.99778117764735,0
8.876646174821339,25.382151709169104,32.485637086298965,5,186.4430215141253,59.80000138621365,0.037659748097978396,64.71034206596514,9.378440996913769,3,1,96.09315885315702,0
24.157035805190844,61.74177135143653,51.671993725317705,1,167.9693666859385,75.23087899889916,0.00206627872125828,199.90348335953726,5.004126752926076,4,1,97.81770399924507,0
44.72536138620453,60.01874467369825,48.95128673183851,1,149.774367218433,57.16177013997055,0.02264747968304305,102.73583393004186,8.661592687945609,0,0,98.43908601237882,0
25.505261945605085,46.279171896746874,13.98477443238851,1,140.60633160799262,9.675755104229982,0.04308749400396589,120.96835764394069,8.566976696866185,0,1,99.26286303628224,0
30.402953339515243,15.922356067499098,42.38942174958032,9,197.26214156495,57.81720319623854,0.027782018527862724,166.16482952208563,3.951423118815619,4,0,97.2683117188573,0
58.27862307933476,61.70067356082052,9.123347561312851,0,121.00256363045067,74.96217108540814,0.038357845460475555,100.09480579435046,3.141003816026852,0,0,99.31404873147352,0
66.64802358147199,85.60178491943972,81.10339353934502,189,3.993089809428561,446.7564144189955,0.356079107468491,7.715189199462977,67.29950701998047,96,22,60.351117794667466,1
28.777323859794908,64.66543015039753,19.423354998227147,1,72.47059201835498,66.52038648822518,0.009708931790788751,104.2506696403145,2.4355531551202847,4,0,96.2806911071711,0
99.797123578752,88.59725977267104,92.00688599097465,71,7.545106808270707,120.72678486419679,0.5446691954095818,21.010507596387693,81.25332903394725,89,37,42.027862112901545,1
53.51982267267041,28.770043081441926,45.841353250940855,4,154.15458786329634,51.99818970780272,0.02267940222571667,161.83407732864305,3.604642906392501,4,0,97.68036604608372,0
76.80839604109401,97.75243074968637,82.88620078125656,182,9.355885155700143,219.78790883498306,0.6737471593175238,19.861896588988834,29.564063323876592,12,7,83.61704345442655,1
84.03252951790407,71.93473842991575,86.46467568342395,82,4.090105044181925,149.00835619168117,0.65818933847217,4.326620162981116,84.9900975298204,66,17,76.68355031364456,1
93.01785831832413,99.71109954403238,82.64996108357255,45,20.888694098826537,146.74273490654102,0.4544789624286116,26.13809311073211,40.27037556814706,32,26,44.835290788449825,1
56.91812539044829,43.532290329813186,21.170099905458617,9,137.53083300307213,10.623767488164267,0.002143087413586514,101.58689178496377,6.472368745871254,4,0,98.28579024870616,0
13.47492717963831,32.058561184274694,19.714588872022496,5,162.93244402747507,5.447323516338945,0.04710843080952058,113.63878013168731,0.41062761910343304,3,1,97.78228175410158,0
68.78957305169824,99.68145193755277,92.81594619665574,161,15.469586642845403,315.89319775901515,0.2273236806216264,13.160971139382102,81.76400173303993,79,6,68.1852632911849,1
15.868292838141452,15.412104050146588,16.628418866451128,3,181.18220585058702,73.96701058769631,0.012730214956006082,64.0524311443496,6.284637950384364,3,1,95.24047865278604,0
70.66682030993488,98.06913305111047,91.9699128798871,168,6.733014937362253,241.06601933125322,0.7069091432110675,24.142716928279736,36.68249663786517,52,32,19.30869434652323,1
31.86424114889911,37.180504464671806,41.08621940199283,2,157.22914120766467,36.60190229763454,0.04040388922270472,124.20325178724792,6.796820349420461,4,0,99.77829158142085,0
92.75242570320277,92.12288992412908,96.42835971504962,192,20.180796223512758,279.1922620756377,0.7620228796501463,10.706782811934572,82.14541928700909,85,23,89.12417521947508,1
49.72892759041363,22.660060046577048,9.730248704345804,2,127.13935384599255,37.60770092904448,0.0024577201212402366,51.17324683341888,8.023366616098276,4,1,95.5859274878303,0
89.99407889800591,79.1273351268498,91.56517947365148,59,29.097452058249633,324.0075884688773,0.43505825171521834,6.034338018189907,46.06123829369449,41,45,55.38131485085586,1
27.20398385135745,23.89429054593588,32.40994909561508,0,156.80853131660825,34.64909523208373,0.010271589679332827,53.50020730707872,6.392349315265047,3,1,97.25301688372147,0
32.768263393683135,35.81576254854792,36.41885006133181,1,133.5944442153596,5.940360824299904,0.006997071922217036,109.17629471065723,5.195310499275089,1,1,96.21197569869325,0
67.19202652151658,75.67282895446357,96.47926199310608,67,3.67151626215825,195.4604860074366,0.22316472878473292,25.67596717768087,30.786719903123466,46,46,10.446015419209198,1
98.43344333271169,73.85961248839146,89.24205815268033,22,6.287876227690067,173.0499203205211,0.4410493335300774,1.1865475290631617,60.57425771220632,69,14,13.228850566578808,1
25.16597439761803,43.77139742762662,25.164739392199017,7,176.32649599127507,19.5582151059097,0.01818020222100854,82.91430357425904,4.016833019159756,3,1,99.95253277801339,0
59.97077211619511,17.118157972899482,52.247496685043295,2,116.70493965583233,52.41474319679455,0.0011240325678843587,66.59983804481534,3.5854226413034507,1,1,96.91072672876818,0
31.4433056162658,23.827528486824846,37.626405961273356,5,87.73789401784695,4.878933748314132,0.002460085230414577,80.0112619264221,9.695991762804152,1,0,96.18720765232737,0
20.55100864810393,21.300246374344454,39.51026554786311,1,161.61595058187268,1.2940510223304678,0.02094192328489608,163.13322642940534,1.3065455059551956,0,1,98.88624622239655,0
51.697780456325745,15.257532655477899,48.82629346772516,9,134.95817161480244,49.70084741136466,0.04285207557778528,171.23615417631183,9.096026783046966,2,0,96.44547152207365,0
35.2772090729913,20.30820014616228,14.56387710894037,9,55.23700694384274,67.47833699888,0.01030604538863627,145.29038550473214,2.3537388406427464,2,1,98.72700411675154,0
93.63252704655173,89.90586271508296,90.52173989049702,184,13.937563611814609,352.58449789651814,0.4921844644005911,10.399650118479794,46.93542020467637,72,27,26.181680175066873,1
73.54634727043697,85.46889090708328,82.87782135146644,116,10.288006978757968,475.7287757560662,0.3703961958611053,14.542497014832149,27.06141662028767,79,9,4.471477588683625,1
42.10275793042539,26.00648195779491,26.625365629749016,5,109.56968678861497,15.07224208997711,0.04798932928179187,41.32841122866522,9.39060856602723,4,1,95.99063797641544,0
12.364369125713019,44.43029867267833,38.72035755165495,5,107.74817451874641,67.11761903091048,0.03904048499139994,159.89297383248683,6.829411710122571,2,0,95.88293114617946,0
68.86736510197198,96.68842378346284,83.85191409912908,156,20.762239739162347,183.6365955576768,0.2836542306409977,23.553702495359097,79.55888889821567,66,21,68.11489806199046,1
66.52567618912208,81.12409162347207,92.72917260105154,152,4.40441595314161,133.50173013490843,0.703812338673246,6.944542954350027,31.265824747850658,32,18,44.24192846863358,1
87.33659831870787,83.40410775165802,86.70823888049739,173,29.277896593590842,120.58546687761785,0.36027442915495955,14.107229496406548,63.23676536312521,95,30,29.626494648072594,1
56.879352452916265,13.579300907990671,30.470703333240454,5,147.39704570025577,18.71354086009722,0.03632160133644956,113.94945110777412,0.8671430688428805,1,1,98.11955957066675,0
21.987669394426597,17.664638413281455,49.67282987330714,9,168.74834446844102,56.826347231330246,0.010491879161383055,150.52557556864406,0.3320386317359658,4,1,95.97759654273686,0
98.35858146656801,96.53417422524825,82.77286143906483,106,20.327506598970995,331.7849699771282,0.2179460048743928,16.260123990855337,36.45079030836925,49,46,11.814903846597804,1
51.58401170665614,42.17129659281389,12.926078655407192,8,72.78944350275731,64.29829923787548,0.009802916265336787,147.49490045018229,3.7960572725750206,0,1,98.00487131467099,0
21.56847497669893,53.85371760419787,54.665688496175285,1,124.03743129378667,30.875699611008546,0.024344956263134904,168.36582217739004,4.30421949173502,3,0,95.76893980085198,0
25.551770265696316,54.93482599735644,27.497822695936563,0,104.60486718371595,59.18156206633777,0.039015470530145,119.02866955462693,1.7989846054422143,4,0,95.379399640962,0
9.643022783793842,69.22962225227405,24.01189542647475,1,161.7699547272532,51.490396924789785,0.01260674320964237,127.2254576265169,5.600768850671868,0,1,95.92003407723072,0
13.156851758726496,20.804672152178796,47.86959748746982,5,168.62501784279607,24.05116315038949,0.013342915946164203,198.01119520357153,9.82522942632106,1,1,96.14965592475673,0
79.53079839675041,76.21783771091397,92.02043609639898,187,26.591786500930866,99.84525239371311,0.5150056714262952,18.971869947350935,68.52269986695336,55,31,37.50458536408143,1
44.943863272416834,21.519968232912596,55.391991255339605,4,67.35895877750892,22.294900535775923,0.005201836702214813,46.76182567055476,2.692132061933931,3,1,98.37034006112923,0
94.51868996428756,94.36598454983348,80.90045687398272,165,22.59146199603878,259.20794955379006,0.645499425309122,13.949458778325221,36.707204326396685,84,18,20.938360152559515,1
94.58293400737271,77.73998029133229,92.51642383381233,182,18.64114343715584,381.09335067547147,0.6740798811551232,27.77297759704766,10.202564716990334,35,19,69.14570231906981,1
51.15387177661775,61.02977266164255,48.98308681929102,6,127.71398359796231,68.44005439987453,0.02220902293082931,116.40268574315967,8.149633521441496,2,1,99.58723601695522,0
71.56707266283202,94.5699240200704,88.92982051000337,195,2.577837638020605,164.01827098138975,0.7747025454392531,16.18918181375306,65.28219104282422,80,42,42.197772025806884,1
78.69795662895474,95.37420049244452,93.88436131894713,189,8.925169257362512,406.23368494783324,0.4874944514517407,18.083885115094414,68.8599466523533,62,5,57.34025838496589,1
44.16072855782739,36.8472628990603,10.612338896754379,3,133.7180799289304,75.67077988486368,0.04584609148062353,166.75170260772933,8.793432493398292,3,1,96.6780024003293,0
28.13726262915895,16.21583344982928,59.13631474663558,3,81.80071531465174,11.57496381157796,0.032075840929708714,82.62625567275656,8.07926417765062,0,1,95.69317813967908,0
47.035337876534136,41.873637247993905,20.744990482795288,1,184.52899052972452,35.63452791300292,0.046041714368164066,67.8612450051452,1.4600272795289904,2,0,97.27049158178242,0
60.204017280368085,99.65793697336684,97.67242807382884,70,24.07206381458727,335.3054942900101,0.34275666286432754,3.6642092145406986,53.37945121490968,40,9,37.354776611217595,1
20.825580131105973,28.516757243972325,6.544605535321096,6,52.96041015390213,60.314971039404476,0.014848406174872864,169.62781833157408,2.577330881162545,1,0,97.91526267104784,0
87.49482609560525,82.65890761224328,95.59503720596935,68,20.759839896836876,113.15818333429266,0.7224332544213304,3.180888587902122,71.7812161326046,35,49,80.60391310630708,1
91.4416258621305,70.71445767110765,94.17604898099559,127,12.812119337553176,89.26890750192001,0.38143896675276995,8.57709320805577,69.0809889130117,46,32,60.82354778443011,1
48.83924765026073,39.00230887781767,33.07800362923227,5,148.66558297931402,72.09491125193598,0.008428573300397825,78.11727941427564,4.110993087597572,4,0,99.32435291681797,0
22.12017331415071,48.66921886901181,32.99052398817875,6,155.93088381909433,21.922274982224017,0.01287385282800257,153.47634792360248,9.615139138056994,0,1,98.87502171877821,0
18.541936999691305,65.47874857134718,19.0843161187215,4,154.2971442223214,26.80371515846261,0.024058252304054124,83.48181962238016,6.133581995559392,4,1,98.35249760609993,0
48.78746164821589,49.37818524108103,13.600828549207948,7,172.92299682830463,70.59008292028763,0.03816196181334569,55.320808836496894,6.5666555847340575,2,1,95.05209279031449,0
42.670527908034174,32.06529762626109,10.129364403779645,9,109.89872966255155,30.558577630914012,0.00012145329041086673,106.86123933822711,8.362433333496357,4,0,96.21428045074352,0
30.28019024734926,64.85446786898872,25.538215919875316,9,182.152926777908,25.957080258036477,0.00394352514137547,96.36381253585283,3.6089866416543703,2,1,98.11028291160905,0
41.481757522852064,23.132736529384754,23.747648076120875,1,122.38423155026817,26.872281855239855,0.033499002389054205,149.24215498217322,5.3322561009762985,1,0,95.03470163359285,0
37.21001412841172,58.713043093994784,37.30818656781133,4,60.27238186896996,13.766374802181252,0.03641616721370549,120.39610650358695,6.172017847843479,1,0,95.2587054236668,0
5.09937594426324,69.44166785206454,14.725377385300835,2,192.88427470696604,17.23227207116905,0.03236993892423506,48.533626988381386,2.513943441404951,1,1,98.33910913492136,0
9.560174125774214,58.3425150440023,56.62565803593712,7,102.89966324014594,36.76646156888121,0.047556450285676594,186.30732109879906,6.327363139730231,1,1,95.90212381028824,0
9.962151484640135,59.28237678767553,58.63471305867898,8,146.81512738922234,72.60172740144658,0.04667543166130991,66.76661727447899,2.725761233750905,1,1,97.70683554944482,0
15.72178996446385,12.962394641249,57.544034586259414,2,124.4830814424764,40.526491497311696,0.03992134488409299,182.31398544509733,5.563069293873552,1,1,98.8228937755361,0
30.60365739808354,59.73506932233322,56.24789445123984,8,120.1740025511122,3.0807771726555417,0.014701496265421332,76.31033216917078,9.824229900501987,0,1,96.35179122522811,0
9.214069487039009,32.06240799559052,48.73600050507691,4,90.33213496823666,13.543651779191238,0.014155164877445026,98.010947655973,6.322104601625512,1,1,98.14566514207341,0
45.254359848328995,53.49099015669581,52.10915131209918,5,163.80693208831877,1.564983658642324,0.04579903083589407,107.74536944940783,4.353105080802887,3,0,99.33617842357344,0
15.385295475724146,15.706166471951136,51.609034955871714,8,99.48234816418591,29.880430598858084,0.006270893264932448,96.42890741860904,3.721593987224816,1,0,98.27470681540034,0
69.91015930349971,79.79592466252736,93.69680659542817,164,13.274131062251163,444.80020639182715,0.4576692828207551,7.5378762381993,43.18284971943422,94,34,63.70708940439613,1
22.499921276159988,53.601235666863154,22.967648208956746,8,167.053693139223,73.58725165398472,0.025051998217855437,191.43061087517265,1.8947301423015406,3,1,96.07637031864294,0
33.149002330116645,27.24887118057046,20.343963980801824,8,176.20044396767932,12.338776147669659,0.039265849738723595,41.155828112698515,7.598248179063728,0,1,97.35655985835623,0
23.678498804886864,43.7532512251525,28.569264638437218,0,168.38820267219592,57.2086758926983,0.008709365283432486,95.8535470767039,4.4215922765453985,1,1,99.45059653748031,0
84.62331001461443,70.28177926724253,92.73385627118161,138,10.075012757393926,471.66906169814604,0.7361923984269941,21.829212998253524,92.4788990431002,29,32,52.757681073678924,1
30.75334565765781,33.33393853138809,37.43185330904852,1,160.13568257520166,5.728343657579872,0.023370774894791942,128.06032726314433,2.4113302807543944,3,1,99.41459673775545,0
24.166673935989714,69.6358246600814,17.745480074217618,2,56.604289754522206,40.65658496977606,0.04975592859086885,56.85890580740805,5.0122397495464375,0,1,97.67326481303623,0
5.177067223782452,62.97596349187015,53.43160401428379,9,143.92692662399156,67.26696425160767,0.0013850324299608642,104.41875428784272,9.563460765077892,1,0,97.37950474843532,0
37.72690100306594,27.822806048521578,15.00371039371707,1,191.50644036245635,10.325384843753291,0.041487910082348395,88.57018561947851,3.0229055156754514,4,0,95.05885717996927,0
95.00257605131183,75.92863488906649,87.53292077636112,103,8.83292670616244,248.94407642027952,0.10746370888026764,29.513061398700824,60.536060260546236,35,26,47.55042702397762,1
56.82518643563724,40.62630339011589,15.951964620407459,0,143.87817078717163,29.405222251935136,0.04570295038741113,126.86219023947002,4.3460225961165015,0,0,95.9474682529021,0
95.43210365553945,71.19678146045916,91.71585915547409,36,6.239138211465556,221.14948361697589,0.08787822947229533,18.743716254930696,27.3151362745521,38,16,59.77793560071665,1
77.74507139375504,81.06506717395312,80.8662441864513,179,2.341527641406399,226.24319867363812,0.6468214763856299,28.061531348029572,13.989909337901732,42,16,50.58365668066041,1
36.917245705481704,44.59215879589073,30.609913673064504,0,135.8261702941483,31.431946735085184,0.017356666872038174,146.97416294673474,9.201029748606715,4,1,97.01165533818735,0
19.975793282220522,13.058053012045656,34.47699029289899,4,179.79904304794113,38.43058165510854,0.037322734826315526,65.37828288217918,5.397193946732473,1,1,95.27098319441383,0
82.22131798474618,86.32052380699561,97.22671393052326,32,10.665195977159437,102.80552447054882,0.6682687305006785,9.933229662639711,28.558384218828078,68,27,13.369876124870705,1
7.836813560856648,64.0368433695197,48.022298785834835,0,101.57019822254183,74.35683300868668,0.04333014994718815,43.6821111938133,0.38621913736097246,0,0,95.92748622074231,0
34.76384407929525,21.8456208481562,27.628136188353313,5,142.03252072456422,79.90539000534146,0.024388285656840578,177.71303819251753,9.038989930705757,4,1,96.97776216499551,0
6.702411085402258,60.36400550127888,25.707673177815035,8,186.38966922382954,5.529546926634297,0.030751580205271523,191.1196570493092,6.551431521662413,2,0,98.30322689041012,0
6.9587271595472195,68.28001525115533,57.520434980847,3,187.96863090418694,24.918373402246566,0.010627096394894203,164.66603529601883,7.010697133513092,4,0,99.37217790473562,0
43.30993995719561,69.36970042992411,33.39448693311236,4,189.59318264285946,68.00186634385122,0.03756786201582565,44.60120771065821,1.0236889649349779,1,1,98.05405694865667,0
92.06376135105286,75.5821449271184,81.36873433848699,30,10.072865402568906,158.75927775577298,0.672607476865317,23.724637305522364,80.87503108807192,37,20,44.67154357460566,1
67.22373399536147,99.31332189990415,95.71945193236911,91,11.801604408046822,95.89030588147234,0.40910505967804606,21.494744581242507,18.45966396355084,36,9,52.75085067117823,1
50.01867417985454,29.36024129876095,31.23798590071287,2,159.5393142353783,51.250318878765775,0.046964497463996016,90.50376124024112,6.62148159579184,0,1,95.94851350382935,0
28.717212255021167,51.502296453344044,52.329813029760395,8,119.26857306591103,69.04405017321267,0.03154464121914877,146.94750030068693,0.5270894318035035,4,1,97.59125162705338,0
90.27722958585036,90.24857498898095,82.8393693088725,115,15.984295156620625,111.7497959024852,0.760986299624701,27.17368676321325,31.65656788827807,23,32,52.03344639468788,1
59.77719253664639,44.38732784985041,5.716161896503234,6,104.76834096096496,49.43301148373605,0.03223937375516072,127.86246550609994,9.1992534681341,4,0,99.30673381469838,0
61.806385307912244,97.13800971259157,90.97443843509467,162,28.210992257406883,494.66693170013605,0.4980862691305778,10.389663497511318,63.189274627896374,89,9,16.216373441344267,1
57.44579671673832,59.054552637159865,40.890039768948874,2,162.36292077721873,59.66819508094816,0.03984935593831092,58.63756743844405,4.319574061821286,2,0,98.56208172151875,0
16.206832158555745,56.177500224748435,22.11848644107539,9,119.1233586505733,6.096385183862708,0.012266716786991656,95.14847665006484,2.739629417863585,0,1,96.56109063812798,0
84.04533298983654,99.16667688123096,80.58751896496304,199,15.728741314477952,128.51638846017488,0.4834084988078314,5.450368913463424,21.417159284923784,19,6,8.617383726676412,1
47.71597142987621,54.88294661323451,51.84160454800605,8,160.523442371096,37.2955812596802,0.02571205069611825,107.48662626165356,3.223900263028685,0,0,99.49496790640819,0
95.63438671637296,90.55213100057765,87.49832127971341,187,9.331356777767327,302.0704429054647,0.23663368143563623,9.957763473299439,64.65831345634335,59,5,6.902557469365542,1
25.893188391514403,52.53584011122834,9.76520913968342,2,76.8404073182945,24.786006122747835,0.04320635229001623,180.04793364163206,0.02340939886983473,1,0,96.69692816486867,0
64.75927808108075,84.39789545959879,93.30143577706879,53,17.613403354411734,453.4778231227674,0.6541460365324051,23.823625323245178,20.571881717167408,88,38,6.326085202848622,1
18.75793237640301,18.602591554612232,46.72231919731698,1,192.04492398239293,2.4133674418133744,0.014351928746111482,70.17024910969053,0.7589884851530326,3,0,98.99297668911319,0
63.215094058341684,94.99053229667572,92.54929590584625,195,10.631372643345982,127.16576612776504,0.7986797419751019,18.181428774313055,76.3876517937332,43,13,6.22651279517909,1
67.83060032814745,87.98900691080058,81.25096814844855,86,4.994051225545041,460.90810903831465,0.4038748663021182,10.273612018044194,93.41738737723979,61,28,27.042603143794267,1
22.838827820388403,23.360888496846304,29.128966183729705,2,87.08452378814943,75.8367493722787,0.04951124172888987,49.02065145075312,7.166201643195237,3,1,95.83080917897685,0
59.42708237270321,35.781090698438724,59.07883737823084,8,196.20006651990192,22.931558831587303,0.03165268144001397,126.53779643947996,1.2949596999854063,2,0,95.9266137375111,0
39.99070252936661,34.9886723841707,29.810108651259377,8,81.29464358661686,49.083513475680306,0.04144143004092888,168.77193912725843,3.461026198230144,0,0,98.01770465694916,0
92.60859866087182,75.8513844150739,93.294654866028,102,8.001222434057997,347.7811078941742,0.20934164149698814,15.460925033564013,75.19399980550665,84,14,8.08574214324154,1
78.51133419738919,91.88995426746982,98.79977259033146,164,11.611407973253977,487.35767332693587,0.3486429421559314,12.741335217313559,33.23816385940222,97,25,2.0074591030988365,1
78.87275774206663,80.70625717033802,96.48225279430903,28,20.353687097647505,466.6332667546514,0.7926771868133449,28.812040455631116,81.6927377759137,84,41,40.06784971716244,1
67.01870660411831,87.61493945619503,88.44453828759974,71,23.590978590190648,114.90955767272145,0.07395176029369575,22.621664664398853,40.04105721394981,16,27,16.03322815031634,1
57.12401215222979,40.731468709302746,39.11247005343796,8,183.8473576672322,59.404787974804776,0.01545794130385239,169.44821872380913,7.990946063745294,2,0,97.32153048950316,0
56.347350084986516,37.66710664912105,18.219689257948744,1,194.2879706093826,60.41052402876919,0.021023203876401803,153.87859672483634,2.5436116719362123,4,1,98.12690368012272,0
11.354100954434177,27.42686424741095,57.09604457209419,6,123.95991457364495,34.71505934129879,0.04971543451448304,130.80060414373327,2.7912032512746334,4,1,98.08569188804877,0
78.37169688951036,89.91180000873155,95.85514249734513,49,16.65947850900669,133.11204422097532,0.18549295926602138,12.062222269176603,66.49136031429072,12,47,60.45502177367888,1
17.381340785988648,68.99048774778868,37.179786451025116,2,125.05032562075326,49.917628682212204,0.017167746788376088,147.710641571471,2.304473815969769,4,1,98.79788522958589,0
32.55129929680015,23.27101515256422,7.336316373831838,9,109.88158598366192,57.726204578103555,0.0288969911437896,125.1553072865132,0.7709007432211046,1,0,99.39744237713357,0
44.360081179350516,16.862458093425204,29.455060409449878,4,56.92748348866244,23.331101462018193,0.012369433745794328,42.38833840837822,5.560426825417046,4,0,95.91447392255027,0
52.49513397409499,52.19985148585351,34.539607130798615,6,99.23656914247776,28.5600052630659,0.0013431839543642467,67.74202297854924,5.0680342393549225,4,0,98.68917675922992,0
21.66378106074264,35.79306440783947,46.70905907766723,9,86.1738140553964,64.77359096381554,0.006510784199280384,173.33743586194657,8.338457625726127,4,1,98.49302238282817,0
33.57430971509234,58.175636502353214,52.61953947032685,1,93.64067137993842,47.19679605088554,0.014522182411132373,129.1710120380656,7.214807737599606,0,1,96.04528280174526,0
97.72544412914064,82.72062108426829,85.01274500191705,56,7.9789083831463525,448.29960007475586,0.17161708319692998,21.66618083802264,52.1906436948326,69,37,88.27266938990596,1
98.35153809625115,82.4050230948839,85.92117619877594,116,16.089873316381873,455.06883258122815,0.41333604367479854,7.485672363382885,78.20083103370354,44,13,0.9340928127424752,1
90.71116065175539,79.10057565158121,91.9876272319091,59,22.81617559897044,331.3908680935373,0.48545608803505325,9.073639538769015,46.30559554566996,93,28,54.60288294294687,1
32.497957172749665,50.665123060795544,25.69435345969065,6,121.06185554709526,5.996237265512625,0.031044664562918507,178.54524232740576,7.355138551098463,3,0,99.39930303068124,0
46.18545036743781,43.008155560794386,13.430003390267709,3,114.30950671230272,45.49661592924516,0.03856182608254446,125.83994561843392,8.419454290861252,0,0,98.22035310671411,0
46.262980853736536,62.76377450396642,7.381450842345873,5,143.12053177202193,45.56879550552837,0.017763186346415834,164.57545349104666,8.682595161745276,0,0,96.82400474259863,0
9.6765761781711,24.048711814335668,39.388592009134506,6,110.96764497788003,51.93251671993257,0.019674943599051947,143.8895808463295,2.3474988840660407,1,1,99.7583903215668,0
5.904130830619094,10.419478005090909,7.609668108926873,6,95.2012591120356,70.1015437883727,0.021125366060483604,153.68838577994524,5.2230427125164365,1,0,97.07199907442059,0
50.955415804742785,44.796044869421046,21.508071697915454,7,56.16388092039888,21.92576989047141,0.038921245493001466,190.0758465710811,2.0363714147132397,1,0,97.84516048689171,0
24.710762085301823,12.204090303836212,48.71514409649944,1,153.37927525336914,47.18023405843539,0.0369825723608803,124.11360881124995,9.00628181128305,0,1,98.91869149755318,0
32.925904122627294,12.402480675862002,25.942315825913955,4,169.03731742281718,59.62278833550457,0.012901352281878909,80.24029140907089,5.53235906979474,0,1,98.80239523397555,0
49.513765612309285,64.48577469204614,34.75409483917669,6,151.5600153708907,34.804769472966555,0.004984008161186032,68.18935215566391,0.15365061827940174,2,0,97.0924879810419,0
70.85006866700915,88.9804576975215,87.08880734247153,109,21.746119770237318,348.58882082216735,0.15085475530268228,2.0535768265502474,35.79682565984385,11,15,46.14188551554214,1
44.37389594159807,58.781324135804866,32.29828606031951,0,108.70031703703734,62.29717384645121,0.022393159100968358,158.69922863314764,0.9282029886844823,4,1,97.6531835647997,0
50.327000553092766,44.35193663345444,34.18622330869196,5,147.6911145378126,45.62903039289489,0.010972124281462083,191.1278946289255,7.613070407652106,1,0,96.30021306404275,0
48.00157448744072,15.24003438464919,58.408144253550525,5,76.30043057276615,27.654022772616383,0.03012213664916033,97.07814196179186,9.792729239814076,3,0,99.5733491294811,0
89.09913501063488,96.15456680713856,97.9231611294633,87,1.8123270604993331,248.12644824028177,0.39711193234674774,2.067397965096637,66.41290950579935,78,26,49.705963105045534,1
20.463759842468345,11.411649420525913,25.727598761304808,5,148.58566348182114,78.11671422844613,0.01808603927831159,91.44867537648369,6.838354743254729,2,0,97.58240888312149,0
25.030264677620377,44.01173671893965,58.976341349730774,2,105.02146424296134,30.742212659588958,0.019206671576181795,197.02172024734384,9.409425412168185,3,0,99.47125705482125,0
11.165885375423384,12.07578210486834,14.438053791546436,5,110.02393837363721,4.0884312191258605,0.019253995459822155,106.58623571008981,5.405446391073369,2,1,95.00518697924979,0
34.65470096902483,46.24614356137072,36.1025404112149,9,138.2239290689583,27.878109670268554,0.008987129589352206,88.93326184589671,7.958736376718496,0,0,96.94162150654385,0
11.597486872905957,53.36368685378216,16.330082402575968,1,91.89000959085445,22.315244696624106,0.03298200368032949,59.74398578827385,6.077475852383553,3,0,98.81091014697407,0
66.83103935712695,76.51968203806587,95.26105075855418,198,19.63219844087313,474.47846048080316,0.3343040740202598,19.71256121320094,46.49855388442921,19,11,66.84380090701958,1
14.685330772077698,25.772215638112016,49.25217057621973,2,101.09747373501449,39.486750358851424,0.01876605371099513,162.48928477624162,5.644803249694437,1,0,99.29641345326195,0
68.56497178731385,83.59443040491703,91.38700035544359,157,2.8211013464475663,117.92875834413644,0.08153781518209845,9.862230184191798,72.9120698534833,56,34,59.40348033275586,1
23.86885427683848,68.75309131037659,26.971704971593713,0,130.48521834571488,19.313051374562935,0.038598223092399415,187.93378679922662,5.05959557910777,3,0,98.22868909414753,0
15.950615987605074,66.52315156302791,31.18828463618249,0,102.4239772216516,50.87571745351929,0.004007960528419863,188.21472531801118,2.6175834070194925,2,1,96.14951866759449,0
61.65419111085797,99.90861773459208,85.33283387387584,191,1.6080294309681757,228.85729452950372,0.6979518289323023,16.478264426324294,89.424523704791,35,48,77.5305705042924,1
39.0150675152909,62.16673475654298,55.15748281684428,5,96.94550192030954,29.29317432650839,0.005889875249493926,69.2039049784975,6.372612075578232,2,1,96.24458827236485,0
46.82727114501515,67.52031237673867,9.743419837896809,1,189.12232304110591,33.372084720762345,0.0016205557448063347,126.9084452812337,3.301123748715058,2,1,95.81088989660758,0
29.46613230799278,22.640554603484784,17.016485935562585,3,146.01090363903035,44.84815249327488,0.005658225030106323,117.52386816477022,2.16802038309409,1,0,95.24463369918988,0
30.193317725927507,48.13347250983166,10.23025857298521,2,57.414927126725686,7.484084481406686,0.048205679554733843,144.39471219774637,7.920846884299458,3,0,96.58652358527559,0
9.587770506230925,26.470917214901068,27.030741585389627,6,50.351470454522406,34.62490328185617,0.025633203073963814,99.14536125808459,3.65078458584702,4,0,96.33742432351882,0
88.44974397803611,71.82996157201717,96.87846781166581,172,25.940974342984227,334.87997123899453,0.7834390834146814,2.161545129810424,43.18729240217995,53,8,29.256765703449762,1
24.132493049850847,69.05001877264127,16.71671380045018,9,169.90856428782973,41.42235503654417,0.0234201400594681,115.37362838073082,0.6477698303859314,3,1,99.37108355091104,0
63.10828785226513,80.83514222134428,87.91006283084295,69,12.521174796768367,109.627908878174,0.35457594160905753,23.885724436440952,27.50984641858222,52,16,1.2781130554780684,1
45.9322526548311,45.763581529033054,19.634319626190027,6,95.74363491624945,9.862664832139544,0.0488235238875974,92.6923259290574,5.174717906950517,1,0,96.53729526395212,0
87.41631977897299,89.75802862694697,93.1435870399465,165,14.483626694786945,152.46223470200016,0.2304964894638628,5.521672808353085,39.14784714002239,79,34,78.58173530304407,1
12.772623413578803,54.050852382479384,58.24303701040537,2,69.10501942270348,69.24679707097707,0.01721158412183414,45.793136496558056,1.2658759490226146,2,1,96.86774655516955,0
36.638720763115856,69.13388905910782,45.50064652499756,7,177.6457008606626,21.486497199372817,0.03880594267254996,115.80699517757834,2.907214794550923,3,1,98.97703252724295,0
52.89263331808056,47.28738735287932,43.717207654011084,2,190.34630816755367,36.572783937195,0.023294194546100308,149.72245413841063,6.058662201861084,2,1,96.27280275658367,0
79.7880514664458,80.85275551268309,95.35520347295476,174,9.988276768964173,187.5123201283612,0.4836908977230542,6.014476099072906,44.591765471749284,30,5,0.625413986421901,1
67.49761279673619,93.31083362672074,91.32951629193442,56,25.936206937837238,271.7274682919659,0.4318790591936545,23.099157540075353,26.863586302630306,56,38,43.64620825635655,1
66.76865875032358,79.60134428641447,86.39771186014404,198,4.480946504463621,418.4026963916891,0.11540383729375088,23.85266088540763,83.65406238528129,11,6,2.5245233389998143,1
26.675388118023633,14.015999800656068,32.104059195788096,4,190.93180898431652,53.7123461681793,0.027592015062334992,77.12951904259327,8.421751222232812,3,0,96.896655543418,0
7.208262260564506,48.12423318789492,28.323183276681146,6,194.21144470892978,20.96404687247931,0.00928476274982803,150.86851181862042,0.07189631277904285,3,0,96.95762178302643,0
55.757673887693095,59.51815623755204,9.6875427074064,0,71.11883734505383,63.34195931434272,0.012590701128589166,61.04260147546681,0.9344716818385712,2,0,99.48810979043887,0
7.9249664645374285,57.16806630677333,44.754461498864906,1,173.8737589854897,44.4944445714968,0.027156208880751317,189.12026942174168,9.405944091345662,2,1,95.47602464218716,0
11.157879506234263,64.48621708551903,11.432549051653053,2,71.95978339565062,57.474698916622856,0.014824387005271762,184.86830369349335,4.886598183666809,2,1,98.68100455418295,0
22.680154094430698,45.087004121288956,43.417772063801614,5,177.97233181054926,57.42206662450309,0.012955942597714855,132.87076623970898,0.647387929136205,3,0,95.22469926082023,0
75.52749594446747,73.55163071224325,87.79061359903064,113,17.30152986142121,222.1792870127628,0.08274318833976961,14.464365101659972,76.60267482299386,77,30,40.20169027321428,1
10.666722365599297,23.651279753220837,57.99594317664943,3,165.08550656696997,26.428937816643895,0.019381156475853062,160.79139155620877,7.169539284323411,0,1,96.77426201888463,0
19.725551884188803,36.67585828760159,48.38862162671775,7,150.57577172707238,43.64278404412776,0.020424482071436035,139.79861711226448,4.816803248577937,3,1,98.24682011842867,0
21.672117656790494,62.5483315296814,33.08698431611468,0,72.98413882882348,42.18297009323328,0.012149526238083009,108.41466780634094,9.897021275218025,3,0,99.88561641186658,0
65.205052831357,81.85497912473892,92.95900279888994,134,14.742117867567046,374.49231080575777,0.43348903573232084,12.132880895064302,22.936667664146114,92,24,23.65612497764604,1
61.87448030666313,92.72140181174795,99.38440484136751,30,1.3058231550625083,301.3235872853122,0.6683888296106644,15.7246481420645,81.65435793811005,57,25,81.47985821620819,1
94.70032996088437,93.10656731680615,84.42471105943606,32,29.04077192619187,158.1574351000392,0.7913549362834403,9.22315221276682,72.72433936535207,72,42,74.02076172275476,1
27.42626932320192,39.260415188106975,17.605258616225846,4,106.96689675843963,76.20609767528249,0.02078168934633942,196.44366591589,4.262376197923866,2,1,99.84369159919869,0
49.63220284174763,61.217325149231804,11.480163885117072,1,60.714321697419166,34.322795384934295,0.007594642955324727,80.00188923078738,1.3631247464409701,0,0,95.68617902894525,0
35.295193092634875,50.13266066264878,52.67852331338554,8,108.64263820036365,75.67749320721828,0.035930415184582516,171.48174353535694,3.979263410723457,1,1,97.8656504386603,0
20.153838046698553,38.590728195368435,22.883125374464278,5,64.16750374197358,46.365550073950246,0.007061570171446619,176.40681404723296,0.5744065224784456,2,0,96.1604019390271,0
46.01287608718248,50.688224797500276,39.952733940953564,0,113.23379636008073,66.12035534178698,0.004818340716600611,99.73621721454863,8.084066021998458,0,0,97.89201546986298,0
72.83197786572893,75.94826288548154,80.29706950723418,116,1.4126763858742122,320.2831139445897,0.4792599486846419,14.47085270827143,84.17993216714561,39,26,75.9241261411145,1
67.22134397914641,90.55398764094312,82.09144962683347,145,8.286634957515368,109.66918668431822,0.7945394132079565,29.16485440859221,12.626491176642087,10,12,61.15851446740208,1
9.948659001981497,59.00770144426787,20.147122829680576,0,199.2695820751373,57.43773536993245,0.03665468788318237,189.96313047795752,6.04868198244122,3,0,99.65720291681427,0
87.28232477499367,82.04547379697777,94.84065260311881,29,10.138637601184213,406.02859844918896,0.5755534322957003,3.4232068743819153,93.8659709570907,71,14,83.87898987746318,1
25.764715812756897,28.744107102688787,53.09336867387037,3,86.59958341164077,13.839306098409585,0.019977309432703157,120.41828993101403,2.729030203544779,3,1,99.42786421739896,0
26.399065706556286,66.09350310583638,39.25852105211098,2,177.3063324836687,79.49739973154622,0.045638901220356756,170.2460750611956,8.191543596033853,2,0,95.38731115821356,0
80.96585886668159,74.21758814411183,86.9671537204022,66,28.143042912743358,217.32436335798351,0.2981492637497497,3.940456913257753,49.30162258341745,78,22,86.65715292989258,1
49.149049173837156,31.22556598170615,30.5962869819164,6,83.89192116400483,61.169684645037364,0.023569878133056416,173.34423011322758,1.2830318271431596,3,0,98.85113514026924,0
70.81024809946827,81.95340376868783,85.09460650456289,56,6.292167983045729,261.7366557214675,0.17303555891978856,11.062187679840378,26.153726211206497,15,40,2.6994815222671154,1
45.93338705108852,16.26459798345015,6.154875638604657,3,176.44688875919934,16.333837332567306,0.03663003822035305,188.82094012612532,9.82796171906555,2,1,98.01132970196915,0
75.28380862010573,83.47281615332712,85.63541308278072,83,22.737026068207324,83.41656221893031,0.3520373017044888,26.73728099440453,22.860417068592525,91,37,56.59189725225245,1
12.864139979596992,42.60902591783961,13.130224102852155,9,92.26865563031556,55.141440706820575,0.02948108751073877,188.9814092234278,2.573220929955794,1,0,98.70026256110233,0
23.34146293252562,29.33061844491556,13.418327431671198,0,152.81211647024244,4.935922449389056,0.00010256779920433945,90.90988409952712,0.012544381213402955,1,0,98.8453380961104,0
21.86364597710299,45.40978095766146,51.281767434088366,3,152.40966946653447,21.03908009627855,0.03339331199994053,108.18532837141105,6.522079455368901,1,1,98.5241093765983,0
6.0701594420408185,29.879859608444683,42.652860157516294,6,52.92915182243335,22.167704424950742,0.03621741379999676,139.44517121081333,3.2581563686033133,1,1,96.99486518660622,0
91.38726166363512,78.88197826385411,82.08773157704421,85,3.3684494518708594,287.5163622788465,0.1784518262632877,6.864181754018072,13.632649888808512,18,38,66.9353356409291,1
29.24674669687841,65.17953128870933,49.05962612909267,2,189.24005721463217,28.60597503563118,0.028146101376182193,178.82688298424472,7.900910775980464,4,0,95.47385658362715,0
38.91433341467613,36.569501012770644,16.271097070620506,4,113.94654346578963,31.60673837345972,0.015309801035276745,190.35192998075414,2.0623841686786095,4,1,95.33446153936295,0
35.34393581515283,39.24825066303902,54.34242537531571,1,193.6048999405059,64.4707519053723,0.005910837637781486,119.1889788102227,0.7968189220572064,4,0,96.93460367820336,0
37.06902810356097,41.32795700954587,41.53438328702134,7,63.97845392648833,54.19910376365768,0.03015833365691057,126.74457309949412,0.6242489410569341,1,0,96.15797658813761,0
70.8674774656386,97.96854255303995,97.31134282771279,119,13.348771838732809,222.903707743477,0.48244356562530993,25.426498791791534,91.43949325435767,23,44,62.897852307316896,1
58.20619825160955,61.19143834318223,55.45984464089766,3,175.91812485326574,1.7706800003949144,0.008889144407639105,52.827005716411186,1.2533148315652265,0,0,96.11150491493616,0
58.31498291236495,65.41952710297184,35.06982471467925,1,137.37344188285005,26.456971199003913,0.040745875441361046,104.80543758776655,2.434829409600787,3,0,96.49642410721778,0
54.033805555687884,27.088231639021014,26.381813970250896,9,188.3234195836523,76.5255125618588,0.00823029530760488,182.96250915892128,2.054562477109708,1,0,97.15357713702804,0
38.83442227125345,59.45864782994833,30.8109679556013,6,147.25679925334526,28.57361676907197,0.006912366361527145,57.68130104359203,6.665085661546225,3,1,96.23788103354816,0
21.85141294836349,67.16138008139357,35.95783553966702,3,112.76346256314012,59.867553665775134,0.023810297676246678,59.610567159826516,4.344062180242606,0,1,95.17076253939672,0
18.449693328341045,25.356851444275065,49.4281082496367,4,91.80695271115093,71.9349778872093,0.04950814424283753,80.64720926026551,8.704387851811447,1,1,95.84985453347807,0
43.871068330549164,53.125745118398285,27.206359342840543,8,142.86890111597455,8.488314049387744,0.029871868285497146,61.92400621033965,6.491389159469075,0,1,95.24055722999884,0
41.034163587131985,11.73473042120213,9.115709728171844,9,175.04884115400006,30.183561417976062,0.018818393924579124,89.35563694219537,0.3681308667200689,3,0,95.35727828396828,0
41.173400441052394,34.12402961742217,17.891422587768265,0,132.9657134314536,30.558587732260744,0.040388505097525784,108.01640306228755,0.1889897567257126,4,0,96.74229180823934,0
34.08912699332785,55.09607679926946,40.916234321405234,8,66.49586148443863,58.47355479938718,0.02078768773982903,139.87414106253198,7.968371350020101,1,1,95.65167838473155,0
41.65963188673851,42.782692443442976,44.89304049010962,0,138.70607118509187,41.26140763164902,0.002027979956528797,95.21488305683755,8.58698981492223,4,1,99.28453924400701,0
9.746991625043876,69.52904956254683,56.04810124581252,0,130.2520955705303,36.10311726559062,0.021552439239078337,176.30356344422043,2.1159955614160886,1,1,95.86010712557766,0
12.65281323817372,11.249059459372008,6.362209210354486,9,81.04840491759698,38.91988320445868,0.030738243303832083,100.91391681962338,1.227394323186758,0,0,97.65669020300197,0
11.587612604082285,19.763462276548687,30.665699002612044,2,79.16281292345845,72.51143393171193,0.0418452827191644,193.5632896933035,5.520616996949328,4,1,95.32791364327664,0
68.02209195826096,71.32218664606145,99.1230519396637,167,27.265924548759518,422.9382669343693,0.6638136348103271,13.900119656828734,92.46885461683472,81,27,72.73253069930304,1
69.99685655635355,87.4480478928735,84.37009908047823,50,2.1332474946811044,392.07885368544186,0.7900755468664051,23.844045191314738,64.90310409297538,64,20,64.43261711031597,1
23.288190348794803,35.06442144174279,26.133122384902364,2,196.33337334235796,13.015572261957612,0.0383379473498901,70.24107692486726,8.632578622465113,2,1,99.47104433974926,0
13.573624267324414,53.21653061353182,37.153069085172,3,196.49867962304018,74.9223543332207,0.003058129293495371,79.07045733745021,6.5500012775385485,4,1,97.32410036193907,0
9.753321202516611,11.309451300599786,9.271377804057053,5,157.87481719334886,5.319239577719781,0.0033759929185748663,119.58994633073472,3.120173792020371,1,1,96.7938866638294,0
26.27526308775983,48.728703345931756,53.90799115735894,1,193.57049390724782,36.722907164758716,0.03958197470871746,55.548319298409794,9.339702298742774,2,1,96.80598174954822,0
63.087068050159196,99.98082068757395,81.13125856813892,199,7.462414586995191,446.0187682418155,0.08836701836581153,11.968461065369539,17.154187129443017,36,9,0.6045889743476229,1
39.214335873503565,27.14437359724913,44.8797944346253,4,67.79297946914758,49.25595928619572,0.029834984735752235,77.60037861514874,6.602479041672278,0,0,98.98383989254376,0
58.364049317825476,67.62893402909864,27.083669989812407,2,138.05519952328592,49.85093822038003,0.02786591590364848,68.35313007889258,7.658785071419246,2,0,96.53915101724,0
38.41142353919464,30.23105865086223,56.50154024474791,6,129.97240999657714,32.89381920684996,0.020053946739146324,60.667837507172884,1.608646011609114,2,1,95.69138266621543,0
11.83989133686974,12.663566142086884,40.62387883173834,0,81.0188341922636,46.5105483105029,0.04589715770032275,121.84846300801635,5.919399084648994,1,0,95.67472556488266,0
45.55633140332704,39.30345101078037,10.942004058453833,8,164.98988852052392,41.02587445522222,0.006036510015282326,111.88591226709002,8.218516504240007,2,1,98.66104795683678,0
39.067716204874266,10.950369990871563,22.523592594180098,1,130.70993158142994,27.859643855044226,0.006762848816997624,186.80754790311207,8.600449095760911,2,0,97.247455887984,0
54.819549284850915,23.312062894133913,30.466052281861728,6,153.47881690232572,78.43733707731991,0.03517337378451153,134.49032611319515,5.97860798229015,0,1,97.70561377186328,0
9.31998091982489,24.302651788596645,20.7394043015216,9,50.381779855399856,57.49143915139185,0.03133159930189099,172.8566870696923,2.092934099475423,0,1,99.12284745488672,0
47.77153470560364,67.50912160562095,20.811576453318033,5,89.00491663081097,71.96099666347061,0.005032412124901459,51.1344680337769,4.491494894200487,0,0,95.31110842968427,0
31.276970866152034,30.930845554863748,16.424295593097604,5,169.26088212736002,42.06668865101803,0.024391425497031046,103.74901659050889,3.7765996191612192,4,1,99.82442923623084,0
21.29644888026327,22.7080522945144,26.270321530355513,1,124.62861956203137,41.66887704742925,0.0018755956714203272,163.51354009101388,6.070837828790774,3,0,98.5092805082485,0
77.85658079449453,74.30073780459522,94.85745703830914,185,2.3846322959811523,294.91295349442,0.5314807647162516,24.064184178189365,54.20752789820447,42,22,4.397567895532828,1
99.18970624039686,72.9008956188875,89.73309580507193,33,29.825612296113498,260.582091149798,0.41711078337143576,3.464468860155595,79.92459504514285,54,19,73.1879876603347,1
42.700911878268805,12.401769900745606,5.65771816355723,4,194.54179002659677,19.65399073488193,0.03221035105861463,56.21228990823681,1.9555126473390083,3,1,96.4917075389523,0
78.1166167937854,89.90828177166804,97.65818550323871,33,9.948837788162486,236.93736016373953,0.06052254836387923,22.320675274341998,48.19604528508514,19,30,48.18100741480757,1
20.36100367764579,57.36471547535055,53.286952588239174,1,195.31776601871059,59.50169050555075,0.005687467238424804,111.06792064292554,0.9837279067480831,2,1,95.38075798670198,0
22.33929490052009,37.65313198325434,39.91907126493934,9,121.96558345594227,60.51639333425665,0.014449653439092065,179.4050560782515,2.9928832653763324,3,1,96.4548864131347,0
37.02464594496405,40.660581468702105,43.85830586202995,0,93.07588748643826,69.87861449740808,0.03153927619345164,104.36845797489983,1.8186212699860638,0,0,95.75239483387635,0
30.487304231370775,26.12729175569835,13.748187390700938,1,63.216035318174285,31.306583687788585,0.013861750833622268,49.482423250959684,9.466926179877783,3,1,95.53503374742218,0
59.714583971956856,42.76547527985181,39.76531298606989,0,143.92144102249216,59.465753250141496,0.004478609620182194,130.56282730746148,5.904338317056758,0,0,98.97910961902025,0
45.17852526342644,50.26861839360289,16.113981759121337,7,146.38401400562958,58.09788013084287,0.0013740721911786936,121.37719761432834,8.443698103293626,2,1,98.93854544563702,0
8.250351459096184,50.457893665194796,37.08103556265385,1,58.313344925707234,4.422224255177703,0.03751298310450012,104.79685825066491,6.3193004804269926,0,0,95.77104214334398,0
20.360363532207902,65.70298004903631,10.968064737757693,7,180.94865304298395,17.10245869048572,0.04527010699803208,80.9997565748772,3.676042269682628,2,1,98.28129949637534,0
14.59242490977377,49.48869644774916,33.00851752143585,9,192.11564698656994,23.94967986001963,0.04722815760331352,164.35057915942463,2.8636166115985437,1,1,98.52834843240677,0
90.94035308819112,79.25413683006347,83.73279623730822,179,21.404119043204027,323.96193376569573,0.2709609578859267,10.114951302652212,13.509607459969383,50,25,69.09926027691156,1
11.116301225763236,68.99691485197332,58.01745224006174,5,65.07868924571639,6.268023950335341,0.03797066023191617,180.56568607215743,5.338035866456371,1,1,98.29622047368055,0
28.411124227327047,31.65535811806273,17.52937304393852,4,169.69285138090572,11.996840224267252,0.01261571278040255,47.22896793533586,5.277186109149143,0,0,96.87302090393611,0
87.41421993609104,78.29344295761041,92.03466663279904,128,29.61738720151497,471.88492046262513,0.5188173422001486,26.191031411839983,36.44324922428363,46,28,74.62793838129755,1
25.325820067571,34.862283533062,19.90415744510236,1,144.75380521512284,51.409938933206384,0.04167256812346234,160.40838503209827,9.82910665597271,4,1,99.98417082024434,0
